split,class_name,npy_path,wav_path
train,Acanthis flammea_Common Redpoll,../../Datasets/BirdClef/features/Acanthis flammea_Common Redpoll/XC218762.npy,../../Datasets/BirdClef/audio/Acanthis flammea_Common Redpoll/XC218762.mp3
train,Acanthis flammea_Common Redpoll,../../Datasets/BirdClef/features/Acanthis flammea_Common Redpoll/XC377949.npy,../../Datasets/BirdClef/audio/Acanthis flammea_Common Redpoll/XC377949.mp3
train,Acanthis flammea_Common Redpoll,../../Datasets/BirdClef/features/Acanthis flammea_Common Redpoll/XC390060.npy,../../Datasets/BirdClef/audio/Acanthis flammea_Common Redpoll/XC390060.mp3
train,Acanthis flammea_Common Redpoll,../../Datasets/BirdClef/features/Acanthis flammea_Common Redpoll/XC503379.npy,../../Datasets/BirdClef/audio/Acanthis flammea_Common Redpoll/XC503379.mp3
train,Acanthis flammea_Common Redpoll,../../Datasets/BirdClef/features/Acanthis flammea_Common Redpoll/XC391795.npy,../../Datasets/BirdClef/audio/Acanthis flammea_Common Redpoll/XC391795.mp3
train,Accipiter cooperii_Cooper's Hawk,../../Datasets/BirdClef/features/Accipiter cooperii_Cooper's Hawk/XC321395.npy,../../Datasets/BirdClef/audio/Accipiter cooperii_Cooper's Hawk/XC321395.mp3
train,Accipiter cooperii_Cooper's Hawk,../../Datasets/BirdClef/features/Accipiter cooperii_Cooper's Hawk/XC384903.npy,../../Datasets/BirdClef/audio/Accipiter cooperii_Cooper's Hawk/XC384903.mp3
train,Accipiter cooperii_Cooper's Hawk,../../Datasets/BirdClef/features/Accipiter cooperii_Cooper's Hawk/XC218141.npy,../../Datasets/BirdClef/audio/Accipiter cooperii_Cooper's Hawk/XC218141.mp3
train,Accipiter cooperii_Cooper's Hawk,../../Datasets/BirdClef/features/Accipiter cooperii_Cooper's Hawk/XC217290.npy,../../Datasets/BirdClef/audio/Accipiter cooperii_Cooper's Hawk/XC217290.mp3
train,Accipiter cooperii_Cooper's Hawk,../../Datasets/BirdClef/features/Accipiter cooperii_Cooper's Hawk/XC161891.npy,../../Datasets/BirdClef/audio/Accipiter cooperii_Cooper's Hawk/XC161891.mp3
train,Accipiter gentilis_Northern Goshawk,../../Datasets/BirdClef/features/Accipiter gentilis_Northern Goshawk/XC486807.npy,../../Datasets/BirdClef/audio/Accipiter gentilis_Northern Goshawk/XC486807.mp3
train,Accipiter gentilis_Northern Goshawk,../../Datasets/BirdClef/features/Accipiter gentilis_Northern Goshawk/XC481061.npy,../../Datasets/BirdClef/audio/Accipiter gentilis_Northern Goshawk/XC481061.mp3
train,Accipiter gentilis_Northern Goshawk,../../Datasets/BirdClef/features/Accipiter gentilis_Northern Goshawk/XC388950.npy,../../Datasets/BirdClef/audio/Accipiter gentilis_Northern Goshawk/XC388950.mp3
train,Accipiter gentilis_Northern Goshawk,../../Datasets/BirdClef/features/Accipiter gentilis_Northern Goshawk/XC143032.npy,../../Datasets/BirdClef/audio/Accipiter gentilis_Northern Goshawk/XC143032.mp3
train,Accipiter gentilis_Northern Goshawk,../../Datasets/BirdClef/features/Accipiter gentilis_Northern Goshawk/XC308382.npy,../../Datasets/BirdClef/audio/Accipiter gentilis_Northern Goshawk/XC308382.mp3
train,Accipiter nisus_Eurasian Sparrowhawk,../../Datasets/BirdClef/features/Accipiter nisus_Eurasian Sparrowhawk/XC362158.npy,../../Datasets/BirdClef/audio/Accipiter nisus_Eurasian Sparrowhawk/XC362158.mp3
train,Accipiter nisus_Eurasian Sparrowhawk,../../Datasets/BirdClef/features/Accipiter nisus_Eurasian Sparrowhawk/XC95573.npy,../../Datasets/BirdClef/audio/Accipiter nisus_Eurasian Sparrowhawk/XC95573.mp3
train,Accipiter nisus_Eurasian Sparrowhawk,../../Datasets/BirdClef/features/Accipiter nisus_Eurasian Sparrowhawk/XC206374.npy,../../Datasets/BirdClef/audio/Accipiter nisus_Eurasian Sparrowhawk/XC206374.mp3
train,Accipiter nisus_Eurasian Sparrowhawk,../../Datasets/BirdClef/features/Accipiter nisus_Eurasian Sparrowhawk/XC492379.npy,../../Datasets/BirdClef/audio/Accipiter nisus_Eurasian Sparrowhawk/XC492379.mp3
train,Accipiter nisus_Eurasian Sparrowhawk,../../Datasets/BirdClef/features/Accipiter nisus_Eurasian Sparrowhawk/XC466478.npy,../../Datasets/BirdClef/audio/Accipiter nisus_Eurasian Sparrowhawk/XC466478.mp3
train,Acrocephalus arundinaceus_Great Reed Warbler,../../Datasets/BirdClef/features/Acrocephalus arundinaceus_Great Reed Warbler/XC134613.npy,../../Datasets/BirdClef/audio/Acrocephalus arundinaceus_Great Reed Warbler/XC134613.mp3
train,Acrocephalus arundinaceus_Great Reed Warbler,../../Datasets/BirdClef/features/Acrocephalus arundinaceus_Great Reed Warbler/XC367078.npy,../../Datasets/BirdClef/audio/Acrocephalus arundinaceus_Great Reed Warbler/XC367078.mp3
train,Acrocephalus arundinaceus_Great Reed Warbler,../../Datasets/BirdClef/features/Acrocephalus arundinaceus_Great Reed Warbler/XC100559.npy,../../Datasets/BirdClef/audio/Acrocephalus arundinaceus_Great Reed Warbler/XC100559.mp3
train,Acrocephalus arundinaceus_Great Reed Warbler,../../Datasets/BirdClef/features/Acrocephalus arundinaceus_Great Reed Warbler/XC364288.npy,../../Datasets/BirdClef/audio/Acrocephalus arundinaceus_Great Reed Warbler/XC364288.mp3
train,Acrocephalus arundinaceus_Great Reed Warbler,../../Datasets/BirdClef/features/Acrocephalus arundinaceus_Great Reed Warbler/XC363793.npy,../../Datasets/BirdClef/audio/Acrocephalus arundinaceus_Great Reed Warbler/XC363793.mp3
train,Acrocephalus scirpaceus_Eurasian Reed Warbler,../../Datasets/BirdClef/features/Acrocephalus scirpaceus_Eurasian Reed Warbler/XC130556.npy,../../Datasets/BirdClef/audio/Acrocephalus scirpaceus_Eurasian Reed Warbler/XC130556.mp3
train,Acrocephalus scirpaceus_Eurasian Reed Warbler,../../Datasets/BirdClef/features/Acrocephalus scirpaceus_Eurasian Reed Warbler/XC25608.npy,../../Datasets/BirdClef/audio/Acrocephalus scirpaceus_Eurasian Reed Warbler/XC25608.mp3
train,Acrocephalus scirpaceus_Eurasian Reed Warbler,../../Datasets/BirdClef/features/Acrocephalus scirpaceus_Eurasian Reed Warbler/XC281510.npy,../../Datasets/BirdClef/audio/Acrocephalus scirpaceus_Eurasian Reed Warbler/XC281510.mp3
train,Acrocephalus scirpaceus_Eurasian Reed Warbler,../../Datasets/BirdClef/features/Acrocephalus scirpaceus_Eurasian Reed Warbler/XC186702.npy,../../Datasets/BirdClef/audio/Acrocephalus scirpaceus_Eurasian Reed Warbler/XC186702.mp3
train,Acrocephalus scirpaceus_Eurasian Reed Warbler,../../Datasets/BirdClef/features/Acrocephalus scirpaceus_Eurasian Reed Warbler/XC110341.npy,../../Datasets/BirdClef/audio/Acrocephalus scirpaceus_Eurasian Reed Warbler/XC110341.mp3
train,Actitis hypoleucos_Common Sandpiper,../../Datasets/BirdClef/features/Actitis hypoleucos_Common Sandpiper/XC281130.npy,../../Datasets/BirdClef/audio/Actitis hypoleucos_Common Sandpiper/XC281130.mp3
train,Actitis hypoleucos_Common Sandpiper,../../Datasets/BirdClef/features/Actitis hypoleucos_Common Sandpiper/XC495023.npy,../../Datasets/BirdClef/audio/Actitis hypoleucos_Common Sandpiper/XC495023.mp3
train,Actitis hypoleucos_Common Sandpiper,../../Datasets/BirdClef/features/Actitis hypoleucos_Common Sandpiper/XC385912.npy,../../Datasets/BirdClef/audio/Actitis hypoleucos_Common Sandpiper/XC385912.mp3
train,Actitis hypoleucos_Common Sandpiper,../../Datasets/BirdClef/features/Actitis hypoleucos_Common Sandpiper/XC490674.npy,../../Datasets/BirdClef/audio/Actitis hypoleucos_Common Sandpiper/XC490674.mp3
train,Actitis hypoleucos_Common Sandpiper,../../Datasets/BirdClef/features/Actitis hypoleucos_Common Sandpiper/XC331036.npy,../../Datasets/BirdClef/audio/Actitis hypoleucos_Common Sandpiper/XC331036.mp3
train,Actitis macularius_Spotted Sandpiper,../../Datasets/BirdClef/features/Actitis macularius_Spotted Sandpiper/XC318584.npy,../../Datasets/BirdClef/audio/Actitis macularius_Spotted Sandpiper/XC318584.mp3
train,Actitis macularius_Spotted Sandpiper,../../Datasets/BirdClef/features/Actitis macularius_Spotted Sandpiper/XC389976.npy,../../Datasets/BirdClef/audio/Actitis macularius_Spotted Sandpiper/XC389976.mp3
train,Actitis macularius_Spotted Sandpiper,../../Datasets/BirdClef/features/Actitis macularius_Spotted Sandpiper/XC325948.npy,../../Datasets/BirdClef/audio/Actitis macularius_Spotted Sandpiper/XC325948.mp3
train,Actitis macularius_Spotted Sandpiper,../../Datasets/BirdClef/features/Actitis macularius_Spotted Sandpiper/XC330062.npy,../../Datasets/BirdClef/audio/Actitis macularius_Spotted Sandpiper/XC330062.mp3
train,Actitis macularius_Spotted Sandpiper,../../Datasets/BirdClef/features/Actitis macularius_Spotted Sandpiper/XC109328.npy,../../Datasets/BirdClef/audio/Actitis macularius_Spotted Sandpiper/XC109328.mp3
train,Aegithalos caudatus_Long-tailed Tit,../../Datasets/BirdClef/features/Aegithalos caudatus_Long-tailed Tit/XC342287.npy,../../Datasets/BirdClef/audio/Aegithalos caudatus_Long-tailed Tit/XC342287.mp3
train,Aegithalos caudatus_Long-tailed Tit,../../Datasets/BirdClef/features/Aegithalos caudatus_Long-tailed Tit/XC362773.npy,../../Datasets/BirdClef/audio/Aegithalos caudatus_Long-tailed Tit/XC362773.mp3
train,Aegithalos caudatus_Long-tailed Tit,../../Datasets/BirdClef/features/Aegithalos caudatus_Long-tailed Tit/XC200547.npy,../../Datasets/BirdClef/audio/Aegithalos caudatus_Long-tailed Tit/XC200547.mp3
train,Aegithalos caudatus_Long-tailed Tit,../../Datasets/BirdClef/features/Aegithalos caudatus_Long-tailed Tit/XC339759.npy,../../Datasets/BirdClef/audio/Aegithalos caudatus_Long-tailed Tit/XC339759.mp3
train,Aegithalos caudatus_Long-tailed Tit,../../Datasets/BirdClef/features/Aegithalos caudatus_Long-tailed Tit/XC362766.npy,../../Datasets/BirdClef/audio/Aegithalos caudatus_Long-tailed Tit/XC362766.mp3
train,Agelaius phoeniceus_Red-winged Blackbird,../../Datasets/BirdClef/features/Agelaius phoeniceus_Red-winged Blackbird/XC121584.npy,../../Datasets/BirdClef/audio/Agelaius phoeniceus_Red-winged Blackbird/XC121584.mp3
train,Agelaius phoeniceus_Red-winged Blackbird,../../Datasets/BirdClef/features/Agelaius phoeniceus_Red-winged Blackbird/XC192705.npy,../../Datasets/BirdClef/audio/Agelaius phoeniceus_Red-winged Blackbird/XC192705.mp3
train,Agelaius phoeniceus_Red-winged Blackbird,../../Datasets/BirdClef/features/Agelaius phoeniceus_Red-winged Blackbird/XC428670.npy,../../Datasets/BirdClef/audio/Agelaius phoeniceus_Red-winged Blackbird/XC428670.mp3
train,Agelaius phoeniceus_Red-winged Blackbird,../../Datasets/BirdClef/features/Agelaius phoeniceus_Red-winged Blackbird/XC479928.npy,../../Datasets/BirdClef/audio/Agelaius phoeniceus_Red-winged Blackbird/XC479928.mp3
train,Agelaius phoeniceus_Red-winged Blackbird,../../Datasets/BirdClef/features/Agelaius phoeniceus_Red-winged Blackbird/XC135672.npy,../../Datasets/BirdClef/audio/Agelaius phoeniceus_Red-winged Blackbird/XC135672.mp3
train,Aix galericulata_Mandarin Duck,../../Datasets/BirdClef/features/Aix galericulata_Mandarin Duck/XC356941.npy,../../Datasets/BirdClef/audio/Aix galericulata_Mandarin Duck/XC356941.mp3
train,Aix galericulata_Mandarin Duck,../../Datasets/BirdClef/features/Aix galericulata_Mandarin Duck/XC292108.npy,../../Datasets/BirdClef/audio/Aix galericulata_Mandarin Duck/XC292108.mp3
train,Aix galericulata_Mandarin Duck,../../Datasets/BirdClef/features/Aix galericulata_Mandarin Duck/XC97002.npy,../../Datasets/BirdClef/audio/Aix galericulata_Mandarin Duck/XC97002.mp3
train,Aix galericulata_Mandarin Duck,../../Datasets/BirdClef/features/Aix galericulata_Mandarin Duck/XC411581.npy,../../Datasets/BirdClef/audio/Aix galericulata_Mandarin Duck/XC411581.mp3
train,Aix galericulata_Mandarin Duck,../../Datasets/BirdClef/features/Aix galericulata_Mandarin Duck/XC266821.npy,../../Datasets/BirdClef/audio/Aix galericulata_Mandarin Duck/XC266821.mp3
train,Aix sponsa_Wood Duck,../../Datasets/BirdClef/features/Aix sponsa_Wood Duck/XC170062.npy,../../Datasets/BirdClef/audio/Aix sponsa_Wood Duck/XC170062.mp3
train,Aix sponsa_Wood Duck,../../Datasets/BirdClef/features/Aix sponsa_Wood Duck/XC174542.npy,../../Datasets/BirdClef/audio/Aix sponsa_Wood Duck/XC174542.mp3
train,Aix sponsa_Wood Duck,../../Datasets/BirdClef/features/Aix sponsa_Wood Duck/XC389582.npy,../../Datasets/BirdClef/audio/Aix sponsa_Wood Duck/XC389582.mp3
train,Aix sponsa_Wood Duck,../../Datasets/BirdClef/features/Aix sponsa_Wood Duck/XC453756.npy,../../Datasets/BirdClef/audio/Aix sponsa_Wood Duck/XC453756.mp3
train,Aix sponsa_Wood Duck,../../Datasets/BirdClef/features/Aix sponsa_Wood Duck/XC218281.npy,../../Datasets/BirdClef/audio/Aix sponsa_Wood Duck/XC218281.mp3
train,Akletos goeldii_Goeldi's Antbird,../../Datasets/BirdClef/features/Akletos goeldii_Goeldi's Antbird/XC122299.npy,../../Datasets/BirdClef/audio/Akletos goeldii_Goeldi's Antbird/XC122299.mp3
train,Akletos goeldii_Goeldi's Antbird,../../Datasets/BirdClef/features/Akletos goeldii_Goeldi's Antbird/XC122562.npy,../../Datasets/BirdClef/audio/Akletos goeldii_Goeldi's Antbird/XC122562.mp3
train,Akletos goeldii_Goeldi's Antbird,../../Datasets/BirdClef/features/Akletos goeldii_Goeldi's Antbird/XC39780.npy,../../Datasets/BirdClef/audio/Akletos goeldii_Goeldi's Antbird/XC39780.mp3
train,Akletos goeldii_Goeldi's Antbird,../../Datasets/BirdClef/features/Akletos goeldii_Goeldi's Antbird/XC122316.npy,../../Datasets/BirdClef/audio/Akletos goeldii_Goeldi's Antbird/XC122316.mp3
train,Akletos goeldii_Goeldi's Antbird,../../Datasets/BirdClef/features/Akletos goeldii_Goeldi's Antbird/XC59800.npy,../../Datasets/BirdClef/audio/Akletos goeldii_Goeldi's Antbird/XC59800.mp3
train,Alauda arvensis_Eurasian Skylark,../../Datasets/BirdClef/features/Alauda arvensis_Eurasian Skylark/XC242000.npy,../../Datasets/BirdClef/audio/Alauda arvensis_Eurasian Skylark/XC242000.mp3
train,Alauda arvensis_Eurasian Skylark,../../Datasets/BirdClef/features/Alauda arvensis_Eurasian Skylark/XC52385.npy,../../Datasets/BirdClef/audio/Alauda arvensis_Eurasian Skylark/XC52385.mp3
train,Alauda arvensis_Eurasian Skylark,../../Datasets/BirdClef/features/Alauda arvensis_Eurasian Skylark/XC476366.npy,../../Datasets/BirdClef/audio/Alauda arvensis_Eurasian Skylark/XC476366.mp3
train,Alauda arvensis_Eurasian Skylark,../../Datasets/BirdClef/features/Alauda arvensis_Eurasian Skylark/XC499431.npy,../../Datasets/BirdClef/audio/Alauda arvensis_Eurasian Skylark/XC499431.mp3
train,Alauda arvensis_Eurasian Skylark,../../Datasets/BirdClef/features/Alauda arvensis_Eurasian Skylark/XC416722.npy,../../Datasets/BirdClef/audio/Alauda arvensis_Eurasian Skylark/XC416722.mp3
train,Alcedo atthis_Common Kingfisher,../../Datasets/BirdClef/features/Alcedo atthis_Common Kingfisher/XC153629.npy,../../Datasets/BirdClef/audio/Alcedo atthis_Common Kingfisher/XC153629.mp3
train,Alcedo atthis_Common Kingfisher,../../Datasets/BirdClef/features/Alcedo atthis_Common Kingfisher/XC185463.npy,../../Datasets/BirdClef/audio/Alcedo atthis_Common Kingfisher/XC185463.mp3
train,Alcedo atthis_Common Kingfisher,../../Datasets/BirdClef/features/Alcedo atthis_Common Kingfisher/XC494719.npy,../../Datasets/BirdClef/audio/Alcedo atthis_Common Kingfisher/XC494719.mp3
train,Alcedo atthis_Common Kingfisher,../../Datasets/BirdClef/features/Alcedo atthis_Common Kingfisher/XC185467.npy,../../Datasets/BirdClef/audio/Alcedo atthis_Common Kingfisher/XC185467.mp3
train,Alcedo atthis_Common Kingfisher,../../Datasets/BirdClef/features/Alcedo atthis_Common Kingfisher/XC153401.npy,../../Datasets/BirdClef/audio/Alcedo atthis_Common Kingfisher/XC153401.mp3
train,Alopochen aegyptiaca_Egyptian Goose,../../Datasets/BirdClef/features/Alopochen aegyptiaca_Egyptian Goose/XC437320.npy,../../Datasets/BirdClef/audio/Alopochen aegyptiaca_Egyptian Goose/XC437320.mp3
train,Alopochen aegyptiaca_Egyptian Goose,../../Datasets/BirdClef/features/Alopochen aegyptiaca_Egyptian Goose/XC45079.npy,../../Datasets/BirdClef/audio/Alopochen aegyptiaca_Egyptian Goose/XC45079.mp3
train,Alopochen aegyptiaca_Egyptian Goose,../../Datasets/BirdClef/features/Alopochen aegyptiaca_Egyptian Goose/XC342286.npy,../../Datasets/BirdClef/audio/Alopochen aegyptiaca_Egyptian Goose/XC342286.mp3
train,Alopochen aegyptiaca_Egyptian Goose,../../Datasets/BirdClef/features/Alopochen aegyptiaca_Egyptian Goose/XC315564.npy,../../Datasets/BirdClef/audio/Alopochen aegyptiaca_Egyptian Goose/XC315564.mp3
train,Alopochen aegyptiaca_Egyptian Goose,../../Datasets/BirdClef/features/Alopochen aegyptiaca_Egyptian Goose/XC217210.npy,../../Datasets/BirdClef/audio/Alopochen aegyptiaca_Egyptian Goose/XC217210.mp3
train,Amazona farinosa_Mealy Parrot,../../Datasets/BirdClef/features/Amazona farinosa_Mealy Parrot/XC59612.npy,../../Datasets/BirdClef/audio/Amazona farinosa_Mealy Parrot/XC59612.mp3
train,Amazona farinosa_Mealy Parrot,../../Datasets/BirdClef/features/Amazona farinosa_Mealy Parrot/XC261623.npy,../../Datasets/BirdClef/audio/Amazona farinosa_Mealy Parrot/XC261623.mp3
train,Amazona farinosa_Mealy Parrot,../../Datasets/BirdClef/features/Amazona farinosa_Mealy Parrot/XC2856.npy,../../Datasets/BirdClef/audio/Amazona farinosa_Mealy Parrot/XC2856.mp3
train,Amazona farinosa_Mealy Parrot,../../Datasets/BirdClef/features/Amazona farinosa_Mealy Parrot/XC188518.npy,../../Datasets/BirdClef/audio/Amazona farinosa_Mealy Parrot/XC188518.mp3
train,Amazona farinosa_Mealy Parrot,../../Datasets/BirdClef/features/Amazona farinosa_Mealy Parrot/XC275234.npy,../../Datasets/BirdClef/audio/Amazona farinosa_Mealy Parrot/XC275234.mp3
train,Amazona ochrocephala_Yellow-crowned Parrot,../../Datasets/BirdClef/features/Amazona ochrocephala_Yellow-crowned Parrot/XC152839.npy,../../Datasets/BirdClef/audio/Amazona ochrocephala_Yellow-crowned Parrot/XC152839.mp3
train,Amazona ochrocephala_Yellow-crowned Parrot,../../Datasets/BirdClef/features/Amazona ochrocephala_Yellow-crowned Parrot/XC66209.npy,../../Datasets/BirdClef/audio/Amazona ochrocephala_Yellow-crowned Parrot/XC66209.mp3
train,Amazona ochrocephala_Yellow-crowned Parrot,../../Datasets/BirdClef/features/Amazona ochrocephala_Yellow-crowned Parrot/XC108996.npy,../../Datasets/BirdClef/audio/Amazona ochrocephala_Yellow-crowned Parrot/XC108996.mp3
train,Amazona ochrocephala_Yellow-crowned Parrot,../../Datasets/BirdClef/features/Amazona ochrocephala_Yellow-crowned Parrot/XC407235.npy,../../Datasets/BirdClef/audio/Amazona ochrocephala_Yellow-crowned Parrot/XC407235.mp3
train,Amazona ochrocephala_Yellow-crowned Parrot,../../Datasets/BirdClef/features/Amazona ochrocephala_Yellow-crowned Parrot/XC358764.npy,../../Datasets/BirdClef/audio/Amazona ochrocephala_Yellow-crowned Parrot/XC358764.mp3
train,Ammodramus aurifrons_Yellow-browed Sparrow,../../Datasets/BirdClef/features/Ammodramus aurifrons_Yellow-browed Sparrow/XC189214.npy,../../Datasets/BirdClef/audio/Ammodramus aurifrons_Yellow-browed Sparrow/XC189214.mp3
train,Ammodramus aurifrons_Yellow-browed Sparrow,../../Datasets/BirdClef/features/Ammodramus aurifrons_Yellow-browed Sparrow/XC9007.npy,../../Datasets/BirdClef/audio/Ammodramus aurifrons_Yellow-browed Sparrow/XC9007.mp3
train,Ammodramus aurifrons_Yellow-browed Sparrow,../../Datasets/BirdClef/features/Ammodramus aurifrons_Yellow-browed Sparrow/XC329020.npy,../../Datasets/BirdClef/audio/Ammodramus aurifrons_Yellow-browed Sparrow/XC329020.mp3
train,Ammodramus aurifrons_Yellow-browed Sparrow,../../Datasets/BirdClef/features/Ammodramus aurifrons_Yellow-browed Sparrow/XC218437.npy,../../Datasets/BirdClef/audio/Ammodramus aurifrons_Yellow-browed Sparrow/XC218437.mp3
train,Ammodramus aurifrons_Yellow-browed Sparrow,../../Datasets/BirdClef/features/Ammodramus aurifrons_Yellow-browed Sparrow/XC436969.npy,../../Datasets/BirdClef/audio/Ammodramus aurifrons_Yellow-browed Sparrow/XC436969.mp3
train,Ammodramus humeralis_Grassland Sparrow,../../Datasets/BirdClef/features/Ammodramus humeralis_Grassland Sparrow/XC13104.npy,../../Datasets/BirdClef/audio/Ammodramus humeralis_Grassland Sparrow/XC13104.mp3
train,Ammodramus humeralis_Grassland Sparrow,../../Datasets/BirdClef/features/Ammodramus humeralis_Grassland Sparrow/XC82744.npy,../../Datasets/BirdClef/audio/Ammodramus humeralis_Grassland Sparrow/XC82744.mp3
train,Ammodramus humeralis_Grassland Sparrow,../../Datasets/BirdClef/features/Ammodramus humeralis_Grassland Sparrow/XC28722.npy,../../Datasets/BirdClef/audio/Ammodramus humeralis_Grassland Sparrow/XC28722.mp3
train,Ammodramus humeralis_Grassland Sparrow,../../Datasets/BirdClef/features/Ammodramus humeralis_Grassland Sparrow/XC115676.npy,../../Datasets/BirdClef/audio/Ammodramus humeralis_Grassland Sparrow/XC115676.mp3
train,Ammodramus humeralis_Grassland Sparrow,../../Datasets/BirdClef/features/Ammodramus humeralis_Grassland Sparrow/XC73087.npy,../../Datasets/BirdClef/audio/Ammodramus humeralis_Grassland Sparrow/XC73087.mp3
train,Amphispiza bilineata_Black-throated Sparrow,../../Datasets/BirdClef/features/Amphispiza bilineata_Black-throated Sparrow/XC21728.npy,../../Datasets/BirdClef/audio/Amphispiza bilineata_Black-throated Sparrow/XC21728.mp3
train,Amphispiza bilineata_Black-throated Sparrow,../../Datasets/BirdClef/features/Amphispiza bilineata_Black-throated Sparrow/XC123363.npy,../../Datasets/BirdClef/audio/Amphispiza bilineata_Black-throated Sparrow/XC123363.mp3
train,Amphispiza bilineata_Black-throated Sparrow,../../Datasets/BirdClef/features/Amphispiza bilineata_Black-throated Sparrow/XC111317.npy,../../Datasets/BirdClef/audio/Amphispiza bilineata_Black-throated Sparrow/XC111317.mp3
train,Amphispiza bilineata_Black-throated Sparrow,../../Datasets/BirdClef/features/Amphispiza bilineata_Black-throated Sparrow/XC111306.npy,../../Datasets/BirdClef/audio/Amphispiza bilineata_Black-throated Sparrow/XC111306.mp3
train,Amphispiza bilineata_Black-throated Sparrow,../../Datasets/BirdClef/features/Amphispiza bilineata_Black-throated Sparrow/XC111260.npy,../../Datasets/BirdClef/audio/Amphispiza bilineata_Black-throated Sparrow/XC111260.mp3
train,Anas acuta_Northern Pintail,../../Datasets/BirdClef/features/Anas acuta_Northern Pintail/XC187573.npy,../../Datasets/BirdClef/audio/Anas acuta_Northern Pintail/XC187573.mp3
train,Anas acuta_Northern Pintail,../../Datasets/BirdClef/features/Anas acuta_Northern Pintail/XC113161.npy,../../Datasets/BirdClef/audio/Anas acuta_Northern Pintail/XC113161.mp3
train,Anas acuta_Northern Pintail,../../Datasets/BirdClef/features/Anas acuta_Northern Pintail/XC266786.npy,../../Datasets/BirdClef/audio/Anas acuta_Northern Pintail/XC266786.mp3
train,Anas acuta_Northern Pintail,../../Datasets/BirdClef/features/Anas acuta_Northern Pintail/XC462935.npy,../../Datasets/BirdClef/audio/Anas acuta_Northern Pintail/XC462935.mp3
train,Anas acuta_Northern Pintail,../../Datasets/BirdClef/features/Anas acuta_Northern Pintail/XC456275.npy,../../Datasets/BirdClef/audio/Anas acuta_Northern Pintail/XC456275.mp3
train,Anas crecca_Green-winged Teal,../../Datasets/BirdClef/features/Anas crecca_Green-winged Teal/XC435118.npy,../../Datasets/BirdClef/audio/Anas crecca_Green-winged Teal/XC435118.mp3
train,Anas crecca_Green-winged Teal,../../Datasets/BirdClef/features/Anas crecca_Green-winged Teal/XC280945.npy,../../Datasets/BirdClef/audio/Anas crecca_Green-winged Teal/XC280945.mp3
train,Anas crecca_Green-winged Teal,../../Datasets/BirdClef/features/Anas crecca_Green-winged Teal/XC395840.npy,../../Datasets/BirdClef/audio/Anas crecca_Green-winged Teal/XC395840.mp3
train,Anas crecca_Green-winged Teal,../../Datasets/BirdClef/features/Anas crecca_Green-winged Teal/XC332290.npy,../../Datasets/BirdClef/audio/Anas crecca_Green-winged Teal/XC332290.mp3
train,Anas crecca_Green-winged Teal,../../Datasets/BirdClef/features/Anas crecca_Green-winged Teal/XC288931.npy,../../Datasets/BirdClef/audio/Anas crecca_Green-winged Teal/XC288931.mp3
train,Anas platyrhynchos_Mallard,../../Datasets/BirdClef/features/Anas platyrhynchos_Mallard/XC285222.npy,../../Datasets/BirdClef/audio/Anas platyrhynchos_Mallard/XC285222.mp3
train,Anas platyrhynchos_Mallard,../../Datasets/BirdClef/features/Anas platyrhynchos_Mallard/XC433108.npy,../../Datasets/BirdClef/audio/Anas platyrhynchos_Mallard/XC433108.mp3
train,Anas platyrhynchos_Mallard,../../Datasets/BirdClef/features/Anas platyrhynchos_Mallard/XC340598.npy,../../Datasets/BirdClef/audio/Anas platyrhynchos_Mallard/XC340598.mp3
train,Anas platyrhynchos_Mallard,../../Datasets/BirdClef/features/Anas platyrhynchos_Mallard/XC466131.npy,../../Datasets/BirdClef/audio/Anas platyrhynchos_Mallard/XC466131.mp3
train,Anas platyrhynchos_Mallard,../../Datasets/BirdClef/features/Anas platyrhynchos_Mallard/XC340601.npy,../../Datasets/BirdClef/audio/Anas platyrhynchos_Mallard/XC340601.mp3
train,Anhima cornuta_Horned Screamer,../../Datasets/BirdClef/features/Anhima cornuta_Horned Screamer/XC49682.npy,../../Datasets/BirdClef/audio/Anhima cornuta_Horned Screamer/XC49682.mp3
train,Anhima cornuta_Horned Screamer,../../Datasets/BirdClef/features/Anhima cornuta_Horned Screamer/XC329860.npy,../../Datasets/BirdClef/audio/Anhima cornuta_Horned Screamer/XC329860.mp3
train,Anhima cornuta_Horned Screamer,../../Datasets/BirdClef/features/Anhima cornuta_Horned Screamer/XC108975.npy,../../Datasets/BirdClef/audio/Anhima cornuta_Horned Screamer/XC108975.mp3
train,Anhima cornuta_Horned Screamer,../../Datasets/BirdClef/features/Anhima cornuta_Horned Screamer/XC306035.npy,../../Datasets/BirdClef/audio/Anhima cornuta_Horned Screamer/XC306035.mp3
train,Anhima cornuta_Horned Screamer,../../Datasets/BirdClef/features/Anhima cornuta_Horned Screamer/XC14054.npy,../../Datasets/BirdClef/audio/Anhima cornuta_Horned Screamer/XC14054.mp3
train,Anser albifrons_Greater White-fronted Goose,../../Datasets/BirdClef/features/Anser albifrons_Greater White-fronted Goose/XC149382.npy,../../Datasets/BirdClef/audio/Anser albifrons_Greater White-fronted Goose/XC149382.mp3
train,Anser albifrons_Greater White-fronted Goose,../../Datasets/BirdClef/features/Anser albifrons_Greater White-fronted Goose/XC280886.npy,../../Datasets/BirdClef/audio/Anser albifrons_Greater White-fronted Goose/XC280886.mp3
train,Anser albifrons_Greater White-fronted Goose,../../Datasets/BirdClef/features/Anser albifrons_Greater White-fronted Goose/XC465326.npy,../../Datasets/BirdClef/audio/Anser albifrons_Greater White-fronted Goose/XC465326.mp3
train,Anser albifrons_Greater White-fronted Goose,../../Datasets/BirdClef/features/Anser albifrons_Greater White-fronted Goose/XC126020.npy,../../Datasets/BirdClef/audio/Anser albifrons_Greater White-fronted Goose/XC126020.mp3
train,Anser albifrons_Greater White-fronted Goose,../../Datasets/BirdClef/features/Anser albifrons_Greater White-fronted Goose/XC42013.npy,../../Datasets/BirdClef/audio/Anser albifrons_Greater White-fronted Goose/XC42013.mp3
train,Anser anser_Graylag Goose,../../Datasets/BirdClef/features/Anser anser_Graylag Goose/XC429097.npy,../../Datasets/BirdClef/audio/Anser anser_Graylag Goose/XC429097.mp3
train,Anser anser_Graylag Goose,../../Datasets/BirdClef/features/Anser anser_Graylag Goose/XC297739.npy,../../Datasets/BirdClef/audio/Anser anser_Graylag Goose/XC297739.mp3
train,Anser anser_Graylag Goose,../../Datasets/BirdClef/features/Anser anser_Graylag Goose/XC118544.npy,../../Datasets/BirdClef/audio/Anser anser_Graylag Goose/XC118544.mp3
train,Anser anser_Graylag Goose,../../Datasets/BirdClef/features/Anser anser_Graylag Goose/XC70747.npy,../../Datasets/BirdClef/audio/Anser anser_Graylag Goose/XC70747.mp3
train,Anser anser_Graylag Goose,../../Datasets/BirdClef/features/Anser anser_Graylag Goose/XC305661.npy,../../Datasets/BirdClef/audio/Anser anser_Graylag Goose/XC305661.mp3
train,Anser caerulescens_Snow Goose,../../Datasets/BirdClef/features/Anser caerulescens_Snow Goose/XC362119.npy,../../Datasets/BirdClef/audio/Anser caerulescens_Snow Goose/XC362119.mp3
train,Anser caerulescens_Snow Goose,../../Datasets/BirdClef/features/Anser caerulescens_Snow Goose/XC393000.npy,../../Datasets/BirdClef/audio/Anser caerulescens_Snow Goose/XC393000.mp3
train,Anser caerulescens_Snow Goose,../../Datasets/BirdClef/features/Anser caerulescens_Snow Goose/XC406205.npy,../../Datasets/BirdClef/audio/Anser caerulescens_Snow Goose/XC406205.mp3
train,Anser caerulescens_Snow Goose,../../Datasets/BirdClef/features/Anser caerulescens_Snow Goose/XC406204.npy,../../Datasets/BirdClef/audio/Anser caerulescens_Snow Goose/XC406204.mp3
train,Anser caerulescens_Snow Goose,../../Datasets/BirdClef/features/Anser caerulescens_Snow Goose/XC503108.npy,../../Datasets/BirdClef/audio/Anser caerulescens_Snow Goose/XC503108.mp3
train,Anthus pratensis_Meadow Pipit,../../Datasets/BirdClef/features/Anthus pratensis_Meadow Pipit/XC138983.npy,../../Datasets/BirdClef/audio/Anthus pratensis_Meadow Pipit/XC138983.mp3
train,Anthus pratensis_Meadow Pipit,../../Datasets/BirdClef/features/Anthus pratensis_Meadow Pipit/XC475491.npy,../../Datasets/BirdClef/audio/Anthus pratensis_Meadow Pipit/XC475491.mp3
train,Anthus pratensis_Meadow Pipit,../../Datasets/BirdClef/features/Anthus pratensis_Meadow Pipit/XC281351.npy,../../Datasets/BirdClef/audio/Anthus pratensis_Meadow Pipit/XC281351.mp3
train,Anthus pratensis_Meadow Pipit,../../Datasets/BirdClef/features/Anthus pratensis_Meadow Pipit/XC138979.npy,../../Datasets/BirdClef/audio/Anthus pratensis_Meadow Pipit/XC138979.mp3
train,Anthus pratensis_Meadow Pipit,../../Datasets/BirdClef/features/Anthus pratensis_Meadow Pipit/XC432195.npy,../../Datasets/BirdClef/audio/Anthus pratensis_Meadow Pipit/XC432195.mp3
train,Anthus rubescens_American Pipit,../../Datasets/BirdClef/features/Anthus rubescens_American Pipit/XC135087.npy,../../Datasets/BirdClef/audio/Anthus rubescens_American Pipit/XC135087.mp3
train,Anthus rubescens_American Pipit,../../Datasets/BirdClef/features/Anthus rubescens_American Pipit/XC206155.npy,../../Datasets/BirdClef/audio/Anthus rubescens_American Pipit/XC206155.mp3
train,Anthus rubescens_American Pipit,../../Datasets/BirdClef/features/Anthus rubescens_American Pipit/XC325263.npy,../../Datasets/BirdClef/audio/Anthus rubescens_American Pipit/XC325263.mp3
train,Anthus rubescens_American Pipit,../../Datasets/BirdClef/features/Anthus rubescens_American Pipit/XC277590.npy,../../Datasets/BirdClef/audio/Anthus rubescens_American Pipit/XC277590.mp3
train,Anthus rubescens_American Pipit,../../Datasets/BirdClef/features/Anthus rubescens_American Pipit/XC448945.npy,../../Datasets/BirdClef/audio/Anthus rubescens_American Pipit/XC448945.mp3
train,Anthus trivialis_Tree Pipit,../../Datasets/BirdClef/features/Anthus trivialis_Tree Pipit/XC240005.npy,../../Datasets/BirdClef/audio/Anthus trivialis_Tree Pipit/XC240005.mp3
train,Anthus trivialis_Tree Pipit,../../Datasets/BirdClef/features/Anthus trivialis_Tree Pipit/XC314844.npy,../../Datasets/BirdClef/audio/Anthus trivialis_Tree Pipit/XC314844.mp3
train,Anthus trivialis_Tree Pipit,../../Datasets/BirdClef/features/Anthus trivialis_Tree Pipit/XC146347.npy,../../Datasets/BirdClef/audio/Anthus trivialis_Tree Pipit/XC146347.mp3
train,Anthus trivialis_Tree Pipit,../../Datasets/BirdClef/features/Anthus trivialis_Tree Pipit/XC146346.npy,../../Datasets/BirdClef/audio/Anthus trivialis_Tree Pipit/XC146346.mp3
train,Anthus trivialis_Tree Pipit,../../Datasets/BirdClef/features/Anthus trivialis_Tree Pipit/XC103779.npy,../../Datasets/BirdClef/audio/Anthus trivialis_Tree Pipit/XC103779.mp3
train,Anurolimnas castaneiceps_Chestnut-headed Crake,../../Datasets/BirdClef/features/Anurolimnas castaneiceps_Chestnut-headed Crake/XC474750.npy,../../Datasets/BirdClef/audio/Anurolimnas castaneiceps_Chestnut-headed Crake/XC474750.mp3
train,Anurolimnas castaneiceps_Chestnut-headed Crake,../../Datasets/BirdClef/features/Anurolimnas castaneiceps_Chestnut-headed Crake/XC263504.npy,../../Datasets/BirdClef/audio/Anurolimnas castaneiceps_Chestnut-headed Crake/XC263504.mp3
train,Anurolimnas castaneiceps_Chestnut-headed Crake,../../Datasets/BirdClef/features/Anurolimnas castaneiceps_Chestnut-headed Crake/XC270595.npy,../../Datasets/BirdClef/audio/Anurolimnas castaneiceps_Chestnut-headed Crake/XC270595.mp3
train,Anurolimnas castaneiceps_Chestnut-headed Crake,../../Datasets/BirdClef/features/Anurolimnas castaneiceps_Chestnut-headed Crake/XC91495.npy,../../Datasets/BirdClef/audio/Anurolimnas castaneiceps_Chestnut-headed Crake/XC91495.mp3
train,Anurolimnas castaneiceps_Chestnut-headed Crake,../../Datasets/BirdClef/features/Anurolimnas castaneiceps_Chestnut-headed Crake/XC293781.npy,../../Datasets/BirdClef/audio/Anurolimnas castaneiceps_Chestnut-headed Crake/XC293781.mp3
train,Aphelocoma californica_California Scrub-Jay,../../Datasets/BirdClef/features/Aphelocoma californica_California Scrub-Jay/XC425119.npy,../../Datasets/BirdClef/audio/Aphelocoma californica_California Scrub-Jay/XC425119.mp3
train,Aphelocoma californica_California Scrub-Jay,../../Datasets/BirdClef/features/Aphelocoma californica_California Scrub-Jay/XC348774.npy,../../Datasets/BirdClef/audio/Aphelocoma californica_California Scrub-Jay/XC348774.mp3
train,Aphelocoma californica_California Scrub-Jay,../../Datasets/BirdClef/features/Aphelocoma californica_California Scrub-Jay/XC354054.npy,../../Datasets/BirdClef/audio/Aphelocoma californica_California Scrub-Jay/XC354054.mp3
train,Aphelocoma californica_California Scrub-Jay,../../Datasets/BirdClef/features/Aphelocoma californica_California Scrub-Jay/XC72140.npy,../../Datasets/BirdClef/audio/Aphelocoma californica_California Scrub-Jay/XC72140.mp3
train,Aphelocoma californica_California Scrub-Jay,../../Datasets/BirdClef/features/Aphelocoma californica_California Scrub-Jay/XC88990.npy,../../Datasets/BirdClef/audio/Aphelocoma californica_California Scrub-Jay/XC88990.mp3
train,Aphelocoma woodhouseii_Woodhouse's Scrub-Jay,../../Datasets/BirdClef/features/Aphelocoma woodhouseii_Woodhouse's Scrub-Jay/XC209576.npy,../../Datasets/BirdClef/audio/Aphelocoma woodhouseii_Woodhouse's Scrub-Jay/XC209576.mp3
train,Aphelocoma woodhouseii_Woodhouse's Scrub-Jay,../../Datasets/BirdClef/features/Aphelocoma woodhouseii_Woodhouse's Scrub-Jay/XC263154.npy,../../Datasets/BirdClef/audio/Aphelocoma woodhouseii_Woodhouse's Scrub-Jay/XC263154.mp3
train,Aphelocoma woodhouseii_Woodhouse's Scrub-Jay,../../Datasets/BirdClef/features/Aphelocoma woodhouseii_Woodhouse's Scrub-Jay/XC71008.npy,../../Datasets/BirdClef/audio/Aphelocoma woodhouseii_Woodhouse's Scrub-Jay/XC71008.mp3
train,Aphelocoma woodhouseii_Woodhouse's Scrub-Jay,../../Datasets/BirdClef/features/Aphelocoma woodhouseii_Woodhouse's Scrub-Jay/XC163698.npy,../../Datasets/BirdClef/audio/Aphelocoma woodhouseii_Woodhouse's Scrub-Jay/XC163698.mp3
train,Aphelocoma woodhouseii_Woodhouse's Scrub-Jay,../../Datasets/BirdClef/features/Aphelocoma woodhouseii_Woodhouse's Scrub-Jay/XC358458.npy,../../Datasets/BirdClef/audio/Aphelocoma woodhouseii_Woodhouse's Scrub-Jay/XC358458.mp3
train,Apus apus_Common Swift,../../Datasets/BirdClef/features/Apus apus_Common Swift/XC486189.npy,../../Datasets/BirdClef/audio/Apus apus_Common Swift/XC486189.mp3
train,Apus apus_Common Swift,../../Datasets/BirdClef/features/Apus apus_Common Swift/XC67307.npy,../../Datasets/BirdClef/audio/Apus apus_Common Swift/XC67307.mp3
train,Apus apus_Common Swift,../../Datasets/BirdClef/features/Apus apus_Common Swift/XC138500.npy,../../Datasets/BirdClef/audio/Apus apus_Common Swift/XC138500.mp3
train,Apus apus_Common Swift,../../Datasets/BirdClef/features/Apus apus_Common Swift/XC374760.npy,../../Datasets/BirdClef/audio/Apus apus_Common Swift/XC374760.mp3
train,Apus apus_Common Swift,../../Datasets/BirdClef/features/Apus apus_Common Swift/XC139551.npy,../../Datasets/BirdClef/audio/Apus apus_Common Swift/XC139551.mp3
train,Ara ararauna_Blue-and-yellow Macaw,../../Datasets/BirdClef/features/Ara ararauna_Blue-and-yellow Macaw/XC272025.npy,../../Datasets/BirdClef/audio/Ara ararauna_Blue-and-yellow Macaw/XC272025.mp3
train,Ara ararauna_Blue-and-yellow Macaw,../../Datasets/BirdClef/features/Ara ararauna_Blue-and-yellow Macaw/XC148308.npy,../../Datasets/BirdClef/audio/Ara ararauna_Blue-and-yellow Macaw/XC148308.mp3
train,Ara ararauna_Blue-and-yellow Macaw,../../Datasets/BirdClef/features/Ara ararauna_Blue-and-yellow Macaw/XC38606.npy,../../Datasets/BirdClef/audio/Ara ararauna_Blue-and-yellow Macaw/XC38606.mp3
train,Ara ararauna_Blue-and-yellow Macaw,../../Datasets/BirdClef/features/Ara ararauna_Blue-and-yellow Macaw/XC63126.npy,../../Datasets/BirdClef/audio/Ara ararauna_Blue-and-yellow Macaw/XC63126.mp3
train,Ara ararauna_Blue-and-yellow Macaw,../../Datasets/BirdClef/features/Ara ararauna_Blue-and-yellow Macaw/XC195309.npy,../../Datasets/BirdClef/audio/Ara ararauna_Blue-and-yellow Macaw/XC195309.mp3
train,Ara chloropterus_Red-and-green Macaw,../../Datasets/BirdClef/features/Ara chloropterus_Red-and-green Macaw/XC445508.npy,../../Datasets/BirdClef/audio/Ara chloropterus_Red-and-green Macaw/XC445508.mp3
train,Ara chloropterus_Red-and-green Macaw,../../Datasets/BirdClef/features/Ara chloropterus_Red-and-green Macaw/XC332958.npy,../../Datasets/BirdClef/audio/Ara chloropterus_Red-and-green Macaw/XC332958.mp3
train,Ara chloropterus_Red-and-green Macaw,../../Datasets/BirdClef/features/Ara chloropterus_Red-and-green Macaw/XC461483.npy,../../Datasets/BirdClef/audio/Ara chloropterus_Red-and-green Macaw/XC461483.mp3
train,Ara chloropterus_Red-and-green Macaw,../../Datasets/BirdClef/features/Ara chloropterus_Red-and-green Macaw/XC461495.npy,../../Datasets/BirdClef/audio/Ara chloropterus_Red-and-green Macaw/XC461495.mp3
train,Ara chloropterus_Red-and-green Macaw,../../Datasets/BirdClef/features/Ara chloropterus_Red-and-green Macaw/XC395902.npy,../../Datasets/BirdClef/audio/Ara chloropterus_Red-and-green Macaw/XC395902.mp3
train,Ara macao_Scarlet Macaw,../../Datasets/BirdClef/features/Ara macao_Scarlet Macaw/XC84899.npy,../../Datasets/BirdClef/audio/Ara macao_Scarlet Macaw/XC84899.mp3
train,Ara macao_Scarlet Macaw,../../Datasets/BirdClef/features/Ara macao_Scarlet Macaw/XC411087.npy,../../Datasets/BirdClef/audio/Ara macao_Scarlet Macaw/XC411087.mp3
train,Ara macao_Scarlet Macaw,../../Datasets/BirdClef/features/Ara macao_Scarlet Macaw/XC166041.npy,../../Datasets/BirdClef/audio/Ara macao_Scarlet Macaw/XC166041.mp3
train,Ara macao_Scarlet Macaw,../../Datasets/BirdClef/features/Ara macao_Scarlet Macaw/XC257634.npy,../../Datasets/BirdClef/audio/Ara macao_Scarlet Macaw/XC257634.mp3
train,Ara macao_Scarlet Macaw,../../Datasets/BirdClef/features/Ara macao_Scarlet Macaw/XC401766.npy,../../Datasets/BirdClef/audio/Ara macao_Scarlet Macaw/XC401766.mp3
train,Ara severus_Chestnut-fronted Macaw,../../Datasets/BirdClef/features/Ara severus_Chestnut-fronted Macaw/XC129548.npy,../../Datasets/BirdClef/audio/Ara severus_Chestnut-fronted Macaw/XC129548.mp3
train,Ara severus_Chestnut-fronted Macaw,../../Datasets/BirdClef/features/Ara severus_Chestnut-fronted Macaw/XC218937.npy,../../Datasets/BirdClef/audio/Ara severus_Chestnut-fronted Macaw/XC218937.mp3
train,Ara severus_Chestnut-fronted Macaw,../../Datasets/BirdClef/features/Ara severus_Chestnut-fronted Macaw/XC454291.npy,../../Datasets/BirdClef/audio/Ara severus_Chestnut-fronted Macaw/XC454291.mp3
train,Ara severus_Chestnut-fronted Macaw,../../Datasets/BirdClef/features/Ara severus_Chestnut-fronted Macaw/XC245400.npy,../../Datasets/BirdClef/audio/Ara severus_Chestnut-fronted Macaw/XC245400.mp3
train,Ara severus_Chestnut-fronted Macaw,../../Datasets/BirdClef/features/Ara severus_Chestnut-fronted Macaw/XC86193.npy,../../Datasets/BirdClef/audio/Ara severus_Chestnut-fronted Macaw/XC86193.mp3
train,Aramides cajaneus_Gray-cowled Wood-Rail,../../Datasets/BirdClef/features/Aramides cajaneus_Gray-cowled Wood-Rail/XC209080.npy,../../Datasets/BirdClef/audio/Aramides cajaneus_Gray-cowled Wood-Rail/XC209080.mp3
train,Aramides cajaneus_Gray-cowled Wood-Rail,../../Datasets/BirdClef/features/Aramides cajaneus_Gray-cowled Wood-Rail/XC100.npy,../../Datasets/BirdClef/audio/Aramides cajaneus_Gray-cowled Wood-Rail/XC100.mp3
train,Aramides cajaneus_Gray-cowled Wood-Rail,../../Datasets/BirdClef/features/Aramides cajaneus_Gray-cowled Wood-Rail/XC218948.npy,../../Datasets/BirdClef/audio/Aramides cajaneus_Gray-cowled Wood-Rail/XC218948.mp3
train,Aramides cajaneus_Gray-cowled Wood-Rail,../../Datasets/BirdClef/features/Aramides cajaneus_Gray-cowled Wood-Rail/XC2996.npy,../../Datasets/BirdClef/audio/Aramides cajaneus_Gray-cowled Wood-Rail/XC2996.mp3
train,Aramides cajaneus_Gray-cowled Wood-Rail,../../Datasets/BirdClef/features/Aramides cajaneus_Gray-cowled Wood-Rail/XC106510.npy,../../Datasets/BirdClef/audio/Aramides cajaneus_Gray-cowled Wood-Rail/XC106510.mp3
train,Aramus guarauna_Limpkin,../../Datasets/BirdClef/features/Aramus guarauna_Limpkin/XC257486.npy,../../Datasets/BirdClef/audio/Aramus guarauna_Limpkin/XC257486.mp3
train,Aramus guarauna_Limpkin,../../Datasets/BirdClef/features/Aramus guarauna_Limpkin/XC292346.npy,../../Datasets/BirdClef/audio/Aramus guarauna_Limpkin/XC292346.mp3
train,Aramus guarauna_Limpkin,../../Datasets/BirdClef/features/Aramus guarauna_Limpkin/XC468583.npy,../../Datasets/BirdClef/audio/Aramus guarauna_Limpkin/XC468583.mp3
train,Aramus guarauna_Limpkin,../../Datasets/BirdClef/features/Aramus guarauna_Limpkin/XC48488.npy,../../Datasets/BirdClef/audio/Aramus guarauna_Limpkin/XC48488.mp3
train,Aramus guarauna_Limpkin,../../Datasets/BirdClef/features/Aramus guarauna_Limpkin/XC426300.npy,../../Datasets/BirdClef/audio/Aramus guarauna_Limpkin/XC426300.mp3
train,Aratinga weddellii_Dusky-headed Parakeet,../../Datasets/BirdClef/features/Aratinga weddellii_Dusky-headed Parakeet/XC257649.npy,../../Datasets/BirdClef/audio/Aratinga weddellii_Dusky-headed Parakeet/XC257649.mp3
train,Aratinga weddellii_Dusky-headed Parakeet,../../Datasets/BirdClef/features/Aratinga weddellii_Dusky-headed Parakeet/XC427087.npy,../../Datasets/BirdClef/audio/Aratinga weddellii_Dusky-headed Parakeet/XC427087.mp3
train,Aratinga weddellii_Dusky-headed Parakeet,../../Datasets/BirdClef/features/Aratinga weddellii_Dusky-headed Parakeet/XC238014.npy,../../Datasets/BirdClef/audio/Aratinga weddellii_Dusky-headed Parakeet/XC238014.mp3
train,Aratinga weddellii_Dusky-headed Parakeet,../../Datasets/BirdClef/features/Aratinga weddellii_Dusky-headed Parakeet/XC73104.npy,../../Datasets/BirdClef/audio/Aratinga weddellii_Dusky-headed Parakeet/XC73104.mp3
train,Aratinga weddellii_Dusky-headed Parakeet,../../Datasets/BirdClef/features/Aratinga weddellii_Dusky-headed Parakeet/XC195431.npy,../../Datasets/BirdClef/audio/Aratinga weddellii_Dusky-headed Parakeet/XC195431.mp3
train,Archilochus alexandri_Black-chinned Hummingbird,../../Datasets/BirdClef/features/Archilochus alexandri_Black-chinned Hummingbird/XC298203.npy,../../Datasets/BirdClef/audio/Archilochus alexandri_Black-chinned Hummingbird/XC298203.mp3
train,Archilochus alexandri_Black-chinned Hummingbird,../../Datasets/BirdClef/features/Archilochus alexandri_Black-chinned Hummingbird/XC132320.npy,../../Datasets/BirdClef/audio/Archilochus alexandri_Black-chinned Hummingbird/XC132320.mp3
train,Archilochus alexandri_Black-chinned Hummingbird,../../Datasets/BirdClef/features/Archilochus alexandri_Black-chinned Hummingbird/XC132334.npy,../../Datasets/BirdClef/audio/Archilochus alexandri_Black-chinned Hummingbird/XC132334.mp3
train,Archilochus alexandri_Black-chinned Hummingbird,../../Datasets/BirdClef/features/Archilochus alexandri_Black-chinned Hummingbird/XC494993.npy,../../Datasets/BirdClef/audio/Archilochus alexandri_Black-chinned Hummingbird/XC494993.mp3
train,Archilochus alexandri_Black-chinned Hummingbird,../../Datasets/BirdClef/features/Archilochus alexandri_Black-chinned Hummingbird/XC141441.npy,../../Datasets/BirdClef/audio/Archilochus alexandri_Black-chinned Hummingbird/XC141441.mp3
train,Ardea alba_Great Egret,../../Datasets/BirdClef/features/Ardea alba_Great Egret/XC129760.npy,../../Datasets/BirdClef/audio/Ardea alba_Great Egret/XC129760.mp3
train,Ardea alba_Great Egret,../../Datasets/BirdClef/features/Ardea alba_Great Egret/XC428239.npy,../../Datasets/BirdClef/audio/Ardea alba_Great Egret/XC428239.mp3
train,Ardea alba_Great Egret,../../Datasets/BirdClef/features/Ardea alba_Great Egret/XC196156.npy,../../Datasets/BirdClef/audio/Ardea alba_Great Egret/XC196156.mp3
train,Ardea alba_Great Egret,../../Datasets/BirdClef/features/Ardea alba_Great Egret/XC161273.npy,../../Datasets/BirdClef/audio/Ardea alba_Great Egret/XC161273.mp3
train,Ardea alba_Great Egret,../../Datasets/BirdClef/features/Ardea alba_Great Egret/XC45432.npy,../../Datasets/BirdClef/audio/Ardea alba_Great Egret/XC45432.mp3
train,Ardea cinerea_Gray Heron,../../Datasets/BirdClef/features/Ardea cinerea_Gray Heron/XC139810.npy,../../Datasets/BirdClef/audio/Ardea cinerea_Gray Heron/XC139810.mp3
train,Ardea cinerea_Gray Heron,../../Datasets/BirdClef/features/Ardea cinerea_Gray Heron/XC189941.npy,../../Datasets/BirdClef/audio/Ardea cinerea_Gray Heron/XC189941.mp3
train,Ardea cinerea_Gray Heron,../../Datasets/BirdClef/features/Ardea cinerea_Gray Heron/XC467836.npy,../../Datasets/BirdClef/audio/Ardea cinerea_Gray Heron/XC467836.mp3
train,Ardea cinerea_Gray Heron,../../Datasets/BirdClef/features/Ardea cinerea_Gray Heron/XC419135.npy,../../Datasets/BirdClef/audio/Ardea cinerea_Gray Heron/XC419135.mp3
train,Ardea cinerea_Gray Heron,../../Datasets/BirdClef/features/Ardea cinerea_Gray Heron/XC497249.npy,../../Datasets/BirdClef/audio/Ardea cinerea_Gray Heron/XC497249.mp3
train,Ardea herodias_Great Blue Heron,../../Datasets/BirdClef/features/Ardea herodias_Great Blue Heron/XC391451.npy,../../Datasets/BirdClef/audio/Ardea herodias_Great Blue Heron/XC391451.mp3
train,Ardea herodias_Great Blue Heron,../../Datasets/BirdClef/features/Ardea herodias_Great Blue Heron/XC383027.npy,../../Datasets/BirdClef/audio/Ardea herodias_Great Blue Heron/XC383027.mp3
train,Ardea herodias_Great Blue Heron,../../Datasets/BirdClef/features/Ardea herodias_Great Blue Heron/XC478243.npy,../../Datasets/BirdClef/audio/Ardea herodias_Great Blue Heron/XC478243.mp3
train,Ardea herodias_Great Blue Heron,../../Datasets/BirdClef/features/Ardea herodias_Great Blue Heron/XC187999.npy,../../Datasets/BirdClef/audio/Ardea herodias_Great Blue Heron/XC187999.mp3
train,Ardea herodias_Great Blue Heron,../../Datasets/BirdClef/features/Ardea herodias_Great Blue Heron/XC34796.npy,../../Datasets/BirdClef/audio/Ardea herodias_Great Blue Heron/XC34796.mp3
train,Arremon taciturnus_Pectoral Sparrow,../../Datasets/BirdClef/features/Arremon taciturnus_Pectoral Sparrow/XC245277.npy,../../Datasets/BirdClef/audio/Arremon taciturnus_Pectoral Sparrow/XC245277.mp3
train,Arremon taciturnus_Pectoral Sparrow,../../Datasets/BirdClef/features/Arremon taciturnus_Pectoral Sparrow/XC12029.npy,../../Datasets/BirdClef/audio/Arremon taciturnus_Pectoral Sparrow/XC12029.mp3
train,Arremon taciturnus_Pectoral Sparrow,../../Datasets/BirdClef/features/Arremon taciturnus_Pectoral Sparrow/XC366776.npy,../../Datasets/BirdClef/audio/Arremon taciturnus_Pectoral Sparrow/XC366776.mp3
train,Arremon taciturnus_Pectoral Sparrow,../../Datasets/BirdClef/features/Arremon taciturnus_Pectoral Sparrow/XC185777.npy,../../Datasets/BirdClef/audio/Arremon taciturnus_Pectoral Sparrow/XC185777.mp3
train,Arremon taciturnus_Pectoral Sparrow,../../Datasets/BirdClef/features/Arremon taciturnus_Pectoral Sparrow/XC8236.npy,../../Datasets/BirdClef/audio/Arremon taciturnus_Pectoral Sparrow/XC8236.mp3
train,Artemisiospiza belli_Bell's Sparrow,../../Datasets/BirdClef/features/Artemisiospiza belli_Bell's Sparrow/XC145054.npy,../../Datasets/BirdClef/audio/Artemisiospiza belli_Bell's Sparrow/XC145054.mp3
train,Artemisiospiza belli_Bell's Sparrow,../../Datasets/BirdClef/features/Artemisiospiza belli_Bell's Sparrow/XC167605.npy,../../Datasets/BirdClef/audio/Artemisiospiza belli_Bell's Sparrow/XC167605.mp3
train,Artemisiospiza belli_Bell's Sparrow,../../Datasets/BirdClef/features/Artemisiospiza belli_Bell's Sparrow/XC311623.npy,../../Datasets/BirdClef/audio/Artemisiospiza belli_Bell's Sparrow/XC311623.mp3
train,Artemisiospiza belli_Bell's Sparrow,../../Datasets/BirdClef/features/Artemisiospiza belli_Bell's Sparrow/XC125550.npy,../../Datasets/BirdClef/audio/Artemisiospiza belli_Bell's Sparrow/XC125550.mp3
train,Artemisiospiza belli_Bell's Sparrow,../../Datasets/BirdClef/features/Artemisiospiza belli_Bell's Sparrow/XC120285.npy,../../Datasets/BirdClef/audio/Artemisiospiza belli_Bell's Sparrow/XC120285.mp3
train,Asio clamator_Striped Owl,../../Datasets/BirdClef/features/Asio clamator_Striped Owl/XC169628.npy,../../Datasets/BirdClef/audio/Asio clamator_Striped Owl/XC169628.mp3
train,Asio clamator_Striped Owl,../../Datasets/BirdClef/features/Asio clamator_Striped Owl/XC257037.npy,../../Datasets/BirdClef/audio/Asio clamator_Striped Owl/XC257037.mp3
train,Asio clamator_Striped Owl,../../Datasets/BirdClef/features/Asio clamator_Striped Owl/XC494632.npy,../../Datasets/BirdClef/audio/Asio clamator_Striped Owl/XC494632.mp3
train,Asio clamator_Striped Owl,../../Datasets/BirdClef/features/Asio clamator_Striped Owl/XC22894.npy,../../Datasets/BirdClef/audio/Asio clamator_Striped Owl/XC22894.mp3
train,Asio clamator_Striped Owl,../../Datasets/BirdClef/features/Asio clamator_Striped Owl/XC399385.npy,../../Datasets/BirdClef/audio/Asio clamator_Striped Owl/XC399385.mp3
train,Asio flammeus_Short-eared Owl,../../Datasets/BirdClef/features/Asio flammeus_Short-eared Owl/XC474679.npy,../../Datasets/BirdClef/audio/Asio flammeus_Short-eared Owl/XC474679.mp3
train,Asio flammeus_Short-eared Owl,../../Datasets/BirdClef/features/Asio flammeus_Short-eared Owl/XC246621.npy,../../Datasets/BirdClef/audio/Asio flammeus_Short-eared Owl/XC246621.mp3
train,Asio flammeus_Short-eared Owl,../../Datasets/BirdClef/features/Asio flammeus_Short-eared Owl/XC431869.npy,../../Datasets/BirdClef/audio/Asio flammeus_Short-eared Owl/XC431869.mp3
train,Asio flammeus_Short-eared Owl,../../Datasets/BirdClef/features/Asio flammeus_Short-eared Owl/XC133187.npy,../../Datasets/BirdClef/audio/Asio flammeus_Short-eared Owl/XC133187.mp3
train,Asio flammeus_Short-eared Owl,../../Datasets/BirdClef/features/Asio flammeus_Short-eared Owl/XC168746.npy,../../Datasets/BirdClef/audio/Asio flammeus_Short-eared Owl/XC168746.mp3
train,Athene cunicularia_Burrowing Owl,../../Datasets/BirdClef/features/Athene cunicularia_Burrowing Owl/XC264438.npy,../../Datasets/BirdClef/audio/Athene cunicularia_Burrowing Owl/XC264438.mp3
train,Athene cunicularia_Burrowing Owl,../../Datasets/BirdClef/features/Athene cunicularia_Burrowing Owl/XC56884.npy,../../Datasets/BirdClef/audio/Athene cunicularia_Burrowing Owl/XC56884.mp3
train,Athene cunicularia_Burrowing Owl,../../Datasets/BirdClef/features/Athene cunicularia_Burrowing Owl/XC369890.npy,../../Datasets/BirdClef/audio/Athene cunicularia_Burrowing Owl/XC369890.mp3
train,Athene cunicularia_Burrowing Owl,../../Datasets/BirdClef/features/Athene cunicularia_Burrowing Owl/XC247783.npy,../../Datasets/BirdClef/audio/Athene cunicularia_Burrowing Owl/XC247783.mp3
train,Athene cunicularia_Burrowing Owl,../../Datasets/BirdClef/features/Athene cunicularia_Burrowing Owl/XC287474.npy,../../Datasets/BirdClef/audio/Athene cunicularia_Burrowing Owl/XC287474.mp3
train,Attila bolivianus_Dull-capped Attila,../../Datasets/BirdClef/features/Attila bolivianus_Dull-capped Attila/XC407192.npy,../../Datasets/BirdClef/audio/Attila bolivianus_Dull-capped Attila/XC407192.mp3
train,Attila bolivianus_Dull-capped Attila,../../Datasets/BirdClef/features/Attila bolivianus_Dull-capped Attila/XC270600.npy,../../Datasets/BirdClef/audio/Attila bolivianus_Dull-capped Attila/XC270600.mp3
train,Attila bolivianus_Dull-capped Attila,../../Datasets/BirdClef/features/Attila bolivianus_Dull-capped Attila/XC409527.npy,../../Datasets/BirdClef/audio/Attila bolivianus_Dull-capped Attila/XC409527.mp3
train,Attila bolivianus_Dull-capped Attila,../../Datasets/BirdClef/features/Attila bolivianus_Dull-capped Attila/XC2685.npy,../../Datasets/BirdClef/audio/Attila bolivianus_Dull-capped Attila/XC2685.mp3
train,Attila bolivianus_Dull-capped Attila,../../Datasets/BirdClef/features/Attila bolivianus_Dull-capped Attila/XC151889.npy,../../Datasets/BirdClef/audio/Attila bolivianus_Dull-capped Attila/XC151889.mp3
train,Attila spadiceus_Bright-rumped Attila,../../Datasets/BirdClef/features/Attila spadiceus_Bright-rumped Attila/XC158275.npy,../../Datasets/BirdClef/audio/Attila spadiceus_Bright-rumped Attila/XC158275.mp3
train,Attila spadiceus_Bright-rumped Attila,../../Datasets/BirdClef/features/Attila spadiceus_Bright-rumped Attila/XC436169.npy,../../Datasets/BirdClef/audio/Attila spadiceus_Bright-rumped Attila/XC436169.mp3
train,Attila spadiceus_Bright-rumped Attila,../../Datasets/BirdClef/features/Attila spadiceus_Bright-rumped Attila/XC214720.npy,../../Datasets/BirdClef/audio/Attila spadiceus_Bright-rumped Attila/XC214720.mp3
train,Attila spadiceus_Bright-rumped Attila,../../Datasets/BirdClef/features/Attila spadiceus_Bright-rumped Attila/XC504266.npy,../../Datasets/BirdClef/audio/Attila spadiceus_Bright-rumped Attila/XC504266.mp3
train,Attila spadiceus_Bright-rumped Attila,../../Datasets/BirdClef/features/Attila spadiceus_Bright-rumped Attila/XC214596.npy,../../Datasets/BirdClef/audio/Attila spadiceus_Bright-rumped Attila/XC214596.mp3
train,Aulacorhynchus albivitta_Southern Emerald-Toucanet,../../Datasets/BirdClef/features/Aulacorhynchus albivitta_Southern Emerald-Toucanet/XC234263.npy,../../Datasets/BirdClef/audio/Aulacorhynchus albivitta_Southern Emerald-Toucanet/XC234263.mp3
train,Aulacorhynchus albivitta_Southern Emerald-Toucanet,../../Datasets/BirdClef/features/Aulacorhynchus albivitta_Southern Emerald-Toucanet/XC219325.npy,../../Datasets/BirdClef/audio/Aulacorhynchus albivitta_Southern Emerald-Toucanet/XC219325.mp3
train,Aulacorhynchus albivitta_Southern Emerald-Toucanet,../../Datasets/BirdClef/features/Aulacorhynchus albivitta_Southern Emerald-Toucanet/XC312967.npy,../../Datasets/BirdClef/audio/Aulacorhynchus albivitta_Southern Emerald-Toucanet/XC312967.mp3
train,Aulacorhynchus albivitta_Southern Emerald-Toucanet,../../Datasets/BirdClef/features/Aulacorhynchus albivitta_Southern Emerald-Toucanet/XC273857.npy,../../Datasets/BirdClef/audio/Aulacorhynchus albivitta_Southern Emerald-Toucanet/XC273857.mp3
train,Aulacorhynchus albivitta_Southern Emerald-Toucanet,../../Datasets/BirdClef/features/Aulacorhynchus albivitta_Southern Emerald-Toucanet/XC117570.npy,../../Datasets/BirdClef/audio/Aulacorhynchus albivitta_Southern Emerald-Toucanet/XC117570.mp3
train,Automolus infuscatus_Olive-backed Foliage-gleaner,../../Datasets/BirdClef/features/Automolus infuscatus_Olive-backed Foliage-gleaner/XC436770.npy,../../Datasets/BirdClef/audio/Automolus infuscatus_Olive-backed Foliage-gleaner/XC436770.mp3
train,Automolus infuscatus_Olive-backed Foliage-gleaner,../../Datasets/BirdClef/features/Automolus infuscatus_Olive-backed Foliage-gleaner/XC10325.npy,../../Datasets/BirdClef/audio/Automolus infuscatus_Olive-backed Foliage-gleaner/XC10325.mp3
train,Automolus infuscatus_Olive-backed Foliage-gleaner,../../Datasets/BirdClef/features/Automolus infuscatus_Olive-backed Foliage-gleaner/XC475422.npy,../../Datasets/BirdClef/audio/Automolus infuscatus_Olive-backed Foliage-gleaner/XC475422.mp3
train,Automolus infuscatus_Olive-backed Foliage-gleaner,../../Datasets/BirdClef/features/Automolus infuscatus_Olive-backed Foliage-gleaner/XC22661.npy,../../Datasets/BirdClef/audio/Automolus infuscatus_Olive-backed Foliage-gleaner/XC22661.mp3
train,Automolus infuscatus_Olive-backed Foliage-gleaner,../../Datasets/BirdClef/features/Automolus infuscatus_Olive-backed Foliage-gleaner/XC76005.npy,../../Datasets/BirdClef/audio/Automolus infuscatus_Olive-backed Foliage-gleaner/XC76005.mp3
train,Automolus ochrolaemus_Buff-throated Foliage-gleaner,../../Datasets/BirdClef/features/Automolus ochrolaemus_Buff-throated Foliage-gleaner/XC108505.npy,../../Datasets/BirdClef/audio/Automolus ochrolaemus_Buff-throated Foliage-gleaner/XC108505.mp3
train,Automolus ochrolaemus_Buff-throated Foliage-gleaner,../../Datasets/BirdClef/features/Automolus ochrolaemus_Buff-throated Foliage-gleaner/XC387508.npy,../../Datasets/BirdClef/audio/Automolus ochrolaemus_Buff-throated Foliage-gleaner/XC387508.mp3
train,Automolus ochrolaemus_Buff-throated Foliage-gleaner,../../Datasets/BirdClef/features/Automolus ochrolaemus_Buff-throated Foliage-gleaner/XC249129.npy,../../Datasets/BirdClef/audio/Automolus ochrolaemus_Buff-throated Foliage-gleaner/XC249129.mp3
train,Automolus ochrolaemus_Buff-throated Foliage-gleaner,../../Datasets/BirdClef/features/Automolus ochrolaemus_Buff-throated Foliage-gleaner/XC310932.npy,../../Datasets/BirdClef/audio/Automolus ochrolaemus_Buff-throated Foliage-gleaner/XC310932.mp3
train,Automolus ochrolaemus_Buff-throated Foliage-gleaner,../../Datasets/BirdClef/features/Automolus ochrolaemus_Buff-throated Foliage-gleaner/XC54405.npy,../../Datasets/BirdClef/audio/Automolus ochrolaemus_Buff-throated Foliage-gleaner/XC54405.mp3
train,Automolus rufipileatus_Chestnut-crowned Foliage-gleaner,../../Datasets/BirdClef/features/Automolus rufipileatus_Chestnut-crowned Foliage-gleaner/XC249592.npy,../../Datasets/BirdClef/audio/Automolus rufipileatus_Chestnut-crowned Foliage-gleaner/XC249592.mp3
train,Automolus rufipileatus_Chestnut-crowned Foliage-gleaner,../../Datasets/BirdClef/features/Automolus rufipileatus_Chestnut-crowned Foliage-gleaner/XC405107.npy,../../Datasets/BirdClef/audio/Automolus rufipileatus_Chestnut-crowned Foliage-gleaner/XC405107.mp3
train,Automolus rufipileatus_Chestnut-crowned Foliage-gleaner,../../Datasets/BirdClef/features/Automolus rufipileatus_Chestnut-crowned Foliage-gleaner/XC219502.npy,../../Datasets/BirdClef/audio/Automolus rufipileatus_Chestnut-crowned Foliage-gleaner/XC219502.mp3
train,Automolus rufipileatus_Chestnut-crowned Foliage-gleaner,../../Datasets/BirdClef/features/Automolus rufipileatus_Chestnut-crowned Foliage-gleaner/XC219501.npy,../../Datasets/BirdClef/audio/Automolus rufipileatus_Chestnut-crowned Foliage-gleaner/XC219501.mp3
train,Automolus rufipileatus_Chestnut-crowned Foliage-gleaner,../../Datasets/BirdClef/features/Automolus rufipileatus_Chestnut-crowned Foliage-gleaner/XC27264.npy,../../Datasets/BirdClef/audio/Automolus rufipileatus_Chestnut-crowned Foliage-gleaner/XC27264.mp3
train,Automolus subulatus_Striped Woodhaunter,../../Datasets/BirdClef/features/Automolus subulatus_Striped Woodhaunter/XC93421.npy,../../Datasets/BirdClef/audio/Automolus subulatus_Striped Woodhaunter/XC93421.mp3
train,Automolus subulatus_Striped Woodhaunter,../../Datasets/BirdClef/features/Automolus subulatus_Striped Woodhaunter/XC170128.npy,../../Datasets/BirdClef/audio/Automolus subulatus_Striped Woodhaunter/XC170128.mp3
train,Automolus subulatus_Striped Woodhaunter,../../Datasets/BirdClef/features/Automolus subulatus_Striped Woodhaunter/XC394679.npy,../../Datasets/BirdClef/audio/Automolus subulatus_Striped Woodhaunter/XC394679.mp3
train,Automolus subulatus_Striped Woodhaunter,../../Datasets/BirdClef/features/Automolus subulatus_Striped Woodhaunter/XC63545.npy,../../Datasets/BirdClef/audio/Automolus subulatus_Striped Woodhaunter/XC63545.mp3
train,Automolus subulatus_Striped Woodhaunter,../../Datasets/BirdClef/features/Automolus subulatus_Striped Woodhaunter/XC249999.npy,../../Datasets/BirdClef/audio/Automolus subulatus_Striped Woodhaunter/XC249999.mp3
train,Aythya ferina_Common Pochard,../../Datasets/BirdClef/features/Aythya ferina_Common Pochard/XC103670.npy,../../Datasets/BirdClef/audio/Aythya ferina_Common Pochard/XC103670.mp3
train,Aythya ferina_Common Pochard,../../Datasets/BirdClef/features/Aythya ferina_Common Pochard/XC483604.npy,../../Datasets/BirdClef/audio/Aythya ferina_Common Pochard/XC483604.mp3
train,Aythya ferina_Common Pochard,../../Datasets/BirdClef/features/Aythya ferina_Common Pochard/XC84280.npy,../../Datasets/BirdClef/audio/Aythya ferina_Common Pochard/XC84280.mp3
train,Aythya ferina_Common Pochard,../../Datasets/BirdClef/features/Aythya ferina_Common Pochard/XC368567.npy,../../Datasets/BirdClef/audio/Aythya ferina_Common Pochard/XC368567.mp3
train,Aythya ferina_Common Pochard,../../Datasets/BirdClef/features/Aythya ferina_Common Pochard/XC478166.npy,../../Datasets/BirdClef/audio/Aythya ferina_Common Pochard/XC478166.mp3
train,Aythya fuligula_Tufted Duck,../../Datasets/BirdClef/features/Aythya fuligula_Tufted Duck/XC451737.npy,../../Datasets/BirdClef/audio/Aythya fuligula_Tufted Duck/XC451737.mp3
train,Aythya fuligula_Tufted Duck,../../Datasets/BirdClef/features/Aythya fuligula_Tufted Duck/XC212960.npy,../../Datasets/BirdClef/audio/Aythya fuligula_Tufted Duck/XC212960.mp3
train,Aythya fuligula_Tufted Duck,../../Datasets/BirdClef/features/Aythya fuligula_Tufted Duck/XC167721.npy,../../Datasets/BirdClef/audio/Aythya fuligula_Tufted Duck/XC167721.mp3
train,Aythya fuligula_Tufted Duck,../../Datasets/BirdClef/features/Aythya fuligula_Tufted Duck/XC476421.npy,../../Datasets/BirdClef/audio/Aythya fuligula_Tufted Duck/XC476421.mp3
train,Aythya fuligula_Tufted Duck,../../Datasets/BirdClef/features/Aythya fuligula_Tufted Duck/XC304425.npy,../../Datasets/BirdClef/audio/Aythya fuligula_Tufted Duck/XC304425.mp3
train,Baeolophus bicolor_Tufted Titmouse,../../Datasets/BirdClef/features/Baeolophus bicolor_Tufted Titmouse/XC388598.npy,../../Datasets/BirdClef/audio/Baeolophus bicolor_Tufted Titmouse/XC388598.mp3
train,Baeolophus bicolor_Tufted Titmouse,../../Datasets/BirdClef/features/Baeolophus bicolor_Tufted Titmouse/XC168012.npy,../../Datasets/BirdClef/audio/Baeolophus bicolor_Tufted Titmouse/XC168012.mp3
train,Baeolophus bicolor_Tufted Titmouse,../../Datasets/BirdClef/features/Baeolophus bicolor_Tufted Titmouse/XC465256.npy,../../Datasets/BirdClef/audio/Baeolophus bicolor_Tufted Titmouse/XC465256.mp3
train,Baeolophus bicolor_Tufted Titmouse,../../Datasets/BirdClef/features/Baeolophus bicolor_Tufted Titmouse/XC370491.npy,../../Datasets/BirdClef/audio/Baeolophus bicolor_Tufted Titmouse/XC370491.mp3
train,Baeolophus bicolor_Tufted Titmouse,../../Datasets/BirdClef/features/Baeolophus bicolor_Tufted Titmouse/XC18383.npy,../../Datasets/BirdClef/audio/Baeolophus bicolor_Tufted Titmouse/XC18383.mp3
train,Baeolophus ridgwayi_Juniper Titmouse,../../Datasets/BirdClef/features/Baeolophus ridgwayi_Juniper Titmouse/XC283212.npy,../../Datasets/BirdClef/audio/Baeolophus ridgwayi_Juniper Titmouse/XC283212.mp3
train,Baeolophus ridgwayi_Juniper Titmouse,../../Datasets/BirdClef/features/Baeolophus ridgwayi_Juniper Titmouse/XC172820.npy,../../Datasets/BirdClef/audio/Baeolophus ridgwayi_Juniper Titmouse/XC172820.mp3
train,Baeolophus ridgwayi_Juniper Titmouse,../../Datasets/BirdClef/features/Baeolophus ridgwayi_Juniper Titmouse/XC452529.npy,../../Datasets/BirdClef/audio/Baeolophus ridgwayi_Juniper Titmouse/XC452529.mp3
train,Baeolophus ridgwayi_Juniper Titmouse,../../Datasets/BirdClef/features/Baeolophus ridgwayi_Juniper Titmouse/XC475325.npy,../../Datasets/BirdClef/audio/Baeolophus ridgwayi_Juniper Titmouse/XC475325.mp3
train,Baeolophus ridgwayi_Juniper Titmouse,../../Datasets/BirdClef/features/Baeolophus ridgwayi_Juniper Titmouse/XC12123.npy,../../Datasets/BirdClef/audio/Baeolophus ridgwayi_Juniper Titmouse/XC12123.mp3
train,Bartramia longicauda_Upland Sandpiper,../../Datasets/BirdClef/features/Bartramia longicauda_Upland Sandpiper/XC49676.npy,../../Datasets/BirdClef/audio/Bartramia longicauda_Upland Sandpiper/XC49676.mp3
train,Bartramia longicauda_Upland Sandpiper,../../Datasets/BirdClef/features/Bartramia longicauda_Upland Sandpiper/XC444253.npy,../../Datasets/BirdClef/audio/Bartramia longicauda_Upland Sandpiper/XC444253.mp3
train,Bartramia longicauda_Upland Sandpiper,../../Datasets/BirdClef/features/Bartramia longicauda_Upland Sandpiper/XC148543.npy,../../Datasets/BirdClef/audio/Bartramia longicauda_Upland Sandpiper/XC148543.mp3
train,Bartramia longicauda_Upland Sandpiper,../../Datasets/BirdClef/features/Bartramia longicauda_Upland Sandpiper/XC305389.npy,../../Datasets/BirdClef/audio/Bartramia longicauda_Upland Sandpiper/XC305389.mp3
train,Bartramia longicauda_Upland Sandpiper,../../Datasets/BirdClef/features/Bartramia longicauda_Upland Sandpiper/XC254409.npy,../../Datasets/BirdClef/audio/Bartramia longicauda_Upland Sandpiper/XC254409.mp3
train,Baryphthengus martii_Rufous Motmot,../../Datasets/BirdClef/features/Baryphthengus martii_Rufous Motmot/XC122269.npy,../../Datasets/BirdClef/audio/Baryphthengus martii_Rufous Motmot/XC122269.mp3
train,Baryphthengus martii_Rufous Motmot,../../Datasets/BirdClef/features/Baryphthengus martii_Rufous Motmot/XC16063.npy,../../Datasets/BirdClef/audio/Baryphthengus martii_Rufous Motmot/XC16063.mp3
train,Baryphthengus martii_Rufous Motmot,../../Datasets/BirdClef/features/Baryphthengus martii_Rufous Motmot/XC275772.npy,../../Datasets/BirdClef/audio/Baryphthengus martii_Rufous Motmot/XC275772.mp3
train,Baryphthengus martii_Rufous Motmot,../../Datasets/BirdClef/features/Baryphthengus martii_Rufous Motmot/XC261825.npy,../../Datasets/BirdClef/audio/Baryphthengus martii_Rufous Motmot/XC261825.mp3
train,Baryphthengus martii_Rufous Motmot,../../Datasets/BirdClef/features/Baryphthengus martii_Rufous Motmot/XC252109.npy,../../Datasets/BirdClef/audio/Baryphthengus martii_Rufous Motmot/XC252109.mp3
train,Berlepschia rikeri_Point-tailed Palmcreeper,../../Datasets/BirdClef/features/Berlepschia rikeri_Point-tailed Palmcreeper/XC172602.npy,../../Datasets/BirdClef/audio/Berlepschia rikeri_Point-tailed Palmcreeper/XC172602.mp3
train,Berlepschia rikeri_Point-tailed Palmcreeper,../../Datasets/BirdClef/features/Berlepschia rikeri_Point-tailed Palmcreeper/XC403228.npy,../../Datasets/BirdClef/audio/Berlepschia rikeri_Point-tailed Palmcreeper/XC403228.mp3
train,Berlepschia rikeri_Point-tailed Palmcreeper,../../Datasets/BirdClef/features/Berlepschia rikeri_Point-tailed Palmcreeper/XC415531.npy,../../Datasets/BirdClef/audio/Berlepschia rikeri_Point-tailed Palmcreeper/XC415531.mp3
train,Berlepschia rikeri_Point-tailed Palmcreeper,../../Datasets/BirdClef/features/Berlepschia rikeri_Point-tailed Palmcreeper/XC270611.npy,../../Datasets/BirdClef/audio/Berlepschia rikeri_Point-tailed Palmcreeper/XC270611.mp3
train,Berlepschia rikeri_Point-tailed Palmcreeper,../../Datasets/BirdClef/features/Berlepschia rikeri_Point-tailed Palmcreeper/XC377209.npy,../../Datasets/BirdClef/audio/Berlepschia rikeri_Point-tailed Palmcreeper/XC377209.mp3
train,Bombycilla cedrorum_Cedar Waxwing,../../Datasets/BirdClef/features/Bombycilla cedrorum_Cedar Waxwing/XC142478.npy,../../Datasets/BirdClef/audio/Bombycilla cedrorum_Cedar Waxwing/XC142478.mp3
train,Bombycilla cedrorum_Cedar Waxwing,../../Datasets/BirdClef/features/Bombycilla cedrorum_Cedar Waxwing/XC121796.npy,../../Datasets/BirdClef/audio/Bombycilla cedrorum_Cedar Waxwing/XC121796.mp3
train,Bombycilla cedrorum_Cedar Waxwing,../../Datasets/BirdClef/features/Bombycilla cedrorum_Cedar Waxwing/XC190455.npy,../../Datasets/BirdClef/audio/Bombycilla cedrorum_Cedar Waxwing/XC190455.mp3
train,Bombycilla cedrorum_Cedar Waxwing,../../Datasets/BirdClef/features/Bombycilla cedrorum_Cedar Waxwing/XC131645.npy,../../Datasets/BirdClef/audio/Bombycilla cedrorum_Cedar Waxwing/XC131645.mp3
train,Bombycilla cedrorum_Cedar Waxwing,../../Datasets/BirdClef/features/Bombycilla cedrorum_Cedar Waxwing/XC121795.npy,../../Datasets/BirdClef/audio/Bombycilla cedrorum_Cedar Waxwing/XC121795.mp3
train,Botaurus stellaris_Great Bittern,../../Datasets/BirdClef/features/Botaurus stellaris_Great Bittern/XC326162.npy,../../Datasets/BirdClef/audio/Botaurus stellaris_Great Bittern/XC326162.mp3
train,Botaurus stellaris_Great Bittern,../../Datasets/BirdClef/features/Botaurus stellaris_Great Bittern/XC470606.npy,../../Datasets/BirdClef/audio/Botaurus stellaris_Great Bittern/XC470606.mp3
train,Botaurus stellaris_Great Bittern,../../Datasets/BirdClef/features/Botaurus stellaris_Great Bittern/XC42542.npy,../../Datasets/BirdClef/audio/Botaurus stellaris_Great Bittern/XC42542.mp3
train,Botaurus stellaris_Great Bittern,../../Datasets/BirdClef/features/Botaurus stellaris_Great Bittern/XC197595.npy,../../Datasets/BirdClef/audio/Botaurus stellaris_Great Bittern/XC197595.mp3
train,Botaurus stellaris_Great Bittern,../../Datasets/BirdClef/features/Botaurus stellaris_Great Bittern/XC465220.npy,../../Datasets/BirdClef/audio/Botaurus stellaris_Great Bittern/XC465220.mp3
train,Branta canadensis_Canada Goose,../../Datasets/BirdClef/features/Branta canadensis_Canada Goose/XC106776.npy,../../Datasets/BirdClef/audio/Branta canadensis_Canada Goose/XC106776.mp3
train,Branta canadensis_Canada Goose,../../Datasets/BirdClef/features/Branta canadensis_Canada Goose/XC469660.npy,../../Datasets/BirdClef/audio/Branta canadensis_Canada Goose/XC469660.mp3
train,Branta canadensis_Canada Goose,../../Datasets/BirdClef/features/Branta canadensis_Canada Goose/XC72506.npy,../../Datasets/BirdClef/audio/Branta canadensis_Canada Goose/XC72506.mp3
train,Branta canadensis_Canada Goose,../../Datasets/BirdClef/features/Branta canadensis_Canada Goose/XC178943.npy,../../Datasets/BirdClef/audio/Branta canadensis_Canada Goose/XC178943.mp3
train,Branta canadensis_Canada Goose,../../Datasets/BirdClef/features/Branta canadensis_Canada Goose/XC280890.npy,../../Datasets/BirdClef/audio/Branta canadensis_Canada Goose/XC280890.mp3
train,Branta leucopsis_Barnacle Goose,../../Datasets/BirdClef/features/Branta leucopsis_Barnacle Goose/XC190487.npy,../../Datasets/BirdClef/audio/Branta leucopsis_Barnacle Goose/XC190487.mp3
train,Branta leucopsis_Barnacle Goose,../../Datasets/BirdClef/features/Branta leucopsis_Barnacle Goose/XC65134.npy,../../Datasets/BirdClef/audio/Branta leucopsis_Barnacle Goose/XC65134.mp3
train,Branta leucopsis_Barnacle Goose,../../Datasets/BirdClef/features/Branta leucopsis_Barnacle Goose/XC88826.npy,../../Datasets/BirdClef/audio/Branta leucopsis_Barnacle Goose/XC88826.mp3
train,Branta leucopsis_Barnacle Goose,../../Datasets/BirdClef/features/Branta leucopsis_Barnacle Goose/XC77420.npy,../../Datasets/BirdClef/audio/Branta leucopsis_Barnacle Goose/XC77420.mp3
train,Branta leucopsis_Barnacle Goose,../../Datasets/BirdClef/features/Branta leucopsis_Barnacle Goose/XC462452.npy,../../Datasets/BirdClef/audio/Branta leucopsis_Barnacle Goose/XC462452.mp3
train,Brotogeris cyanoptera_Cobalt-winged Parakeet,../../Datasets/BirdClef/features/Brotogeris cyanoptera_Cobalt-winged Parakeet/XC270614.npy,../../Datasets/BirdClef/audio/Brotogeris cyanoptera_Cobalt-winged Parakeet/XC270614.mp3
train,Brotogeris cyanoptera_Cobalt-winged Parakeet,../../Datasets/BirdClef/features/Brotogeris cyanoptera_Cobalt-winged Parakeet/XC257671.npy,../../Datasets/BirdClef/audio/Brotogeris cyanoptera_Cobalt-winged Parakeet/XC257671.mp3
train,Brotogeris cyanoptera_Cobalt-winged Parakeet,../../Datasets/BirdClef/features/Brotogeris cyanoptera_Cobalt-winged Parakeet/XC59797.npy,../../Datasets/BirdClef/audio/Brotogeris cyanoptera_Cobalt-winged Parakeet/XC59797.mp3
train,Brotogeris cyanoptera_Cobalt-winged Parakeet,../../Datasets/BirdClef/features/Brotogeris cyanoptera_Cobalt-winged Parakeet/XC497999.npy,../../Datasets/BirdClef/audio/Brotogeris cyanoptera_Cobalt-winged Parakeet/XC497999.mp3
train,Brotogeris cyanoptera_Cobalt-winged Parakeet,../../Datasets/BirdClef/features/Brotogeris cyanoptera_Cobalt-winged Parakeet/XC84942.npy,../../Datasets/BirdClef/audio/Brotogeris cyanoptera_Cobalt-winged Parakeet/XC84942.mp3
train,Bubo virginianus_Great Horned Owl,../../Datasets/BirdClef/features/Bubo virginianus_Great Horned Owl/XC172612.npy,../../Datasets/BirdClef/audio/Bubo virginianus_Great Horned Owl/XC172612.mp3
train,Bubo virginianus_Great Horned Owl,../../Datasets/BirdClef/features/Bubo virginianus_Great Horned Owl/XC391719.npy,../../Datasets/BirdClef/audio/Bubo virginianus_Great Horned Owl/XC391719.mp3
train,Bubo virginianus_Great Horned Owl,../../Datasets/BirdClef/features/Bubo virginianus_Great Horned Owl/XC341462.npy,../../Datasets/BirdClef/audio/Bubo virginianus_Great Horned Owl/XC341462.mp3
train,Bubo virginianus_Great Horned Owl,../../Datasets/BirdClef/features/Bubo virginianus_Great Horned Owl/XC432233.npy,../../Datasets/BirdClef/audio/Bubo virginianus_Great Horned Owl/XC432233.mp3
train,Bubo virginianus_Great Horned Owl,../../Datasets/BirdClef/features/Bubo virginianus_Great Horned Owl/XC335480.npy,../../Datasets/BirdClef/audio/Bubo virginianus_Great Horned Owl/XC335480.mp3
train,Bubulcus ibis_Cattle Egret,../../Datasets/BirdClef/features/Bubulcus ibis_Cattle Egret/XC246911.npy,../../Datasets/BirdClef/audio/Bubulcus ibis_Cattle Egret/XC246911.mp3
train,Bubulcus ibis_Cattle Egret,../../Datasets/BirdClef/features/Bubulcus ibis_Cattle Egret/XC50326.npy,../../Datasets/BirdClef/audio/Bubulcus ibis_Cattle Egret/XC50326.mp3
train,Bubulcus ibis_Cattle Egret,../../Datasets/BirdClef/features/Bubulcus ibis_Cattle Egret/XC304257.npy,../../Datasets/BirdClef/audio/Bubulcus ibis_Cattle Egret/XC304257.mp3
train,Bubulcus ibis_Cattle Egret,../../Datasets/BirdClef/features/Bubulcus ibis_Cattle Egret/XC304258.npy,../../Datasets/BirdClef/audio/Bubulcus ibis_Cattle Egret/XC304258.mp3
train,Bubulcus ibis_Cattle Egret,../../Datasets/BirdClef/features/Bubulcus ibis_Cattle Egret/XC422247.npy,../../Datasets/BirdClef/audio/Bubulcus ibis_Cattle Egret/XC422247.mp3
train,Bucephala clangula_Common Goldeneye,../../Datasets/BirdClef/features/Bucephala clangula_Common Goldeneye/XC448262.npy,../../Datasets/BirdClef/audio/Bucephala clangula_Common Goldeneye/XC448262.mp3
train,Bucephala clangula_Common Goldeneye,../../Datasets/BirdClef/features/Bucephala clangula_Common Goldeneye/XC216972.npy,../../Datasets/BirdClef/audio/Bucephala clangula_Common Goldeneye/XC216972.mp3
train,Bucephala clangula_Common Goldeneye,../../Datasets/BirdClef/features/Bucephala clangula_Common Goldeneye/XC36319.npy,../../Datasets/BirdClef/audio/Bucephala clangula_Common Goldeneye/XC36319.mp3
train,Bucephala clangula_Common Goldeneye,../../Datasets/BirdClef/features/Bucephala clangula_Common Goldeneye/XC215224.npy,../../Datasets/BirdClef/audio/Bucephala clangula_Common Goldeneye/XC215224.mp3
train,Bucephala clangula_Common Goldeneye,../../Datasets/BirdClef/features/Bucephala clangula_Common Goldeneye/XC103590.npy,../../Datasets/BirdClef/audio/Bucephala clangula_Common Goldeneye/XC103590.mp3
train,Busarellus nigricollis_Black-collared Hawk,../../Datasets/BirdClef/features/Busarellus nigricollis_Black-collared Hawk/XC260345.npy,../../Datasets/BirdClef/audio/Busarellus nigricollis_Black-collared Hawk/XC260345.mp3
train,Busarellus nigricollis_Black-collared Hawk,../../Datasets/BirdClef/features/Busarellus nigricollis_Black-collared Hawk/XC116247.npy,../../Datasets/BirdClef/audio/Busarellus nigricollis_Black-collared Hawk/XC116247.mp3
train,Busarellus nigricollis_Black-collared Hawk,../../Datasets/BirdClef/features/Busarellus nigricollis_Black-collared Hawk/XC70095.npy,../../Datasets/BirdClef/audio/Busarellus nigricollis_Black-collared Hawk/XC70095.mp3
train,Busarellus nigricollis_Black-collared Hawk,../../Datasets/BirdClef/features/Busarellus nigricollis_Black-collared Hawk/XC60663.npy,../../Datasets/BirdClef/audio/Busarellus nigricollis_Black-collared Hawk/XC60663.mp3
train,Busarellus nigricollis_Black-collared Hawk,../../Datasets/BirdClef/features/Busarellus nigricollis_Black-collared Hawk/XC63196.npy,../../Datasets/BirdClef/audio/Busarellus nigricollis_Black-collared Hawk/XC63196.mp3
train,Buteo buteo_Common Buzzard,../../Datasets/BirdClef/features/Buteo buteo_Common Buzzard/XC195094.npy,../../Datasets/BirdClef/audio/Buteo buteo_Common Buzzard/XC195094.mp3
train,Buteo buteo_Common Buzzard,../../Datasets/BirdClef/features/Buteo buteo_Common Buzzard/XC138324.npy,../../Datasets/BirdClef/audio/Buteo buteo_Common Buzzard/XC138324.mp3
train,Buteo buteo_Common Buzzard,../../Datasets/BirdClef/features/Buteo buteo_Common Buzzard/XC419544.npy,../../Datasets/BirdClef/audio/Buteo buteo_Common Buzzard/XC419544.mp3
train,Buteo buteo_Common Buzzard,../../Datasets/BirdClef/features/Buteo buteo_Common Buzzard/XC399916.npy,../../Datasets/BirdClef/audio/Buteo buteo_Common Buzzard/XC399916.mp3
train,Buteo buteo_Common Buzzard,../../Datasets/BirdClef/features/Buteo buteo_Common Buzzard/XC357802.npy,../../Datasets/BirdClef/audio/Buteo buteo_Common Buzzard/XC357802.mp3
train,Buteo jamaicensis_Red-tailed Hawk,../../Datasets/BirdClef/features/Buteo jamaicensis_Red-tailed Hawk/XC453882.npy,../../Datasets/BirdClef/audio/Buteo jamaicensis_Red-tailed Hawk/XC453882.mp3
train,Buteo jamaicensis_Red-tailed Hawk,../../Datasets/BirdClef/features/Buteo jamaicensis_Red-tailed Hawk/XC173873.npy,../../Datasets/BirdClef/audio/Buteo jamaicensis_Red-tailed Hawk/XC173873.mp3
train,Buteo jamaicensis_Red-tailed Hawk,../../Datasets/BirdClef/features/Buteo jamaicensis_Red-tailed Hawk/XC321707.npy,../../Datasets/BirdClef/audio/Buteo jamaicensis_Red-tailed Hawk/XC321707.mp3
train,Buteo jamaicensis_Red-tailed Hawk,../../Datasets/BirdClef/features/Buteo jamaicensis_Red-tailed Hawk/XC17117.npy,../../Datasets/BirdClef/audio/Buteo jamaicensis_Red-tailed Hawk/XC17117.mp3
train,Buteo jamaicensis_Red-tailed Hawk,../../Datasets/BirdClef/features/Buteo jamaicensis_Red-tailed Hawk/XC199589.npy,../../Datasets/BirdClef/audio/Buteo jamaicensis_Red-tailed Hawk/XC199589.mp3
train,Buteo lineatus_Red-shouldered Hawk,../../Datasets/BirdClef/features/Buteo lineatus_Red-shouldered Hawk/XC149538.npy,../../Datasets/BirdClef/audio/Buteo lineatus_Red-shouldered Hawk/XC149538.mp3
train,Buteo lineatus_Red-shouldered Hawk,../../Datasets/BirdClef/features/Buteo lineatus_Red-shouldered Hawk/XC62778.npy,../../Datasets/BirdClef/audio/Buteo lineatus_Red-shouldered Hawk/XC62778.mp3
train,Buteo lineatus_Red-shouldered Hawk,../../Datasets/BirdClef/features/Buteo lineatus_Red-shouldered Hawk/XC166113.npy,../../Datasets/BirdClef/audio/Buteo lineatus_Red-shouldered Hawk/XC166113.mp3
train,Buteo lineatus_Red-shouldered Hawk,../../Datasets/BirdClef/features/Buteo lineatus_Red-shouldered Hawk/XC446654.npy,../../Datasets/BirdClef/audio/Buteo lineatus_Red-shouldered Hawk/XC446654.mp3
train,Buteo lineatus_Red-shouldered Hawk,../../Datasets/BirdClef/features/Buteo lineatus_Red-shouldered Hawk/XC405037.npy,../../Datasets/BirdClef/audio/Buteo lineatus_Red-shouldered Hawk/XC405037.mp3
train,Buteo nitidus_Gray-lined Hawk,../../Datasets/BirdClef/features/Buteo nitidus_Gray-lined Hawk/XC119889.npy,../../Datasets/BirdClef/audio/Buteo nitidus_Gray-lined Hawk/XC119889.mp3
train,Buteo nitidus_Gray-lined Hawk,../../Datasets/BirdClef/features/Buteo nitidus_Gray-lined Hawk/XC428451.npy,../../Datasets/BirdClef/audio/Buteo nitidus_Gray-lined Hawk/XC428451.mp3
train,Buteo nitidus_Gray-lined Hawk,../../Datasets/BirdClef/features/Buteo nitidus_Gray-lined Hawk/XC421118.npy,../../Datasets/BirdClef/audio/Buteo nitidus_Gray-lined Hawk/XC421118.mp3
train,Buteo nitidus_Gray-lined Hawk,../../Datasets/BirdClef/features/Buteo nitidus_Gray-lined Hawk/XC9927.npy,../../Datasets/BirdClef/audio/Buteo nitidus_Gray-lined Hawk/XC9927.mp3
train,Buteo nitidus_Gray-lined Hawk,../../Datasets/BirdClef/features/Buteo nitidus_Gray-lined Hawk/XC394345.npy,../../Datasets/BirdClef/audio/Buteo nitidus_Gray-lined Hawk/XC394345.mp3
train,Buteo platypterus_Broad-winged Hawk,../../Datasets/BirdClef/features/Buteo platypterus_Broad-winged Hawk/XC473811.npy,../../Datasets/BirdClef/audio/Buteo platypterus_Broad-winged Hawk/XC473811.mp3
train,Buteo platypterus_Broad-winged Hawk,../../Datasets/BirdClef/features/Buteo platypterus_Broad-winged Hawk/XC241108.npy,../../Datasets/BirdClef/audio/Buteo platypterus_Broad-winged Hawk/XC241108.mp3
train,Buteo platypterus_Broad-winged Hawk,../../Datasets/BirdClef/features/Buteo platypterus_Broad-winged Hawk/XC483190.npy,../../Datasets/BirdClef/audio/Buteo platypterus_Broad-winged Hawk/XC483190.mp3
train,Buteo platypterus_Broad-winged Hawk,../../Datasets/BirdClef/features/Buteo platypterus_Broad-winged Hawk/XC8883.npy,../../Datasets/BirdClef/audio/Buteo platypterus_Broad-winged Hawk/XC8883.mp3
train,Buteo platypterus_Broad-winged Hawk,../../Datasets/BirdClef/features/Buteo platypterus_Broad-winged Hawk/XC54355.npy,../../Datasets/BirdClef/audio/Buteo platypterus_Broad-winged Hawk/XC54355.mp3
train,Buteogallus urubitinga_Great Black Hawk,../../Datasets/BirdClef/features/Buteogallus urubitinga_Great Black Hawk/XC192818.npy,../../Datasets/BirdClef/audio/Buteogallus urubitinga_Great Black Hawk/XC192818.mp3
train,Buteogallus urubitinga_Great Black Hawk,../../Datasets/BirdClef/features/Buteogallus urubitinga_Great Black Hawk/XC54063.npy,../../Datasets/BirdClef/audio/Buteogallus urubitinga_Great Black Hawk/XC54063.mp3
train,Buteogallus urubitinga_Great Black Hawk,../../Datasets/BirdClef/features/Buteogallus urubitinga_Great Black Hawk/XC164640.npy,../../Datasets/BirdClef/audio/Buteogallus urubitinga_Great Black Hawk/XC164640.mp3
train,Buteogallus urubitinga_Great Black Hawk,../../Datasets/BirdClef/features/Buteogallus urubitinga_Great Black Hawk/XC394809.npy,../../Datasets/BirdClef/audio/Buteogallus urubitinga_Great Black Hawk/XC394809.mp3
train,Buteogallus urubitinga_Great Black Hawk,../../Datasets/BirdClef/features/Buteogallus urubitinga_Great Black Hawk/XC434440.npy,../../Datasets/BirdClef/audio/Buteogallus urubitinga_Great Black Hawk/XC434440.mp3
train,Butorides striata_Striated Heron,../../Datasets/BirdClef/features/Butorides striata_Striated Heron/XC255375.npy,../../Datasets/BirdClef/audio/Butorides striata_Striated Heron/XC255375.mp3
train,Butorides striata_Striated Heron,../../Datasets/BirdClef/features/Butorides striata_Striated Heron/XC50329.npy,../../Datasets/BirdClef/audio/Butorides striata_Striated Heron/XC50329.mp3
train,Butorides striata_Striated Heron,../../Datasets/BirdClef/features/Butorides striata_Striated Heron/XC95617.npy,../../Datasets/BirdClef/audio/Butorides striata_Striated Heron/XC95617.mp3
train,Butorides striata_Striated Heron,../../Datasets/BirdClef/features/Butorides striata_Striated Heron/XC255386.npy,../../Datasets/BirdClef/audio/Butorides striata_Striated Heron/XC255386.mp3
train,Butorides striata_Striated Heron,../../Datasets/BirdClef/features/Butorides striata_Striated Heron/XC257322.npy,../../Datasets/BirdClef/audio/Butorides striata_Striated Heron/XC257322.mp3
train,Butorides virescens_Green Heron,../../Datasets/BirdClef/features/Butorides virescens_Green Heron/XC144306.npy,../../Datasets/BirdClef/audio/Butorides virescens_Green Heron/XC144306.mp3
train,Butorides virescens_Green Heron,../../Datasets/BirdClef/features/Butorides virescens_Green Heron/XC365404.npy,../../Datasets/BirdClef/audio/Butorides virescens_Green Heron/XC365404.mp3
train,Butorides virescens_Green Heron,../../Datasets/BirdClef/features/Butorides virescens_Green Heron/XC352110.npy,../../Datasets/BirdClef/audio/Butorides virescens_Green Heron/XC352110.mp3
train,Butorides virescens_Green Heron,../../Datasets/BirdClef/features/Butorides virescens_Green Heron/XC153094.npy,../../Datasets/BirdClef/audio/Butorides virescens_Green Heron/XC153094.mp3
train,Butorides virescens_Green Heron,../../Datasets/BirdClef/features/Butorides virescens_Green Heron/XC274175.npy,../../Datasets/BirdClef/audio/Butorides virescens_Green Heron/XC274175.mp3
train,Cacicus cela_Yellow-rumped Cacique,../../Datasets/BirdClef/features/Cacicus cela_Yellow-rumped Cacique/XC282565.npy,../../Datasets/BirdClef/audio/Cacicus cela_Yellow-rumped Cacique/XC282565.mp3
train,Cacicus cela_Yellow-rumped Cacique,../../Datasets/BirdClef/features/Cacicus cela_Yellow-rumped Cacique/XC422370.npy,../../Datasets/BirdClef/audio/Cacicus cela_Yellow-rumped Cacique/XC422370.mp3
train,Cacicus cela_Yellow-rumped Cacique,../../Datasets/BirdClef/features/Cacicus cela_Yellow-rumped Cacique/XC244967.npy,../../Datasets/BirdClef/audio/Cacicus cela_Yellow-rumped Cacique/XC244967.mp3
train,Cacicus cela_Yellow-rumped Cacique,../../Datasets/BirdClef/features/Cacicus cela_Yellow-rumped Cacique/XC77049.npy,../../Datasets/BirdClef/audio/Cacicus cela_Yellow-rumped Cacique/XC77049.mp3
train,Cacicus cela_Yellow-rumped Cacique,../../Datasets/BirdClef/features/Cacicus cela_Yellow-rumped Cacique/XC259954.npy,../../Datasets/BirdClef/audio/Cacicus cela_Yellow-rumped Cacique/XC259954.mp3
train,Cacicus haemorrhous_Red-rumped Cacique,../../Datasets/BirdClef/features/Cacicus haemorrhous_Red-rumped Cacique/XC199155.npy,../../Datasets/BirdClef/audio/Cacicus haemorrhous_Red-rumped Cacique/XC199155.mp3
train,Cacicus haemorrhous_Red-rumped Cacique,../../Datasets/BirdClef/features/Cacicus haemorrhous_Red-rumped Cacique/XC325615.npy,../../Datasets/BirdClef/audio/Cacicus haemorrhous_Red-rumped Cacique/XC325615.mp3
train,Cacicus haemorrhous_Red-rumped Cacique,../../Datasets/BirdClef/features/Cacicus haemorrhous_Red-rumped Cacique/XC491068.npy,../../Datasets/BirdClef/audio/Cacicus haemorrhous_Red-rumped Cacique/XC491068.mp3
train,Cacicus haemorrhous_Red-rumped Cacique,../../Datasets/BirdClef/features/Cacicus haemorrhous_Red-rumped Cacique/XC220012.npy,../../Datasets/BirdClef/audio/Cacicus haemorrhous_Red-rumped Cacique/XC220012.mp3
train,Cacicus haemorrhous_Red-rumped Cacique,../../Datasets/BirdClef/features/Cacicus haemorrhous_Red-rumped Cacique/XC115678.npy,../../Datasets/BirdClef/audio/Cacicus haemorrhous_Red-rumped Cacique/XC115678.mp3
train,Cacicus solitarius_Solitary Black Cacique,../../Datasets/BirdClef/features/Cacicus solitarius_Solitary Black Cacique/XC21555.npy,../../Datasets/BirdClef/audio/Cacicus solitarius_Solitary Black Cacique/XC21555.mp3
train,Cacicus solitarius_Solitary Black Cacique,../../Datasets/BirdClef/features/Cacicus solitarius_Solitary Black Cacique/XC48007.npy,../../Datasets/BirdClef/audio/Cacicus solitarius_Solitary Black Cacique/XC48007.mp3
train,Cacicus solitarius_Solitary Black Cacique,../../Datasets/BirdClef/features/Cacicus solitarius_Solitary Black Cacique/XC195684.npy,../../Datasets/BirdClef/audio/Cacicus solitarius_Solitary Black Cacique/XC195684.mp3
train,Cacicus solitarius_Solitary Black Cacique,../../Datasets/BirdClef/features/Cacicus solitarius_Solitary Black Cacique/XC438902.npy,../../Datasets/BirdClef/audio/Cacicus solitarius_Solitary Black Cacique/XC438902.mp3
train,Cacicus solitarius_Solitary Black Cacique,../../Datasets/BirdClef/features/Cacicus solitarius_Solitary Black Cacique/XC5493.npy,../../Datasets/BirdClef/audio/Cacicus solitarius_Solitary Black Cacique/XC5493.mp3
train,Calidris alpina_Dunlin,../../Datasets/BirdClef/features/Calidris alpina_Dunlin/XC161418.npy,../../Datasets/BirdClef/audio/Calidris alpina_Dunlin/XC161418.mp3
train,Calidris alpina_Dunlin,../../Datasets/BirdClef/features/Calidris alpina_Dunlin/XC370662.npy,../../Datasets/BirdClef/audio/Calidris alpina_Dunlin/XC370662.mp3
train,Calidris alpina_Dunlin,../../Datasets/BirdClef/features/Calidris alpina_Dunlin/XC141702.npy,../../Datasets/BirdClef/audio/Calidris alpina_Dunlin/XC141702.mp3
train,Calidris alpina_Dunlin,../../Datasets/BirdClef/features/Calidris alpina_Dunlin/XC151975.npy,../../Datasets/BirdClef/audio/Calidris alpina_Dunlin/XC151975.mp3
train,Calidris alpina_Dunlin,../../Datasets/BirdClef/features/Calidris alpina_Dunlin/XC202895.npy,../../Datasets/BirdClef/audio/Calidris alpina_Dunlin/XC202895.mp3
train,Calidris bairdii_Baird's Sandpiper,../../Datasets/BirdClef/features/Calidris bairdii_Baird's Sandpiper/XC148500.npy,../../Datasets/BirdClef/audio/Calidris bairdii_Baird's Sandpiper/XC148500.mp3
train,Calidris bairdii_Baird's Sandpiper,../../Datasets/BirdClef/features/Calidris bairdii_Baird's Sandpiper/XC238076.npy,../../Datasets/BirdClef/audio/Calidris bairdii_Baird's Sandpiper/XC238076.mp3
train,Calidris bairdii_Baird's Sandpiper,../../Datasets/BirdClef/features/Calidris bairdii_Baird's Sandpiper/XC185624.npy,../../Datasets/BirdClef/audio/Calidris bairdii_Baird's Sandpiper/XC185624.mp3
train,Calidris bairdii_Baird's Sandpiper,../../Datasets/BirdClef/features/Calidris bairdii_Baird's Sandpiper/XC272612.npy,../../Datasets/BirdClef/audio/Calidris bairdii_Baird's Sandpiper/XC272612.mp3
train,Calidris bairdii_Baird's Sandpiper,../../Datasets/BirdClef/features/Calidris bairdii_Baird's Sandpiper/XC238077.npy,../../Datasets/BirdClef/audio/Calidris bairdii_Baird's Sandpiper/XC238077.mp3
train,Calidris melanotos_Pectoral Sandpiper,../../Datasets/BirdClef/features/Calidris melanotos_Pectoral Sandpiper/XC406454.npy,../../Datasets/BirdClef/audio/Calidris melanotos_Pectoral Sandpiper/XC406454.mp3
train,Calidris melanotos_Pectoral Sandpiper,../../Datasets/BirdClef/features/Calidris melanotos_Pectoral Sandpiper/XC396666.npy,../../Datasets/BirdClef/audio/Calidris melanotos_Pectoral Sandpiper/XC396666.mp3
train,Calidris melanotos_Pectoral Sandpiper,../../Datasets/BirdClef/features/Calidris melanotos_Pectoral Sandpiper/XC239619.npy,../../Datasets/BirdClef/audio/Calidris melanotos_Pectoral Sandpiper/XC239619.mp3
train,Calidris melanotos_Pectoral Sandpiper,../../Datasets/BirdClef/features/Calidris melanotos_Pectoral Sandpiper/XC37992.npy,../../Datasets/BirdClef/audio/Calidris melanotos_Pectoral Sandpiper/XC37992.mp3
train,Calidris melanotos_Pectoral Sandpiper,../../Datasets/BirdClef/features/Calidris melanotos_Pectoral Sandpiper/XC406462.npy,../../Datasets/BirdClef/audio/Calidris melanotos_Pectoral Sandpiper/XC406462.mp3
train,Calidris minutilla_Least Sandpiper,../../Datasets/BirdClef/features/Calidris minutilla_Least Sandpiper/XC498130.npy,../../Datasets/BirdClef/audio/Calidris minutilla_Least Sandpiper/XC498130.mp3
train,Calidris minutilla_Least Sandpiper,../../Datasets/BirdClef/features/Calidris minutilla_Least Sandpiper/XC474335.npy,../../Datasets/BirdClef/audio/Calidris minutilla_Least Sandpiper/XC474335.mp3
train,Calidris minutilla_Least Sandpiper,../../Datasets/BirdClef/features/Calidris minutilla_Least Sandpiper/XC220053.npy,../../Datasets/BirdClef/audio/Calidris minutilla_Least Sandpiper/XC220053.mp3
train,Calidris minutilla_Least Sandpiper,../../Datasets/BirdClef/features/Calidris minutilla_Least Sandpiper/XC220049.npy,../../Datasets/BirdClef/audio/Calidris minutilla_Least Sandpiper/XC220049.mp3
train,Calidris minutilla_Least Sandpiper,../../Datasets/BirdClef/features/Calidris minutilla_Least Sandpiper/XC109320.npy,../../Datasets/BirdClef/audio/Calidris minutilla_Least Sandpiper/XC109320.mp3
train,Calidris pusilla_Semipalmated Sandpiper,../../Datasets/BirdClef/features/Calidris pusilla_Semipalmated Sandpiper/XC406421.npy,../../Datasets/BirdClef/audio/Calidris pusilla_Semipalmated Sandpiper/XC406421.mp3
train,Calidris pusilla_Semipalmated Sandpiper,../../Datasets/BirdClef/features/Calidris pusilla_Semipalmated Sandpiper/XC336343.npy,../../Datasets/BirdClef/audio/Calidris pusilla_Semipalmated Sandpiper/XC336343.mp3
train,Calidris pusilla_Semipalmated Sandpiper,../../Datasets/BirdClef/features/Calidris pusilla_Semipalmated Sandpiper/XC322694.npy,../../Datasets/BirdClef/audio/Calidris pusilla_Semipalmated Sandpiper/XC322694.mp3
train,Calidris pusilla_Semipalmated Sandpiper,../../Datasets/BirdClef/features/Calidris pusilla_Semipalmated Sandpiper/XC354720.npy,../../Datasets/BirdClef/audio/Calidris pusilla_Semipalmated Sandpiper/XC354720.mp3
train,Calidris pusilla_Semipalmated Sandpiper,../../Datasets/BirdClef/features/Calidris pusilla_Semipalmated Sandpiper/XC406422.npy,../../Datasets/BirdClef/audio/Calidris pusilla_Semipalmated Sandpiper/XC406422.mp3
train,Callipepla californica_California Quail,../../Datasets/BirdClef/features/Callipepla californica_California Quail/XC471658.npy,../../Datasets/BirdClef/audio/Callipepla californica_California Quail/XC471658.mp3
train,Callipepla californica_California Quail,../../Datasets/BirdClef/features/Callipepla californica_California Quail/XC481086.npy,../../Datasets/BirdClef/audio/Callipepla californica_California Quail/XC481086.mp3
train,Callipepla californica_California Quail,../../Datasets/BirdClef/features/Callipepla californica_California Quail/XC466576.npy,../../Datasets/BirdClef/audio/Callipepla californica_California Quail/XC466576.mp3
train,Callipepla californica_California Quail,../../Datasets/BirdClef/features/Callipepla californica_California Quail/XC408188.npy,../../Datasets/BirdClef/audio/Callipepla californica_California Quail/XC408188.mp3
train,Callipepla californica_California Quail,../../Datasets/BirdClef/features/Callipepla californica_California Quail/XC48487.npy,../../Datasets/BirdClef/audio/Callipepla californica_California Quail/XC48487.mp3
train,Calypte anna_Anna's Hummingbird,../../Datasets/BirdClef/features/Calypte anna_Anna's Hummingbird/XC160908.npy,../../Datasets/BirdClef/audio/Calypte anna_Anna's Hummingbird/XC160908.mp3
train,Calypte anna_Anna's Hummingbird,../../Datasets/BirdClef/features/Calypte anna_Anna's Hummingbird/XC452506.npy,../../Datasets/BirdClef/audio/Calypte anna_Anna's Hummingbird/XC452506.mp3
train,Calypte anna_Anna's Hummingbird,../../Datasets/BirdClef/features/Calypte anna_Anna's Hummingbird/XC198499.npy,../../Datasets/BirdClef/audio/Calypte anna_Anna's Hummingbird/XC198499.mp3
train,Calypte anna_Anna's Hummingbird,../../Datasets/BirdClef/features/Calypte anna_Anna's Hummingbird/XC362401.npy,../../Datasets/BirdClef/audio/Calypte anna_Anna's Hummingbird/XC362401.mp3
train,Calypte anna_Anna's Hummingbird,../../Datasets/BirdClef/features/Calypte anna_Anna's Hummingbird/XC158923.npy,../../Datasets/BirdClef/audio/Calypte anna_Anna's Hummingbird/XC158923.mp3
train,Campephilus melanoleucos_Crimson-crested Woodpecker,../../Datasets/BirdClef/features/Campephilus melanoleucos_Crimson-crested Woodpecker/XC258074.npy,../../Datasets/BirdClef/audio/Campephilus melanoleucos_Crimson-crested Woodpecker/XC258074.mp3
train,Campephilus melanoleucos_Crimson-crested Woodpecker,../../Datasets/BirdClef/features/Campephilus melanoleucos_Crimson-crested Woodpecker/XC258073.npy,../../Datasets/BirdClef/audio/Campephilus melanoleucos_Crimson-crested Woodpecker/XC258073.mp3
train,Campephilus melanoleucos_Crimson-crested Woodpecker,../../Datasets/BirdClef/features/Campephilus melanoleucos_Crimson-crested Woodpecker/XC325908.npy,../../Datasets/BirdClef/audio/Campephilus melanoleucos_Crimson-crested Woodpecker/XC325908.mp3
train,Campephilus melanoleucos_Crimson-crested Woodpecker,../../Datasets/BirdClef/features/Campephilus melanoleucos_Crimson-crested Woodpecker/XC33898.npy,../../Datasets/BirdClef/audio/Campephilus melanoleucos_Crimson-crested Woodpecker/XC33898.mp3
train,Campephilus melanoleucos_Crimson-crested Woodpecker,../../Datasets/BirdClef/features/Campephilus melanoleucos_Crimson-crested Woodpecker/XC418618.npy,../../Datasets/BirdClef/audio/Campephilus melanoleucos_Crimson-crested Woodpecker/XC418618.mp3
train,Campephilus rubricollis_Red-necked Woodpecker,../../Datasets/BirdClef/features/Campephilus rubricollis_Red-necked Woodpecker/XC3588.npy,../../Datasets/BirdClef/audio/Campephilus rubricollis_Red-necked Woodpecker/XC3588.mp3
train,Campephilus rubricollis_Red-necked Woodpecker,../../Datasets/BirdClef/features/Campephilus rubricollis_Red-necked Woodpecker/XC146935.npy,../../Datasets/BirdClef/audio/Campephilus rubricollis_Red-necked Woodpecker/XC146935.mp3
train,Campephilus rubricollis_Red-necked Woodpecker,../../Datasets/BirdClef/features/Campephilus rubricollis_Red-necked Woodpecker/XC377583.npy,../../Datasets/BirdClef/audio/Campephilus rubricollis_Red-necked Woodpecker/XC377583.mp3
train,Campephilus rubricollis_Red-necked Woodpecker,../../Datasets/BirdClef/features/Campephilus rubricollis_Red-necked Woodpecker/XC427145.npy,../../Datasets/BirdClef/audio/Campephilus rubricollis_Red-necked Woodpecker/XC427145.mp3
train,Campephilus rubricollis_Red-necked Woodpecker,../../Datasets/BirdClef/features/Campephilus rubricollis_Red-necked Woodpecker/XC6520.npy,../../Datasets/BirdClef/audio/Campephilus rubricollis_Red-necked Woodpecker/XC6520.mp3
train,Camptostoma obsoletum_Southern Beardless-Tyrannulet,../../Datasets/BirdClef/features/Camptostoma obsoletum_Southern Beardless-Tyrannulet/XC273166.npy,../../Datasets/BirdClef/audio/Camptostoma obsoletum_Southern Beardless-Tyrannulet/XC273166.mp3
train,Camptostoma obsoletum_Southern Beardless-Tyrannulet,../../Datasets/BirdClef/features/Camptostoma obsoletum_Southern Beardless-Tyrannulet/XC428395.npy,../../Datasets/BirdClef/audio/Camptostoma obsoletum_Southern Beardless-Tyrannulet/XC428395.mp3
train,Camptostoma obsoletum_Southern Beardless-Tyrannulet,../../Datasets/BirdClef/features/Camptostoma obsoletum_Southern Beardless-Tyrannulet/XC148187.npy,../../Datasets/BirdClef/audio/Camptostoma obsoletum_Southern Beardless-Tyrannulet/XC148187.mp3
train,Camptostoma obsoletum_Southern Beardless-Tyrannulet,../../Datasets/BirdClef/features/Camptostoma obsoletum_Southern Beardless-Tyrannulet/XC278794.npy,../../Datasets/BirdClef/audio/Camptostoma obsoletum_Southern Beardless-Tyrannulet/XC278794.mp3
train,Camptostoma obsoletum_Southern Beardless-Tyrannulet,../../Datasets/BirdClef/features/Camptostoma obsoletum_Southern Beardless-Tyrannulet/XC419306.npy,../../Datasets/BirdClef/audio/Camptostoma obsoletum_Southern Beardless-Tyrannulet/XC419306.mp3
train,Campylorhamphus trochilirostris_Red-billed Scythebill,../../Datasets/BirdClef/features/Campylorhamphus trochilirostris_Red-billed Scythebill/XC260738.npy,../../Datasets/BirdClef/audio/Campylorhamphus trochilirostris_Red-billed Scythebill/XC260738.mp3
train,Campylorhamphus trochilirostris_Red-billed Scythebill,../../Datasets/BirdClef/features/Campylorhamphus trochilirostris_Red-billed Scythebill/XC275009.npy,../../Datasets/BirdClef/audio/Campylorhamphus trochilirostris_Red-billed Scythebill/XC275009.mp3
train,Campylorhamphus trochilirostris_Red-billed Scythebill,../../Datasets/BirdClef/features/Campylorhamphus trochilirostris_Red-billed Scythebill/XC402055.npy,../../Datasets/BirdClef/audio/Campylorhamphus trochilirostris_Red-billed Scythebill/XC402055.mp3
train,Campylorhamphus trochilirostris_Red-billed Scythebill,../../Datasets/BirdClef/features/Campylorhamphus trochilirostris_Red-billed Scythebill/XC220223.npy,../../Datasets/BirdClef/audio/Campylorhamphus trochilirostris_Red-billed Scythebill/XC220223.mp3
train,Campylorhamphus trochilirostris_Red-billed Scythebill,../../Datasets/BirdClef/features/Campylorhamphus trochilirostris_Red-billed Scythebill/XC303593.npy,../../Datasets/BirdClef/audio/Campylorhamphus trochilirostris_Red-billed Scythebill/XC303593.mp3
train,Campylorhynchus brunneicapillus_Cactus Wren,../../Datasets/BirdClef/features/Campylorhynchus brunneicapillus_Cactus Wren/XC384701.npy,../../Datasets/BirdClef/audio/Campylorhynchus brunneicapillus_Cactus Wren/XC384701.mp3
train,Campylorhynchus brunneicapillus_Cactus Wren,../../Datasets/BirdClef/features/Campylorhynchus brunneicapillus_Cactus Wren/XC382096.npy,../../Datasets/BirdClef/audio/Campylorhynchus brunneicapillus_Cactus Wren/XC382096.mp3
train,Campylorhynchus brunneicapillus_Cactus Wren,../../Datasets/BirdClef/features/Campylorhynchus brunneicapillus_Cactus Wren/XC359393.npy,../../Datasets/BirdClef/audio/Campylorhynchus brunneicapillus_Cactus Wren/XC359393.mp3
train,Campylorhynchus brunneicapillus_Cactus Wren,../../Datasets/BirdClef/features/Campylorhynchus brunneicapillus_Cactus Wren/XC381108.npy,../../Datasets/BirdClef/audio/Campylorhynchus brunneicapillus_Cactus Wren/XC381108.mp3
train,Campylorhynchus brunneicapillus_Cactus Wren,../../Datasets/BirdClef/features/Campylorhynchus brunneicapillus_Cactus Wren/XC491074.npy,../../Datasets/BirdClef/audio/Campylorhynchus brunneicapillus_Cactus Wren/XC491074.mp3
train,Campylorhynchus turdinus_Thrush-like Wren,../../Datasets/BirdClef/features/Campylorhynchus turdinus_Thrush-like Wren/XC86393.npy,../../Datasets/BirdClef/audio/Campylorhynchus turdinus_Thrush-like Wren/XC86393.mp3
train,Campylorhynchus turdinus_Thrush-like Wren,../../Datasets/BirdClef/features/Campylorhynchus turdinus_Thrush-like Wren/XC131037.npy,../../Datasets/BirdClef/audio/Campylorhynchus turdinus_Thrush-like Wren/XC131037.mp3
train,Campylorhynchus turdinus_Thrush-like Wren,../../Datasets/BirdClef/features/Campylorhynchus turdinus_Thrush-like Wren/XC343337.npy,../../Datasets/BirdClef/audio/Campylorhynchus turdinus_Thrush-like Wren/XC343337.mp3
train,Campylorhynchus turdinus_Thrush-like Wren,../../Datasets/BirdClef/features/Campylorhynchus turdinus_Thrush-like Wren/XC220304.npy,../../Datasets/BirdClef/audio/Campylorhynchus turdinus_Thrush-like Wren/XC220304.mp3
train,Campylorhynchus turdinus_Thrush-like Wren,../../Datasets/BirdClef/features/Campylorhynchus turdinus_Thrush-like Wren/XC46850.npy,../../Datasets/BirdClef/audio/Campylorhynchus turdinus_Thrush-like Wren/XC46850.mp3
train,Cantorchilus leucotis_Buff-breasted Wren,../../Datasets/BirdClef/features/Cantorchilus leucotis_Buff-breasted Wren/XC124225.npy,../../Datasets/BirdClef/audio/Cantorchilus leucotis_Buff-breasted Wren/XC124225.mp3
train,Cantorchilus leucotis_Buff-breasted Wren,../../Datasets/BirdClef/features/Cantorchilus leucotis_Buff-breasted Wren/XC242313.npy,../../Datasets/BirdClef/audio/Cantorchilus leucotis_Buff-breasted Wren/XC242313.mp3
train,Cantorchilus leucotis_Buff-breasted Wren,../../Datasets/BirdClef/features/Cantorchilus leucotis_Buff-breasted Wren/XC74275.npy,../../Datasets/BirdClef/audio/Cantorchilus leucotis_Buff-breasted Wren/XC74275.mp3
train,Cantorchilus leucotis_Buff-breasted Wren,../../Datasets/BirdClef/features/Cantorchilus leucotis_Buff-breasted Wren/XC272451.npy,../../Datasets/BirdClef/audio/Cantorchilus leucotis_Buff-breasted Wren/XC272451.mp3
train,Cantorchilus leucotis_Buff-breasted Wren,../../Datasets/BirdClef/features/Cantorchilus leucotis_Buff-breasted Wren/XC243832.npy,../../Datasets/BirdClef/audio/Cantorchilus leucotis_Buff-breasted Wren/XC243832.mp3
train,Capsiempis flaveola_Yellow Tyrannulet,../../Datasets/BirdClef/features/Capsiempis flaveola_Yellow Tyrannulet/XC488982.npy,../../Datasets/BirdClef/audio/Capsiempis flaveola_Yellow Tyrannulet/XC488982.mp3
train,Capsiempis flaveola_Yellow Tyrannulet,../../Datasets/BirdClef/features/Capsiempis flaveola_Yellow Tyrannulet/XC415716.npy,../../Datasets/BirdClef/audio/Capsiempis flaveola_Yellow Tyrannulet/XC415716.mp3
train,Capsiempis flaveola_Yellow Tyrannulet,../../Datasets/BirdClef/features/Capsiempis flaveola_Yellow Tyrannulet/XC249655.npy,../../Datasets/BirdClef/audio/Capsiempis flaveola_Yellow Tyrannulet/XC249655.mp3
train,Capsiempis flaveola_Yellow Tyrannulet,../../Datasets/BirdClef/features/Capsiempis flaveola_Yellow Tyrannulet/XC325544.npy,../../Datasets/BirdClef/audio/Capsiempis flaveola_Yellow Tyrannulet/XC325544.mp3
train,Capsiempis flaveola_Yellow Tyrannulet,../../Datasets/BirdClef/features/Capsiempis flaveola_Yellow Tyrannulet/XC306530.npy,../../Datasets/BirdClef/audio/Capsiempis flaveola_Yellow Tyrannulet/XC306530.mp3
train,Caracara plancus_Southern Caracara,../../Datasets/BirdClef/features/Caracara plancus_Southern Caracara/XC48300.npy,../../Datasets/BirdClef/audio/Caracara plancus_Southern Caracara/XC48300.mp3
train,Caracara plancus_Southern Caracara,../../Datasets/BirdClef/features/Caracara plancus_Southern Caracara/XC8679.npy,../../Datasets/BirdClef/audio/Caracara plancus_Southern Caracara/XC8679.mp3
train,Caracara plancus_Southern Caracara,../../Datasets/BirdClef/features/Caracara plancus_Southern Caracara/XC373790.npy,../../Datasets/BirdClef/audio/Caracara plancus_Southern Caracara/XC373790.mp3
train,Caracara plancus_Southern Caracara,../../Datasets/BirdClef/features/Caracara plancus_Southern Caracara/XC2600.npy,../../Datasets/BirdClef/audio/Caracara plancus_Southern Caracara/XC2600.mp3
train,Caracara plancus_Southern Caracara,../../Datasets/BirdClef/features/Caracara plancus_Southern Caracara/XC299552.npy,../../Datasets/BirdClef/audio/Caracara plancus_Southern Caracara/XC299552.mp3
train,Cardellina pusilla_Wilson's Warbler,../../Datasets/BirdClef/features/Cardellina pusilla_Wilson's Warbler/XC159459.npy,../../Datasets/BirdClef/audio/Cardellina pusilla_Wilson's Warbler/XC159459.mp3
train,Cardellina pusilla_Wilson's Warbler,../../Datasets/BirdClef/features/Cardellina pusilla_Wilson's Warbler/XC131540.npy,../../Datasets/BirdClef/audio/Cardellina pusilla_Wilson's Warbler/XC131540.mp3
train,Cardellina pusilla_Wilson's Warbler,../../Datasets/BirdClef/features/Cardellina pusilla_Wilson's Warbler/XC153077.npy,../../Datasets/BirdClef/audio/Cardellina pusilla_Wilson's Warbler/XC153077.mp3
train,Cardellina pusilla_Wilson's Warbler,../../Datasets/BirdClef/features/Cardellina pusilla_Wilson's Warbler/XC315285.npy,../../Datasets/BirdClef/audio/Cardellina pusilla_Wilson's Warbler/XC315285.mp3
train,Cardellina pusilla_Wilson's Warbler,../../Datasets/BirdClef/features/Cardellina pusilla_Wilson's Warbler/XC274701.npy,../../Datasets/BirdClef/audio/Cardellina pusilla_Wilson's Warbler/XC274701.mp3
train,Cardinalis cardinalis_Northern Cardinal,../../Datasets/BirdClef/features/Cardinalis cardinalis_Northern Cardinal/XC381575.npy,../../Datasets/BirdClef/audio/Cardinalis cardinalis_Northern Cardinal/XC381575.mp3
train,Cardinalis cardinalis_Northern Cardinal,../../Datasets/BirdClef/features/Cardinalis cardinalis_Northern Cardinal/XC205824.npy,../../Datasets/BirdClef/audio/Cardinalis cardinalis_Northern Cardinal/XC205824.mp3
train,Cardinalis cardinalis_Northern Cardinal,../../Datasets/BirdClef/features/Cardinalis cardinalis_Northern Cardinal/XC13191.npy,../../Datasets/BirdClef/audio/Cardinalis cardinalis_Northern Cardinal/XC13191.mp3
train,Cardinalis cardinalis_Northern Cardinal,../../Datasets/BirdClef/features/Cardinalis cardinalis_Northern Cardinal/XC315151.npy,../../Datasets/BirdClef/audio/Cardinalis cardinalis_Northern Cardinal/XC315151.mp3
train,Cardinalis cardinalis_Northern Cardinal,../../Datasets/BirdClef/features/Cardinalis cardinalis_Northern Cardinal/XC313512.npy,../../Datasets/BirdClef/audio/Cardinalis cardinalis_Northern Cardinal/XC313512.mp3
train,Carduelis carduelis_European Goldfinch,../../Datasets/BirdClef/features/Carduelis carduelis_European Goldfinch/XC377430.npy,../../Datasets/BirdClef/audio/Carduelis carduelis_European Goldfinch/XC377430.mp3
train,Carduelis carduelis_European Goldfinch,../../Datasets/BirdClef/features/Carduelis carduelis_European Goldfinch/XC366113.npy,../../Datasets/BirdClef/audio/Carduelis carduelis_European Goldfinch/XC366113.mp3
train,Carduelis carduelis_European Goldfinch,../../Datasets/BirdClef/features/Carduelis carduelis_European Goldfinch/XC139524.npy,../../Datasets/BirdClef/audio/Carduelis carduelis_European Goldfinch/XC139524.mp3
train,Carduelis carduelis_European Goldfinch,../../Datasets/BirdClef/features/Carduelis carduelis_European Goldfinch/XC112804.npy,../../Datasets/BirdClef/audio/Carduelis carduelis_European Goldfinch/XC112804.mp3
train,Carduelis carduelis_European Goldfinch,../../Datasets/BirdClef/features/Carduelis carduelis_European Goldfinch/XC281772.npy,../../Datasets/BirdClef/audio/Carduelis carduelis_European Goldfinch/XC281772.mp3
train,Catharus fuscescens_Veery,../../Datasets/BirdClef/features/Catharus fuscescens_Veery/XC253570.npy,../../Datasets/BirdClef/audio/Catharus fuscescens_Veery/XC253570.mp3
train,Catharus fuscescens_Veery,../../Datasets/BirdClef/features/Catharus fuscescens_Veery/XC394755.npy,../../Datasets/BirdClef/audio/Catharus fuscescens_Veery/XC394755.mp3
train,Catharus fuscescens_Veery,../../Datasets/BirdClef/features/Catharus fuscescens_Veery/XC420395.npy,../../Datasets/BirdClef/audio/Catharus fuscescens_Veery/XC420395.mp3
train,Catharus fuscescens_Veery,../../Datasets/BirdClef/features/Catharus fuscescens_Veery/XC139771.npy,../../Datasets/BirdClef/audio/Catharus fuscescens_Veery/XC139771.mp3
train,Catharus fuscescens_Veery,../../Datasets/BirdClef/features/Catharus fuscescens_Veery/XC79479.npy,../../Datasets/BirdClef/audio/Catharus fuscescens_Veery/XC79479.mp3
train,Catharus guttatus_Hermit Thrush,../../Datasets/BirdClef/features/Catharus guttatus_Hermit Thrush/XC72221.npy,../../Datasets/BirdClef/audio/Catharus guttatus_Hermit Thrush/XC72221.mp3
train,Catharus guttatus_Hermit Thrush,../../Datasets/BirdClef/features/Catharus guttatus_Hermit Thrush/XC220594.npy,../../Datasets/BirdClef/audio/Catharus guttatus_Hermit Thrush/XC220594.mp3
train,Catharus guttatus_Hermit Thrush,../../Datasets/BirdClef/features/Catharus guttatus_Hermit Thrush/XC103067.npy,../../Datasets/BirdClef/audio/Catharus guttatus_Hermit Thrush/XC103067.mp3
train,Catharus guttatus_Hermit Thrush,../../Datasets/BirdClef/features/Catharus guttatus_Hermit Thrush/XC157655.npy,../../Datasets/BirdClef/audio/Catharus guttatus_Hermit Thrush/XC157655.mp3
train,Catharus guttatus_Hermit Thrush,../../Datasets/BirdClef/features/Catharus guttatus_Hermit Thrush/XC351973.npy,../../Datasets/BirdClef/audio/Catharus guttatus_Hermit Thrush/XC351973.mp3
train,Catharus ustulatus_Swainson's Thrush,../../Datasets/BirdClef/features/Catharus ustulatus_Swainson's Thrush/XC14408.npy,../../Datasets/BirdClef/audio/Catharus ustulatus_Swainson's Thrush/XC14408.mp3
train,Catharus ustulatus_Swainson's Thrush,../../Datasets/BirdClef/features/Catharus ustulatus_Swainson's Thrush/XC220619.npy,../../Datasets/BirdClef/audio/Catharus ustulatus_Swainson's Thrush/XC220619.mp3
train,Catharus ustulatus_Swainson's Thrush,../../Datasets/BirdClef/features/Catharus ustulatus_Swainson's Thrush/XC406257.npy,../../Datasets/BirdClef/audio/Catharus ustulatus_Swainson's Thrush/XC406257.mp3
train,Catharus ustulatus_Swainson's Thrush,../../Datasets/BirdClef/features/Catharus ustulatus_Swainson's Thrush/XC183588.npy,../../Datasets/BirdClef/audio/Catharus ustulatus_Swainson's Thrush/XC183588.mp3
train,Catharus ustulatus_Swainson's Thrush,../../Datasets/BirdClef/features/Catharus ustulatus_Swainson's Thrush/XC143409.npy,../../Datasets/BirdClef/audio/Catharus ustulatus_Swainson's Thrush/XC143409.mp3
train,Catherpes mexicanus_Canyon Wren,../../Datasets/BirdClef/features/Catherpes mexicanus_Canyon Wren/XC168592.npy,../../Datasets/BirdClef/audio/Catherpes mexicanus_Canyon Wren/XC168592.mp3
train,Catherpes mexicanus_Canyon Wren,../../Datasets/BirdClef/features/Catherpes mexicanus_Canyon Wren/XC123291.npy,../../Datasets/BirdClef/audio/Catherpes mexicanus_Canyon Wren/XC123291.mp3
train,Catherpes mexicanus_Canyon Wren,../../Datasets/BirdClef/features/Catherpes mexicanus_Canyon Wren/XC185247.npy,../../Datasets/BirdClef/audio/Catherpes mexicanus_Canyon Wren/XC185247.mp3
train,Catherpes mexicanus_Canyon Wren,../../Datasets/BirdClef/features/Catherpes mexicanus_Canyon Wren/XC288923.npy,../../Datasets/BirdClef/audio/Catherpes mexicanus_Canyon Wren/XC288923.mp3
train,Catherpes mexicanus_Canyon Wren,../../Datasets/BirdClef/features/Catherpes mexicanus_Canyon Wren/XC115815.npy,../../Datasets/BirdClef/audio/Catherpes mexicanus_Canyon Wren/XC115815.mp3
train,Celeus flavus_Cream-colored Woodpecker,../../Datasets/BirdClef/features/Celeus flavus_Cream-colored Woodpecker/XC418521.npy,../../Datasets/BirdClef/audio/Celeus flavus_Cream-colored Woodpecker/XC418521.mp3
train,Celeus flavus_Cream-colored Woodpecker,../../Datasets/BirdClef/features/Celeus flavus_Cream-colored Woodpecker/XC427166.npy,../../Datasets/BirdClef/audio/Celeus flavus_Cream-colored Woodpecker/XC427166.mp3
train,Celeus flavus_Cream-colored Woodpecker,../../Datasets/BirdClef/features/Celeus flavus_Cream-colored Woodpecker/XC220659.npy,../../Datasets/BirdClef/audio/Celeus flavus_Cream-colored Woodpecker/XC220659.mp3
train,Celeus flavus_Cream-colored Woodpecker,../../Datasets/BirdClef/features/Celeus flavus_Cream-colored Woodpecker/XC39974.npy,../../Datasets/BirdClef/audio/Celeus flavus_Cream-colored Woodpecker/XC39974.mp3
train,Celeus flavus_Cream-colored Woodpecker,../../Datasets/BirdClef/features/Celeus flavus_Cream-colored Woodpecker/XC472314.npy,../../Datasets/BirdClef/audio/Celeus flavus_Cream-colored Woodpecker/XC472314.mp3
train,Celeus grammicus_Scale-breasted Woodpecker,../../Datasets/BirdClef/features/Celeus grammicus_Scale-breasted Woodpecker/XC87449.npy,../../Datasets/BirdClef/audio/Celeus grammicus_Scale-breasted Woodpecker/XC87449.mp3
train,Celeus grammicus_Scale-breasted Woodpecker,../../Datasets/BirdClef/features/Celeus grammicus_Scale-breasted Woodpecker/XC148390.npy,../../Datasets/BirdClef/audio/Celeus grammicus_Scale-breasted Woodpecker/XC148390.mp3
train,Celeus grammicus_Scale-breasted Woodpecker,../../Datasets/BirdClef/features/Celeus grammicus_Scale-breasted Woodpecker/XC523.npy,../../Datasets/BirdClef/audio/Celeus grammicus_Scale-breasted Woodpecker/XC523.mp3
train,Celeus grammicus_Scale-breasted Woodpecker,../../Datasets/BirdClef/features/Celeus grammicus_Scale-breasted Woodpecker/XC119172.npy,../../Datasets/BirdClef/audio/Celeus grammicus_Scale-breasted Woodpecker/XC119172.mp3
train,Celeus grammicus_Scale-breasted Woodpecker,../../Datasets/BirdClef/features/Celeus grammicus_Scale-breasted Woodpecker/XC148039.npy,../../Datasets/BirdClef/audio/Celeus grammicus_Scale-breasted Woodpecker/XC148039.mp3
train,Celeus torquatus_Ringed Woodpecker,../../Datasets/BirdClef/features/Celeus torquatus_Ringed Woodpecker/XC504365.npy,../../Datasets/BirdClef/audio/Celeus torquatus_Ringed Woodpecker/XC504365.mp3
train,Celeus torquatus_Ringed Woodpecker,../../Datasets/BirdClef/features/Celeus torquatus_Ringed Woodpecker/XC329057.npy,../../Datasets/BirdClef/audio/Celeus torquatus_Ringed Woodpecker/XC329057.mp3
train,Celeus torquatus_Ringed Woodpecker,../../Datasets/BirdClef/features/Celeus torquatus_Ringed Woodpecker/XC14785.npy,../../Datasets/BirdClef/audio/Celeus torquatus_Ringed Woodpecker/XC14785.mp3
train,Celeus torquatus_Ringed Woodpecker,../../Datasets/BirdClef/features/Celeus torquatus_Ringed Woodpecker/XC220682.npy,../../Datasets/BirdClef/audio/Celeus torquatus_Ringed Woodpecker/XC220682.mp3
train,Celeus torquatus_Ringed Woodpecker,../../Datasets/BirdClef/features/Celeus torquatus_Ringed Woodpecker/XC83904.npy,../../Datasets/BirdClef/audio/Celeus torquatus_Ringed Woodpecker/XC83904.mp3
train,Ceratopipra rubrocapilla_Red-headed Manakin,../../Datasets/BirdClef/features/Ceratopipra rubrocapilla_Red-headed Manakin/XC38484.npy,../../Datasets/BirdClef/audio/Ceratopipra rubrocapilla_Red-headed Manakin/XC38484.mp3
train,Ceratopipra rubrocapilla_Red-headed Manakin,../../Datasets/BirdClef/features/Ceratopipra rubrocapilla_Red-headed Manakin/XC440.npy,../../Datasets/BirdClef/audio/Ceratopipra rubrocapilla_Red-headed Manakin/XC440.mp3
train,Ceratopipra rubrocapilla_Red-headed Manakin,../../Datasets/BirdClef/features/Ceratopipra rubrocapilla_Red-headed Manakin/XC63909.npy,../../Datasets/BirdClef/audio/Ceratopipra rubrocapilla_Red-headed Manakin/XC63909.mp3
train,Ceratopipra rubrocapilla_Red-headed Manakin,../../Datasets/BirdClef/features/Ceratopipra rubrocapilla_Red-headed Manakin/XC228238.npy,../../Datasets/BirdClef/audio/Ceratopipra rubrocapilla_Red-headed Manakin/XC228238.mp3
train,Ceratopipra rubrocapilla_Red-headed Manakin,../../Datasets/BirdClef/features/Ceratopipra rubrocapilla_Red-headed Manakin/XC341113.npy,../../Datasets/BirdClef/audio/Ceratopipra rubrocapilla_Red-headed Manakin/XC341113.mp3
train,Cercomacra cinerascens_Gray Antbird,../../Datasets/BirdClef/features/Cercomacra cinerascens_Gray Antbird/XC456384.npy,../../Datasets/BirdClef/audio/Cercomacra cinerascens_Gray Antbird/XC456384.mp3
train,Cercomacra cinerascens_Gray Antbird,../../Datasets/BirdClef/features/Cercomacra cinerascens_Gray Antbird/XC247048.npy,../../Datasets/BirdClef/audio/Cercomacra cinerascens_Gray Antbird/XC247048.mp3
train,Cercomacra cinerascens_Gray Antbird,../../Datasets/BirdClef/features/Cercomacra cinerascens_Gray Antbird/XC397485.npy,../../Datasets/BirdClef/audio/Cercomacra cinerascens_Gray Antbird/XC397485.mp3
train,Cercomacra cinerascens_Gray Antbird,../../Datasets/BirdClef/features/Cercomacra cinerascens_Gray Antbird/XC22381.npy,../../Datasets/BirdClef/audio/Cercomacra cinerascens_Gray Antbird/XC22381.mp3
train,Cercomacra cinerascens_Gray Antbird,../../Datasets/BirdClef/features/Cercomacra cinerascens_Gray Antbird/XC249017.npy,../../Datasets/BirdClef/audio/Cercomacra cinerascens_Gray Antbird/XC249017.mp3
train,Cercomacra manu_Manu Antbird,../../Datasets/BirdClef/features/Cercomacra manu_Manu Antbird/XC122722.npy,../../Datasets/BirdClef/audio/Cercomacra manu_Manu Antbird/XC122722.mp3
train,Cercomacra manu_Manu Antbird,../../Datasets/BirdClef/features/Cercomacra manu_Manu Antbird/XC3879.npy,../../Datasets/BirdClef/audio/Cercomacra manu_Manu Antbird/XC3879.mp3
train,Cercomacra manu_Manu Antbird,../../Datasets/BirdClef/features/Cercomacra manu_Manu Antbird/XC220717.npy,../../Datasets/BirdClef/audio/Cercomacra manu_Manu Antbird/XC220717.mp3
train,Cercomacra manu_Manu Antbird,../../Datasets/BirdClef/features/Cercomacra manu_Manu Antbird/XC23414.npy,../../Datasets/BirdClef/audio/Cercomacra manu_Manu Antbird/XC23414.mp3
train,Cercomacra manu_Manu Antbird,../../Datasets/BirdClef/features/Cercomacra manu_Manu Antbird/XC427187.npy,../../Datasets/BirdClef/audio/Cercomacra manu_Manu Antbird/XC427187.mp3
train,Cercomacroides fuscicauda_Riparian Antbird,../../Datasets/BirdClef/features/Cercomacroides fuscicauda_Riparian Antbird/XC249426.npy,../../Datasets/BirdClef/audio/Cercomacroides fuscicauda_Riparian Antbird/XC249426.mp3
train,Cercomacroides fuscicauda_Riparian Antbird,../../Datasets/BirdClef/features/Cercomacroides fuscicauda_Riparian Antbird/XC260797.npy,../../Datasets/BirdClef/audio/Cercomacroides fuscicauda_Riparian Antbird/XC260797.mp3
train,Cercomacroides fuscicauda_Riparian Antbird,../../Datasets/BirdClef/features/Cercomacroides fuscicauda_Riparian Antbird/XC123099.npy,../../Datasets/BirdClef/audio/Cercomacroides fuscicauda_Riparian Antbird/XC123099.mp3
train,Cercomacroides fuscicauda_Riparian Antbird,../../Datasets/BirdClef/features/Cercomacroides fuscicauda_Riparian Antbird/XC464332.npy,../../Datasets/BirdClef/audio/Cercomacroides fuscicauda_Riparian Antbird/XC464332.mp3
train,Cercomacroides fuscicauda_Riparian Antbird,../../Datasets/BirdClef/features/Cercomacroides fuscicauda_Riparian Antbird/XC122774.npy,../../Datasets/BirdClef/audio/Cercomacroides fuscicauda_Riparian Antbird/XC122774.mp3
train,Cercomacroides serva_Black Antbird,../../Datasets/BirdClef/features/Cercomacroides serva_Black Antbird/XC332872.npy,../../Datasets/BirdClef/audio/Cercomacroides serva_Black Antbird/XC332872.mp3
train,Cercomacroides serva_Black Antbird,../../Datasets/BirdClef/features/Cercomacroides serva_Black Antbird/XC88568.npy,../../Datasets/BirdClef/audio/Cercomacroides serva_Black Antbird/XC88568.mp3
train,Cercomacroides serva_Black Antbird,../../Datasets/BirdClef/features/Cercomacroides serva_Black Antbird/XC151780.npy,../../Datasets/BirdClef/audio/Cercomacroides serva_Black Antbird/XC151780.mp3
train,Cercomacroides serva_Black Antbird,../../Datasets/BirdClef/features/Cercomacroides serva_Black Antbird/XC305751.npy,../../Datasets/BirdClef/audio/Cercomacroides serva_Black Antbird/XC305751.mp3
train,Cercomacroides serva_Black Antbird,../../Datasets/BirdClef/features/Cercomacroides serva_Black Antbird/XC42894.npy,../../Datasets/BirdClef/audio/Cercomacroides serva_Black Antbird/XC42894.mp3
train,Certhia americana_Brown Creeper,../../Datasets/BirdClef/features/Certhia americana_Brown Creeper/XC350752.npy,../../Datasets/BirdClef/audio/Certhia americana_Brown Creeper/XC350752.mp3
train,Certhia americana_Brown Creeper,../../Datasets/BirdClef/features/Certhia americana_Brown Creeper/XC45325.npy,../../Datasets/BirdClef/audio/Certhia americana_Brown Creeper/XC45325.mp3
train,Certhia americana_Brown Creeper,../../Datasets/BirdClef/features/Certhia americana_Brown Creeper/XC153403.npy,../../Datasets/BirdClef/audio/Certhia americana_Brown Creeper/XC153403.mp3
train,Certhia americana_Brown Creeper,../../Datasets/BirdClef/features/Certhia americana_Brown Creeper/XC70026.npy,../../Datasets/BirdClef/audio/Certhia americana_Brown Creeper/XC70026.mp3
train,Certhia americana_Brown Creeper,../../Datasets/BirdClef/features/Certhia americana_Brown Creeper/XC70721.npy,../../Datasets/BirdClef/audio/Certhia americana_Brown Creeper/XC70721.mp3
train,Certhia brachydactyla_Short-toed Treecreeper,../../Datasets/BirdClef/features/Certhia brachydactyla_Short-toed Treecreeper/XC101510.npy,../../Datasets/BirdClef/audio/Certhia brachydactyla_Short-toed Treecreeper/XC101510.mp3
train,Certhia brachydactyla_Short-toed Treecreeper,../../Datasets/BirdClef/features/Certhia brachydactyla_Short-toed Treecreeper/XC474508.npy,../../Datasets/BirdClef/audio/Certhia brachydactyla_Short-toed Treecreeper/XC474508.mp3
train,Certhia brachydactyla_Short-toed Treecreeper,../../Datasets/BirdClef/features/Certhia brachydactyla_Short-toed Treecreeper/XC353681.npy,../../Datasets/BirdClef/audio/Certhia brachydactyla_Short-toed Treecreeper/XC353681.mp3
train,Certhia brachydactyla_Short-toed Treecreeper,../../Datasets/BirdClef/features/Certhia brachydactyla_Short-toed Treecreeper/XC122472.npy,../../Datasets/BirdClef/audio/Certhia brachydactyla_Short-toed Treecreeper/XC122472.mp3
train,Certhia brachydactyla_Short-toed Treecreeper,../../Datasets/BirdClef/features/Certhia brachydactyla_Short-toed Treecreeper/XC309117.npy,../../Datasets/BirdClef/audio/Certhia brachydactyla_Short-toed Treecreeper/XC309117.mp3
train,Certhia familiaris_Eurasian Treecreeper,../../Datasets/BirdClef/features/Certhia familiaris_Eurasian Treecreeper/XC488391.npy,../../Datasets/BirdClef/audio/Certhia familiaris_Eurasian Treecreeper/XC488391.mp3
train,Certhia familiaris_Eurasian Treecreeper,../../Datasets/BirdClef/features/Certhia familiaris_Eurasian Treecreeper/XC128962.npy,../../Datasets/BirdClef/audio/Certhia familiaris_Eurasian Treecreeper/XC128962.mp3
train,Certhia familiaris_Eurasian Treecreeper,../../Datasets/BirdClef/features/Certhia familiaris_Eurasian Treecreeper/XC147934.npy,../../Datasets/BirdClef/audio/Certhia familiaris_Eurasian Treecreeper/XC147934.mp3
train,Certhia familiaris_Eurasian Treecreeper,../../Datasets/BirdClef/features/Certhia familiaris_Eurasian Treecreeper/XC135257.npy,../../Datasets/BirdClef/audio/Certhia familiaris_Eurasian Treecreeper/XC135257.mp3
train,Certhia familiaris_Eurasian Treecreeper,../../Datasets/BirdClef/features/Certhia familiaris_Eurasian Treecreeper/XC40907.npy,../../Datasets/BirdClef/audio/Certhia familiaris_Eurasian Treecreeper/XC40907.mp3
train,Chaetura cinereiventris_Gray-rumped Swift,../../Datasets/BirdClef/features/Chaetura cinereiventris_Gray-rumped Swift/XC193557.npy,../../Datasets/BirdClef/audio/Chaetura cinereiventris_Gray-rumped Swift/XC193557.mp3
train,Chaetura cinereiventris_Gray-rumped Swift,../../Datasets/BirdClef/features/Chaetura cinereiventris_Gray-rumped Swift/XC108100.npy,../../Datasets/BirdClef/audio/Chaetura cinereiventris_Gray-rumped Swift/XC108100.mp3
train,Chaetura cinereiventris_Gray-rumped Swift,../../Datasets/BirdClef/features/Chaetura cinereiventris_Gray-rumped Swift/XC355684.npy,../../Datasets/BirdClef/audio/Chaetura cinereiventris_Gray-rumped Swift/XC355684.mp3
train,Chaetura cinereiventris_Gray-rumped Swift,../../Datasets/BirdClef/features/Chaetura cinereiventris_Gray-rumped Swift/XC319497.npy,../../Datasets/BirdClef/audio/Chaetura cinereiventris_Gray-rumped Swift/XC319497.mp3
train,Chaetura cinereiventris_Gray-rumped Swift,../../Datasets/BirdClef/features/Chaetura cinereiventris_Gray-rumped Swift/XC11291.npy,../../Datasets/BirdClef/audio/Chaetura cinereiventris_Gray-rumped Swift/XC11291.mp3
train,Charadrius dubius_Little Ringed Plover,../../Datasets/BirdClef/features/Charadrius dubius_Little Ringed Plover/XC281057.npy,../../Datasets/BirdClef/audio/Charadrius dubius_Little Ringed Plover/XC281057.mp3
train,Charadrius dubius_Little Ringed Plover,../../Datasets/BirdClef/features/Charadrius dubius_Little Ringed Plover/XC490393.npy,../../Datasets/BirdClef/audio/Charadrius dubius_Little Ringed Plover/XC490393.mp3
train,Charadrius dubius_Little Ringed Plover,../../Datasets/BirdClef/features/Charadrius dubius_Little Ringed Plover/XC281054.npy,../../Datasets/BirdClef/audio/Charadrius dubius_Little Ringed Plover/XC281054.mp3
train,Charadrius dubius_Little Ringed Plover,../../Datasets/BirdClef/features/Charadrius dubius_Little Ringed Plover/XC301558.npy,../../Datasets/BirdClef/audio/Charadrius dubius_Little Ringed Plover/XC301558.mp3
train,Charadrius dubius_Little Ringed Plover,../../Datasets/BirdClef/features/Charadrius dubius_Little Ringed Plover/XC27055.npy,../../Datasets/BirdClef/audio/Charadrius dubius_Little Ringed Plover/XC27055.mp3
train,Charadrius morinellus_Eurasian Dotterel,../../Datasets/BirdClef/features/Charadrius morinellus_Eurasian Dotterel/XC497654.npy,../../Datasets/BirdClef/audio/Charadrius morinellus_Eurasian Dotterel/XC497654.mp3
train,Charadrius morinellus_Eurasian Dotterel,../../Datasets/BirdClef/features/Charadrius morinellus_Eurasian Dotterel/XC494865.npy,../../Datasets/BirdClef/audio/Charadrius morinellus_Eurasian Dotterel/XC494865.mp3
train,Charadrius morinellus_Eurasian Dotterel,../../Datasets/BirdClef/features/Charadrius morinellus_Eurasian Dotterel/XC447136.npy,../../Datasets/BirdClef/audio/Charadrius morinellus_Eurasian Dotterel/XC447136.mp3
train,Charadrius morinellus_Eurasian Dotterel,../../Datasets/BirdClef/features/Charadrius morinellus_Eurasian Dotterel/XC494369.npy,../../Datasets/BirdClef/audio/Charadrius morinellus_Eurasian Dotterel/XC494369.mp3
train,Charadrius morinellus_Eurasian Dotterel,../../Datasets/BirdClef/features/Charadrius morinellus_Eurasian Dotterel/XC445471.npy,../../Datasets/BirdClef/audio/Charadrius morinellus_Eurasian Dotterel/XC445471.mp3
train,Charadrius semipalmatus_Semipalmated Plover,../../Datasets/BirdClef/features/Charadrius semipalmatus_Semipalmated Plover/XC499705.npy,../../Datasets/BirdClef/audio/Charadrius semipalmatus_Semipalmated Plover/XC499705.mp3
train,Charadrius semipalmatus_Semipalmated Plover,../../Datasets/BirdClef/features/Charadrius semipalmatus_Semipalmated Plover/XC257554.npy,../../Datasets/BirdClef/audio/Charadrius semipalmatus_Semipalmated Plover/XC257554.mp3
train,Charadrius semipalmatus_Semipalmated Plover,../../Datasets/BirdClef/features/Charadrius semipalmatus_Semipalmated Plover/XC279931.npy,../../Datasets/BirdClef/audio/Charadrius semipalmatus_Semipalmated Plover/XC279931.mp3
train,Charadrius semipalmatus_Semipalmated Plover,../../Datasets/BirdClef/features/Charadrius semipalmatus_Semipalmated Plover/XC86022.npy,../../Datasets/BirdClef/audio/Charadrius semipalmatus_Semipalmated Plover/XC86022.mp3
train,Charadrius semipalmatus_Semipalmated Plover,../../Datasets/BirdClef/features/Charadrius semipalmatus_Semipalmated Plover/XC407193.npy,../../Datasets/BirdClef/audio/Charadrius semipalmatus_Semipalmated Plover/XC407193.mp3
train,Charadrius vociferus_Killdeer,../../Datasets/BirdClef/features/Charadrius vociferus_Killdeer/XC357658.npy,../../Datasets/BirdClef/audio/Charadrius vociferus_Killdeer/XC357658.mp3
train,Charadrius vociferus_Killdeer,../../Datasets/BirdClef/features/Charadrius vociferus_Killdeer/XC293298.npy,../../Datasets/BirdClef/audio/Charadrius vociferus_Killdeer/XC293298.mp3
train,Charadrius vociferus_Killdeer,../../Datasets/BirdClef/features/Charadrius vociferus_Killdeer/XC476815.npy,../../Datasets/BirdClef/audio/Charadrius vociferus_Killdeer/XC476815.mp3
train,Charadrius vociferus_Killdeer,../../Datasets/BirdClef/features/Charadrius vociferus_Killdeer/XC357666.npy,../../Datasets/BirdClef/audio/Charadrius vociferus_Killdeer/XC357666.mp3
train,Charadrius vociferus_Killdeer,../../Datasets/BirdClef/features/Charadrius vociferus_Killdeer/XC160339.npy,../../Datasets/BirdClef/audio/Charadrius vociferus_Killdeer/XC160339.mp3
train,Chauna torquata_Southern Screamer,../../Datasets/BirdClef/features/Chauna torquata_Southern Screamer/XC60830.npy,../../Datasets/BirdClef/audio/Chauna torquata_Southern Screamer/XC60830.mp3
train,Chauna torquata_Southern Screamer,../../Datasets/BirdClef/features/Chauna torquata_Southern Screamer/XC2266.npy,../../Datasets/BirdClef/audio/Chauna torquata_Southern Screamer/XC2266.mp3
train,Chauna torquata_Southern Screamer,../../Datasets/BirdClef/features/Chauna torquata_Southern Screamer/XC14746.npy,../../Datasets/BirdClef/audio/Chauna torquata_Southern Screamer/XC14746.mp3
train,Chauna torquata_Southern Screamer,../../Datasets/BirdClef/features/Chauna torquata_Southern Screamer/XC471302.npy,../../Datasets/BirdClef/audio/Chauna torquata_Southern Screamer/XC471302.mp3
train,Chauna torquata_Southern Screamer,../../Datasets/BirdClef/features/Chauna torquata_Southern Screamer/XC368719.npy,../../Datasets/BirdClef/audio/Chauna torquata_Southern Screamer/XC368719.mp3
train,Chiroxiphia pareola_Blue-backed Manakin,../../Datasets/BirdClef/features/Chiroxiphia pareola_Blue-backed Manakin/XC177788.npy,../../Datasets/BirdClef/audio/Chiroxiphia pareola_Blue-backed Manakin/XC177788.mp3
train,Chiroxiphia pareola_Blue-backed Manakin,../../Datasets/BirdClef/features/Chiroxiphia pareola_Blue-backed Manakin/XC200188.npy,../../Datasets/BirdClef/audio/Chiroxiphia pareola_Blue-backed Manakin/XC200188.mp3
train,Chiroxiphia pareola_Blue-backed Manakin,../../Datasets/BirdClef/features/Chiroxiphia pareola_Blue-backed Manakin/XC393984.npy,../../Datasets/BirdClef/audio/Chiroxiphia pareola_Blue-backed Manakin/XC393984.mp3
train,Chiroxiphia pareola_Blue-backed Manakin,../../Datasets/BirdClef/features/Chiroxiphia pareola_Blue-backed Manakin/XC197203.npy,../../Datasets/BirdClef/audio/Chiroxiphia pareola_Blue-backed Manakin/XC197203.mp3
train,Chiroxiphia pareola_Blue-backed Manakin,../../Datasets/BirdClef/features/Chiroxiphia pareola_Blue-backed Manakin/XC30979.npy,../../Datasets/BirdClef/audio/Chiroxiphia pareola_Blue-backed Manakin/XC30979.mp3
train,Chloris chloris_European Greenfinch,../../Datasets/BirdClef/features/Chloris chloris_European Greenfinch/XC406732.npy,../../Datasets/BirdClef/audio/Chloris chloris_European Greenfinch/XC406732.mp3
train,Chloris chloris_European Greenfinch,../../Datasets/BirdClef/features/Chloris chloris_European Greenfinch/XC350649.npy,../../Datasets/BirdClef/audio/Chloris chloris_European Greenfinch/XC350649.mp3
train,Chloris chloris_European Greenfinch,../../Datasets/BirdClef/features/Chloris chloris_European Greenfinch/XC278837.npy,../../Datasets/BirdClef/audio/Chloris chloris_European Greenfinch/XC278837.mp3
train,Chloris chloris_European Greenfinch,../../Datasets/BirdClef/features/Chloris chloris_European Greenfinch/XC312832.npy,../../Datasets/BirdClef/audio/Chloris chloris_European Greenfinch/XC312832.mp3
train,Chloris chloris_European Greenfinch,../../Datasets/BirdClef/features/Chloris chloris_European Greenfinch/XC167993.npy,../../Datasets/BirdClef/audio/Chloris chloris_European Greenfinch/XC167993.mp3
train,Chloroceryle amazona_Amazon Kingfisher,../../Datasets/BirdClef/features/Chloroceryle amazona_Amazon Kingfisher/XC119209.npy,../../Datasets/BirdClef/audio/Chloroceryle amazona_Amazon Kingfisher/XC119209.mp3
train,Chloroceryle amazona_Amazon Kingfisher,../../Datasets/BirdClef/features/Chloroceryle amazona_Amazon Kingfisher/XC17421.npy,../../Datasets/BirdClef/audio/Chloroceryle amazona_Amazon Kingfisher/XC17421.mp3
train,Chloroceryle amazona_Amazon Kingfisher,../../Datasets/BirdClef/features/Chloroceryle amazona_Amazon Kingfisher/XC374595.npy,../../Datasets/BirdClef/audio/Chloroceryle amazona_Amazon Kingfisher/XC374595.mp3
train,Chloroceryle amazona_Amazon Kingfisher,../../Datasets/BirdClef/features/Chloroceryle amazona_Amazon Kingfisher/XC55613.npy,../../Datasets/BirdClef/audio/Chloroceryle amazona_Amazon Kingfisher/XC55613.mp3
train,Chloroceryle amazona_Amazon Kingfisher,../../Datasets/BirdClef/features/Chloroceryle amazona_Amazon Kingfisher/XC113758.npy,../../Datasets/BirdClef/audio/Chloroceryle amazona_Amazon Kingfisher/XC113758.mp3
train,Chloroceryle americana_Green Kingfisher,../../Datasets/BirdClef/features/Chloroceryle americana_Green Kingfisher/XC302316.npy,../../Datasets/BirdClef/audio/Chloroceryle americana_Green Kingfisher/XC302316.mp3
train,Chloroceryle americana_Green Kingfisher,../../Datasets/BirdClef/features/Chloroceryle americana_Green Kingfisher/XC238130.npy,../../Datasets/BirdClef/audio/Chloroceryle americana_Green Kingfisher/XC238130.mp3
train,Chloroceryle americana_Green Kingfisher,../../Datasets/BirdClef/features/Chloroceryle americana_Green Kingfisher/XC349605.npy,../../Datasets/BirdClef/audio/Chloroceryle americana_Green Kingfisher/XC349605.mp3
train,Chloroceryle americana_Green Kingfisher,../../Datasets/BirdClef/features/Chloroceryle americana_Green Kingfisher/XC216858.npy,../../Datasets/BirdClef/audio/Chloroceryle americana_Green Kingfisher/XC216858.mp3
train,Chloroceryle americana_Green Kingfisher,../../Datasets/BirdClef/features/Chloroceryle americana_Green Kingfisher/XC70990.npy,../../Datasets/BirdClef/audio/Chloroceryle americana_Green Kingfisher/XC70990.mp3
train,Chlorophonia cyanea_Blue-naped Chlorophonia,../../Datasets/BirdClef/features/Chlorophonia cyanea_Blue-naped Chlorophonia/XC41903.npy,../../Datasets/BirdClef/audio/Chlorophonia cyanea_Blue-naped Chlorophonia/XC41903.mp3
train,Chlorophonia cyanea_Blue-naped Chlorophonia,../../Datasets/BirdClef/features/Chlorophonia cyanea_Blue-naped Chlorophonia/XC422754.npy,../../Datasets/BirdClef/audio/Chlorophonia cyanea_Blue-naped Chlorophonia/XC422754.mp3
train,Chlorophonia cyanea_Blue-naped Chlorophonia,../../Datasets/BirdClef/features/Chlorophonia cyanea_Blue-naped Chlorophonia/XC250630.npy,../../Datasets/BirdClef/audio/Chlorophonia cyanea_Blue-naped Chlorophonia/XC250630.mp3
train,Chlorophonia cyanea_Blue-naped Chlorophonia,../../Datasets/BirdClef/features/Chlorophonia cyanea_Blue-naped Chlorophonia/XC299657.npy,../../Datasets/BirdClef/audio/Chlorophonia cyanea_Blue-naped Chlorophonia/XC299657.mp3
train,Chlorophonia cyanea_Blue-naped Chlorophonia,../../Datasets/BirdClef/features/Chlorophonia cyanea_Blue-naped Chlorophonia/XC150988.npy,../../Datasets/BirdClef/audio/Chlorophonia cyanea_Blue-naped Chlorophonia/XC150988.mp3
train,Chondestes grammacus_Lark Sparrow,../../Datasets/BirdClef/features/Chondestes grammacus_Lark Sparrow/XC133297.npy,../../Datasets/BirdClef/audio/Chondestes grammacus_Lark Sparrow/XC133297.mp3
train,Chondestes grammacus_Lark Sparrow,../../Datasets/BirdClef/features/Chondestes grammacus_Lark Sparrow/XC1263.npy,../../Datasets/BirdClef/audio/Chondestes grammacus_Lark Sparrow/XC1263.mp3
train,Chondestes grammacus_Lark Sparrow,../../Datasets/BirdClef/features/Chondestes grammacus_Lark Sparrow/XC483017.npy,../../Datasets/BirdClef/audio/Chondestes grammacus_Lark Sparrow/XC483017.mp3
train,Chondestes grammacus_Lark Sparrow,../../Datasets/BirdClef/features/Chondestes grammacus_Lark Sparrow/XC289026.npy,../../Datasets/BirdClef/audio/Chondestes grammacus_Lark Sparrow/XC289026.mp3
train,Chondestes grammacus_Lark Sparrow,../../Datasets/BirdClef/features/Chondestes grammacus_Lark Sparrow/XC179850.npy,../../Datasets/BirdClef/audio/Chondestes grammacus_Lark Sparrow/XC179850.mp3
train,Chordeiles acutipennis_Lesser Nighthawk,../../Datasets/BirdClef/features/Chordeiles acutipennis_Lesser Nighthawk/XC375083.npy,../../Datasets/BirdClef/audio/Chordeiles acutipennis_Lesser Nighthawk/XC375083.mp3
train,Chordeiles acutipennis_Lesser Nighthawk,../../Datasets/BirdClef/features/Chordeiles acutipennis_Lesser Nighthawk/XC358758.npy,../../Datasets/BirdClef/audio/Chordeiles acutipennis_Lesser Nighthawk/XC358758.mp3
train,Chordeiles acutipennis_Lesser Nighthawk,../../Datasets/BirdClef/features/Chordeiles acutipennis_Lesser Nighthawk/XC221060.npy,../../Datasets/BirdClef/audio/Chordeiles acutipennis_Lesser Nighthawk/XC221060.mp3
train,Chordeiles acutipennis_Lesser Nighthawk,../../Datasets/BirdClef/features/Chordeiles acutipennis_Lesser Nighthawk/XC27724.npy,../../Datasets/BirdClef/audio/Chordeiles acutipennis_Lesser Nighthawk/XC27724.mp3
train,Chordeiles acutipennis_Lesser Nighthawk,../../Datasets/BirdClef/features/Chordeiles acutipennis_Lesser Nighthawk/XC272517.npy,../../Datasets/BirdClef/audio/Chordeiles acutipennis_Lesser Nighthawk/XC272517.mp3
train,Chordeiles minor_Common Nighthawk,../../Datasets/BirdClef/features/Chordeiles minor_Common Nighthawk/XC263417.npy,../../Datasets/BirdClef/audio/Chordeiles minor_Common Nighthawk/XC263417.mp3
train,Chordeiles minor_Common Nighthawk,../../Datasets/BirdClef/features/Chordeiles minor_Common Nighthawk/XC489421.npy,../../Datasets/BirdClef/audio/Chordeiles minor_Common Nighthawk/XC489421.mp3
train,Chordeiles minor_Common Nighthawk,../../Datasets/BirdClef/features/Chordeiles minor_Common Nighthawk/XC308563.npy,../../Datasets/BirdClef/audio/Chordeiles minor_Common Nighthawk/XC308563.mp3
train,Chordeiles minor_Common Nighthawk,../../Datasets/BirdClef/features/Chordeiles minor_Common Nighthawk/XC405613.npy,../../Datasets/BirdClef/audio/Chordeiles minor_Common Nighthawk/XC405613.mp3
train,Chordeiles minor_Common Nighthawk,../../Datasets/BirdClef/features/Chordeiles minor_Common Nighthawk/XC59028.npy,../../Datasets/BirdClef/audio/Chordeiles minor_Common Nighthawk/XC59028.mp3
train,Chroicocephalus ridibundus_Black-headed Gull,../../Datasets/BirdClef/features/Chroicocephalus ridibundus_Black-headed Gull/XC44772.npy,../../Datasets/BirdClef/audio/Chroicocephalus ridibundus_Black-headed Gull/XC44772.mp3
train,Chroicocephalus ridibundus_Black-headed Gull,../../Datasets/BirdClef/features/Chroicocephalus ridibundus_Black-headed Gull/XC251898.npy,../../Datasets/BirdClef/audio/Chroicocephalus ridibundus_Black-headed Gull/XC251898.mp3
train,Chroicocephalus ridibundus_Black-headed Gull,../../Datasets/BirdClef/features/Chroicocephalus ridibundus_Black-headed Gull/XC437519.npy,../../Datasets/BirdClef/audio/Chroicocephalus ridibundus_Black-headed Gull/XC437519.mp3
train,Chroicocephalus ridibundus_Black-headed Gull,../../Datasets/BirdClef/features/Chroicocephalus ridibundus_Black-headed Gull/XC394367.npy,../../Datasets/BirdClef/audio/Chroicocephalus ridibundus_Black-headed Gull/XC394367.mp3
train,Chroicocephalus ridibundus_Black-headed Gull,../../Datasets/BirdClef/features/Chroicocephalus ridibundus_Black-headed Gull/XC205722.npy,../../Datasets/BirdClef/audio/Chroicocephalus ridibundus_Black-headed Gull/XC205722.mp3
train,Ciccaba huhula_Black-banded Owl,../../Datasets/BirdClef/features/Ciccaba huhula_Black-banded Owl/XC391434.npy,../../Datasets/BirdClef/audio/Ciccaba huhula_Black-banded Owl/XC391434.mp3
train,Ciccaba huhula_Black-banded Owl,../../Datasets/BirdClef/features/Ciccaba huhula_Black-banded Owl/XC230716.npy,../../Datasets/BirdClef/audio/Ciccaba huhula_Black-banded Owl/XC230716.mp3
train,Ciccaba huhula_Black-banded Owl,../../Datasets/BirdClef/features/Ciccaba huhula_Black-banded Owl/XC340457.npy,../../Datasets/BirdClef/audio/Ciccaba huhula_Black-banded Owl/XC340457.mp3
train,Ciccaba huhula_Black-banded Owl,../../Datasets/BirdClef/features/Ciccaba huhula_Black-banded Owl/XC3102.npy,../../Datasets/BirdClef/audio/Ciccaba huhula_Black-banded Owl/XC3102.mp3
train,Ciccaba huhula_Black-banded Owl,../../Datasets/BirdClef/features/Ciccaba huhula_Black-banded Owl/XC487768.npy,../../Datasets/BirdClef/audio/Ciccaba huhula_Black-banded Owl/XC487768.mp3
train,Ciccaba virgata_Mottled Owl,../../Datasets/BirdClef/features/Ciccaba virgata_Mottled Owl/XC256300.npy,../../Datasets/BirdClef/audio/Ciccaba virgata_Mottled Owl/XC256300.mp3
train,Ciccaba virgata_Mottled Owl,../../Datasets/BirdClef/features/Ciccaba virgata_Mottled Owl/XC9526.npy,../../Datasets/BirdClef/audio/Ciccaba virgata_Mottled Owl/XC9526.mp3
train,Ciccaba virgata_Mottled Owl,../../Datasets/BirdClef/features/Ciccaba virgata_Mottled Owl/XC288150.npy,../../Datasets/BirdClef/audio/Ciccaba virgata_Mottled Owl/XC288150.mp3
train,Ciccaba virgata_Mottled Owl,../../Datasets/BirdClef/features/Ciccaba virgata_Mottled Owl/XC239046.npy,../../Datasets/BirdClef/audio/Ciccaba virgata_Mottled Owl/XC239046.mp3
train,Ciccaba virgata_Mottled Owl,../../Datasets/BirdClef/features/Ciccaba virgata_Mottled Owl/XC51217.npy,../../Datasets/BirdClef/audio/Ciccaba virgata_Mottled Owl/XC51217.mp3
train,Ciconia ciconia_White Stork,../../Datasets/BirdClef/features/Ciconia ciconia_White Stork/XC417701.npy,../../Datasets/BirdClef/audio/Ciconia ciconia_White Stork/XC417701.mp3
train,Ciconia ciconia_White Stork,../../Datasets/BirdClef/features/Ciconia ciconia_White Stork/XC367110.npy,../../Datasets/BirdClef/audio/Ciconia ciconia_White Stork/XC367110.mp3
train,Ciconia ciconia_White Stork,../../Datasets/BirdClef/features/Ciconia ciconia_White Stork/XC490192.npy,../../Datasets/BirdClef/audio/Ciconia ciconia_White Stork/XC490192.mp3
train,Ciconia ciconia_White Stork,../../Datasets/BirdClef/features/Ciconia ciconia_White Stork/XC134219.npy,../../Datasets/BirdClef/audio/Ciconia ciconia_White Stork/XC134219.mp3
train,Ciconia ciconia_White Stork,../../Datasets/BirdClef/features/Ciconia ciconia_White Stork/XC322535.npy,../../Datasets/BirdClef/audio/Ciconia ciconia_White Stork/XC322535.mp3
train,Circus aeruginosus_Eurasian Marsh-Harrier,../../Datasets/BirdClef/features/Circus aeruginosus_Eurasian Marsh-Harrier/XC42183.npy,../../Datasets/BirdClef/audio/Circus aeruginosus_Eurasian Marsh-Harrier/XC42183.mp3
train,Circus aeruginosus_Eurasian Marsh-Harrier,../../Datasets/BirdClef/features/Circus aeruginosus_Eurasian Marsh-Harrier/XC447442.npy,../../Datasets/BirdClef/audio/Circus aeruginosus_Eurasian Marsh-Harrier/XC447442.mp3
train,Circus aeruginosus_Eurasian Marsh-Harrier,../../Datasets/BirdClef/features/Circus aeruginosus_Eurasian Marsh-Harrier/XC100622.npy,../../Datasets/BirdClef/audio/Circus aeruginosus_Eurasian Marsh-Harrier/XC100622.mp3
train,Circus aeruginosus_Eurasian Marsh-Harrier,../../Datasets/BirdClef/features/Circus aeruginosus_Eurasian Marsh-Harrier/XC233481.npy,../../Datasets/BirdClef/audio/Circus aeruginosus_Eurasian Marsh-Harrier/XC233481.mp3
train,Circus aeruginosus_Eurasian Marsh-Harrier,../../Datasets/BirdClef/features/Circus aeruginosus_Eurasian Marsh-Harrier/XC294303.npy,../../Datasets/BirdClef/audio/Circus aeruginosus_Eurasian Marsh-Harrier/XC294303.mp3
train,Cissopis leverianus_Magpie Tanager,../../Datasets/BirdClef/features/Cissopis leverianus_Magpie Tanager/XC174070.npy,../../Datasets/BirdClef/audio/Cissopis leverianus_Magpie Tanager/XC174070.mp3
train,Cissopis leverianus_Magpie Tanager,../../Datasets/BirdClef/features/Cissopis leverianus_Magpie Tanager/XC58195.npy,../../Datasets/BirdClef/audio/Cissopis leverianus_Magpie Tanager/XC58195.mp3
train,Cissopis leverianus_Magpie Tanager,../../Datasets/BirdClef/features/Cissopis leverianus_Magpie Tanager/XC332800.npy,../../Datasets/BirdClef/audio/Cissopis leverianus_Magpie Tanager/XC332800.mp3
train,Cissopis leverianus_Magpie Tanager,../../Datasets/BirdClef/features/Cissopis leverianus_Magpie Tanager/XC215501.npy,../../Datasets/BirdClef/audio/Cissopis leverianus_Magpie Tanager/XC215501.mp3
train,Cissopis leverianus_Magpie Tanager,../../Datasets/BirdClef/features/Cissopis leverianus_Magpie Tanager/XC486880.npy,../../Datasets/BirdClef/audio/Cissopis leverianus_Magpie Tanager/XC486880.mp3
train,Cistothorus palustris_Marsh Wren,../../Datasets/BirdClef/features/Cistothorus palustris_Marsh Wren/XC178295.npy,../../Datasets/BirdClef/audio/Cistothorus palustris_Marsh Wren/XC178295.mp3
train,Cistothorus palustris_Marsh Wren,../../Datasets/BirdClef/features/Cistothorus palustris_Marsh Wren/XC143795.npy,../../Datasets/BirdClef/audio/Cistothorus palustris_Marsh Wren/XC143795.mp3
train,Cistothorus palustris_Marsh Wren,../../Datasets/BirdClef/features/Cistothorus palustris_Marsh Wren/XC377871.npy,../../Datasets/BirdClef/audio/Cistothorus palustris_Marsh Wren/XC377871.mp3
train,Cistothorus palustris_Marsh Wren,../../Datasets/BirdClef/features/Cistothorus palustris_Marsh Wren/XC256524.npy,../../Datasets/BirdClef/audio/Cistothorus palustris_Marsh Wren/XC256524.mp3
train,Cistothorus palustris_Marsh Wren,../../Datasets/BirdClef/features/Cistothorus palustris_Marsh Wren/XC408574.npy,../../Datasets/BirdClef/audio/Cistothorus palustris_Marsh Wren/XC408574.mp3
train,Clangula hyemalis_Long-tailed Duck,../../Datasets/BirdClef/features/Clangula hyemalis_Long-tailed Duck/XC487859.npy,../../Datasets/BirdClef/audio/Clangula hyemalis_Long-tailed Duck/XC487859.mp3
train,Clangula hyemalis_Long-tailed Duck,../../Datasets/BirdClef/features/Clangula hyemalis_Long-tailed Duck/XC98297.npy,../../Datasets/BirdClef/audio/Clangula hyemalis_Long-tailed Duck/XC98297.mp3
train,Clangula hyemalis_Long-tailed Duck,../../Datasets/BirdClef/features/Clangula hyemalis_Long-tailed Duck/XC487856.npy,../../Datasets/BirdClef/audio/Clangula hyemalis_Long-tailed Duck/XC487856.mp3
train,Clangula hyemalis_Long-tailed Duck,../../Datasets/BirdClef/features/Clangula hyemalis_Long-tailed Duck/XC327998.npy,../../Datasets/BirdClef/audio/Clangula hyemalis_Long-tailed Duck/XC327998.mp3
train,Clangula hyemalis_Long-tailed Duck,../../Datasets/BirdClef/features/Clangula hyemalis_Long-tailed Duck/XC98720.npy,../../Datasets/BirdClef/audio/Clangula hyemalis_Long-tailed Duck/XC98720.mp3
train,Claravis pretiosa_Blue Ground Dove,../../Datasets/BirdClef/features/Claravis pretiosa_Blue Ground Dove/XC77671.npy,../../Datasets/BirdClef/audio/Claravis pretiosa_Blue Ground Dove/XC77671.mp3
train,Claravis pretiosa_Blue Ground Dove,../../Datasets/BirdClef/features/Claravis pretiosa_Blue Ground Dove/XC493407.npy,../../Datasets/BirdClef/audio/Claravis pretiosa_Blue Ground Dove/XC493407.mp3
train,Claravis pretiosa_Blue Ground Dove,../../Datasets/BirdClef/features/Claravis pretiosa_Blue Ground Dove/XC423517.npy,../../Datasets/BirdClef/audio/Claravis pretiosa_Blue Ground Dove/XC423517.mp3
train,Claravis pretiosa_Blue Ground Dove,../../Datasets/BirdClef/features/Claravis pretiosa_Blue Ground Dove/XC500096.npy,../../Datasets/BirdClef/audio/Claravis pretiosa_Blue Ground Dove/XC500096.mp3
train,Claravis pretiosa_Blue Ground Dove,../../Datasets/BirdClef/features/Claravis pretiosa_Blue Ground Dove/XC374590.npy,../../Datasets/BirdClef/audio/Claravis pretiosa_Blue Ground Dove/XC374590.mp3
train,Clibanornis rubiginosus_Ruddy Foliage-gleaner,../../Datasets/BirdClef/features/Clibanornis rubiginosus_Ruddy Foliage-gleaner/XC60719.npy,../../Datasets/BirdClef/audio/Clibanornis rubiginosus_Ruddy Foliage-gleaner/XC60719.mp3
train,Clibanornis rubiginosus_Ruddy Foliage-gleaner,../../Datasets/BirdClef/features/Clibanornis rubiginosus_Ruddy Foliage-gleaner/XC258218.npy,../../Datasets/BirdClef/audio/Clibanornis rubiginosus_Ruddy Foliage-gleaner/XC258218.mp3
train,Clibanornis rubiginosus_Ruddy Foliage-gleaner,../../Datasets/BirdClef/features/Clibanornis rubiginosus_Ruddy Foliage-gleaner/XC5576.npy,../../Datasets/BirdClef/audio/Clibanornis rubiginosus_Ruddy Foliage-gleaner/XC5576.mp3
train,Clibanornis rubiginosus_Ruddy Foliage-gleaner,../../Datasets/BirdClef/features/Clibanornis rubiginosus_Ruddy Foliage-gleaner/XC250234.npy,../../Datasets/BirdClef/audio/Clibanornis rubiginosus_Ruddy Foliage-gleaner/XC250234.mp3
train,Clibanornis rubiginosus_Ruddy Foliage-gleaner,../../Datasets/BirdClef/features/Clibanornis rubiginosus_Ruddy Foliage-gleaner/XC275350.npy,../../Datasets/BirdClef/audio/Clibanornis rubiginosus_Ruddy Foliage-gleaner/XC275350.mp3
train,Cnemotriccus fuscatus_Fuscous Flycatcher,../../Datasets/BirdClef/features/Cnemotriccus fuscatus_Fuscous Flycatcher/XC54071.npy,../../Datasets/BirdClef/audio/Cnemotriccus fuscatus_Fuscous Flycatcher/XC54071.mp3
train,Cnemotriccus fuscatus_Fuscous Flycatcher,../../Datasets/BirdClef/features/Cnemotriccus fuscatus_Fuscous Flycatcher/XC11767.npy,../../Datasets/BirdClef/audio/Cnemotriccus fuscatus_Fuscous Flycatcher/XC11767.mp3
train,Cnemotriccus fuscatus_Fuscous Flycatcher,../../Datasets/BirdClef/features/Cnemotriccus fuscatus_Fuscous Flycatcher/XC480584.npy,../../Datasets/BirdClef/audio/Cnemotriccus fuscatus_Fuscous Flycatcher/XC480584.mp3
train,Cnemotriccus fuscatus_Fuscous Flycatcher,../../Datasets/BirdClef/features/Cnemotriccus fuscatus_Fuscous Flycatcher/XC427228.npy,../../Datasets/BirdClef/audio/Cnemotriccus fuscatus_Fuscous Flycatcher/XC427228.mp3
train,Cnemotriccus fuscatus_Fuscous Flycatcher,../../Datasets/BirdClef/features/Cnemotriccus fuscatus_Fuscous Flycatcher/XC424169.npy,../../Datasets/BirdClef/audio/Cnemotriccus fuscatus_Fuscous Flycatcher/XC424169.mp3
train,Coccothraustes coccothraustes_Hawfinch,../../Datasets/BirdClef/features/Coccothraustes coccothraustes_Hawfinch/XC458936.npy,../../Datasets/BirdClef/audio/Coccothraustes coccothraustes_Hawfinch/XC458936.mp3
train,Coccothraustes coccothraustes_Hawfinch,../../Datasets/BirdClef/features/Coccothraustes coccothraustes_Hawfinch/XC391606.npy,../../Datasets/BirdClef/audio/Coccothraustes coccothraustes_Hawfinch/XC391606.mp3
train,Coccothraustes coccothraustes_Hawfinch,../../Datasets/BirdClef/features/Coccothraustes coccothraustes_Hawfinch/XC121318.npy,../../Datasets/BirdClef/audio/Coccothraustes coccothraustes_Hawfinch/XC121318.mp3
train,Coccothraustes coccothraustes_Hawfinch,../../Datasets/BirdClef/features/Coccothraustes coccothraustes_Hawfinch/XC421732.npy,../../Datasets/BirdClef/audio/Coccothraustes coccothraustes_Hawfinch/XC421732.mp3
train,Coccothraustes coccothraustes_Hawfinch,../../Datasets/BirdClef/features/Coccothraustes coccothraustes_Hawfinch/XC350482.npy,../../Datasets/BirdClef/audio/Coccothraustes coccothraustes_Hawfinch/XC350482.mp3
train,Coccycua minuta_Little Cuckoo,../../Datasets/BirdClef/features/Coccycua minuta_Little Cuckoo/XC329068.npy,../../Datasets/BirdClef/audio/Coccycua minuta_Little Cuckoo/XC329068.mp3
train,Coccycua minuta_Little Cuckoo,../../Datasets/BirdClef/features/Coccycua minuta_Little Cuckoo/XC36510.npy,../../Datasets/BirdClef/audio/Coccycua minuta_Little Cuckoo/XC36510.mp3
train,Coccycua minuta_Little Cuckoo,../../Datasets/BirdClef/features/Coccycua minuta_Little Cuckoo/XC463725.npy,../../Datasets/BirdClef/audio/Coccycua minuta_Little Cuckoo/XC463725.mp3
train,Coccycua minuta_Little Cuckoo,../../Datasets/BirdClef/features/Coccycua minuta_Little Cuckoo/XC257032.npy,../../Datasets/BirdClef/audio/Coccycua minuta_Little Cuckoo/XC257032.mp3
train,Coccycua minuta_Little Cuckoo,../../Datasets/BirdClef/features/Coccycua minuta_Little Cuckoo/XC227929.npy,../../Datasets/BirdClef/audio/Coccycua minuta_Little Cuckoo/XC227929.mp3
train,Coccyzus americanus_Yellow-billed Cuckoo,../../Datasets/BirdClef/features/Coccyzus americanus_Yellow-billed Cuckoo/XC77649.npy,../../Datasets/BirdClef/audio/Coccyzus americanus_Yellow-billed Cuckoo/XC77649.mp3
train,Coccyzus americanus_Yellow-billed Cuckoo,../../Datasets/BirdClef/features/Coccyzus americanus_Yellow-billed Cuckoo/XC221183.npy,../../Datasets/BirdClef/audio/Coccyzus americanus_Yellow-billed Cuckoo/XC221183.mp3
train,Coccyzus americanus_Yellow-billed Cuckoo,../../Datasets/BirdClef/features/Coccyzus americanus_Yellow-billed Cuckoo/XC502532.npy,../../Datasets/BirdClef/audio/Coccyzus americanus_Yellow-billed Cuckoo/XC502532.mp3
train,Coccyzus americanus_Yellow-billed Cuckoo,../../Datasets/BirdClef/features/Coccyzus americanus_Yellow-billed Cuckoo/XC254728.npy,../../Datasets/BirdClef/audio/Coccyzus americanus_Yellow-billed Cuckoo/XC254728.mp3
train,Coccyzus americanus_Yellow-billed Cuckoo,../../Datasets/BirdClef/features/Coccyzus americanus_Yellow-billed Cuckoo/XC440725.npy,../../Datasets/BirdClef/audio/Coccyzus americanus_Yellow-billed Cuckoo/XC440725.mp3
train,Coccyzus erythropthalmus_Black-billed Cuckoo,../../Datasets/BirdClef/features/Coccyzus erythropthalmus_Black-billed Cuckoo/XC100084.npy,../../Datasets/BirdClef/audio/Coccyzus erythropthalmus_Black-billed Cuckoo/XC100084.mp3
train,Coccyzus erythropthalmus_Black-billed Cuckoo,../../Datasets/BirdClef/features/Coccyzus erythropthalmus_Black-billed Cuckoo/XC420906.npy,../../Datasets/BirdClef/audio/Coccyzus erythropthalmus_Black-billed Cuckoo/XC420906.mp3
train,Coccyzus erythropthalmus_Black-billed Cuckoo,../../Datasets/BirdClef/features/Coccyzus erythropthalmus_Black-billed Cuckoo/XC321529.npy,../../Datasets/BirdClef/audio/Coccyzus erythropthalmus_Black-billed Cuckoo/XC321529.mp3
train,Coccyzus erythropthalmus_Black-billed Cuckoo,../../Datasets/BirdClef/features/Coccyzus erythropthalmus_Black-billed Cuckoo/XC120868.npy,../../Datasets/BirdClef/audio/Coccyzus erythropthalmus_Black-billed Cuckoo/XC120868.mp3
train,Coccyzus erythropthalmus_Black-billed Cuckoo,../../Datasets/BirdClef/features/Coccyzus erythropthalmus_Black-billed Cuckoo/XC135052.npy,../../Datasets/BirdClef/audio/Coccyzus erythropthalmus_Black-billed Cuckoo/XC135052.mp3
train,Coccyzus melacoryphus_Dark-billed Cuckoo,../../Datasets/BirdClef/features/Coccyzus melacoryphus_Dark-billed Cuckoo/XC289167.npy,../../Datasets/BirdClef/audio/Coccyzus melacoryphus_Dark-billed Cuckoo/XC289167.mp3
train,Coccyzus melacoryphus_Dark-billed Cuckoo,../../Datasets/BirdClef/features/Coccyzus melacoryphus_Dark-billed Cuckoo/XC221185.npy,../../Datasets/BirdClef/audio/Coccyzus melacoryphus_Dark-billed Cuckoo/XC221185.mp3
train,Coccyzus melacoryphus_Dark-billed Cuckoo,../../Datasets/BirdClef/features/Coccyzus melacoryphus_Dark-billed Cuckoo/XC50829.npy,../../Datasets/BirdClef/audio/Coccyzus melacoryphus_Dark-billed Cuckoo/XC50829.mp3
train,Coccyzus melacoryphus_Dark-billed Cuckoo,../../Datasets/BirdClef/features/Coccyzus melacoryphus_Dark-billed Cuckoo/XC118285.npy,../../Datasets/BirdClef/audio/Coccyzus melacoryphus_Dark-billed Cuckoo/XC118285.mp3
train,Coccyzus melacoryphus_Dark-billed Cuckoo,../../Datasets/BirdClef/features/Coccyzus melacoryphus_Dark-billed Cuckoo/XC422700.npy,../../Datasets/BirdClef/audio/Coccyzus melacoryphus_Dark-billed Cuckoo/XC422700.mp3
train,Coereba flaveola_Bananaquit,../../Datasets/BirdClef/features/Coereba flaveola_Bananaquit/XC192713.npy,../../Datasets/BirdClef/audio/Coereba flaveola_Bananaquit/XC192713.mp3
train,Coereba flaveola_Bananaquit,../../Datasets/BirdClef/features/Coereba flaveola_Bananaquit/XC221206.npy,../../Datasets/BirdClef/audio/Coereba flaveola_Bananaquit/XC221206.mp3
train,Coereba flaveola_Bananaquit,../../Datasets/BirdClef/features/Coereba flaveola_Bananaquit/XC308450.npy,../../Datasets/BirdClef/audio/Coereba flaveola_Bananaquit/XC308450.mp3
train,Coereba flaveola_Bananaquit,../../Datasets/BirdClef/features/Coereba flaveola_Bananaquit/XC466225.npy,../../Datasets/BirdClef/audio/Coereba flaveola_Bananaquit/XC466225.mp3
train,Coereba flaveola_Bananaquit,../../Datasets/BirdClef/features/Coereba flaveola_Bananaquit/XC221208.npy,../../Datasets/BirdClef/audio/Coereba flaveola_Bananaquit/XC221208.mp3
train,Colaptes auratus_Northern Flicker,../../Datasets/BirdClef/features/Colaptes auratus_Northern Flicker/XC323227.npy,../../Datasets/BirdClef/audio/Colaptes auratus_Northern Flicker/XC323227.mp3
train,Colaptes auratus_Northern Flicker,../../Datasets/BirdClef/features/Colaptes auratus_Northern Flicker/XC448954.npy,../../Datasets/BirdClef/audio/Colaptes auratus_Northern Flicker/XC448954.mp3
train,Colaptes auratus_Northern Flicker,../../Datasets/BirdClef/features/Colaptes auratus_Northern Flicker/XC479794.npy,../../Datasets/BirdClef/audio/Colaptes auratus_Northern Flicker/XC479794.mp3
train,Colaptes auratus_Northern Flicker,../../Datasets/BirdClef/features/Colaptes auratus_Northern Flicker/XC128229.npy,../../Datasets/BirdClef/audio/Colaptes auratus_Northern Flicker/XC128229.mp3
train,Colaptes auratus_Northern Flicker,../../Datasets/BirdClef/features/Colaptes auratus_Northern Flicker/XC140990.npy,../../Datasets/BirdClef/audio/Colaptes auratus_Northern Flicker/XC140990.mp3
train,Colibri coruscans_Sparkling Violetear,../../Datasets/BirdClef/features/Colibri coruscans_Sparkling Violetear/XC4386.npy,../../Datasets/BirdClef/audio/Colibri coruscans_Sparkling Violetear/XC4386.mp3
train,Colibri coruscans_Sparkling Violetear,../../Datasets/BirdClef/features/Colibri coruscans_Sparkling Violetear/XC100875.npy,../../Datasets/BirdClef/audio/Colibri coruscans_Sparkling Violetear/XC100875.mp3
train,Colibri coruscans_Sparkling Violetear,../../Datasets/BirdClef/features/Colibri coruscans_Sparkling Violetear/XC238191.npy,../../Datasets/BirdClef/audio/Colibri coruscans_Sparkling Violetear/XC238191.mp3
train,Colibri coruscans_Sparkling Violetear,../../Datasets/BirdClef/features/Colibri coruscans_Sparkling Violetear/XC148356.npy,../../Datasets/BirdClef/audio/Colibri coruscans_Sparkling Violetear/XC148356.mp3
train,Colibri coruscans_Sparkling Violetear,../../Datasets/BirdClef/features/Colibri coruscans_Sparkling Violetear/XC178585.npy,../../Datasets/BirdClef/audio/Colibri coruscans_Sparkling Violetear/XC178585.mp3
train,Colonia colonus_Long-tailed Tyrant,../../Datasets/BirdClef/features/Colonia colonus_Long-tailed Tyrant/XC357648.npy,../../Datasets/BirdClef/audio/Colonia colonus_Long-tailed Tyrant/XC357648.mp3
train,Colonia colonus_Long-tailed Tyrant,../../Datasets/BirdClef/features/Colonia colonus_Long-tailed Tyrant/XC221333.npy,../../Datasets/BirdClef/audio/Colonia colonus_Long-tailed Tyrant/XC221333.mp3
train,Colonia colonus_Long-tailed Tyrant,../../Datasets/BirdClef/features/Colonia colonus_Long-tailed Tyrant/XC435420.npy,../../Datasets/BirdClef/audio/Colonia colonus_Long-tailed Tyrant/XC435420.mp3
train,Colonia colonus_Long-tailed Tyrant,../../Datasets/BirdClef/features/Colonia colonus_Long-tailed Tyrant/XC258925.npy,../../Datasets/BirdClef/audio/Colonia colonus_Long-tailed Tyrant/XC258925.mp3
train,Colonia colonus_Long-tailed Tyrant,../../Datasets/BirdClef/features/Colonia colonus_Long-tailed Tyrant/XC303101.npy,../../Datasets/BirdClef/audio/Colonia colonus_Long-tailed Tyrant/XC303101.mp3
train,Columba livia_Rock Pigeon,../../Datasets/BirdClef/features/Columba livia_Rock Pigeon/XC217673.npy,../../Datasets/BirdClef/audio/Columba livia_Rock Pigeon/XC217673.mp3
train,Columba livia_Rock Pigeon,../../Datasets/BirdClef/features/Columba livia_Rock Pigeon/XC48676.npy,../../Datasets/BirdClef/audio/Columba livia_Rock Pigeon/XC48676.mp3
train,Columba livia_Rock Pigeon,../../Datasets/BirdClef/features/Columba livia_Rock Pigeon/XC387811.npy,../../Datasets/BirdClef/audio/Columba livia_Rock Pigeon/XC387811.mp3
train,Columba livia_Rock Pigeon,../../Datasets/BirdClef/features/Columba livia_Rock Pigeon/XC460075.npy,../../Datasets/BirdClef/audio/Columba livia_Rock Pigeon/XC460075.mp3
train,Columba livia_Rock Pigeon,../../Datasets/BirdClef/features/Columba livia_Rock Pigeon/XC387814.npy,../../Datasets/BirdClef/audio/Columba livia_Rock Pigeon/XC387814.mp3
train,Columba oenas_Stock Dove,../../Datasets/BirdClef/features/Columba oenas_Stock Dove/XC314289.npy,../../Datasets/BirdClef/audio/Columba oenas_Stock Dove/XC314289.mp3
train,Columba oenas_Stock Dove,../../Datasets/BirdClef/features/Columba oenas_Stock Dove/XC89994.npy,../../Datasets/BirdClef/audio/Columba oenas_Stock Dove/XC89994.mp3
train,Columba oenas_Stock Dove,../../Datasets/BirdClef/features/Columba oenas_Stock Dove/XC243621.npy,../../Datasets/BirdClef/audio/Columba oenas_Stock Dove/XC243621.mp3
train,Columba oenas_Stock Dove,../../Datasets/BirdClef/features/Columba oenas_Stock Dove/XC188269.npy,../../Datasets/BirdClef/audio/Columba oenas_Stock Dove/XC188269.mp3
train,Columba oenas_Stock Dove,../../Datasets/BirdClef/features/Columba oenas_Stock Dove/XC292070.npy,../../Datasets/BirdClef/audio/Columba oenas_Stock Dove/XC292070.mp3
train,Columba palumbus_Common Wood-Pigeon,../../Datasets/BirdClef/features/Columba palumbus_Common Wood-Pigeon/XC475458.npy,../../Datasets/BirdClef/audio/Columba palumbus_Common Wood-Pigeon/XC475458.mp3
train,Columba palumbus_Common Wood-Pigeon,../../Datasets/BirdClef/features/Columba palumbus_Common Wood-Pigeon/XC183441.npy,../../Datasets/BirdClef/audio/Columba palumbus_Common Wood-Pigeon/XC183441.mp3
train,Columba palumbus_Common Wood-Pigeon,../../Datasets/BirdClef/features/Columba palumbus_Common Wood-Pigeon/XC67245.npy,../../Datasets/BirdClef/audio/Columba palumbus_Common Wood-Pigeon/XC67245.mp3
train,Columba palumbus_Common Wood-Pigeon,../../Datasets/BirdClef/features/Columba palumbus_Common Wood-Pigeon/XC104607.npy,../../Datasets/BirdClef/audio/Columba palumbus_Common Wood-Pigeon/XC104607.mp3
train,Columba palumbus_Common Wood-Pigeon,../../Datasets/BirdClef/features/Columba palumbus_Common Wood-Pigeon/XC208512.npy,../../Datasets/BirdClef/audio/Columba palumbus_Common Wood-Pigeon/XC208512.mp3
train,Columbina talpacoti_Ruddy Ground Dove,../../Datasets/BirdClef/features/Columbina talpacoti_Ruddy Ground Dove/XC30806.npy,../../Datasets/BirdClef/audio/Columbina talpacoti_Ruddy Ground Dove/XC30806.mp3
train,Columbina talpacoti_Ruddy Ground Dove,../../Datasets/BirdClef/features/Columbina talpacoti_Ruddy Ground Dove/XC488252.npy,../../Datasets/BirdClef/audio/Columbina talpacoti_Ruddy Ground Dove/XC488252.mp3
train,Columbina talpacoti_Ruddy Ground Dove,../../Datasets/BirdClef/features/Columbina talpacoti_Ruddy Ground Dove/XC353900.npy,../../Datasets/BirdClef/audio/Columbina talpacoti_Ruddy Ground Dove/XC353900.mp3
train,Columbina talpacoti_Ruddy Ground Dove,../../Datasets/BirdClef/features/Columbina talpacoti_Ruddy Ground Dove/XC347719.npy,../../Datasets/BirdClef/audio/Columbina talpacoti_Ruddy Ground Dove/XC347719.mp3
train,Columbina talpacoti_Ruddy Ground Dove,../../Datasets/BirdClef/features/Columbina talpacoti_Ruddy Ground Dove/XC14637.npy,../../Datasets/BirdClef/audio/Columbina talpacoti_Ruddy Ground Dove/XC14637.mp3
train,Conirostrum speciosum_Chestnut-vented Conebill,../../Datasets/BirdClef/features/Conirostrum speciosum_Chestnut-vented Conebill/XC46943.npy,../../Datasets/BirdClef/audio/Conirostrum speciosum_Chestnut-vented Conebill/XC46943.mp3
train,Conirostrum speciosum_Chestnut-vented Conebill,../../Datasets/BirdClef/features/Conirostrum speciosum_Chestnut-vented Conebill/XC139504.npy,../../Datasets/BirdClef/audio/Conirostrum speciosum_Chestnut-vented Conebill/XC139504.mp3
train,Conirostrum speciosum_Chestnut-vented Conebill,../../Datasets/BirdClef/features/Conirostrum speciosum_Chestnut-vented Conebill/XC64406.npy,../../Datasets/BirdClef/audio/Conirostrum speciosum_Chestnut-vented Conebill/XC64406.mp3
train,Conirostrum speciosum_Chestnut-vented Conebill,../../Datasets/BirdClef/features/Conirostrum speciosum_Chestnut-vented Conebill/XC490696.npy,../../Datasets/BirdClef/audio/Conirostrum speciosum_Chestnut-vented Conebill/XC490696.mp3
train,Conirostrum speciosum_Chestnut-vented Conebill,../../Datasets/BirdClef/features/Conirostrum speciosum_Chestnut-vented Conebill/XC128415.npy,../../Datasets/BirdClef/audio/Conirostrum speciosum_Chestnut-vented Conebill/XC128415.mp3
train,Contopus cooperi_Olive-sided Flycatcher,../../Datasets/BirdClef/features/Contopus cooperi_Olive-sided Flycatcher/XC72617.npy,../../Datasets/BirdClef/audio/Contopus cooperi_Olive-sided Flycatcher/XC72617.mp3
train,Contopus cooperi_Olive-sided Flycatcher,../../Datasets/BirdClef/features/Contopus cooperi_Olive-sided Flycatcher/XC159053.npy,../../Datasets/BirdClef/audio/Contopus cooperi_Olive-sided Flycatcher/XC159053.mp3
train,Contopus cooperi_Olive-sided Flycatcher,../../Datasets/BirdClef/features/Contopus cooperi_Olive-sided Flycatcher/XC489328.npy,../../Datasets/BirdClef/audio/Contopus cooperi_Olive-sided Flycatcher/XC489328.mp3
train,Contopus cooperi_Olive-sided Flycatcher,../../Datasets/BirdClef/features/Contopus cooperi_Olive-sided Flycatcher/XC207797.npy,../../Datasets/BirdClef/audio/Contopus cooperi_Olive-sided Flycatcher/XC207797.mp3
train,Contopus cooperi_Olive-sided Flycatcher,../../Datasets/BirdClef/features/Contopus cooperi_Olive-sided Flycatcher/XC114208.npy,../../Datasets/BirdClef/audio/Contopus cooperi_Olive-sided Flycatcher/XC114208.mp3
train,Contopus sordidulus_Western Wood-Pewee,../../Datasets/BirdClef/features/Contopus sordidulus_Western Wood-Pewee/XC124517.npy,../../Datasets/BirdClef/audio/Contopus sordidulus_Western Wood-Pewee/XC124517.mp3
train,Contopus sordidulus_Western Wood-Pewee,../../Datasets/BirdClef/features/Contopus sordidulus_Western Wood-Pewee/XC124526.npy,../../Datasets/BirdClef/audio/Contopus sordidulus_Western Wood-Pewee/XC124526.mp3
train,Contopus sordidulus_Western Wood-Pewee,../../Datasets/BirdClef/features/Contopus sordidulus_Western Wood-Pewee/XC325120.npy,../../Datasets/BirdClef/audio/Contopus sordidulus_Western Wood-Pewee/XC325120.mp3
train,Contopus sordidulus_Western Wood-Pewee,../../Datasets/BirdClef/features/Contopus sordidulus_Western Wood-Pewee/XC146201.npy,../../Datasets/BirdClef/audio/Contopus sordidulus_Western Wood-Pewee/XC146201.mp3
train,Contopus sordidulus_Western Wood-Pewee,../../Datasets/BirdClef/features/Contopus sordidulus_Western Wood-Pewee/XC370541.npy,../../Datasets/BirdClef/audio/Contopus sordidulus_Western Wood-Pewee/XC370541.mp3
train,Contopus virens_Eastern Wood-Pewee,../../Datasets/BirdClef/features/Contopus virens_Eastern Wood-Pewee/XC342254.npy,../../Datasets/BirdClef/audio/Contopus virens_Eastern Wood-Pewee/XC342254.mp3
train,Contopus virens_Eastern Wood-Pewee,../../Datasets/BirdClef/features/Contopus virens_Eastern Wood-Pewee/XC402740.npy,../../Datasets/BirdClef/audio/Contopus virens_Eastern Wood-Pewee/XC402740.mp3
train,Contopus virens_Eastern Wood-Pewee,../../Datasets/BirdClef/features/Contopus virens_Eastern Wood-Pewee/XC124634.npy,../../Datasets/BirdClef/audio/Contopus virens_Eastern Wood-Pewee/XC124634.mp3
train,Contopus virens_Eastern Wood-Pewee,../../Datasets/BirdClef/features/Contopus virens_Eastern Wood-Pewee/XC388836.npy,../../Datasets/BirdClef/audio/Contopus virens_Eastern Wood-Pewee/XC388836.mp3
train,Contopus virens_Eastern Wood-Pewee,../../Datasets/BirdClef/features/Contopus virens_Eastern Wood-Pewee/XC110057.npy,../../Datasets/BirdClef/audio/Contopus virens_Eastern Wood-Pewee/XC110057.mp3
train,Coragyps atratus_Black Vulture,../../Datasets/BirdClef/features/Coragyps atratus_Black Vulture/XC422352.npy,../../Datasets/BirdClef/audio/Coragyps atratus_Black Vulture/XC422352.mp3
train,Coragyps atratus_Black Vulture,../../Datasets/BirdClef/features/Coragyps atratus_Black Vulture/XC390401.npy,../../Datasets/BirdClef/audio/Coragyps atratus_Black Vulture/XC390401.mp3
train,Coragyps atratus_Black Vulture,../../Datasets/BirdClef/features/Coragyps atratus_Black Vulture/XC143650.npy,../../Datasets/BirdClef/audio/Coragyps atratus_Black Vulture/XC143650.mp3
train,Coragyps atratus_Black Vulture,../../Datasets/BirdClef/features/Coragyps atratus_Black Vulture/XC221640.npy,../../Datasets/BirdClef/audio/Coragyps atratus_Black Vulture/XC221640.mp3
train,Coragyps atratus_Black Vulture,../../Datasets/BirdClef/features/Coragyps atratus_Black Vulture/XC174763.npy,../../Datasets/BirdClef/audio/Coragyps atratus_Black Vulture/XC174763.mp3
train,Corvus brachyrhynchos_American Crow,../../Datasets/BirdClef/features/Corvus brachyrhynchos_American Crow/XC104834.npy,../../Datasets/BirdClef/audio/Corvus brachyrhynchos_American Crow/XC104834.mp3
train,Corvus brachyrhynchos_American Crow,../../Datasets/BirdClef/features/Corvus brachyrhynchos_American Crow/XC112598.npy,../../Datasets/BirdClef/audio/Corvus brachyrhynchos_American Crow/XC112598.mp3
train,Corvus brachyrhynchos_American Crow,../../Datasets/BirdClef/features/Corvus brachyrhynchos_American Crow/XC131447.npy,../../Datasets/BirdClef/audio/Corvus brachyrhynchos_American Crow/XC131447.mp3
train,Corvus brachyrhynchos_American Crow,../../Datasets/BirdClef/features/Corvus brachyrhynchos_American Crow/XC404505.npy,../../Datasets/BirdClef/audio/Corvus brachyrhynchos_American Crow/XC404505.mp3
train,Corvus brachyrhynchos_American Crow,../../Datasets/BirdClef/features/Corvus brachyrhynchos_American Crow/XC289011.npy,../../Datasets/BirdClef/audio/Corvus brachyrhynchos_American Crow/XC289011.mp3
train,Corvus corax_Common Raven,../../Datasets/BirdClef/features/Corvus corax_Common Raven/XC253133.npy,../../Datasets/BirdClef/audio/Corvus corax_Common Raven/XC253133.mp3
train,Corvus corax_Common Raven,../../Datasets/BirdClef/features/Corvus corax_Common Raven/XC255135.npy,../../Datasets/BirdClef/audio/Corvus corax_Common Raven/XC255135.mp3
train,Corvus corax_Common Raven,../../Datasets/BirdClef/features/Corvus corax_Common Raven/XC213774.npy,../../Datasets/BirdClef/audio/Corvus corax_Common Raven/XC213774.mp3
train,Corvus corax_Common Raven,../../Datasets/BirdClef/features/Corvus corax_Common Raven/XC143619.npy,../../Datasets/BirdClef/audio/Corvus corax_Common Raven/XC143619.mp3
train,Corvus corax_Common Raven,../../Datasets/BirdClef/features/Corvus corax_Common Raven/XC170400.npy,../../Datasets/BirdClef/audio/Corvus corax_Common Raven/XC170400.mp3
train,Corvus corone_Carrion Crow,../../Datasets/BirdClef/features/Corvus corone_Carrion Crow/XC483549.npy,../../Datasets/BirdClef/audio/Corvus corone_Carrion Crow/XC483549.mp3
train,Corvus corone_Carrion Crow,../../Datasets/BirdClef/features/Corvus corone_Carrion Crow/XC475115.npy,../../Datasets/BirdClef/audio/Corvus corone_Carrion Crow/XC475115.mp3
train,Corvus corone_Carrion Crow,../../Datasets/BirdClef/features/Corvus corone_Carrion Crow/XC35593.npy,../../Datasets/BirdClef/audio/Corvus corone_Carrion Crow/XC35593.mp3
train,Corvus corone_Carrion Crow,../../Datasets/BirdClef/features/Corvus corone_Carrion Crow/XC48827.npy,../../Datasets/BirdClef/audio/Corvus corone_Carrion Crow/XC48827.mp3
train,Corvus corone_Carrion Crow,../../Datasets/BirdClef/features/Corvus corone_Carrion Crow/XC481317.npy,../../Datasets/BirdClef/audio/Corvus corone_Carrion Crow/XC481317.mp3
train,Corvus frugilegus_Rook,../../Datasets/BirdClef/features/Corvus frugilegus_Rook/XC465770.npy,../../Datasets/BirdClef/audio/Corvus frugilegus_Rook/XC465770.mp3
train,Corvus frugilegus_Rook,../../Datasets/BirdClef/features/Corvus frugilegus_Rook/XC447645.npy,../../Datasets/BirdClef/audio/Corvus frugilegus_Rook/XC447645.mp3
train,Corvus frugilegus_Rook,../../Datasets/BirdClef/features/Corvus frugilegus_Rook/XC207930.npy,../../Datasets/BirdClef/audio/Corvus frugilegus_Rook/XC207930.mp3
train,Corvus frugilegus_Rook,../../Datasets/BirdClef/features/Corvus frugilegus_Rook/XC45471.npy,../../Datasets/BirdClef/audio/Corvus frugilegus_Rook/XC45471.mp3
train,Corvus frugilegus_Rook,../../Datasets/BirdClef/features/Corvus frugilegus_Rook/XC308866.npy,../../Datasets/BirdClef/audio/Corvus frugilegus_Rook/XC308866.mp3
train,Corvus monedula_Eurasian Jackdaw,../../Datasets/BirdClef/features/Corvus monedula_Eurasian Jackdaw/XC461835.npy,../../Datasets/BirdClef/audio/Corvus monedula_Eurasian Jackdaw/XC461835.mp3
train,Corvus monedula_Eurasian Jackdaw,../../Datasets/BirdClef/features/Corvus monedula_Eurasian Jackdaw/XC495018.npy,../../Datasets/BirdClef/audio/Corvus monedula_Eurasian Jackdaw/XC495018.mp3
train,Corvus monedula_Eurasian Jackdaw,../../Datasets/BirdClef/features/Corvus monedula_Eurasian Jackdaw/XC385382.npy,../../Datasets/BirdClef/audio/Corvus monedula_Eurasian Jackdaw/XC385382.mp3
train,Corvus monedula_Eurasian Jackdaw,../../Datasets/BirdClef/features/Corvus monedula_Eurasian Jackdaw/XC197021.npy,../../Datasets/BirdClef/audio/Corvus monedula_Eurasian Jackdaw/XC197021.mp3
train,Corvus monedula_Eurasian Jackdaw,../../Datasets/BirdClef/features/Corvus monedula_Eurasian Jackdaw/XC121691.npy,../../Datasets/BirdClef/audio/Corvus monedula_Eurasian Jackdaw/XC121691.mp3
train,Corvus ossifragus_Fish Crow,../../Datasets/BirdClef/features/Corvus ossifragus_Fish Crow/XC460997.npy,../../Datasets/BirdClef/audio/Corvus ossifragus_Fish Crow/XC460997.mp3
train,Corvus ossifragus_Fish Crow,../../Datasets/BirdClef/features/Corvus ossifragus_Fish Crow/XC180082.npy,../../Datasets/BirdClef/audio/Corvus ossifragus_Fish Crow/XC180082.mp3
train,Corvus ossifragus_Fish Crow,../../Datasets/BirdClef/features/Corvus ossifragus_Fish Crow/XC465988.npy,../../Datasets/BirdClef/audio/Corvus ossifragus_Fish Crow/XC465988.mp3
train,Corvus ossifragus_Fish Crow,../../Datasets/BirdClef/features/Corvus ossifragus_Fish Crow/XC324811.npy,../../Datasets/BirdClef/audio/Corvus ossifragus_Fish Crow/XC324811.mp3
train,Corvus ossifragus_Fish Crow,../../Datasets/BirdClef/features/Corvus ossifragus_Fish Crow/XC112517.npy,../../Datasets/BirdClef/audio/Corvus ossifragus_Fish Crow/XC112517.mp3
train,Corythopis torquatus_Ringed Antpipit,../../Datasets/BirdClef/features/Corythopis torquatus_Ringed Antpipit/XC2889.npy,../../Datasets/BirdClef/audio/Corythopis torquatus_Ringed Antpipit/XC2889.mp3
train,Corythopis torquatus_Ringed Antpipit,../../Datasets/BirdClef/features/Corythopis torquatus_Ringed Antpipit/XC427255.npy,../../Datasets/BirdClef/audio/Corythopis torquatus_Ringed Antpipit/XC427255.mp3
train,Corythopis torquatus_Ringed Antpipit,../../Datasets/BirdClef/features/Corythopis torquatus_Ringed Antpipit/XC258765.npy,../../Datasets/BirdClef/audio/Corythopis torquatus_Ringed Antpipit/XC258765.mp3
train,Corythopis torquatus_Ringed Antpipit,../../Datasets/BirdClef/features/Corythopis torquatus_Ringed Antpipit/XC28249.npy,../../Datasets/BirdClef/audio/Corythopis torquatus_Ringed Antpipit/XC28249.mp3
train,Corythopis torquatus_Ringed Antpipit,../../Datasets/BirdClef/features/Corythopis torquatus_Ringed Antpipit/XC76077.npy,../../Datasets/BirdClef/audio/Corythopis torquatus_Ringed Antpipit/XC76077.mp3
train,Crotophaga ani_Smooth-billed Ani,../../Datasets/BirdClef/features/Crotophaga ani_Smooth-billed Ani/XC171402.npy,../../Datasets/BirdClef/audio/Crotophaga ani_Smooth-billed Ani/XC171402.mp3
train,Crotophaga ani_Smooth-billed Ani,../../Datasets/BirdClef/features/Crotophaga ani_Smooth-billed Ani/XC36853.npy,../../Datasets/BirdClef/audio/Crotophaga ani_Smooth-billed Ani/XC36853.mp3
train,Crotophaga ani_Smooth-billed Ani,../../Datasets/BirdClef/features/Crotophaga ani_Smooth-billed Ani/XC171405.npy,../../Datasets/BirdClef/audio/Crotophaga ani_Smooth-billed Ani/XC171405.mp3
train,Crotophaga ani_Smooth-billed Ani,../../Datasets/BirdClef/features/Crotophaga ani_Smooth-billed Ani/XC122246.npy,../../Datasets/BirdClef/audio/Crotophaga ani_Smooth-billed Ani/XC122246.mp3
train,Crotophaga ani_Smooth-billed Ani,../../Datasets/BirdClef/features/Crotophaga ani_Smooth-billed Ani/XC171403.npy,../../Datasets/BirdClef/audio/Crotophaga ani_Smooth-billed Ani/XC171403.mp3
train,Crotophaga major_Greater Ani,../../Datasets/BirdClef/features/Crotophaga major_Greater Ani/XC484428.npy,../../Datasets/BirdClef/audio/Crotophaga major_Greater Ani/XC484428.mp3
train,Crotophaga major_Greater Ani,../../Datasets/BirdClef/features/Crotophaga major_Greater Ani/XC142307.npy,../../Datasets/BirdClef/audio/Crotophaga major_Greater Ani/XC142307.mp3
train,Crotophaga major_Greater Ani,../../Datasets/BirdClef/features/Crotophaga major_Greater Ani/XC137815.npy,../../Datasets/BirdClef/audio/Crotophaga major_Greater Ani/XC137815.mp3
train,Crotophaga major_Greater Ani,../../Datasets/BirdClef/features/Crotophaga major_Greater Ani/XC85029.npy,../../Datasets/BirdClef/audio/Crotophaga major_Greater Ani/XC85029.mp3
train,Crotophaga major_Greater Ani,../../Datasets/BirdClef/features/Crotophaga major_Greater Ani/XC341239.npy,../../Datasets/BirdClef/audio/Crotophaga major_Greater Ani/XC341239.mp3
train,Crypturellus cinereus_Cinereous Tinamou,../../Datasets/BirdClef/features/Crypturellus cinereus_Cinereous Tinamou/XC329090.npy,../../Datasets/BirdClef/audio/Crypturellus cinereus_Cinereous Tinamou/XC329090.mp3
train,Crypturellus cinereus_Cinereous Tinamou,../../Datasets/BirdClef/features/Crypturellus cinereus_Cinereous Tinamou/XC100340.npy,../../Datasets/BirdClef/audio/Crypturellus cinereus_Cinereous Tinamou/XC100340.mp3
train,Crypturellus cinereus_Cinereous Tinamou,../../Datasets/BirdClef/features/Crypturellus cinereus_Cinereous Tinamou/XC453540.npy,../../Datasets/BirdClef/audio/Crypturellus cinereus_Cinereous Tinamou/XC453540.mp3
train,Crypturellus cinereus_Cinereous Tinamou,../../Datasets/BirdClef/features/Crypturellus cinereus_Cinereous Tinamou/XC167252.npy,../../Datasets/BirdClef/audio/Crypturellus cinereus_Cinereous Tinamou/XC167252.mp3
train,Crypturellus cinereus_Cinereous Tinamou,../../Datasets/BirdClef/features/Crypturellus cinereus_Cinereous Tinamou/XC275912.npy,../../Datasets/BirdClef/audio/Crypturellus cinereus_Cinereous Tinamou/XC275912.mp3
train,Crypturellus obsoletus_Brown Tinamou,../../Datasets/BirdClef/features/Crypturellus obsoletus_Brown Tinamou/XC113190.npy,../../Datasets/BirdClef/audio/Crypturellus obsoletus_Brown Tinamou/XC113190.mp3
train,Crypturellus obsoletus_Brown Tinamou,../../Datasets/BirdClef/features/Crypturellus obsoletus_Brown Tinamou/XC414872.npy,../../Datasets/BirdClef/audio/Crypturellus obsoletus_Brown Tinamou/XC414872.mp3
train,Crypturellus obsoletus_Brown Tinamou,../../Datasets/BirdClef/features/Crypturellus obsoletus_Brown Tinamou/XC115082.npy,../../Datasets/BirdClef/audio/Crypturellus obsoletus_Brown Tinamou/XC115082.mp3
train,Crypturellus obsoletus_Brown Tinamou,../../Datasets/BirdClef/features/Crypturellus obsoletus_Brown Tinamou/XC46886.npy,../../Datasets/BirdClef/audio/Crypturellus obsoletus_Brown Tinamou/XC46886.mp3
train,Crypturellus obsoletus_Brown Tinamou,../../Datasets/BirdClef/features/Crypturellus obsoletus_Brown Tinamou/XC341011.npy,../../Datasets/BirdClef/audio/Crypturellus obsoletus_Brown Tinamou/XC341011.mp3
train,Crypturellus parvirostris_Small-billed Tinamou,../../Datasets/BirdClef/features/Crypturellus parvirostris_Small-billed Tinamou/XC212586.npy,../../Datasets/BirdClef/audio/Crypturellus parvirostris_Small-billed Tinamou/XC212586.mp3
train,Crypturellus parvirostris_Small-billed Tinamou,../../Datasets/BirdClef/features/Crypturellus parvirostris_Small-billed Tinamou/XC108627.npy,../../Datasets/BirdClef/audio/Crypturellus parvirostris_Small-billed Tinamou/XC108627.mp3
train,Crypturellus parvirostris_Small-billed Tinamou,../../Datasets/BirdClef/features/Crypturellus parvirostris_Small-billed Tinamou/XC221872.npy,../../Datasets/BirdClef/audio/Crypturellus parvirostris_Small-billed Tinamou/XC221872.mp3
train,Crypturellus parvirostris_Small-billed Tinamou,../../Datasets/BirdClef/features/Crypturellus parvirostris_Small-billed Tinamou/XC221878.npy,../../Datasets/BirdClef/audio/Crypturellus parvirostris_Small-billed Tinamou/XC221878.mp3
train,Crypturellus parvirostris_Small-billed Tinamou,../../Datasets/BirdClef/features/Crypturellus parvirostris_Small-billed Tinamou/XC114957.npy,../../Datasets/BirdClef/audio/Crypturellus parvirostris_Small-billed Tinamou/XC114957.mp3
train,Crypturellus soui_Little Tinamou,../../Datasets/BirdClef/features/Crypturellus soui_Little Tinamou/XC221883.npy,../../Datasets/BirdClef/audio/Crypturellus soui_Little Tinamou/XC221883.mp3
train,Crypturellus soui_Little Tinamou,../../Datasets/BirdClef/features/Crypturellus soui_Little Tinamou/XC411458.npy,../../Datasets/BirdClef/audio/Crypturellus soui_Little Tinamou/XC411458.mp3
train,Crypturellus soui_Little Tinamou,../../Datasets/BirdClef/features/Crypturellus soui_Little Tinamou/XC117692.npy,../../Datasets/BirdClef/audio/Crypturellus soui_Little Tinamou/XC117692.mp3
train,Crypturellus soui_Little Tinamou,../../Datasets/BirdClef/features/Crypturellus soui_Little Tinamou/XC117939.npy,../../Datasets/BirdClef/audio/Crypturellus soui_Little Tinamou/XC117939.mp3
train,Crypturellus soui_Little Tinamou,../../Datasets/BirdClef/features/Crypturellus soui_Little Tinamou/XC424036.npy,../../Datasets/BirdClef/audio/Crypturellus soui_Little Tinamou/XC424036.mp3
train,Crypturellus strigulosus_Brazilian Tinamou,../../Datasets/BirdClef/features/Crypturellus strigulosus_Brazilian Tinamou/XC118961.npy,../../Datasets/BirdClef/audio/Crypturellus strigulosus_Brazilian Tinamou/XC118961.mp3
train,Crypturellus strigulosus_Brazilian Tinamou,../../Datasets/BirdClef/features/Crypturellus strigulosus_Brazilian Tinamou/XC323752.npy,../../Datasets/BirdClef/audio/Crypturellus strigulosus_Brazilian Tinamou/XC323752.mp3
train,Crypturellus strigulosus_Brazilian Tinamou,../../Datasets/BirdClef/features/Crypturellus strigulosus_Brazilian Tinamou/XC312931.npy,../../Datasets/BirdClef/audio/Crypturellus strigulosus_Brazilian Tinamou/XC312931.mp3
train,Crypturellus strigulosus_Brazilian Tinamou,../../Datasets/BirdClef/features/Crypturellus strigulosus_Brazilian Tinamou/XC427271.npy,../../Datasets/BirdClef/audio/Crypturellus strigulosus_Brazilian Tinamou/XC427271.mp3
train,Crypturellus strigulosus_Brazilian Tinamou,../../Datasets/BirdClef/features/Crypturellus strigulosus_Brazilian Tinamou/XC63332.npy,../../Datasets/BirdClef/audio/Crypturellus strigulosus_Brazilian Tinamou/XC63332.mp3
train,Crypturellus undulatus_Undulated Tinamou,../../Datasets/BirdClef/features/Crypturellus undulatus_Undulated Tinamou/XC217870.npy,../../Datasets/BirdClef/audio/Crypturellus undulatus_Undulated Tinamou/XC217870.mp3
train,Crypturellus undulatus_Undulated Tinamou,../../Datasets/BirdClef/features/Crypturellus undulatus_Undulated Tinamou/XC302125.npy,../../Datasets/BirdClef/audio/Crypturellus undulatus_Undulated Tinamou/XC302125.mp3
train,Crypturellus undulatus_Undulated Tinamou,../../Datasets/BirdClef/features/Crypturellus undulatus_Undulated Tinamou/XC120546.npy,../../Datasets/BirdClef/audio/Crypturellus undulatus_Undulated Tinamou/XC120546.mp3
train,Crypturellus undulatus_Undulated Tinamou,../../Datasets/BirdClef/features/Crypturellus undulatus_Undulated Tinamou/XC117744.npy,../../Datasets/BirdClef/audio/Crypturellus undulatus_Undulated Tinamou/XC117744.mp3
train,Crypturellus undulatus_Undulated Tinamou,../../Datasets/BirdClef/features/Crypturellus undulatus_Undulated Tinamou/XC275916.npy,../../Datasets/BirdClef/audio/Crypturellus undulatus_Undulated Tinamou/XC275916.mp3
train,Crypturellus variegatus_Variegated Tinamou,../../Datasets/BirdClef/features/Crypturellus variegatus_Variegated Tinamou/XC221944.npy,../../Datasets/BirdClef/audio/Crypturellus variegatus_Variegated Tinamou/XC221944.mp3
train,Crypturellus variegatus_Variegated Tinamou,../../Datasets/BirdClef/features/Crypturellus variegatus_Variegated Tinamou/XC129842.npy,../../Datasets/BirdClef/audio/Crypturellus variegatus_Variegated Tinamou/XC129842.mp3
train,Crypturellus variegatus_Variegated Tinamou,../../Datasets/BirdClef/features/Crypturellus variegatus_Variegated Tinamou/XC85515.npy,../../Datasets/BirdClef/audio/Crypturellus variegatus_Variegated Tinamou/XC85515.mp3
train,Crypturellus variegatus_Variegated Tinamou,../../Datasets/BirdClef/features/Crypturellus variegatus_Variegated Tinamou/XC5713.npy,../../Datasets/BirdClef/audio/Crypturellus variegatus_Variegated Tinamou/XC5713.mp3
train,Crypturellus variegatus_Variegated Tinamou,../../Datasets/BirdClef/features/Crypturellus variegatus_Variegated Tinamou/XC117327.npy,../../Datasets/BirdClef/audio/Crypturellus variegatus_Variegated Tinamou/XC117327.mp3
train,Cuculus canorus_Common Cuckoo,../../Datasets/BirdClef/features/Cuculus canorus_Common Cuckoo/XC25629.npy,../../Datasets/BirdClef/audio/Cuculus canorus_Common Cuckoo/XC25629.mp3
train,Cuculus canorus_Common Cuckoo,../../Datasets/BirdClef/features/Cuculus canorus_Common Cuckoo/XC145279.npy,../../Datasets/BirdClef/audio/Cuculus canorus_Common Cuckoo/XC145279.mp3
train,Cuculus canorus_Common Cuckoo,../../Datasets/BirdClef/features/Cuculus canorus_Common Cuckoo/XC369573.npy,../../Datasets/BirdClef/audio/Cuculus canorus_Common Cuckoo/XC369573.mp3
train,Cuculus canorus_Common Cuckoo,../../Datasets/BirdClef/features/Cuculus canorus_Common Cuckoo/XC374165.npy,../../Datasets/BirdClef/audio/Cuculus canorus_Common Cuckoo/XC374165.mp3
train,Cuculus canorus_Common Cuckoo,../../Datasets/BirdClef/features/Cuculus canorus_Common Cuckoo/XC412687.npy,../../Datasets/BirdClef/audio/Cuculus canorus_Common Cuckoo/XC412687.mp3
train,Cyanerpes cyaneus_Red-legged Honeycreeper,../../Datasets/BirdClef/features/Cyanerpes cyaneus_Red-legged Honeycreeper/XC387967.npy,../../Datasets/BirdClef/audio/Cyanerpes cyaneus_Red-legged Honeycreeper/XC387967.mp3
train,Cyanerpes cyaneus_Red-legged Honeycreeper,../../Datasets/BirdClef/features/Cyanerpes cyaneus_Red-legged Honeycreeper/XC77720.npy,../../Datasets/BirdClef/audio/Cyanerpes cyaneus_Red-legged Honeycreeper/XC77720.mp3
train,Cyanerpes cyaneus_Red-legged Honeycreeper,../../Datasets/BirdClef/features/Cyanerpes cyaneus_Red-legged Honeycreeper/XC472330.npy,../../Datasets/BirdClef/audio/Cyanerpes cyaneus_Red-legged Honeycreeper/XC472330.mp3
train,Cyanerpes cyaneus_Red-legged Honeycreeper,../../Datasets/BirdClef/features/Cyanerpes cyaneus_Red-legged Honeycreeper/XC402360.npy,../../Datasets/BirdClef/audio/Cyanerpes cyaneus_Red-legged Honeycreeper/XC402360.mp3
train,Cyanerpes cyaneus_Red-legged Honeycreeper,../../Datasets/BirdClef/features/Cyanerpes cyaneus_Red-legged Honeycreeper/XC221960.npy,../../Datasets/BirdClef/audio/Cyanerpes cyaneus_Red-legged Honeycreeper/XC221960.mp3
train,Cyanistes caeruleus_Eurasian Blue Tit,../../Datasets/BirdClef/features/Cyanistes caeruleus_Eurasian Blue Tit/XC25666.npy,../../Datasets/BirdClef/audio/Cyanistes caeruleus_Eurasian Blue Tit/XC25666.mp3
train,Cyanistes caeruleus_Eurasian Blue Tit,../../Datasets/BirdClef/features/Cyanistes caeruleus_Eurasian Blue Tit/XC218741.npy,../../Datasets/BirdClef/audio/Cyanistes caeruleus_Eurasian Blue Tit/XC218741.mp3
train,Cyanistes caeruleus_Eurasian Blue Tit,../../Datasets/BirdClef/features/Cyanistes caeruleus_Eurasian Blue Tit/XC117008.npy,../../Datasets/BirdClef/audio/Cyanistes caeruleus_Eurasian Blue Tit/XC117008.mp3
train,Cyanistes caeruleus_Eurasian Blue Tit,../../Datasets/BirdClef/features/Cyanistes caeruleus_Eurasian Blue Tit/XC118220.npy,../../Datasets/BirdClef/audio/Cyanistes caeruleus_Eurasian Blue Tit/XC118220.mp3
train,Cyanistes caeruleus_Eurasian Blue Tit,../../Datasets/BirdClef/features/Cyanistes caeruleus_Eurasian Blue Tit/XC165083.npy,../../Datasets/BirdClef/audio/Cyanistes caeruleus_Eurasian Blue Tit/XC165083.mp3
train,Cyanocitta cristata_Blue Jay,../../Datasets/BirdClef/features/Cyanocitta cristata_Blue Jay/XC165322.npy,../../Datasets/BirdClef/audio/Cyanocitta cristata_Blue Jay/XC165322.mp3
train,Cyanocitta cristata_Blue Jay,../../Datasets/BirdClef/features/Cyanocitta cristata_Blue Jay/XC310840.npy,../../Datasets/BirdClef/audio/Cyanocitta cristata_Blue Jay/XC310840.mp3
train,Cyanocitta cristata_Blue Jay,../../Datasets/BirdClef/features/Cyanocitta cristata_Blue Jay/XC421264.npy,../../Datasets/BirdClef/audio/Cyanocitta cristata_Blue Jay/XC421264.mp3
train,Cyanocitta cristata_Blue Jay,../../Datasets/BirdClef/features/Cyanocitta cristata_Blue Jay/XC389235.npy,../../Datasets/BirdClef/audio/Cyanocitta cristata_Blue Jay/XC389235.mp3
train,Cyanocitta cristata_Blue Jay,../../Datasets/BirdClef/features/Cyanocitta cristata_Blue Jay/XC205522.npy,../../Datasets/BirdClef/audio/Cyanocitta cristata_Blue Jay/XC205522.mp3
train,Cyanocitta stelleri_Steller's Jay,../../Datasets/BirdClef/features/Cyanocitta stelleri_Steller's Jay/XC390093.npy,../../Datasets/BirdClef/audio/Cyanocitta stelleri_Steller's Jay/XC390093.mp3
train,Cyanocitta stelleri_Steller's Jay,../../Datasets/BirdClef/features/Cyanocitta stelleri_Steller's Jay/XC163635.npy,../../Datasets/BirdClef/audio/Cyanocitta stelleri_Steller's Jay/XC163635.mp3
train,Cyanocitta stelleri_Steller's Jay,../../Datasets/BirdClef/features/Cyanocitta stelleri_Steller's Jay/XC490775.npy,../../Datasets/BirdClef/audio/Cyanocitta stelleri_Steller's Jay/XC490775.mp3
train,Cyanocitta stelleri_Steller's Jay,../../Datasets/BirdClef/features/Cyanocitta stelleri_Steller's Jay/XC489338.npy,../../Datasets/BirdClef/audio/Cyanocitta stelleri_Steller's Jay/XC489338.mp3
train,Cyanocitta stelleri_Steller's Jay,../../Datasets/BirdClef/features/Cyanocitta stelleri_Steller's Jay/XC461544.npy,../../Datasets/BirdClef/audio/Cyanocitta stelleri_Steller's Jay/XC461544.mp3
train,Cyanocorax cyanomelas_Purplish Jay,../../Datasets/BirdClef/features/Cyanocorax cyanomelas_Purplish Jay/XC178115.npy,../../Datasets/BirdClef/audio/Cyanocorax cyanomelas_Purplish Jay/XC178115.mp3
train,Cyanocorax cyanomelas_Purplish Jay,../../Datasets/BirdClef/features/Cyanocorax cyanomelas_Purplish Jay/XC31234.npy,../../Datasets/BirdClef/audio/Cyanocorax cyanomelas_Purplish Jay/XC31234.mp3
train,Cyanocorax cyanomelas_Purplish Jay,../../Datasets/BirdClef/features/Cyanocorax cyanomelas_Purplish Jay/XC90563.npy,../../Datasets/BirdClef/audio/Cyanocorax cyanomelas_Purplish Jay/XC90563.mp3
train,Cyanocorax cyanomelas_Purplish Jay,../../Datasets/BirdClef/features/Cyanocorax cyanomelas_Purplish Jay/XC451260.npy,../../Datasets/BirdClef/audio/Cyanocorax cyanomelas_Purplish Jay/XC451260.mp3
train,Cyanocorax cyanomelas_Purplish Jay,../../Datasets/BirdClef/features/Cyanocorax cyanomelas_Purplish Jay/XC222043.npy,../../Datasets/BirdClef/audio/Cyanocorax cyanomelas_Purplish Jay/XC222043.mp3
train,Cyanocorax violaceus_Violaceous Jay,../../Datasets/BirdClef/features/Cyanocorax violaceus_Violaceous Jay/XC86299.npy,../../Datasets/BirdClef/audio/Cyanocorax violaceus_Violaceous Jay/XC86299.mp3
train,Cyanocorax violaceus_Violaceous Jay,../../Datasets/BirdClef/features/Cyanocorax violaceus_Violaceous Jay/XC99607.npy,../../Datasets/BirdClef/audio/Cyanocorax violaceus_Violaceous Jay/XC99607.mp3
train,Cyanocorax violaceus_Violaceous Jay,../../Datasets/BirdClef/features/Cyanocorax violaceus_Violaceous Jay/XC353320.npy,../../Datasets/BirdClef/audio/Cyanocorax violaceus_Violaceous Jay/XC353320.mp3
train,Cyanocorax violaceus_Violaceous Jay,../../Datasets/BirdClef/features/Cyanocorax violaceus_Violaceous Jay/XC450249.npy,../../Datasets/BirdClef/audio/Cyanocorax violaceus_Violaceous Jay/XC450249.mp3
train,Cyanocorax violaceus_Violaceous Jay,../../Datasets/BirdClef/features/Cyanocorax violaceus_Violaceous Jay/XC222087.npy,../../Datasets/BirdClef/audio/Cyanocorax violaceus_Violaceous Jay/XC222087.mp3
train,Cyanoloxia rothschildii_Amazonian Grosbeak,../../Datasets/BirdClef/features/Cyanoloxia rothschildii_Amazonian Grosbeak/XC213014.npy,../../Datasets/BirdClef/audio/Cyanoloxia rothschildii_Amazonian Grosbeak/XC213014.mp3
train,Cyanoloxia rothschildii_Amazonian Grosbeak,../../Datasets/BirdClef/features/Cyanoloxia rothschildii_Amazonian Grosbeak/XC221998.npy,../../Datasets/BirdClef/audio/Cyanoloxia rothschildii_Amazonian Grosbeak/XC221998.mp3
train,Cyanoloxia rothschildii_Amazonian Grosbeak,../../Datasets/BirdClef/features/Cyanoloxia rothschildii_Amazonian Grosbeak/XC201863.npy,../../Datasets/BirdClef/audio/Cyanoloxia rothschildii_Amazonian Grosbeak/XC201863.mp3
train,Cyanoloxia rothschildii_Amazonian Grosbeak,../../Datasets/BirdClef/features/Cyanoloxia rothschildii_Amazonian Grosbeak/XC242464.npy,../../Datasets/BirdClef/audio/Cyanoloxia rothschildii_Amazonian Grosbeak/XC242464.mp3
train,Cyanoloxia rothschildii_Amazonian Grosbeak,../../Datasets/BirdClef/features/Cyanoloxia rothschildii_Amazonian Grosbeak/XC16641.npy,../../Datasets/BirdClef/audio/Cyanoloxia rothschildii_Amazonian Grosbeak/XC16641.mp3
train,Cyclarhis gujanensis_Rufous-browed Peppershrike,../../Datasets/BirdClef/features/Cyclarhis gujanensis_Rufous-browed Peppershrike/XC332415.npy,../../Datasets/BirdClef/audio/Cyclarhis gujanensis_Rufous-browed Peppershrike/XC332415.mp3
train,Cyclarhis gujanensis_Rufous-browed Peppershrike,../../Datasets/BirdClef/features/Cyclarhis gujanensis_Rufous-browed Peppershrike/XC207201.npy,../../Datasets/BirdClef/audio/Cyclarhis gujanensis_Rufous-browed Peppershrike/XC207201.mp3
train,Cyclarhis gujanensis_Rufous-browed Peppershrike,../../Datasets/BirdClef/features/Cyclarhis gujanensis_Rufous-browed Peppershrike/XC158276.npy,../../Datasets/BirdClef/audio/Cyclarhis gujanensis_Rufous-browed Peppershrike/XC158276.mp3
train,Cyclarhis gujanensis_Rufous-browed Peppershrike,../../Datasets/BirdClef/features/Cyclarhis gujanensis_Rufous-browed Peppershrike/XC424453.npy,../../Datasets/BirdClef/audio/Cyclarhis gujanensis_Rufous-browed Peppershrike/XC424453.mp3
train,Cyclarhis gujanensis_Rufous-browed Peppershrike,../../Datasets/BirdClef/features/Cyclarhis gujanensis_Rufous-browed Peppershrike/XC470054.npy,../../Datasets/BirdClef/audio/Cyclarhis gujanensis_Rufous-browed Peppershrike/XC470054.mp3
train,Cygnus buccinator_Trumpeter Swan,../../Datasets/BirdClef/features/Cygnus buccinator_Trumpeter Swan/XC355228.npy,../../Datasets/BirdClef/audio/Cygnus buccinator_Trumpeter Swan/XC355228.mp3
train,Cygnus buccinator_Trumpeter Swan,../../Datasets/BirdClef/features/Cygnus buccinator_Trumpeter Swan/XC103414.npy,../../Datasets/BirdClef/audio/Cygnus buccinator_Trumpeter Swan/XC103414.mp3
train,Cygnus buccinator_Trumpeter Swan,../../Datasets/BirdClef/features/Cygnus buccinator_Trumpeter Swan/XC298754.npy,../../Datasets/BirdClef/audio/Cygnus buccinator_Trumpeter Swan/XC298754.mp3
train,Cygnus buccinator_Trumpeter Swan,../../Datasets/BirdClef/features/Cygnus buccinator_Trumpeter Swan/XC355221.npy,../../Datasets/BirdClef/audio/Cygnus buccinator_Trumpeter Swan/XC355221.mp3
train,Cygnus buccinator_Trumpeter Swan,../../Datasets/BirdClef/features/Cygnus buccinator_Trumpeter Swan/XC283617.npy,../../Datasets/BirdClef/audio/Cygnus buccinator_Trumpeter Swan/XC283617.mp3
train,Cygnus columbianus_Tundra Swan,../../Datasets/BirdClef/features/Cygnus columbianus_Tundra Swan/XC11850.npy,../../Datasets/BirdClef/audio/Cygnus columbianus_Tundra Swan/XC11850.mp3
train,Cygnus columbianus_Tundra Swan,../../Datasets/BirdClef/features/Cygnus columbianus_Tundra Swan/XC141010.npy,../../Datasets/BirdClef/audio/Cygnus columbianus_Tundra Swan/XC141010.mp3
train,Cygnus columbianus_Tundra Swan,../../Datasets/BirdClef/features/Cygnus columbianus_Tundra Swan/XC301956.npy,../../Datasets/BirdClef/audio/Cygnus columbianus_Tundra Swan/XC301956.mp3
train,Cygnus columbianus_Tundra Swan,../../Datasets/BirdClef/features/Cygnus columbianus_Tundra Swan/XC446778.npy,../../Datasets/BirdClef/audio/Cygnus columbianus_Tundra Swan/XC446778.mp3
train,Cygnus columbianus_Tundra Swan,../../Datasets/BirdClef/features/Cygnus columbianus_Tundra Swan/XC102852.npy,../../Datasets/BirdClef/audio/Cygnus columbianus_Tundra Swan/XC102852.mp3
train,Cygnus cygnus_Whooper Swan,../../Datasets/BirdClef/features/Cygnus cygnus_Whooper Swan/XC404805.npy,../../Datasets/BirdClef/audio/Cygnus cygnus_Whooper Swan/XC404805.mp3
train,Cygnus cygnus_Whooper Swan,../../Datasets/BirdClef/features/Cygnus cygnus_Whooper Swan/XC128383.npy,../../Datasets/BirdClef/audio/Cygnus cygnus_Whooper Swan/XC128383.mp3
train,Cygnus cygnus_Whooper Swan,../../Datasets/BirdClef/features/Cygnus cygnus_Whooper Swan/XC412120.npy,../../Datasets/BirdClef/audio/Cygnus cygnus_Whooper Swan/XC412120.mp3
train,Cygnus cygnus_Whooper Swan,../../Datasets/BirdClef/features/Cygnus cygnus_Whooper Swan/XC403188.npy,../../Datasets/BirdClef/audio/Cygnus cygnus_Whooper Swan/XC403188.mp3
train,Cygnus cygnus_Whooper Swan,../../Datasets/BirdClef/features/Cygnus cygnus_Whooper Swan/XC478961.npy,../../Datasets/BirdClef/audio/Cygnus cygnus_Whooper Swan/XC478961.mp3
train,Cygnus olor_Mute Swan,../../Datasets/BirdClef/features/Cygnus olor_Mute Swan/XC59757.npy,../../Datasets/BirdClef/audio/Cygnus olor_Mute Swan/XC59757.mp3
train,Cygnus olor_Mute Swan,../../Datasets/BirdClef/features/Cygnus olor_Mute Swan/XC434513.npy,../../Datasets/BirdClef/audio/Cygnus olor_Mute Swan/XC434513.mp3
train,Cygnus olor_Mute Swan,../../Datasets/BirdClef/features/Cygnus olor_Mute Swan/XC170675.npy,../../Datasets/BirdClef/audio/Cygnus olor_Mute Swan/XC170675.mp3
train,Cygnus olor_Mute Swan,../../Datasets/BirdClef/features/Cygnus olor_Mute Swan/XC436965.npy,../../Datasets/BirdClef/audio/Cygnus olor_Mute Swan/XC436965.mp3
train,Cygnus olor_Mute Swan,../../Datasets/BirdClef/features/Cygnus olor_Mute Swan/XC202582.npy,../../Datasets/BirdClef/audio/Cygnus olor_Mute Swan/XC202582.mp3
train,Cymbilaimus lineatus_Fasciated Antshrike,../../Datasets/BirdClef/features/Cymbilaimus lineatus_Fasciated Antshrike/XC12810.npy,../../Datasets/BirdClef/audio/Cymbilaimus lineatus_Fasciated Antshrike/XC12810.mp3
train,Cymbilaimus lineatus_Fasciated Antshrike,../../Datasets/BirdClef/features/Cymbilaimus lineatus_Fasciated Antshrike/XC258330.npy,../../Datasets/BirdClef/audio/Cymbilaimus lineatus_Fasciated Antshrike/XC258330.mp3
train,Cymbilaimus lineatus_Fasciated Antshrike,../../Datasets/BirdClef/features/Cymbilaimus lineatus_Fasciated Antshrike/XC325796.npy,../../Datasets/BirdClef/audio/Cymbilaimus lineatus_Fasciated Antshrike/XC325796.mp3
train,Cymbilaimus lineatus_Fasciated Antshrike,../../Datasets/BirdClef/features/Cymbilaimus lineatus_Fasciated Antshrike/XC250758.npy,../../Datasets/BirdClef/audio/Cymbilaimus lineatus_Fasciated Antshrike/XC250758.mp3
train,Cymbilaimus lineatus_Fasciated Antshrike,../../Datasets/BirdClef/features/Cymbilaimus lineatus_Fasciated Antshrike/XC249062.npy,../../Datasets/BirdClef/audio/Cymbilaimus lineatus_Fasciated Antshrike/XC249062.mp3
train,Cyphorhinus arada_Musician Wren,../../Datasets/BirdClef/features/Cyphorhinus arada_Musician Wren/XC99428.npy,../../Datasets/BirdClef/audio/Cyphorhinus arada_Musician Wren/XC99428.mp3
train,Cyphorhinus arada_Musician Wren,../../Datasets/BirdClef/features/Cyphorhinus arada_Musician Wren/XC270673.npy,../../Datasets/BirdClef/audio/Cyphorhinus arada_Musician Wren/XC270673.mp3
train,Cyphorhinus arada_Musician Wren,../../Datasets/BirdClef/features/Cyphorhinus arada_Musician Wren/XC317850.npy,../../Datasets/BirdClef/audio/Cyphorhinus arada_Musician Wren/XC317850.mp3
train,Cyphorhinus arada_Musician Wren,../../Datasets/BirdClef/features/Cyphorhinus arada_Musician Wren/XC72714.npy,../../Datasets/BirdClef/audio/Cyphorhinus arada_Musician Wren/XC72714.mp3
train,Cyphorhinus arada_Musician Wren,../../Datasets/BirdClef/features/Cyphorhinus arada_Musician Wren/XC225269.npy,../../Datasets/BirdClef/audio/Cyphorhinus arada_Musician Wren/XC225269.mp3
train,Dacnis cayana_Blue Dacnis,../../Datasets/BirdClef/features/Dacnis cayana_Blue Dacnis/XC113205.npy,../../Datasets/BirdClef/audio/Dacnis cayana_Blue Dacnis/XC113205.mp3
train,Dacnis cayana_Blue Dacnis,../../Datasets/BirdClef/features/Dacnis cayana_Blue Dacnis/XC108127.npy,../../Datasets/BirdClef/audio/Dacnis cayana_Blue Dacnis/XC108127.mp3
train,Dacnis cayana_Blue Dacnis,../../Datasets/BirdClef/features/Dacnis cayana_Blue Dacnis/XC77004.npy,../../Datasets/BirdClef/audio/Dacnis cayana_Blue Dacnis/XC77004.mp3
train,Dacnis cayana_Blue Dacnis,../../Datasets/BirdClef/features/Dacnis cayana_Blue Dacnis/XC299149.npy,../../Datasets/BirdClef/audio/Dacnis cayana_Blue Dacnis/XC299149.mp3
train,Dacnis cayana_Blue Dacnis,../../Datasets/BirdClef/features/Dacnis cayana_Blue Dacnis/XC480319.npy,../../Datasets/BirdClef/audio/Dacnis cayana_Blue Dacnis/XC480319.mp3
train,Daptrius ater_Black Caracara,../../Datasets/BirdClef/features/Daptrius ater_Black Caracara/XC478225.npy,../../Datasets/BirdClef/audio/Daptrius ater_Black Caracara/XC478225.mp3
train,Daptrius ater_Black Caracara,../../Datasets/BirdClef/features/Daptrius ater_Black Caracara/XC89229.npy,../../Datasets/BirdClef/audio/Daptrius ater_Black Caracara/XC89229.mp3
train,Daptrius ater_Black Caracara,../../Datasets/BirdClef/features/Daptrius ater_Black Caracara/XC29742.npy,../../Datasets/BirdClef/audio/Daptrius ater_Black Caracara/XC29742.mp3
train,Daptrius ater_Black Caracara,../../Datasets/BirdClef/features/Daptrius ater_Black Caracara/XC117961.npy,../../Datasets/BirdClef/audio/Daptrius ater_Black Caracara/XC117961.mp3
train,Daptrius ater_Black Caracara,../../Datasets/BirdClef/features/Daptrius ater_Black Caracara/XC238237.npy,../../Datasets/BirdClef/audio/Daptrius ater_Black Caracara/XC238237.mp3
train,Deconychura longicauda_Long-tailed Woodcreeper,../../Datasets/BirdClef/features/Deconychura longicauda_Long-tailed Woodcreeper/XC130347.npy,../../Datasets/BirdClef/audio/Deconychura longicauda_Long-tailed Woodcreeper/XC130347.mp3
train,Deconychura longicauda_Long-tailed Woodcreeper,../../Datasets/BirdClef/features/Deconychura longicauda_Long-tailed Woodcreeper/XC222209.npy,../../Datasets/BirdClef/audio/Deconychura longicauda_Long-tailed Woodcreeper/XC222209.mp3
train,Deconychura longicauda_Long-tailed Woodcreeper,../../Datasets/BirdClef/features/Deconychura longicauda_Long-tailed Woodcreeper/XC90594.npy,../../Datasets/BirdClef/audio/Deconychura longicauda_Long-tailed Woodcreeper/XC90594.mp3
train,Deconychura longicauda_Long-tailed Woodcreeper,../../Datasets/BirdClef/features/Deconychura longicauda_Long-tailed Woodcreeper/XC275936.npy,../../Datasets/BirdClef/audio/Deconychura longicauda_Long-tailed Woodcreeper/XC275936.mp3
train,Deconychura longicauda_Long-tailed Woodcreeper,../../Datasets/BirdClef/features/Deconychura longicauda_Long-tailed Woodcreeper/XC938.npy,../../Datasets/BirdClef/audio/Deconychura longicauda_Long-tailed Woodcreeper/XC938.mp3
train,Delichon urbicum_Common House-Martin,../../Datasets/BirdClef/features/Delichon urbicum_Common House-Martin/XC175937.npy,../../Datasets/BirdClef/audio/Delichon urbicum_Common House-Martin/XC175937.mp3
train,Delichon urbicum_Common House-Martin,../../Datasets/BirdClef/features/Delichon urbicum_Common House-Martin/XC146742.npy,../../Datasets/BirdClef/audio/Delichon urbicum_Common House-Martin/XC146742.mp3
train,Delichon urbicum_Common House-Martin,../../Datasets/BirdClef/features/Delichon urbicum_Common House-Martin/XC330283.npy,../../Datasets/BirdClef/audio/Delichon urbicum_Common House-Martin/XC330283.mp3
train,Delichon urbicum_Common House-Martin,../../Datasets/BirdClef/features/Delichon urbicum_Common House-Martin/XC377660.npy,../../Datasets/BirdClef/audio/Delichon urbicum_Common House-Martin/XC377660.mp3
train,Delichon urbicum_Common House-Martin,../../Datasets/BirdClef/features/Delichon urbicum_Common House-Martin/XC420479.npy,../../Datasets/BirdClef/audio/Delichon urbicum_Common House-Martin/XC420479.mp3
train,Dendrexetastes rufigula_Cinnamon-throated Woodcreeper,../../Datasets/BirdClef/features/Dendrexetastes rufigula_Cinnamon-throated Woodcreeper/XC119595.npy,../../Datasets/BirdClef/audio/Dendrexetastes rufigula_Cinnamon-throated Woodcreeper/XC119595.mp3
train,Dendrexetastes rufigula_Cinnamon-throated Woodcreeper,../../Datasets/BirdClef/features/Dendrexetastes rufigula_Cinnamon-throated Woodcreeper/XC84220.npy,../../Datasets/BirdClef/audio/Dendrexetastes rufigula_Cinnamon-throated Woodcreeper/XC84220.mp3
train,Dendrexetastes rufigula_Cinnamon-throated Woodcreeper,../../Datasets/BirdClef/features/Dendrexetastes rufigula_Cinnamon-throated Woodcreeper/XC329118.npy,../../Datasets/BirdClef/audio/Dendrexetastes rufigula_Cinnamon-throated Woodcreeper/XC329118.mp3
train,Dendrexetastes rufigula_Cinnamon-throated Woodcreeper,../../Datasets/BirdClef/features/Dendrexetastes rufigula_Cinnamon-throated Woodcreeper/XC417504.npy,../../Datasets/BirdClef/audio/Dendrexetastes rufigula_Cinnamon-throated Woodcreeper/XC417504.mp3
train,Dendrexetastes rufigula_Cinnamon-throated Woodcreeper,../../Datasets/BirdClef/features/Dendrexetastes rufigula_Cinnamon-throated Woodcreeper/XC249026.npy,../../Datasets/BirdClef/audio/Dendrexetastes rufigula_Cinnamon-throated Woodcreeper/XC249026.mp3
train,Dendrocincla fuliginosa_Plain-brown Woodcreeper,../../Datasets/BirdClef/features/Dendrocincla fuliginosa_Plain-brown Woodcreeper/XC257073.npy,../../Datasets/BirdClef/audio/Dendrocincla fuliginosa_Plain-brown Woodcreeper/XC257073.mp3
train,Dendrocincla fuliginosa_Plain-brown Woodcreeper,../../Datasets/BirdClef/features/Dendrocincla fuliginosa_Plain-brown Woodcreeper/XC235675.npy,../../Datasets/BirdClef/audio/Dendrocincla fuliginosa_Plain-brown Woodcreeper/XC235675.mp3
train,Dendrocincla fuliginosa_Plain-brown Woodcreeper,../../Datasets/BirdClef/features/Dendrocincla fuliginosa_Plain-brown Woodcreeper/XC235225.npy,../../Datasets/BirdClef/audio/Dendrocincla fuliginosa_Plain-brown Woodcreeper/XC235225.mp3
train,Dendrocincla fuliginosa_Plain-brown Woodcreeper,../../Datasets/BirdClef/features/Dendrocincla fuliginosa_Plain-brown Woodcreeper/XC277147.npy,../../Datasets/BirdClef/audio/Dendrocincla fuliginosa_Plain-brown Woodcreeper/XC277147.mp3
train,Dendrocincla fuliginosa_Plain-brown Woodcreeper,../../Datasets/BirdClef/features/Dendrocincla fuliginosa_Plain-brown Woodcreeper/XC261960.npy,../../Datasets/BirdClef/audio/Dendrocincla fuliginosa_Plain-brown Woodcreeper/XC261960.mp3
train,Dendrocolaptes certhia_Amazonian Barred-Woodcreeper,../../Datasets/BirdClef/features/Dendrocolaptes certhia_Amazonian Barred-Woodcreeper/XC483930.npy,../../Datasets/BirdClef/audio/Dendrocolaptes certhia_Amazonian Barred-Woodcreeper/XC483930.mp3
train,Dendrocolaptes certhia_Amazonian Barred-Woodcreeper,../../Datasets/BirdClef/features/Dendrocolaptes certhia_Amazonian Barred-Woodcreeper/XC49936.npy,../../Datasets/BirdClef/audio/Dendrocolaptes certhia_Amazonian Barred-Woodcreeper/XC49936.mp3
train,Dendrocolaptes certhia_Amazonian Barred-Woodcreeper,../../Datasets/BirdClef/features/Dendrocolaptes certhia_Amazonian Barred-Woodcreeper/XC222287.npy,../../Datasets/BirdClef/audio/Dendrocolaptes certhia_Amazonian Barred-Woodcreeper/XC222287.mp3
train,Dendrocolaptes certhia_Amazonian Barred-Woodcreeper,../../Datasets/BirdClef/features/Dendrocolaptes certhia_Amazonian Barred-Woodcreeper/XC47873.npy,../../Datasets/BirdClef/audio/Dendrocolaptes certhia_Amazonian Barred-Woodcreeper/XC47873.mp3
train,Dendrocolaptes certhia_Amazonian Barred-Woodcreeper,../../Datasets/BirdClef/features/Dendrocolaptes certhia_Amazonian Barred-Woodcreeper/XC258285.npy,../../Datasets/BirdClef/audio/Dendrocolaptes certhia_Amazonian Barred-Woodcreeper/XC258285.mp3
train,Dendrocolaptes picumnus_Black-banded Woodcreeper,../../Datasets/BirdClef/features/Dendrocolaptes picumnus_Black-banded Woodcreeper/XC4549.npy,../../Datasets/BirdClef/audio/Dendrocolaptes picumnus_Black-banded Woodcreeper/XC4549.mp3
train,Dendrocolaptes picumnus_Black-banded Woodcreeper,../../Datasets/BirdClef/features/Dendrocolaptes picumnus_Black-banded Woodcreeper/XC2206.npy,../../Datasets/BirdClef/audio/Dendrocolaptes picumnus_Black-banded Woodcreeper/XC2206.mp3
train,Dendrocolaptes picumnus_Black-banded Woodcreeper,../../Datasets/BirdClef/features/Dendrocolaptes picumnus_Black-banded Woodcreeper/XC222310.npy,../../Datasets/BirdClef/audio/Dendrocolaptes picumnus_Black-banded Woodcreeper/XC222310.mp3
train,Dendrocolaptes picumnus_Black-banded Woodcreeper,../../Datasets/BirdClef/features/Dendrocolaptes picumnus_Black-banded Woodcreeper/XC394824.npy,../../Datasets/BirdClef/audio/Dendrocolaptes picumnus_Black-banded Woodcreeper/XC394824.mp3
train,Dendrocolaptes picumnus_Black-banded Woodcreeper,../../Datasets/BirdClef/features/Dendrocolaptes picumnus_Black-banded Woodcreeper/XC451348.npy,../../Datasets/BirdClef/audio/Dendrocolaptes picumnus_Black-banded Woodcreeper/XC451348.mp3
train,Dendrocopos major_Great Spotted Woodpecker,../../Datasets/BirdClef/features/Dendrocopos major_Great Spotted Woodpecker/XC110358.npy,../../Datasets/BirdClef/audio/Dendrocopos major_Great Spotted Woodpecker/XC110358.mp3
train,Dendrocopos major_Great Spotted Woodpecker,../../Datasets/BirdClef/features/Dendrocopos major_Great Spotted Woodpecker/XC143111.npy,../../Datasets/BirdClef/audio/Dendrocopos major_Great Spotted Woodpecker/XC143111.mp3
train,Dendrocopos major_Great Spotted Woodpecker,../../Datasets/BirdClef/features/Dendrocopos major_Great Spotted Woodpecker/XC104478.npy,../../Datasets/BirdClef/audio/Dendrocopos major_Great Spotted Woodpecker/XC104478.mp3
train,Dendrocopos major_Great Spotted Woodpecker,../../Datasets/BirdClef/features/Dendrocopos major_Great Spotted Woodpecker/XC192222.npy,../../Datasets/BirdClef/audio/Dendrocopos major_Great Spotted Woodpecker/XC192222.mp3
train,Dendrocopos major_Great Spotted Woodpecker,../../Datasets/BirdClef/features/Dendrocopos major_Great Spotted Woodpecker/XC122182.npy,../../Datasets/BirdClef/audio/Dendrocopos major_Great Spotted Woodpecker/XC122182.mp3
train,Dendrocoptes medius_Middle Spotted Woodpecker,../../Datasets/BirdClef/features/Dendrocoptes medius_Middle Spotted Woodpecker/XC456586.npy,../../Datasets/BirdClef/audio/Dendrocoptes medius_Middle Spotted Woodpecker/XC456586.mp3
train,Dendrocoptes medius_Middle Spotted Woodpecker,../../Datasets/BirdClef/features/Dendrocoptes medius_Middle Spotted Woodpecker/XC46754.npy,../../Datasets/BirdClef/audio/Dendrocoptes medius_Middle Spotted Woodpecker/XC46754.mp3
train,Dendrocoptes medius_Middle Spotted Woodpecker,../../Datasets/BirdClef/features/Dendrocoptes medius_Middle Spotted Woodpecker/XC387609.npy,../../Datasets/BirdClef/audio/Dendrocoptes medius_Middle Spotted Woodpecker/XC387609.mp3
train,Dendrocoptes medius_Middle Spotted Woodpecker,../../Datasets/BirdClef/features/Dendrocoptes medius_Middle Spotted Woodpecker/XC410666.npy,../../Datasets/BirdClef/audio/Dendrocoptes medius_Middle Spotted Woodpecker/XC410666.mp3
train,Dendrocoptes medius_Middle Spotted Woodpecker,../../Datasets/BirdClef/features/Dendrocoptes medius_Middle Spotted Woodpecker/XC247908.npy,../../Datasets/BirdClef/audio/Dendrocoptes medius_Middle Spotted Woodpecker/XC247908.mp3
train,Dendrocygna autumnalis_Black-bellied Whistling-Duck,../../Datasets/BirdClef/features/Dendrocygna autumnalis_Black-bellied Whistling-Duck/XC2210.npy,../../Datasets/BirdClef/audio/Dendrocygna autumnalis_Black-bellied Whistling-Duck/XC2210.mp3
train,Dendrocygna autumnalis_Black-bellied Whistling-Duck,../../Datasets/BirdClef/features/Dendrocygna autumnalis_Black-bellied Whistling-Duck/XC480387.npy,../../Datasets/BirdClef/audio/Dendrocygna autumnalis_Black-bellied Whistling-Duck/XC480387.mp3
train,Dendrocygna autumnalis_Black-bellied Whistling-Duck,../../Datasets/BirdClef/features/Dendrocygna autumnalis_Black-bellied Whistling-Duck/XC156276.npy,../../Datasets/BirdClef/audio/Dendrocygna autumnalis_Black-bellied Whistling-Duck/XC156276.mp3
train,Dendrocygna autumnalis_Black-bellied Whistling-Duck,../../Datasets/BirdClef/features/Dendrocygna autumnalis_Black-bellied Whistling-Duck/XC286820.npy,../../Datasets/BirdClef/audio/Dendrocygna autumnalis_Black-bellied Whistling-Duck/XC286820.mp3
train,Dendrocygna autumnalis_Black-bellied Whistling-Duck,../../Datasets/BirdClef/features/Dendrocygna autumnalis_Black-bellied Whistling-Duck/XC490269.npy,../../Datasets/BirdClef/audio/Dendrocygna autumnalis_Black-bellied Whistling-Duck/XC490269.mp3
train,Dendrocygna viduata_White-faced Whistling-Duck,../../Datasets/BirdClef/features/Dendrocygna viduata_White-faced Whistling-Duck/XC280237.npy,../../Datasets/BirdClef/audio/Dendrocygna viduata_White-faced Whistling-Duck/XC280237.mp3
train,Dendrocygna viduata_White-faced Whistling-Duck,../../Datasets/BirdClef/features/Dendrocygna viduata_White-faced Whistling-Duck/XC393367.npy,../../Datasets/BirdClef/audio/Dendrocygna viduata_White-faced Whistling-Duck/XC393367.mp3
train,Dendrocygna viduata_White-faced Whistling-Duck,../../Datasets/BirdClef/features/Dendrocygna viduata_White-faced Whistling-Duck/XC22847.npy,../../Datasets/BirdClef/audio/Dendrocygna viduata_White-faced Whistling-Duck/XC22847.mp3
train,Dendrocygna viduata_White-faced Whistling-Duck,../../Datasets/BirdClef/features/Dendrocygna viduata_White-faced Whistling-Duck/XC178029.npy,../../Datasets/BirdClef/audio/Dendrocygna viduata_White-faced Whistling-Duck/XC178029.mp3
train,Dendrocygna viduata_White-faced Whistling-Duck,../../Datasets/BirdClef/features/Dendrocygna viduata_White-faced Whistling-Duck/XC435976.npy,../../Datasets/BirdClef/audio/Dendrocygna viduata_White-faced Whistling-Duck/XC435976.mp3
train,Dendroplex picus_Straight-billed Woodcreeper,../../Datasets/BirdClef/features/Dendroplex picus_Straight-billed Woodcreeper/XC232460.npy,../../Datasets/BirdClef/audio/Dendroplex picus_Straight-billed Woodcreeper/XC232460.mp3
train,Dendroplex picus_Straight-billed Woodcreeper,../../Datasets/BirdClef/features/Dendroplex picus_Straight-billed Woodcreeper/XC360386.npy,../../Datasets/BirdClef/audio/Dendroplex picus_Straight-billed Woodcreeper/XC360386.mp3
train,Dendroplex picus_Straight-billed Woodcreeper,../../Datasets/BirdClef/features/Dendroplex picus_Straight-billed Woodcreeper/XC102985.npy,../../Datasets/BirdClef/audio/Dendroplex picus_Straight-billed Woodcreeper/XC102985.mp3
train,Dendroplex picus_Straight-billed Woodcreeper,../../Datasets/BirdClef/features/Dendroplex picus_Straight-billed Woodcreeper/XC127961.npy,../../Datasets/BirdClef/audio/Dendroplex picus_Straight-billed Woodcreeper/XC127961.mp3
train,Dendroplex picus_Straight-billed Woodcreeper,../../Datasets/BirdClef/features/Dendroplex picus_Straight-billed Woodcreeper/XC275006.npy,../../Datasets/BirdClef/audio/Dendroplex picus_Straight-billed Woodcreeper/XC275006.mp3
train,Dichrozona cincta_Banded Antbird,../../Datasets/BirdClef/features/Dichrozona cincta_Banded Antbird/XC484496.npy,../../Datasets/BirdClef/audio/Dichrozona cincta_Banded Antbird/XC484496.mp3
train,Dichrozona cincta_Banded Antbird,../../Datasets/BirdClef/features/Dichrozona cincta_Banded Antbird/XC40906.npy,../../Datasets/BirdClef/audio/Dichrozona cincta_Banded Antbird/XC40906.mp3
train,Dichrozona cincta_Banded Antbird,../../Datasets/BirdClef/features/Dichrozona cincta_Banded Antbird/XC13517.npy,../../Datasets/BirdClef/audio/Dichrozona cincta_Banded Antbird/XC13517.mp3
train,Dichrozona cincta_Banded Antbird,../../Datasets/BirdClef/features/Dichrozona cincta_Banded Antbird/XC222387.npy,../../Datasets/BirdClef/audio/Dichrozona cincta_Banded Antbird/XC222387.mp3
train,Dichrozona cincta_Banded Antbird,../../Datasets/BirdClef/features/Dichrozona cincta_Banded Antbird/XC119483.npy,../../Datasets/BirdClef/audio/Dichrozona cincta_Banded Antbird/XC119483.mp3
train,Dolichonyx oryzivorus_Bobolink,../../Datasets/BirdClef/features/Dolichonyx oryzivorus_Bobolink/XC292085.npy,../../Datasets/BirdClef/audio/Dolichonyx oryzivorus_Bobolink/XC292085.mp3
train,Dolichonyx oryzivorus_Bobolink,../../Datasets/BirdClef/features/Dolichonyx oryzivorus_Bobolink/XC153344.npy,../../Datasets/BirdClef/audio/Dolichonyx oryzivorus_Bobolink/XC153344.mp3
train,Dolichonyx oryzivorus_Bobolink,../../Datasets/BirdClef/features/Dolichonyx oryzivorus_Bobolink/XC13792.npy,../../Datasets/BirdClef/audio/Dolichonyx oryzivorus_Bobolink/XC13792.mp3
train,Dolichonyx oryzivorus_Bobolink,../../Datasets/BirdClef/features/Dolichonyx oryzivorus_Bobolink/XC50610.npy,../../Datasets/BirdClef/audio/Dolichonyx oryzivorus_Bobolink/XC50610.mp3
train,Dolichonyx oryzivorus_Bobolink,../../Datasets/BirdClef/features/Dolichonyx oryzivorus_Bobolink/XC50586.npy,../../Datasets/BirdClef/audio/Dolichonyx oryzivorus_Bobolink/XC50586.mp3
train,Donacobius atricapilla_Black-capped Donacobius,../../Datasets/BirdClef/features/Donacobius atricapilla_Black-capped Donacobius/XC259281.npy,../../Datasets/BirdClef/audio/Donacobius atricapilla_Black-capped Donacobius/XC259281.mp3
train,Donacobius atricapilla_Black-capped Donacobius,../../Datasets/BirdClef/features/Donacobius atricapilla_Black-capped Donacobius/XC443419.npy,../../Datasets/BirdClef/audio/Donacobius atricapilla_Black-capped Donacobius/XC443419.mp3
train,Donacobius atricapilla_Black-capped Donacobius,../../Datasets/BirdClef/features/Donacobius atricapilla_Black-capped Donacobius/XC186247.npy,../../Datasets/BirdClef/audio/Donacobius atricapilla_Black-capped Donacobius/XC186247.mp3
train,Donacobius atricapilla_Black-capped Donacobius,../../Datasets/BirdClef/features/Donacobius atricapilla_Black-capped Donacobius/XC12148.npy,../../Datasets/BirdClef/audio/Donacobius atricapilla_Black-capped Donacobius/XC12148.mp3
train,Donacobius atricapilla_Black-capped Donacobius,../../Datasets/BirdClef/features/Donacobius atricapilla_Black-capped Donacobius/XC95245.npy,../../Datasets/BirdClef/audio/Donacobius atricapilla_Black-capped Donacobius/XC95245.mp3
train,Dromococcyx pavoninus_Pavonine Cuckoo,../../Datasets/BirdClef/features/Dromococcyx pavoninus_Pavonine Cuckoo/XC433343.npy,../../Datasets/BirdClef/audio/Dromococcyx pavoninus_Pavonine Cuckoo/XC433343.mp3
train,Dromococcyx pavoninus_Pavonine Cuckoo,../../Datasets/BirdClef/features/Dromococcyx pavoninus_Pavonine Cuckoo/XC104210.npy,../../Datasets/BirdClef/audio/Dromococcyx pavoninus_Pavonine Cuckoo/XC104210.mp3
train,Dromococcyx pavoninus_Pavonine Cuckoo,../../Datasets/BirdClef/features/Dromococcyx pavoninus_Pavonine Cuckoo/XC75331.npy,../../Datasets/BirdClef/audio/Dromococcyx pavoninus_Pavonine Cuckoo/XC75331.mp3
train,Dromococcyx pavoninus_Pavonine Cuckoo,../../Datasets/BirdClef/features/Dromococcyx pavoninus_Pavonine Cuckoo/XC3587.npy,../../Datasets/BirdClef/audio/Dromococcyx pavoninus_Pavonine Cuckoo/XC3587.mp3
train,Dromococcyx pavoninus_Pavonine Cuckoo,../../Datasets/BirdClef/features/Dromococcyx pavoninus_Pavonine Cuckoo/XC422109.npy,../../Datasets/BirdClef/audio/Dromococcyx pavoninus_Pavonine Cuckoo/XC422109.mp3
train,Dromococcyx phasianellus_Pheasant Cuckoo,../../Datasets/BirdClef/features/Dromococcyx phasianellus_Pheasant Cuckoo/XC400571.npy,../../Datasets/BirdClef/audio/Dromococcyx phasianellus_Pheasant Cuckoo/XC400571.mp3
train,Dromococcyx phasianellus_Pheasant Cuckoo,../../Datasets/BirdClef/features/Dromococcyx phasianellus_Pheasant Cuckoo/XC36730.npy,../../Datasets/BirdClef/audio/Dromococcyx phasianellus_Pheasant Cuckoo/XC36730.mp3
train,Dromococcyx phasianellus_Pheasant Cuckoo,../../Datasets/BirdClef/features/Dromococcyx phasianellus_Pheasant Cuckoo/XC83964.npy,../../Datasets/BirdClef/audio/Dromococcyx phasianellus_Pheasant Cuckoo/XC83964.mp3
train,Dromococcyx phasianellus_Pheasant Cuckoo,../../Datasets/BirdClef/features/Dromococcyx phasianellus_Pheasant Cuckoo/XC54066.npy,../../Datasets/BirdClef/audio/Dromococcyx phasianellus_Pheasant Cuckoo/XC54066.mp3
train,Dromococcyx phasianellus_Pheasant Cuckoo,../../Datasets/BirdClef/features/Dromococcyx phasianellus_Pheasant Cuckoo/XC355825.npy,../../Datasets/BirdClef/audio/Dromococcyx phasianellus_Pheasant Cuckoo/XC355825.mp3
train,Drymophila devillei_Striated Antbird,../../Datasets/BirdClef/features/Drymophila devillei_Striated Antbird/XC477764.npy,../../Datasets/BirdClef/audio/Drymophila devillei_Striated Antbird/XC477764.mp3
train,Drymophila devillei_Striated Antbird,../../Datasets/BirdClef/features/Drymophila devillei_Striated Antbird/XC9472.npy,../../Datasets/BirdClef/audio/Drymophila devillei_Striated Antbird/XC9472.mp3
train,Drymophila devillei_Striated Antbird,../../Datasets/BirdClef/features/Drymophila devillei_Striated Antbird/XC92943.npy,../../Datasets/BirdClef/audio/Drymophila devillei_Striated Antbird/XC92943.mp3
train,Drymophila devillei_Striated Antbird,../../Datasets/BirdClef/features/Drymophila devillei_Striated Antbird/XC474835.npy,../../Datasets/BirdClef/audio/Drymophila devillei_Striated Antbird/XC474835.mp3
train,Drymophila devillei_Striated Antbird,../../Datasets/BirdClef/features/Drymophila devillei_Striated Antbird/XC39169.npy,../../Datasets/BirdClef/audio/Drymophila devillei_Striated Antbird/XC39169.mp3
train,Dryobates affinis_Red-stained Woodpecker,../../Datasets/BirdClef/features/Dryobates affinis_Red-stained Woodpecker/XC130313.npy,../../Datasets/BirdClef/audio/Dryobates affinis_Red-stained Woodpecker/XC130313.mp3
train,Dryobates affinis_Red-stained Woodpecker,../../Datasets/BirdClef/features/Dryobates affinis_Red-stained Woodpecker/XC4837.npy,../../Datasets/BirdClef/audio/Dryobates affinis_Red-stained Woodpecker/XC4837.mp3
train,Dryobates affinis_Red-stained Woodpecker,../../Datasets/BirdClef/features/Dryobates affinis_Red-stained Woodpecker/XC320427.npy,../../Datasets/BirdClef/audio/Dryobates affinis_Red-stained Woodpecker/XC320427.mp3
train,Dryobates affinis_Red-stained Woodpecker,../../Datasets/BirdClef/features/Dryobates affinis_Red-stained Woodpecker/XC94459.npy,../../Datasets/BirdClef/audio/Dryobates affinis_Red-stained Woodpecker/XC94459.mp3
train,Dryobates affinis_Red-stained Woodpecker,../../Datasets/BirdClef/features/Dryobates affinis_Red-stained Woodpecker/XC428540.npy,../../Datasets/BirdClef/audio/Dryobates affinis_Red-stained Woodpecker/XC428540.mp3
train,Dryobates minor_Lesser Spotted Woodpecker,../../Datasets/BirdClef/features/Dryobates minor_Lesser Spotted Woodpecker/XC150519.npy,../../Datasets/BirdClef/audio/Dryobates minor_Lesser Spotted Woodpecker/XC150519.mp3
train,Dryobates minor_Lesser Spotted Woodpecker,../../Datasets/BirdClef/features/Dryobates minor_Lesser Spotted Woodpecker/XC410796.npy,../../Datasets/BirdClef/audio/Dryobates minor_Lesser Spotted Woodpecker/XC410796.mp3
train,Dryobates minor_Lesser Spotted Woodpecker,../../Datasets/BirdClef/features/Dryobates minor_Lesser Spotted Woodpecker/XC173903.npy,../../Datasets/BirdClef/audio/Dryobates minor_Lesser Spotted Woodpecker/XC173903.mp3
train,Dryobates minor_Lesser Spotted Woodpecker,../../Datasets/BirdClef/features/Dryobates minor_Lesser Spotted Woodpecker/XC343686.npy,../../Datasets/BirdClef/audio/Dryobates minor_Lesser Spotted Woodpecker/XC343686.mp3
train,Dryobates minor_Lesser Spotted Woodpecker,../../Datasets/BirdClef/features/Dryobates minor_Lesser Spotted Woodpecker/XC178999.npy,../../Datasets/BirdClef/audio/Dryobates minor_Lesser Spotted Woodpecker/XC178999.mp3
train,Dryobates nuttallii_Nuttall's Woodpecker,../../Datasets/BirdClef/features/Dryobates nuttallii_Nuttall's Woodpecker/XC408469.npy,../../Datasets/BirdClef/audio/Dryobates nuttallii_Nuttall's Woodpecker/XC408469.mp3
train,Dryobates nuttallii_Nuttall's Woodpecker,../../Datasets/BirdClef/features/Dryobates nuttallii_Nuttall's Woodpecker/XC295859.npy,../../Datasets/BirdClef/audio/Dryobates nuttallii_Nuttall's Woodpecker/XC295859.mp3
train,Dryobates nuttallii_Nuttall's Woodpecker,../../Datasets/BirdClef/features/Dryobates nuttallii_Nuttall's Woodpecker/XC213224.npy,../../Datasets/BirdClef/audio/Dryobates nuttallii_Nuttall's Woodpecker/XC213224.mp3
train,Dryobates nuttallii_Nuttall's Woodpecker,../../Datasets/BirdClef/features/Dryobates nuttallii_Nuttall's Woodpecker/XC496348.npy,../../Datasets/BirdClef/audio/Dryobates nuttallii_Nuttall's Woodpecker/XC496348.mp3
train,Dryobates nuttallii_Nuttall's Woodpecker,../../Datasets/BirdClef/features/Dryobates nuttallii_Nuttall's Woodpecker/XC161357.npy,../../Datasets/BirdClef/audio/Dryobates nuttallii_Nuttall's Woodpecker/XC161357.mp3
train,Dryobates passerinus_Little Woodpecker,../../Datasets/BirdClef/features/Dryobates passerinus_Little Woodpecker/XC447016.npy,../../Datasets/BirdClef/audio/Dryobates passerinus_Little Woodpecker/XC447016.mp3
train,Dryobates passerinus_Little Woodpecker,../../Datasets/BirdClef/features/Dryobates passerinus_Little Woodpecker/XC83022.npy,../../Datasets/BirdClef/audio/Dryobates passerinus_Little Woodpecker/XC83022.mp3
train,Dryobates passerinus_Little Woodpecker,../../Datasets/BirdClef/features/Dryobates passerinus_Little Woodpecker/XC474979.npy,../../Datasets/BirdClef/audio/Dryobates passerinus_Little Woodpecker/XC474979.mp3
train,Dryobates passerinus_Little Woodpecker,../../Datasets/BirdClef/features/Dryobates passerinus_Little Woodpecker/XC181106.npy,../../Datasets/BirdClef/audio/Dryobates passerinus_Little Woodpecker/XC181106.mp3
train,Dryobates passerinus_Little Woodpecker,../../Datasets/BirdClef/features/Dryobates passerinus_Little Woodpecker/XC15452.npy,../../Datasets/BirdClef/audio/Dryobates passerinus_Little Woodpecker/XC15452.mp3
train,Dryobates pubescens_Downy Woodpecker,../../Datasets/BirdClef/features/Dryobates pubescens_Downy Woodpecker/XC455560.npy,../../Datasets/BirdClef/audio/Dryobates pubescens_Downy Woodpecker/XC455560.mp3
train,Dryobates pubescens_Downy Woodpecker,../../Datasets/BirdClef/features/Dryobates pubescens_Downy Woodpecker/XC321555.npy,../../Datasets/BirdClef/audio/Dryobates pubescens_Downy Woodpecker/XC321555.mp3
train,Dryobates pubescens_Downy Woodpecker,../../Datasets/BirdClef/features/Dryobates pubescens_Downy Woodpecker/XC500162.npy,../../Datasets/BirdClef/audio/Dryobates pubescens_Downy Woodpecker/XC500162.mp3
train,Dryobates pubescens_Downy Woodpecker,../../Datasets/BirdClef/features/Dryobates pubescens_Downy Woodpecker/XC173585.npy,../../Datasets/BirdClef/audio/Dryobates pubescens_Downy Woodpecker/XC173585.mp3
train,Dryobates pubescens_Downy Woodpecker,../../Datasets/BirdClef/features/Dryobates pubescens_Downy Woodpecker/XC409012.npy,../../Datasets/BirdClef/audio/Dryobates pubescens_Downy Woodpecker/XC409012.mp3
train,Dryobates scalaris_Ladder-backed Woodpecker,../../Datasets/BirdClef/features/Dryobates scalaris_Ladder-backed Woodpecker/XC418580.npy,../../Datasets/BirdClef/audio/Dryobates scalaris_Ladder-backed Woodpecker/XC418580.mp3
train,Dryobates scalaris_Ladder-backed Woodpecker,../../Datasets/BirdClef/features/Dryobates scalaris_Ladder-backed Woodpecker/XC53848.npy,../../Datasets/BirdClef/audio/Dryobates scalaris_Ladder-backed Woodpecker/XC53848.mp3
train,Dryobates scalaris_Ladder-backed Woodpecker,../../Datasets/BirdClef/features/Dryobates scalaris_Ladder-backed Woodpecker/XC466425.npy,../../Datasets/BirdClef/audio/Dryobates scalaris_Ladder-backed Woodpecker/XC466425.mp3
train,Dryobates scalaris_Ladder-backed Woodpecker,../../Datasets/BirdClef/features/Dryobates scalaris_Ladder-backed Woodpecker/XC367879.npy,../../Datasets/BirdClef/audio/Dryobates scalaris_Ladder-backed Woodpecker/XC367879.mp3
train,Dryobates scalaris_Ladder-backed Woodpecker,../../Datasets/BirdClef/features/Dryobates scalaris_Ladder-backed Woodpecker/XC451307.npy,../../Datasets/BirdClef/audio/Dryobates scalaris_Ladder-backed Woodpecker/XC451307.mp3
train,Dryobates villosus_Hairy Woodpecker,../../Datasets/BirdClef/features/Dryobates villosus_Hairy Woodpecker/XC1288.npy,../../Datasets/BirdClef/audio/Dryobates villosus_Hairy Woodpecker/XC1288.mp3
train,Dryobates villosus_Hairy Woodpecker,../../Datasets/BirdClef/features/Dryobates villosus_Hairy Woodpecker/XC301950.npy,../../Datasets/BirdClef/audio/Dryobates villosus_Hairy Woodpecker/XC301950.mp3
train,Dryobates villosus_Hairy Woodpecker,../../Datasets/BirdClef/features/Dryobates villosus_Hairy Woodpecker/XC301318.npy,../../Datasets/BirdClef/audio/Dryobates villosus_Hairy Woodpecker/XC301318.mp3
train,Dryobates villosus_Hairy Woodpecker,../../Datasets/BirdClef/features/Dryobates villosus_Hairy Woodpecker/XC125910.npy,../../Datasets/BirdClef/audio/Dryobates villosus_Hairy Woodpecker/XC125910.mp3
train,Dryobates villosus_Hairy Woodpecker,../../Datasets/BirdClef/features/Dryobates villosus_Hairy Woodpecker/XC302925.npy,../../Datasets/BirdClef/audio/Dryobates villosus_Hairy Woodpecker/XC302925.mp3
train,Dryocopus lineatus_Lineated Woodpecker,../../Datasets/BirdClef/features/Dryocopus lineatus_Lineated Woodpecker/XC367815.npy,../../Datasets/BirdClef/audio/Dryocopus lineatus_Lineated Woodpecker/XC367815.mp3
train,Dryocopus lineatus_Lineated Woodpecker,../../Datasets/BirdClef/features/Dryocopus lineatus_Lineated Woodpecker/XC405082.npy,../../Datasets/BirdClef/audio/Dryocopus lineatus_Lineated Woodpecker/XC405082.mp3
train,Dryocopus lineatus_Lineated Woodpecker,../../Datasets/BirdClef/features/Dryocopus lineatus_Lineated Woodpecker/XC272169.npy,../../Datasets/BirdClef/audio/Dryocopus lineatus_Lineated Woodpecker/XC272169.mp3
train,Dryocopus lineatus_Lineated Woodpecker,../../Datasets/BirdClef/features/Dryocopus lineatus_Lineated Woodpecker/XC405084.npy,../../Datasets/BirdClef/audio/Dryocopus lineatus_Lineated Woodpecker/XC405084.mp3
train,Dryocopus lineatus_Lineated Woodpecker,../../Datasets/BirdClef/features/Dryocopus lineatus_Lineated Woodpecker/XC13134.npy,../../Datasets/BirdClef/audio/Dryocopus lineatus_Lineated Woodpecker/XC13134.mp3
train,Dryocopus martius_Black Woodpecker,../../Datasets/BirdClef/features/Dryocopus martius_Black Woodpecker/XC318086.npy,../../Datasets/BirdClef/audio/Dryocopus martius_Black Woodpecker/XC318086.mp3
train,Dryocopus martius_Black Woodpecker,../../Datasets/BirdClef/features/Dryocopus martius_Black Woodpecker/XC262023.npy,../../Datasets/BirdClef/audio/Dryocopus martius_Black Woodpecker/XC262023.mp3
train,Dryocopus martius_Black Woodpecker,../../Datasets/BirdClef/features/Dryocopus martius_Black Woodpecker/XC306832.npy,../../Datasets/BirdClef/audio/Dryocopus martius_Black Woodpecker/XC306832.mp3
train,Dryocopus martius_Black Woodpecker,../../Datasets/BirdClef/features/Dryocopus martius_Black Woodpecker/XC315171.npy,../../Datasets/BirdClef/audio/Dryocopus martius_Black Woodpecker/XC315171.mp3
train,Dryocopus martius_Black Woodpecker,../../Datasets/BirdClef/features/Dryocopus martius_Black Woodpecker/XC110355.npy,../../Datasets/BirdClef/audio/Dryocopus martius_Black Woodpecker/XC110355.mp3
train,Dryocopus pileatus_Pileated Woodpecker,../../Datasets/BirdClef/features/Dryocopus pileatus_Pileated Woodpecker/XC101658.npy,../../Datasets/BirdClef/audio/Dryocopus pileatus_Pileated Woodpecker/XC101658.mp3
train,Dryocopus pileatus_Pileated Woodpecker,../../Datasets/BirdClef/features/Dryocopus pileatus_Pileated Woodpecker/XC61518.npy,../../Datasets/BirdClef/audio/Dryocopus pileatus_Pileated Woodpecker/XC61518.mp3
train,Dryocopus pileatus_Pileated Woodpecker,../../Datasets/BirdClef/features/Dryocopus pileatus_Pileated Woodpecker/XC124758.npy,../../Datasets/BirdClef/audio/Dryocopus pileatus_Pileated Woodpecker/XC124758.mp3
train,Dryocopus pileatus_Pileated Woodpecker,../../Datasets/BirdClef/features/Dryocopus pileatus_Pileated Woodpecker/XC47014.npy,../../Datasets/BirdClef/audio/Dryocopus pileatus_Pileated Woodpecker/XC47014.mp3
train,Dryocopus pileatus_Pileated Woodpecker,../../Datasets/BirdClef/features/Dryocopus pileatus_Pileated Woodpecker/XC415433.npy,../../Datasets/BirdClef/audio/Dryocopus pileatus_Pileated Woodpecker/XC415433.mp3
train,Dumetella carolinensis_Gray Catbird,../../Datasets/BirdClef/features/Dumetella carolinensis_Gray Catbird/XC183250.npy,../../Datasets/BirdClef/audio/Dumetella carolinensis_Gray Catbird/XC183250.mp3
train,Dumetella carolinensis_Gray Catbird,../../Datasets/BirdClef/features/Dumetella carolinensis_Gray Catbird/XC425802.npy,../../Datasets/BirdClef/audio/Dumetella carolinensis_Gray Catbird/XC425802.mp3
train,Dumetella carolinensis_Gray Catbird,../../Datasets/BirdClef/features/Dumetella carolinensis_Gray Catbird/XC153518.npy,../../Datasets/BirdClef/audio/Dumetella carolinensis_Gray Catbird/XC153518.mp3
train,Dumetella carolinensis_Gray Catbird,../../Datasets/BirdClef/features/Dumetella carolinensis_Gray Catbird/XC332654.npy,../../Datasets/BirdClef/audio/Dumetella carolinensis_Gray Catbird/XC332654.mp3
train,Dumetella carolinensis_Gray Catbird,../../Datasets/BirdClef/features/Dumetella carolinensis_Gray Catbird/XC135013.npy,../../Datasets/BirdClef/audio/Dumetella carolinensis_Gray Catbird/XC135013.mp3
train,Dysithamnus mentalis_Plain Antvireo,../../Datasets/BirdClef/features/Dysithamnus mentalis_Plain Antvireo/XC11752.npy,../../Datasets/BirdClef/audio/Dysithamnus mentalis_Plain Antvireo/XC11752.mp3
train,Dysithamnus mentalis_Plain Antvireo,../../Datasets/BirdClef/features/Dysithamnus mentalis_Plain Antvireo/XC80067.npy,../../Datasets/BirdClef/audio/Dysithamnus mentalis_Plain Antvireo/XC80067.mp3
train,Dysithamnus mentalis_Plain Antvireo,../../Datasets/BirdClef/features/Dysithamnus mentalis_Plain Antvireo/XC287954.npy,../../Datasets/BirdClef/audio/Dysithamnus mentalis_Plain Antvireo/XC287954.mp3
train,Dysithamnus mentalis_Plain Antvireo,../../Datasets/BirdClef/features/Dysithamnus mentalis_Plain Antvireo/XC80059.npy,../../Datasets/BirdClef/audio/Dysithamnus mentalis_Plain Antvireo/XC80059.mp3
train,Dysithamnus mentalis_Plain Antvireo,../../Datasets/BirdClef/features/Dysithamnus mentalis_Plain Antvireo/XC4522.npy,../../Datasets/BirdClef/audio/Dysithamnus mentalis_Plain Antvireo/XC4522.mp3
train,Egretta thula_Snowy Egret,../../Datasets/BirdClef/features/Egretta thula_Snowy Egret/XC443384.npy,../../Datasets/BirdClef/audio/Egretta thula_Snowy Egret/XC443384.mp3
train,Egretta thula_Snowy Egret,../../Datasets/BirdClef/features/Egretta thula_Snowy Egret/XC345867.npy,../../Datasets/BirdClef/audio/Egretta thula_Snowy Egret/XC345867.mp3
train,Egretta thula_Snowy Egret,../../Datasets/BirdClef/features/Egretta thula_Snowy Egret/XC45684.npy,../../Datasets/BirdClef/audio/Egretta thula_Snowy Egret/XC45684.mp3
train,Egretta thula_Snowy Egret,../../Datasets/BirdClef/features/Egretta thula_Snowy Egret/XC90474.npy,../../Datasets/BirdClef/audio/Egretta thula_Snowy Egret/XC90474.mp3
train,Egretta thula_Snowy Egret,../../Datasets/BirdClef/features/Egretta thula_Snowy Egret/XC501091.npy,../../Datasets/BirdClef/audio/Egretta thula_Snowy Egret/XC501091.mp3
train,Elaenia albiceps_White-crested Elaenia,../../Datasets/BirdClef/features/Elaenia albiceps_White-crested Elaenia/XC166290.npy,../../Datasets/BirdClef/audio/Elaenia albiceps_White-crested Elaenia/XC166290.mp3
train,Elaenia albiceps_White-crested Elaenia,../../Datasets/BirdClef/features/Elaenia albiceps_White-crested Elaenia/XC448247.npy,../../Datasets/BirdClef/audio/Elaenia albiceps_White-crested Elaenia/XC448247.mp3
train,Elaenia albiceps_White-crested Elaenia,../../Datasets/BirdClef/features/Elaenia albiceps_White-crested Elaenia/XC250337.npy,../../Datasets/BirdClef/audio/Elaenia albiceps_White-crested Elaenia/XC250337.mp3
train,Elaenia albiceps_White-crested Elaenia,../../Datasets/BirdClef/features/Elaenia albiceps_White-crested Elaenia/XC157090.npy,../../Datasets/BirdClef/audio/Elaenia albiceps_White-crested Elaenia/XC157090.mp3
train,Elaenia albiceps_White-crested Elaenia,../../Datasets/BirdClef/features/Elaenia albiceps_White-crested Elaenia/XC207325.npy,../../Datasets/BirdClef/audio/Elaenia albiceps_White-crested Elaenia/XC207325.mp3
train,Elaenia parvirostris_Small-billed Elaenia,../../Datasets/BirdClef/features/Elaenia parvirostris_Small-billed Elaenia/XC46424.npy,../../Datasets/BirdClef/audio/Elaenia parvirostris_Small-billed Elaenia/XC46424.mp3
train,Elaenia parvirostris_Small-billed Elaenia,../../Datasets/BirdClef/features/Elaenia parvirostris_Small-billed Elaenia/XC393720.npy,../../Datasets/BirdClef/audio/Elaenia parvirostris_Small-billed Elaenia/XC393720.mp3
train,Elaenia parvirostris_Small-billed Elaenia,../../Datasets/BirdClef/features/Elaenia parvirostris_Small-billed Elaenia/XC43753.npy,../../Datasets/BirdClef/audio/Elaenia parvirostris_Small-billed Elaenia/XC43753.mp3
train,Elaenia parvirostris_Small-billed Elaenia,../../Datasets/BirdClef/features/Elaenia parvirostris_Small-billed Elaenia/XC399514.npy,../../Datasets/BirdClef/audio/Elaenia parvirostris_Small-billed Elaenia/XC399514.mp3
train,Elaenia parvirostris_Small-billed Elaenia,../../Datasets/BirdClef/features/Elaenia parvirostris_Small-billed Elaenia/XC50914.npy,../../Datasets/BirdClef/audio/Elaenia parvirostris_Small-billed Elaenia/XC50914.mp3
train,Elaenia spectabilis_Large Elaenia,../../Datasets/BirdClef/features/Elaenia spectabilis_Large Elaenia/XC81552.npy,../../Datasets/BirdClef/audio/Elaenia spectabilis_Large Elaenia/XC81552.mp3
train,Elaenia spectabilis_Large Elaenia,../../Datasets/BirdClef/features/Elaenia spectabilis_Large Elaenia/XC10189.npy,../../Datasets/BirdClef/audio/Elaenia spectabilis_Large Elaenia/XC10189.mp3
train,Elaenia spectabilis_Large Elaenia,../../Datasets/BirdClef/features/Elaenia spectabilis_Large Elaenia/XC49371.npy,../../Datasets/BirdClef/audio/Elaenia spectabilis_Large Elaenia/XC49371.mp3
train,Elaenia spectabilis_Large Elaenia,../../Datasets/BirdClef/features/Elaenia spectabilis_Large Elaenia/XC504216.npy,../../Datasets/BirdClef/audio/Elaenia spectabilis_Large Elaenia/XC504216.mp3
train,Elaenia spectabilis_Large Elaenia,../../Datasets/BirdClef/features/Elaenia spectabilis_Large Elaenia/XC257096.npy,../../Datasets/BirdClef/audio/Elaenia spectabilis_Large Elaenia/XC257096.mp3
train,Elanoides forficatus_Swallow-tailed Kite,../../Datasets/BirdClef/features/Elanoides forficatus_Swallow-tailed Kite/XC433777.npy,../../Datasets/BirdClef/audio/Elanoides forficatus_Swallow-tailed Kite/XC433777.mp3
train,Elanoides forficatus_Swallow-tailed Kite,../../Datasets/BirdClef/features/Elanoides forficatus_Swallow-tailed Kite/XC145935.npy,../../Datasets/BirdClef/audio/Elanoides forficatus_Swallow-tailed Kite/XC145935.mp3
train,Elanoides forficatus_Swallow-tailed Kite,../../Datasets/BirdClef/features/Elanoides forficatus_Swallow-tailed Kite/XC329556.npy,../../Datasets/BirdClef/audio/Elanoides forficatus_Swallow-tailed Kite/XC329556.mp3
train,Elanoides forficatus_Swallow-tailed Kite,../../Datasets/BirdClef/features/Elanoides forficatus_Swallow-tailed Kite/XC222720.npy,../../Datasets/BirdClef/audio/Elanoides forficatus_Swallow-tailed Kite/XC222720.mp3
train,Elanoides forficatus_Swallow-tailed Kite,../../Datasets/BirdClef/features/Elanoides forficatus_Swallow-tailed Kite/XC273254.npy,../../Datasets/BirdClef/audio/Elanoides forficatus_Swallow-tailed Kite/XC273254.mp3
train,Electron platyrhynchum_Broad-billed Motmot,../../Datasets/BirdClef/features/Electron platyrhynchum_Broad-billed Motmot/XC122785.npy,../../Datasets/BirdClef/audio/Electron platyrhynchum_Broad-billed Motmot/XC122785.mp3
train,Electron platyrhynchum_Broad-billed Motmot,../../Datasets/BirdClef/features/Electron platyrhynchum_Broad-billed Motmot/XC257923.npy,../../Datasets/BirdClef/audio/Electron platyrhynchum_Broad-billed Motmot/XC257923.mp3
train,Electron platyrhynchum_Broad-billed Motmot,../../Datasets/BirdClef/features/Electron platyrhynchum_Broad-billed Motmot/XC222728.npy,../../Datasets/BirdClef/audio/Electron platyrhynchum_Broad-billed Motmot/XC222728.mp3
train,Electron platyrhynchum_Broad-billed Motmot,../../Datasets/BirdClef/features/Electron platyrhynchum_Broad-billed Motmot/XC261823.npy,../../Datasets/BirdClef/audio/Electron platyrhynchum_Broad-billed Motmot/XC261823.mp3
train,Electron platyrhynchum_Broad-billed Motmot,../../Datasets/BirdClef/features/Electron platyrhynchum_Broad-billed Motmot/XC493669.npy,../../Datasets/BirdClef/audio/Electron platyrhynchum_Broad-billed Motmot/XC493669.mp3
train,Emberiza cia_Rock Bunting,../../Datasets/BirdClef/features/Emberiza cia_Rock Bunting/XC148467.npy,../../Datasets/BirdClef/audio/Emberiza cia_Rock Bunting/XC148467.mp3
train,Emberiza cia_Rock Bunting,../../Datasets/BirdClef/features/Emberiza cia_Rock Bunting/XC133225.npy,../../Datasets/BirdClef/audio/Emberiza cia_Rock Bunting/XC133225.mp3
train,Emberiza cia_Rock Bunting,../../Datasets/BirdClef/features/Emberiza cia_Rock Bunting/XC142200.npy,../../Datasets/BirdClef/audio/Emberiza cia_Rock Bunting/XC142200.mp3
train,Emberiza cia_Rock Bunting,../../Datasets/BirdClef/features/Emberiza cia_Rock Bunting/XC132762.npy,../../Datasets/BirdClef/audio/Emberiza cia_Rock Bunting/XC132762.mp3
train,Emberiza cia_Rock Bunting,../../Datasets/BirdClef/features/Emberiza cia_Rock Bunting/XC132760.npy,../../Datasets/BirdClef/audio/Emberiza cia_Rock Bunting/XC132760.mp3
train,Emberiza cirlus_Cirl Bunting,../../Datasets/BirdClef/features/Emberiza cirlus_Cirl Bunting/XC142710.npy,../../Datasets/BirdClef/audio/Emberiza cirlus_Cirl Bunting/XC142710.mp3
train,Emberiza cirlus_Cirl Bunting,../../Datasets/BirdClef/features/Emberiza cirlus_Cirl Bunting/XC112699.npy,../../Datasets/BirdClef/audio/Emberiza cirlus_Cirl Bunting/XC112699.mp3
train,Emberiza cirlus_Cirl Bunting,../../Datasets/BirdClef/features/Emberiza cirlus_Cirl Bunting/XC128126.npy,../../Datasets/BirdClef/audio/Emberiza cirlus_Cirl Bunting/XC128126.mp3
train,Emberiza cirlus_Cirl Bunting,../../Datasets/BirdClef/features/Emberiza cirlus_Cirl Bunting/XC366834.npy,../../Datasets/BirdClef/audio/Emberiza cirlus_Cirl Bunting/XC366834.mp3
train,Emberiza cirlus_Cirl Bunting,../../Datasets/BirdClef/features/Emberiza cirlus_Cirl Bunting/XC416615.npy,../../Datasets/BirdClef/audio/Emberiza cirlus_Cirl Bunting/XC416615.mp3
train,Emberiza citrinella_Yellowhammer,../../Datasets/BirdClef/features/Emberiza citrinella_Yellowhammer/XC102795.npy,../../Datasets/BirdClef/audio/Emberiza citrinella_Yellowhammer/XC102795.mp3
train,Emberiza citrinella_Yellowhammer,../../Datasets/BirdClef/features/Emberiza citrinella_Yellowhammer/XC27577.npy,../../Datasets/BirdClef/audio/Emberiza citrinella_Yellowhammer/XC27577.mp3
train,Emberiza citrinella_Yellowhammer,../../Datasets/BirdClef/features/Emberiza citrinella_Yellowhammer/XC146845.npy,../../Datasets/BirdClef/audio/Emberiza citrinella_Yellowhammer/XC146845.mp3
train,Emberiza citrinella_Yellowhammer,../../Datasets/BirdClef/features/Emberiza citrinella_Yellowhammer/XC180948.npy,../../Datasets/BirdClef/audio/Emberiza citrinella_Yellowhammer/XC180948.mp3
train,Emberiza citrinella_Yellowhammer,../../Datasets/BirdClef/features/Emberiza citrinella_Yellowhammer/XC112896.npy,../../Datasets/BirdClef/audio/Emberiza citrinella_Yellowhammer/XC112896.mp3
train,Emberiza schoeniclus_Reed Bunting,../../Datasets/BirdClef/features/Emberiza schoeniclus_Reed Bunting/XC26024.npy,../../Datasets/BirdClef/audio/Emberiza schoeniclus_Reed Bunting/XC26024.mp3
train,Emberiza schoeniclus_Reed Bunting,../../Datasets/BirdClef/features/Emberiza schoeniclus_Reed Bunting/XC143129.npy,../../Datasets/BirdClef/audio/Emberiza schoeniclus_Reed Bunting/XC143129.mp3
train,Emberiza schoeniclus_Reed Bunting,../../Datasets/BirdClef/features/Emberiza schoeniclus_Reed Bunting/XC247265.npy,../../Datasets/BirdClef/audio/Emberiza schoeniclus_Reed Bunting/XC247265.mp3
train,Emberiza schoeniclus_Reed Bunting,../../Datasets/BirdClef/features/Emberiza schoeniclus_Reed Bunting/XC240505.npy,../../Datasets/BirdClef/audio/Emberiza schoeniclus_Reed Bunting/XC240505.mp3
train,Emberiza schoeniclus_Reed Bunting,../../Datasets/BirdClef/features/Emberiza schoeniclus_Reed Bunting/XC142691.npy,../../Datasets/BirdClef/audio/Emberiza schoeniclus_Reed Bunting/XC142691.mp3
train,Empidonax alnorum_Alder Flycatcher,../../Datasets/BirdClef/features/Empidonax alnorum_Alder Flycatcher/XC373885.npy,../../Datasets/BirdClef/audio/Empidonax alnorum_Alder Flycatcher/XC373885.mp3
train,Empidonax alnorum_Alder Flycatcher,../../Datasets/BirdClef/features/Empidonax alnorum_Alder Flycatcher/XC178485.npy,../../Datasets/BirdClef/audio/Empidonax alnorum_Alder Flycatcher/XC178485.mp3
train,Empidonax alnorum_Alder Flycatcher,../../Datasets/BirdClef/features/Empidonax alnorum_Alder Flycatcher/XC189264.npy,../../Datasets/BirdClef/audio/Empidonax alnorum_Alder Flycatcher/XC189264.mp3
train,Empidonax alnorum_Alder Flycatcher,../../Datasets/BirdClef/features/Empidonax alnorum_Alder Flycatcher/XC189042.npy,../../Datasets/BirdClef/audio/Empidonax alnorum_Alder Flycatcher/XC189042.mp3
train,Empidonax alnorum_Alder Flycatcher,../../Datasets/BirdClef/features/Empidonax alnorum_Alder Flycatcher/XC59175.npy,../../Datasets/BirdClef/audio/Empidonax alnorum_Alder Flycatcher/XC59175.mp3
train,Empidonax difficilis_Pacific-slope Flycatcher,../../Datasets/BirdClef/features/Empidonax difficilis_Pacific-slope Flycatcher/XC400441.npy,../../Datasets/BirdClef/audio/Empidonax difficilis_Pacific-slope Flycatcher/XC400441.mp3
train,Empidonax difficilis_Pacific-slope Flycatcher,../../Datasets/BirdClef/features/Empidonax difficilis_Pacific-slope Flycatcher/XC90152.npy,../../Datasets/BirdClef/audio/Empidonax difficilis_Pacific-slope Flycatcher/XC90152.mp3
train,Empidonax difficilis_Pacific-slope Flycatcher,../../Datasets/BirdClef/features/Empidonax difficilis_Pacific-slope Flycatcher/XC71873.npy,../../Datasets/BirdClef/audio/Empidonax difficilis_Pacific-slope Flycatcher/XC71873.mp3
train,Empidonax difficilis_Pacific-slope Flycatcher,../../Datasets/BirdClef/features/Empidonax difficilis_Pacific-slope Flycatcher/XC71876.npy,../../Datasets/BirdClef/audio/Empidonax difficilis_Pacific-slope Flycatcher/XC71876.mp3
train,Empidonax difficilis_Pacific-slope Flycatcher,../../Datasets/BirdClef/features/Empidonax difficilis_Pacific-slope Flycatcher/XC408439.npy,../../Datasets/BirdClef/audio/Empidonax difficilis_Pacific-slope Flycatcher/XC408439.mp3
train,Empidonax hammondii_Hammond's Flycatcher,../../Datasets/BirdClef/features/Empidonax hammondii_Hammond's Flycatcher/XC105824.npy,../../Datasets/BirdClef/audio/Empidonax hammondii_Hammond's Flycatcher/XC105824.mp3
train,Empidonax hammondii_Hammond's Flycatcher,../../Datasets/BirdClef/features/Empidonax hammondii_Hammond's Flycatcher/XC260226.npy,../../Datasets/BirdClef/audio/Empidonax hammondii_Hammond's Flycatcher/XC260226.mp3
train,Empidonax hammondii_Hammond's Flycatcher,../../Datasets/BirdClef/features/Empidonax hammondii_Hammond's Flycatcher/XC461254.npy,../../Datasets/BirdClef/audio/Empidonax hammondii_Hammond's Flycatcher/XC461254.mp3
train,Empidonax hammondii_Hammond's Flycatcher,../../Datasets/BirdClef/features/Empidonax hammondii_Hammond's Flycatcher/XC461251.npy,../../Datasets/BirdClef/audio/Empidonax hammondii_Hammond's Flycatcher/XC461251.mp3
train,Empidonax hammondii_Hammond's Flycatcher,../../Datasets/BirdClef/features/Empidonax hammondii_Hammond's Flycatcher/XC414896.npy,../../Datasets/BirdClef/audio/Empidonax hammondii_Hammond's Flycatcher/XC414896.mp3
train,Empidonax minimus_Least Flycatcher,../../Datasets/BirdClef/features/Empidonax minimus_Least Flycatcher/XC489100.npy,../../Datasets/BirdClef/audio/Empidonax minimus_Least Flycatcher/XC489100.mp3
train,Empidonax minimus_Least Flycatcher,../../Datasets/BirdClef/features/Empidonax minimus_Least Flycatcher/XC134690.npy,../../Datasets/BirdClef/audio/Empidonax minimus_Least Flycatcher/XC134690.mp3
train,Empidonax minimus_Least Flycatcher,../../Datasets/BirdClef/features/Empidonax minimus_Least Flycatcher/XC316454.npy,../../Datasets/BirdClef/audio/Empidonax minimus_Least Flycatcher/XC316454.mp3
train,Empidonax minimus_Least Flycatcher,../../Datasets/BirdClef/features/Empidonax minimus_Least Flycatcher/XC137959.npy,../../Datasets/BirdClef/audio/Empidonax minimus_Least Flycatcher/XC137959.mp3
train,Empidonax minimus_Least Flycatcher,../../Datasets/BirdClef/features/Empidonax minimus_Least Flycatcher/XC189962.npy,../../Datasets/BirdClef/audio/Empidonax minimus_Least Flycatcher/XC189962.mp3
train,Empidonax oberholseri_Dusky Flycatcher,../../Datasets/BirdClef/features/Empidonax oberholseri_Dusky Flycatcher/XC123872.npy,../../Datasets/BirdClef/audio/Empidonax oberholseri_Dusky Flycatcher/XC123872.mp3
train,Empidonax oberholseri_Dusky Flycatcher,../../Datasets/BirdClef/features/Empidonax oberholseri_Dusky Flycatcher/XC65848.npy,../../Datasets/BirdClef/audio/Empidonax oberholseri_Dusky Flycatcher/XC65848.mp3
train,Empidonax oberholseri_Dusky Flycatcher,../../Datasets/BirdClef/features/Empidonax oberholseri_Dusky Flycatcher/XC123876.npy,../../Datasets/BirdClef/audio/Empidonax oberholseri_Dusky Flycatcher/XC123876.mp3
train,Empidonax oberholseri_Dusky Flycatcher,../../Datasets/BirdClef/features/Empidonax oberholseri_Dusky Flycatcher/XC110024.npy,../../Datasets/BirdClef/audio/Empidonax oberholseri_Dusky Flycatcher/XC110024.mp3
train,Empidonax oberholseri_Dusky Flycatcher,../../Datasets/BirdClef/features/Empidonax oberholseri_Dusky Flycatcher/XC14281.npy,../../Datasets/BirdClef/audio/Empidonax oberholseri_Dusky Flycatcher/XC14281.mp3
train,Empidonax traillii_Willow Flycatcher,../../Datasets/BirdClef/features/Empidonax traillii_Willow Flycatcher/XC384638.npy,../../Datasets/BirdClef/audio/Empidonax traillii_Willow Flycatcher/XC384638.mp3
train,Empidonax traillii_Willow Flycatcher,../../Datasets/BirdClef/features/Empidonax traillii_Willow Flycatcher/XC51764.npy,../../Datasets/BirdClef/audio/Empidonax traillii_Willow Flycatcher/XC51764.mp3
train,Empidonax traillii_Willow Flycatcher,../../Datasets/BirdClef/features/Empidonax traillii_Willow Flycatcher/XC298355.npy,../../Datasets/BirdClef/audio/Empidonax traillii_Willow Flycatcher/XC298355.mp3
train,Empidonax traillii_Willow Flycatcher,../../Datasets/BirdClef/features/Empidonax traillii_Willow Flycatcher/XC349799.npy,../../Datasets/BirdClef/audio/Empidonax traillii_Willow Flycatcher/XC349799.mp3
train,Empidonax traillii_Willow Flycatcher,../../Datasets/BirdClef/features/Empidonax traillii_Willow Flycatcher/XC6757.npy,../../Datasets/BirdClef/audio/Empidonax traillii_Willow Flycatcher/XC6757.mp3
train,Empidonax wrightii_Gray Flycatcher,../../Datasets/BirdClef/features/Empidonax wrightii_Gray Flycatcher/XC179849.npy,../../Datasets/BirdClef/audio/Empidonax wrightii_Gray Flycatcher/XC179849.mp3
train,Empidonax wrightii_Gray Flycatcher,../../Datasets/BirdClef/features/Empidonax wrightii_Gray Flycatcher/XC124819.npy,../../Datasets/BirdClef/audio/Empidonax wrightii_Gray Flycatcher/XC124819.mp3
train,Empidonax wrightii_Gray Flycatcher,../../Datasets/BirdClef/features/Empidonax wrightii_Gray Flycatcher/XC124834.npy,../../Datasets/BirdClef/audio/Empidonax wrightii_Gray Flycatcher/XC124834.mp3
train,Empidonax wrightii_Gray Flycatcher,../../Datasets/BirdClef/features/Empidonax wrightii_Gray Flycatcher/XC408278.npy,../../Datasets/BirdClef/audio/Empidonax wrightii_Gray Flycatcher/XC408278.mp3
train,Empidonax wrightii_Gray Flycatcher,../../Datasets/BirdClef/features/Empidonax wrightii_Gray Flycatcher/XC103087.npy,../../Datasets/BirdClef/audio/Empidonax wrightii_Gray Flycatcher/XC103087.mp3
train,Empidonomus varius_Variegated Flycatcher,../../Datasets/BirdClef/features/Empidonomus varius_Variegated Flycatcher/XC82223.npy,../../Datasets/BirdClef/audio/Empidonomus varius_Variegated Flycatcher/XC82223.mp3
train,Empidonomus varius_Variegated Flycatcher,../../Datasets/BirdClef/features/Empidonomus varius_Variegated Flycatcher/XC70834.npy,../../Datasets/BirdClef/audio/Empidonomus varius_Variegated Flycatcher/XC70834.mp3
train,Empidonomus varius_Variegated Flycatcher,../../Datasets/BirdClef/features/Empidonomus varius_Variegated Flycatcher/XC273296.npy,../../Datasets/BirdClef/audio/Empidonomus varius_Variegated Flycatcher/XC273296.mp3
train,Empidonomus varius_Variegated Flycatcher,../../Datasets/BirdClef/features/Empidonomus varius_Variegated Flycatcher/XC418169.npy,../../Datasets/BirdClef/audio/Empidonomus varius_Variegated Flycatcher/XC418169.mp3
train,Empidonomus varius_Variegated Flycatcher,../../Datasets/BirdClef/features/Empidonomus varius_Variegated Flycatcher/XC504470.npy,../../Datasets/BirdClef/audio/Empidonomus varius_Variegated Flycatcher/XC504470.mp3
train,Epinecrophylla leucophthalma_White-eyed Stipplethroat,../../Datasets/BirdClef/features/Epinecrophylla leucophthalma_White-eyed Stipplethroat/XC30314.npy,../../Datasets/BirdClef/audio/Epinecrophylla leucophthalma_White-eyed Stipplethroat/XC30314.mp3
train,Epinecrophylla leucophthalma_White-eyed Stipplethroat,../../Datasets/BirdClef/features/Epinecrophylla leucophthalma_White-eyed Stipplethroat/XC73555.npy,../../Datasets/BirdClef/audio/Epinecrophylla leucophthalma_White-eyed Stipplethroat/XC73555.mp3
train,Epinecrophylla leucophthalma_White-eyed Stipplethroat,../../Datasets/BirdClef/features/Epinecrophylla leucophthalma_White-eyed Stipplethroat/XC108545.npy,../../Datasets/BirdClef/audio/Epinecrophylla leucophthalma_White-eyed Stipplethroat/XC108545.mp3
train,Epinecrophylla leucophthalma_White-eyed Stipplethroat,../../Datasets/BirdClef/features/Epinecrophylla leucophthalma_White-eyed Stipplethroat/XC88139.npy,../../Datasets/BirdClef/audio/Epinecrophylla leucophthalma_White-eyed Stipplethroat/XC88139.mp3
train,Epinecrophylla leucophthalma_White-eyed Stipplethroat,../../Datasets/BirdClef/features/Epinecrophylla leucophthalma_White-eyed Stipplethroat/XC73557.npy,../../Datasets/BirdClef/audio/Epinecrophylla leucophthalma_White-eyed Stipplethroat/XC73557.mp3
train,Epinecrophylla ornata_Ornate Stipplethroat,../../Datasets/BirdClef/features/Epinecrophylla ornata_Ornate Stipplethroat/XC86382.npy,../../Datasets/BirdClef/audio/Epinecrophylla ornata_Ornate Stipplethroat/XC86382.mp3
train,Epinecrophylla ornata_Ornate Stipplethroat,../../Datasets/BirdClef/features/Epinecrophylla ornata_Ornate Stipplethroat/XC36516.npy,../../Datasets/BirdClef/audio/Epinecrophylla ornata_Ornate Stipplethroat/XC36516.mp3
train,Epinecrophylla ornata_Ornate Stipplethroat,../../Datasets/BirdClef/features/Epinecrophylla ornata_Ornate Stipplethroat/XC226589.npy,../../Datasets/BirdClef/audio/Epinecrophylla ornata_Ornate Stipplethroat/XC226589.mp3
train,Epinecrophylla ornata_Ornate Stipplethroat,../../Datasets/BirdClef/features/Epinecrophylla ornata_Ornate Stipplethroat/XC36951.npy,../../Datasets/BirdClef/audio/Epinecrophylla ornata_Ornate Stipplethroat/XC36951.mp3
train,Epinecrophylla ornata_Ornate Stipplethroat,../../Datasets/BirdClef/features/Epinecrophylla ornata_Ornate Stipplethroat/XC226581.npy,../../Datasets/BirdClef/audio/Epinecrophylla ornata_Ornate Stipplethroat/XC226581.mp3
train,Eremophila alpestris_Horned Lark,../../Datasets/BirdClef/features/Eremophila alpestris_Horned Lark/XC162564.npy,../../Datasets/BirdClef/audio/Eremophila alpestris_Horned Lark/XC162564.mp3
train,Eremophila alpestris_Horned Lark,../../Datasets/BirdClef/features/Eremophila alpestris_Horned Lark/XC105151.npy,../../Datasets/BirdClef/audio/Eremophila alpestris_Horned Lark/XC105151.mp3
train,Eremophila alpestris_Horned Lark,../../Datasets/BirdClef/features/Eremophila alpestris_Horned Lark/XC377874.npy,../../Datasets/BirdClef/audio/Eremophila alpestris_Horned Lark/XC377874.mp3
train,Eremophila alpestris_Horned Lark,../../Datasets/BirdClef/features/Eremophila alpestris_Horned Lark/XC150457.npy,../../Datasets/BirdClef/audio/Eremophila alpestris_Horned Lark/XC150457.mp3
train,Eremophila alpestris_Horned Lark,../../Datasets/BirdClef/features/Eremophila alpestris_Horned Lark/XC164501.npy,../../Datasets/BirdClef/audio/Eremophila alpestris_Horned Lark/XC164501.mp3
train,Erithacus rubecula_European Robin,../../Datasets/BirdClef/features/Erithacus rubecula_European Robin/XC240922.npy,../../Datasets/BirdClef/audio/Erithacus rubecula_European Robin/XC240922.mp3
train,Erithacus rubecula_European Robin,../../Datasets/BirdClef/features/Erithacus rubecula_European Robin/XC270388.npy,../../Datasets/BirdClef/audio/Erithacus rubecula_European Robin/XC270388.mp3
train,Erithacus rubecula_European Robin,../../Datasets/BirdClef/features/Erithacus rubecula_European Robin/XC281387.npy,../../Datasets/BirdClef/audio/Erithacus rubecula_European Robin/XC281387.mp3
train,Erithacus rubecula_European Robin,../../Datasets/BirdClef/features/Erithacus rubecula_European Robin/XC291115.npy,../../Datasets/BirdClef/audio/Erithacus rubecula_European Robin/XC291115.mp3
train,Erithacus rubecula_European Robin,../../Datasets/BirdClef/features/Erithacus rubecula_European Robin/XC349141.npy,../../Datasets/BirdClef/audio/Erithacus rubecula_European Robin/XC349141.mp3
train,Euphagus carolinus_Rusty Blackbird,../../Datasets/BirdClef/features/Euphagus carolinus_Rusty Blackbird/XC131958.npy,../../Datasets/BirdClef/audio/Euphagus carolinus_Rusty Blackbird/XC131958.mp3
train,Euphagus carolinus_Rusty Blackbird,../../Datasets/BirdClef/features/Euphagus carolinus_Rusty Blackbird/XC5784.npy,../../Datasets/BirdClef/audio/Euphagus carolinus_Rusty Blackbird/XC5784.mp3
train,Euphagus carolinus_Rusty Blackbird,../../Datasets/BirdClef/features/Euphagus carolinus_Rusty Blackbird/XC135149.npy,../../Datasets/BirdClef/audio/Euphagus carolinus_Rusty Blackbird/XC135149.mp3
train,Euphagus carolinus_Rusty Blackbird,../../Datasets/BirdClef/features/Euphagus carolinus_Rusty Blackbird/XC172839.npy,../../Datasets/BirdClef/audio/Euphagus carolinus_Rusty Blackbird/XC172839.mp3
train,Euphagus carolinus_Rusty Blackbird,../../Datasets/BirdClef/features/Euphagus carolinus_Rusty Blackbird/XC286407.npy,../../Datasets/BirdClef/audio/Euphagus carolinus_Rusty Blackbird/XC286407.mp3
train,Euphagus cyanocephalus_Brewer's Blackbird,../../Datasets/BirdClef/features/Euphagus cyanocephalus_Brewer's Blackbird/XC377880.npy,../../Datasets/BirdClef/audio/Euphagus cyanocephalus_Brewer's Blackbird/XC377880.mp3
train,Euphagus cyanocephalus_Brewer's Blackbird,../../Datasets/BirdClef/features/Euphagus cyanocephalus_Brewer's Blackbird/XC358844.npy,../../Datasets/BirdClef/audio/Euphagus cyanocephalus_Brewer's Blackbird/XC358844.mp3
train,Euphagus cyanocephalus_Brewer's Blackbird,../../Datasets/BirdClef/features/Euphagus cyanocephalus_Brewer's Blackbird/XC325225.npy,../../Datasets/BirdClef/audio/Euphagus cyanocephalus_Brewer's Blackbird/XC325225.mp3
train,Euphagus cyanocephalus_Brewer's Blackbird,../../Datasets/BirdClef/features/Euphagus cyanocephalus_Brewer's Blackbird/XC54884.npy,../../Datasets/BirdClef/audio/Euphagus cyanocephalus_Brewer's Blackbird/XC54884.mp3
train,Euphagus cyanocephalus_Brewer's Blackbird,../../Datasets/BirdClef/features/Euphagus cyanocephalus_Brewer's Blackbird/XC167903.npy,../../Datasets/BirdClef/audio/Euphagus cyanocephalus_Brewer's Blackbird/XC167903.mp3
train,Euphonia chlorotica_Purple-throated Euphonia,../../Datasets/BirdClef/features/Euphonia chlorotica_Purple-throated Euphonia/XC413524.npy,../../Datasets/BirdClef/audio/Euphonia chlorotica_Purple-throated Euphonia/XC413524.mp3
train,Euphonia chlorotica_Purple-throated Euphonia,../../Datasets/BirdClef/features/Euphonia chlorotica_Purple-throated Euphonia/XC285509.npy,../../Datasets/BirdClef/audio/Euphonia chlorotica_Purple-throated Euphonia/XC285509.mp3
train,Euphonia chlorotica_Purple-throated Euphonia,../../Datasets/BirdClef/features/Euphonia chlorotica_Purple-throated Euphonia/XC50933.npy,../../Datasets/BirdClef/audio/Euphonia chlorotica_Purple-throated Euphonia/XC50933.mp3
train,Euphonia chlorotica_Purple-throated Euphonia,../../Datasets/BirdClef/features/Euphonia chlorotica_Purple-throated Euphonia/XC61275.npy,../../Datasets/BirdClef/audio/Euphonia chlorotica_Purple-throated Euphonia/XC61275.mp3
train,Euphonia chlorotica_Purple-throated Euphonia,../../Datasets/BirdClef/features/Euphonia chlorotica_Purple-throated Euphonia/XC49012.npy,../../Datasets/BirdClef/audio/Euphonia chlorotica_Purple-throated Euphonia/XC49012.mp3
train,Euphonia chrysopasta_Golden-bellied Euphonia,../../Datasets/BirdClef/features/Euphonia chrysopasta_Golden-bellied Euphonia/XC119608.npy,../../Datasets/BirdClef/audio/Euphonia chrysopasta_Golden-bellied Euphonia/XC119608.mp3
train,Euphonia chrysopasta_Golden-bellied Euphonia,../../Datasets/BirdClef/features/Euphonia chrysopasta_Golden-bellied Euphonia/XC85906.npy,../../Datasets/BirdClef/audio/Euphonia chrysopasta_Golden-bellied Euphonia/XC85906.mp3
train,Euphonia chrysopasta_Golden-bellied Euphonia,../../Datasets/BirdClef/features/Euphonia chrysopasta_Golden-bellied Euphonia/XC222880.npy,../../Datasets/BirdClef/audio/Euphonia chrysopasta_Golden-bellied Euphonia/XC222880.mp3
train,Euphonia chrysopasta_Golden-bellied Euphonia,../../Datasets/BirdClef/features/Euphonia chrysopasta_Golden-bellied Euphonia/XC66201.npy,../../Datasets/BirdClef/audio/Euphonia chrysopasta_Golden-bellied Euphonia/XC66201.mp3
train,Euphonia chrysopasta_Golden-bellied Euphonia,../../Datasets/BirdClef/features/Euphonia chrysopasta_Golden-bellied Euphonia/XC63422.npy,../../Datasets/BirdClef/audio/Euphonia chrysopasta_Golden-bellied Euphonia/XC63422.mp3
train,Euphonia cyanocephala_Golden-rumped Euphonia,../../Datasets/BirdClef/features/Euphonia cyanocephala_Golden-rumped Euphonia/XC75745.npy,../../Datasets/BirdClef/audio/Euphonia cyanocephala_Golden-rumped Euphonia/XC75745.mp3
train,Euphonia cyanocephala_Golden-rumped Euphonia,../../Datasets/BirdClef/features/Euphonia cyanocephala_Golden-rumped Euphonia/XC186887.npy,../../Datasets/BirdClef/audio/Euphonia cyanocephala_Golden-rumped Euphonia/XC186887.mp3
train,Euphonia cyanocephala_Golden-rumped Euphonia,../../Datasets/BirdClef/features/Euphonia cyanocephala_Golden-rumped Euphonia/XC91256.npy,../../Datasets/BirdClef/audio/Euphonia cyanocephala_Golden-rumped Euphonia/XC91256.mp3
train,Euphonia cyanocephala_Golden-rumped Euphonia,../../Datasets/BirdClef/features/Euphonia cyanocephala_Golden-rumped Euphonia/XC438554.npy,../../Datasets/BirdClef/audio/Euphonia cyanocephala_Golden-rumped Euphonia/XC438554.mp3
train,Euphonia cyanocephala_Golden-rumped Euphonia,../../Datasets/BirdClef/features/Euphonia cyanocephala_Golden-rumped Euphonia/XC62458.npy,../../Datasets/BirdClef/audio/Euphonia cyanocephala_Golden-rumped Euphonia/XC62458.mp3
train,Euphonia laniirostris_Thick-billed Euphonia,../../Datasets/BirdClef/features/Euphonia laniirostris_Thick-billed Euphonia/XC259573.npy,../../Datasets/BirdClef/audio/Euphonia laniirostris_Thick-billed Euphonia/XC259573.mp3
train,Euphonia laniirostris_Thick-billed Euphonia,../../Datasets/BirdClef/features/Euphonia laniirostris_Thick-billed Euphonia/XC198470.npy,../../Datasets/BirdClef/audio/Euphonia laniirostris_Thick-billed Euphonia/XC198470.mp3
train,Euphonia laniirostris_Thick-billed Euphonia,../../Datasets/BirdClef/features/Euphonia laniirostris_Thick-billed Euphonia/XC63426.npy,../../Datasets/BirdClef/audio/Euphonia laniirostris_Thick-billed Euphonia/XC63426.mp3
train,Euphonia laniirostris_Thick-billed Euphonia,../../Datasets/BirdClef/features/Euphonia laniirostris_Thick-billed Euphonia/XC259584.npy,../../Datasets/BirdClef/audio/Euphonia laniirostris_Thick-billed Euphonia/XC259584.mp3
train,Euphonia laniirostris_Thick-billed Euphonia,../../Datasets/BirdClef/features/Euphonia laniirostris_Thick-billed Euphonia/XC271285.npy,../../Datasets/BirdClef/audio/Euphonia laniirostris_Thick-billed Euphonia/XC271285.mp3
train,Euphonia rufiventris_Rufous-bellied Euphonia,../../Datasets/BirdClef/features/Euphonia rufiventris_Rufous-bellied Euphonia/XC222941.npy,../../Datasets/BirdClef/audio/Euphonia rufiventris_Rufous-bellied Euphonia/XC222941.mp3
train,Euphonia rufiventris_Rufous-bellied Euphonia,../../Datasets/BirdClef/features/Euphonia rufiventris_Rufous-bellied Euphonia/XC195176.npy,../../Datasets/BirdClef/audio/Euphonia rufiventris_Rufous-bellied Euphonia/XC195176.mp3
train,Euphonia rufiventris_Rufous-bellied Euphonia,../../Datasets/BirdClef/features/Euphonia rufiventris_Rufous-bellied Euphonia/XC129951.npy,../../Datasets/BirdClef/audio/Euphonia rufiventris_Rufous-bellied Euphonia/XC129951.mp3
train,Euphonia rufiventris_Rufous-bellied Euphonia,../../Datasets/BirdClef/features/Euphonia rufiventris_Rufous-bellied Euphonia/XC242678.npy,../../Datasets/BirdClef/audio/Euphonia rufiventris_Rufous-bellied Euphonia/XC242678.mp3
train,Euphonia rufiventris_Rufous-bellied Euphonia,../../Datasets/BirdClef/features/Euphonia rufiventris_Rufous-bellied Euphonia/XC3170.npy,../../Datasets/BirdClef/audio/Euphonia rufiventris_Rufous-bellied Euphonia/XC3170.mp3
train,Euphonia xanthogaster_Orange-bellied Euphonia,../../Datasets/BirdClef/features/Euphonia xanthogaster_Orange-bellied Euphonia/XC222961.npy,../../Datasets/BirdClef/audio/Euphonia xanthogaster_Orange-bellied Euphonia/XC222961.mp3
train,Euphonia xanthogaster_Orange-bellied Euphonia,../../Datasets/BirdClef/features/Euphonia xanthogaster_Orange-bellied Euphonia/XC106436.npy,../../Datasets/BirdClef/audio/Euphonia xanthogaster_Orange-bellied Euphonia/XC106436.mp3
train,Euphonia xanthogaster_Orange-bellied Euphonia,../../Datasets/BirdClef/features/Euphonia xanthogaster_Orange-bellied Euphonia/XC131735.npy,../../Datasets/BirdClef/audio/Euphonia xanthogaster_Orange-bellied Euphonia/XC131735.mp3
train,Euphonia xanthogaster_Orange-bellied Euphonia,../../Datasets/BirdClef/features/Euphonia xanthogaster_Orange-bellied Euphonia/XC241553.npy,../../Datasets/BirdClef/audio/Euphonia xanthogaster_Orange-bellied Euphonia/XC241553.mp3
train,Euphonia xanthogaster_Orange-bellied Euphonia,../../Datasets/BirdClef/features/Euphonia xanthogaster_Orange-bellied Euphonia/XC264820.npy,../../Datasets/BirdClef/audio/Euphonia xanthogaster_Orange-bellied Euphonia/XC264820.mp3
train,Eurypyga helias_Sunbittern,../../Datasets/BirdClef/features/Eurypyga helias_Sunbittern/XC66007.npy,../../Datasets/BirdClef/audio/Eurypyga helias_Sunbittern/XC66007.mp3
train,Eurypyga helias_Sunbittern,../../Datasets/BirdClef/features/Eurypyga helias_Sunbittern/XC91330.npy,../../Datasets/BirdClef/audio/Eurypyga helias_Sunbittern/XC91330.mp3
train,Eurypyga helias_Sunbittern,../../Datasets/BirdClef/features/Eurypyga helias_Sunbittern/XC257472.npy,../../Datasets/BirdClef/audio/Eurypyga helias_Sunbittern/XC257472.mp3
train,Eurypyga helias_Sunbittern,../../Datasets/BirdClef/features/Eurypyga helias_Sunbittern/XC463593.npy,../../Datasets/BirdClef/audio/Eurypyga helias_Sunbittern/XC463593.mp3
train,Eurypyga helias_Sunbittern,../../Datasets/BirdClef/features/Eurypyga helias_Sunbittern/XC480048.npy,../../Datasets/BirdClef/audio/Eurypyga helias_Sunbittern/XC480048.mp3
train,Falco columbarius_Merlin,../../Datasets/BirdClef/features/Falco columbarius_Merlin/XC443915.npy,../../Datasets/BirdClef/audio/Falco columbarius_Merlin/XC443915.mp3
train,Falco columbarius_Merlin,../../Datasets/BirdClef/features/Falco columbarius_Merlin/XC286682.npy,../../Datasets/BirdClef/audio/Falco columbarius_Merlin/XC286682.mp3
train,Falco columbarius_Merlin,../../Datasets/BirdClef/features/Falco columbarius_Merlin/XC36360.npy,../../Datasets/BirdClef/audio/Falco columbarius_Merlin/XC36360.mp3
train,Falco columbarius_Merlin,../../Datasets/BirdClef/features/Falco columbarius_Merlin/XC65982.npy,../../Datasets/BirdClef/audio/Falco columbarius_Merlin/XC65982.mp3
train,Falco columbarius_Merlin,../../Datasets/BirdClef/features/Falco columbarius_Merlin/XC183106.npy,../../Datasets/BirdClef/audio/Falco columbarius_Merlin/XC183106.mp3
train,Falco peregrinus_Peregrine Falcon,../../Datasets/BirdClef/features/Falco peregrinus_Peregrine Falcon/XC401971.npy,../../Datasets/BirdClef/audio/Falco peregrinus_Peregrine Falcon/XC401971.mp3
train,Falco peregrinus_Peregrine Falcon,../../Datasets/BirdClef/features/Falco peregrinus_Peregrine Falcon/XC198259.npy,../../Datasets/BirdClef/audio/Falco peregrinus_Peregrine Falcon/XC198259.mp3
train,Falco peregrinus_Peregrine Falcon,../../Datasets/BirdClef/features/Falco peregrinus_Peregrine Falcon/XC189998.npy,../../Datasets/BirdClef/audio/Falco peregrinus_Peregrine Falcon/XC189998.mp3
train,Falco peregrinus_Peregrine Falcon,../../Datasets/BirdClef/features/Falco peregrinus_Peregrine Falcon/XC35917.npy,../../Datasets/BirdClef/audio/Falco peregrinus_Peregrine Falcon/XC35917.mp3
train,Falco peregrinus_Peregrine Falcon,../../Datasets/BirdClef/features/Falco peregrinus_Peregrine Falcon/XC493700.npy,../../Datasets/BirdClef/audio/Falco peregrinus_Peregrine Falcon/XC493700.mp3
train,Falco rufigularis_Bat Falcon,../../Datasets/BirdClef/features/Falco rufigularis_Bat Falcon/XC52853.npy,../../Datasets/BirdClef/audio/Falco rufigularis_Bat Falcon/XC52853.mp3
train,Falco rufigularis_Bat Falcon,../../Datasets/BirdClef/features/Falco rufigularis_Bat Falcon/XC63432.npy,../../Datasets/BirdClef/audio/Falco rufigularis_Bat Falcon/XC63432.mp3
train,Falco rufigularis_Bat Falcon,../../Datasets/BirdClef/features/Falco rufigularis_Bat Falcon/XC55495.npy,../../Datasets/BirdClef/audio/Falco rufigularis_Bat Falcon/XC55495.mp3
train,Falco rufigularis_Bat Falcon,../../Datasets/BirdClef/features/Falco rufigularis_Bat Falcon/XC364680.npy,../../Datasets/BirdClef/audio/Falco rufigularis_Bat Falcon/XC364680.mp3
train,Falco rufigularis_Bat Falcon,../../Datasets/BirdClef/features/Falco rufigularis_Bat Falcon/XC24175.npy,../../Datasets/BirdClef/audio/Falco rufigularis_Bat Falcon/XC24175.mp3
train,Falco sparverius_American Kestrel,../../Datasets/BirdClef/features/Falco sparverius_American Kestrel/XC253328.npy,../../Datasets/BirdClef/audio/Falco sparverius_American Kestrel/XC253328.mp3
train,Falco sparverius_American Kestrel,../../Datasets/BirdClef/features/Falco sparverius_American Kestrel/XC483212.npy,../../Datasets/BirdClef/audio/Falco sparverius_American Kestrel/XC483212.mp3
train,Falco sparverius_American Kestrel,../../Datasets/BirdClef/features/Falco sparverius_American Kestrel/XC375505.npy,../../Datasets/BirdClef/audio/Falco sparverius_American Kestrel/XC375505.mp3
train,Falco sparverius_American Kestrel,../../Datasets/BirdClef/features/Falco sparverius_American Kestrel/XC482875.npy,../../Datasets/BirdClef/audio/Falco sparverius_American Kestrel/XC482875.mp3
train,Falco sparverius_American Kestrel,../../Datasets/BirdClef/features/Falco sparverius_American Kestrel/XC449552.npy,../../Datasets/BirdClef/audio/Falco sparverius_American Kestrel/XC449552.mp3
train,Falco subbuteo_Eurasian Hobby,../../Datasets/BirdClef/features/Falco subbuteo_Eurasian Hobby/XC117047.npy,../../Datasets/BirdClef/audio/Falco subbuteo_Eurasian Hobby/XC117047.mp3
train,Falco subbuteo_Eurasian Hobby,../../Datasets/BirdClef/features/Falco subbuteo_Eurasian Hobby/XC486062.npy,../../Datasets/BirdClef/audio/Falco subbuteo_Eurasian Hobby/XC486062.mp3
train,Falco subbuteo_Eurasian Hobby,../../Datasets/BirdClef/features/Falco subbuteo_Eurasian Hobby/XC101462.npy,../../Datasets/BirdClef/audio/Falco subbuteo_Eurasian Hobby/XC101462.mp3
train,Falco subbuteo_Eurasian Hobby,../../Datasets/BirdClef/features/Falco subbuteo_Eurasian Hobby/XC146652.npy,../../Datasets/BirdClef/audio/Falco subbuteo_Eurasian Hobby/XC146652.mp3
train,Falco subbuteo_Eurasian Hobby,../../Datasets/BirdClef/features/Falco subbuteo_Eurasian Hobby/XC419906.npy,../../Datasets/BirdClef/audio/Falco subbuteo_Eurasian Hobby/XC419906.mp3
train,Falco tinnunculus_Eurasian Kestrel,../../Datasets/BirdClef/features/Falco tinnunculus_Eurasian Kestrel/XC420775.npy,../../Datasets/BirdClef/audio/Falco tinnunculus_Eurasian Kestrel/XC420775.mp3
train,Falco tinnunculus_Eurasian Kestrel,../../Datasets/BirdClef/features/Falco tinnunculus_Eurasian Kestrel/XC463430.npy,../../Datasets/BirdClef/audio/Falco tinnunculus_Eurasian Kestrel/XC463430.mp3
train,Falco tinnunculus_Eurasian Kestrel,../../Datasets/BirdClef/features/Falco tinnunculus_Eurasian Kestrel/XC309745.npy,../../Datasets/BirdClef/audio/Falco tinnunculus_Eurasian Kestrel/XC309745.mp3
train,Falco tinnunculus_Eurasian Kestrel,../../Datasets/BirdClef/features/Falco tinnunculus_Eurasian Kestrel/XC233955.npy,../../Datasets/BirdClef/audio/Falco tinnunculus_Eurasian Kestrel/XC233955.mp3
train,Falco tinnunculus_Eurasian Kestrel,../../Datasets/BirdClef/features/Falco tinnunculus_Eurasian Kestrel/XC503223.npy,../../Datasets/BirdClef/audio/Falco tinnunculus_Eurasian Kestrel/XC503223.mp3
train,Formicarius analis_Black-faced Antthrush,../../Datasets/BirdClef/features/Formicarius analis_Black-faced Antthrush/XC127689.npy,../../Datasets/BirdClef/audio/Formicarius analis_Black-faced Antthrush/XC127689.mp3
train,Formicarius analis_Black-faced Antthrush,../../Datasets/BirdClef/features/Formicarius analis_Black-faced Antthrush/XC386107.npy,../../Datasets/BirdClef/audio/Formicarius analis_Black-faced Antthrush/XC386107.mp3
train,Formicarius analis_Black-faced Antthrush,../../Datasets/BirdClef/features/Formicarius analis_Black-faced Antthrush/XC253447.npy,../../Datasets/BirdClef/audio/Formicarius analis_Black-faced Antthrush/XC253447.mp3
train,Formicarius analis_Black-faced Antthrush,../../Datasets/BirdClef/features/Formicarius analis_Black-faced Antthrush/XC86112.npy,../../Datasets/BirdClef/audio/Formicarius analis_Black-faced Antthrush/XC86112.mp3
train,Formicarius analis_Black-faced Antthrush,../../Datasets/BirdClef/features/Formicarius analis_Black-faced Antthrush/XC151955.npy,../../Datasets/BirdClef/audio/Formicarius analis_Black-faced Antthrush/XC151955.mp3
train,Formicarius colma_Rufous-capped Antthrush,../../Datasets/BirdClef/features/Formicarius colma_Rufous-capped Antthrush/XC38575.npy,../../Datasets/BirdClef/audio/Formicarius colma_Rufous-capped Antthrush/XC38575.mp3
train,Formicarius colma_Rufous-capped Antthrush,../../Datasets/BirdClef/features/Formicarius colma_Rufous-capped Antthrush/XC476279.npy,../../Datasets/BirdClef/audio/Formicarius colma_Rufous-capped Antthrush/XC476279.mp3
train,Formicarius colma_Rufous-capped Antthrush,../../Datasets/BirdClef/features/Formicarius colma_Rufous-capped Antthrush/XC126730.npy,../../Datasets/BirdClef/audio/Formicarius colma_Rufous-capped Antthrush/XC126730.mp3
train,Formicarius colma_Rufous-capped Antthrush,../../Datasets/BirdClef/features/Formicarius colma_Rufous-capped Antthrush/XC421131.npy,../../Datasets/BirdClef/audio/Formicarius colma_Rufous-capped Antthrush/XC421131.mp3
train,Formicarius colma_Rufous-capped Antthrush,../../Datasets/BirdClef/features/Formicarius colma_Rufous-capped Antthrush/XC335164.npy,../../Datasets/BirdClef/audio/Formicarius colma_Rufous-capped Antthrush/XC335164.mp3
train,Formicivora rufa_Rusty-backed Antwren,../../Datasets/BirdClef/features/Formicivora rufa_Rusty-backed Antwren/XC55442.npy,../../Datasets/BirdClef/audio/Formicivora rufa_Rusty-backed Antwren/XC55442.mp3
train,Formicivora rufa_Rusty-backed Antwren,../../Datasets/BirdClef/features/Formicivora rufa_Rusty-backed Antwren/XC223179.npy,../../Datasets/BirdClef/audio/Formicivora rufa_Rusty-backed Antwren/XC223179.mp3
train,Formicivora rufa_Rusty-backed Antwren,../../Datasets/BirdClef/features/Formicivora rufa_Rusty-backed Antwren/XC417405.npy,../../Datasets/BirdClef/audio/Formicivora rufa_Rusty-backed Antwren/XC417405.mp3
train,Formicivora rufa_Rusty-backed Antwren,../../Datasets/BirdClef/features/Formicivora rufa_Rusty-backed Antwren/XC151198.npy,../../Datasets/BirdClef/audio/Formicivora rufa_Rusty-backed Antwren/XC151198.mp3
train,Formicivora rufa_Rusty-backed Antwren,../../Datasets/BirdClef/features/Formicivora rufa_Rusty-backed Antwren/XC479390.npy,../../Datasets/BirdClef/audio/Formicivora rufa_Rusty-backed Antwren/XC479390.mp3
train,Fringilla coelebs_Common Chaffinch,../../Datasets/BirdClef/features/Fringilla coelebs_Common Chaffinch/XC349845.npy,../../Datasets/BirdClef/audio/Fringilla coelebs_Common Chaffinch/XC349845.mp3
train,Fringilla coelebs_Common Chaffinch,../../Datasets/BirdClef/features/Fringilla coelebs_Common Chaffinch/XC306040.npy,../../Datasets/BirdClef/audio/Fringilla coelebs_Common Chaffinch/XC306040.mp3
train,Fringilla coelebs_Common Chaffinch,../../Datasets/BirdClef/features/Fringilla coelebs_Common Chaffinch/XC365672.npy,../../Datasets/BirdClef/audio/Fringilla coelebs_Common Chaffinch/XC365672.mp3
train,Fringilla coelebs_Common Chaffinch,../../Datasets/BirdClef/features/Fringilla coelebs_Common Chaffinch/XC281749.npy,../../Datasets/BirdClef/audio/Fringilla coelebs_Common Chaffinch/XC281749.mp3
train,Fringilla coelebs_Common Chaffinch,../../Datasets/BirdClef/features/Fringilla coelebs_Common Chaffinch/XC315675.npy,../../Datasets/BirdClef/audio/Fringilla coelebs_Common Chaffinch/XC315675.mp3
train,Fringilla montifringilla_Brambling,../../Datasets/BirdClef/features/Fringilla montifringilla_Brambling/XC263878.npy,../../Datasets/BirdClef/audio/Fringilla montifringilla_Brambling/XC263878.mp3
train,Fringilla montifringilla_Brambling,../../Datasets/BirdClef/features/Fringilla montifringilla_Brambling/XC156946.npy,../../Datasets/BirdClef/audio/Fringilla montifringilla_Brambling/XC156946.mp3
train,Fringilla montifringilla_Brambling,../../Datasets/BirdClef/features/Fringilla montifringilla_Brambling/XC371509.npy,../../Datasets/BirdClef/audio/Fringilla montifringilla_Brambling/XC371509.mp3
train,Fringilla montifringilla_Brambling,../../Datasets/BirdClef/features/Fringilla montifringilla_Brambling/XC376370.npy,../../Datasets/BirdClef/audio/Fringilla montifringilla_Brambling/XC376370.mp3
train,Fringilla montifringilla_Brambling,../../Datasets/BirdClef/features/Fringilla montifringilla_Brambling/XC62833.npy,../../Datasets/BirdClef/audio/Fringilla montifringilla_Brambling/XC62833.mp3
train,Fulica americana_American Coot,../../Datasets/BirdClef/features/Fulica americana_American Coot/XC160866.npy,../../Datasets/BirdClef/audio/Fulica americana_American Coot/XC160866.mp3
train,Fulica americana_American Coot,../../Datasets/BirdClef/features/Fulica americana_American Coot/XC160871.npy,../../Datasets/BirdClef/audio/Fulica americana_American Coot/XC160871.mp3
train,Fulica americana_American Coot,../../Datasets/BirdClef/features/Fulica americana_American Coot/XC452170.npy,../../Datasets/BirdClef/audio/Fulica americana_American Coot/XC452170.mp3
train,Fulica americana_American Coot,../../Datasets/BirdClef/features/Fulica americana_American Coot/XC160872.npy,../../Datasets/BirdClef/audio/Fulica americana_American Coot/XC160872.mp3
train,Fulica americana_American Coot,../../Datasets/BirdClef/features/Fulica americana_American Coot/XC45515.npy,../../Datasets/BirdClef/audio/Fulica americana_American Coot/XC45515.mp3
train,Fulica atra_Eurasian Coot,../../Datasets/BirdClef/features/Fulica atra_Eurasian Coot/XC312100.npy,../../Datasets/BirdClef/audio/Fulica atra_Eurasian Coot/XC312100.mp3
train,Fulica atra_Eurasian Coot,../../Datasets/BirdClef/features/Fulica atra_Eurasian Coot/XC392798.npy,../../Datasets/BirdClef/audio/Fulica atra_Eurasian Coot/XC392798.mp3
train,Fulica atra_Eurasian Coot,../../Datasets/BirdClef/features/Fulica atra_Eurasian Coot/XC432891.npy,../../Datasets/BirdClef/audio/Fulica atra_Eurasian Coot/XC432891.mp3
train,Fulica atra_Eurasian Coot,../../Datasets/BirdClef/features/Fulica atra_Eurasian Coot/XC128257.npy,../../Datasets/BirdClef/audio/Fulica atra_Eurasian Coot/XC128257.mp3
train,Fulica atra_Eurasian Coot,../../Datasets/BirdClef/features/Fulica atra_Eurasian Coot/XC130639.npy,../../Datasets/BirdClef/audio/Fulica atra_Eurasian Coot/XC130639.mp3
train,Furnarius leucopus_Pale-legged Hornero,../../Datasets/BirdClef/features/Furnarius leucopus_Pale-legged Hornero/XC27804.npy,../../Datasets/BirdClef/audio/Furnarius leucopus_Pale-legged Hornero/XC27804.mp3
train,Furnarius leucopus_Pale-legged Hornero,../../Datasets/BirdClef/features/Furnarius leucopus_Pale-legged Hornero/XC50371.npy,../../Datasets/BirdClef/audio/Furnarius leucopus_Pale-legged Hornero/XC50371.mp3
train,Furnarius leucopus_Pale-legged Hornero,../../Datasets/BirdClef/features/Furnarius leucopus_Pale-legged Hornero/XC97658.npy,../../Datasets/BirdClef/audio/Furnarius leucopus_Pale-legged Hornero/XC97658.mp3
train,Furnarius leucopus_Pale-legged Hornero,../../Datasets/BirdClef/features/Furnarius leucopus_Pale-legged Hornero/XC284923.npy,../../Datasets/BirdClef/audio/Furnarius leucopus_Pale-legged Hornero/XC284923.mp3
train,Furnarius leucopus_Pale-legged Hornero,../../Datasets/BirdClef/features/Furnarius leucopus_Pale-legged Hornero/XC329177.npy,../../Datasets/BirdClef/audio/Furnarius leucopus_Pale-legged Hornero/XC329177.mp3
train,Galbula dea_Paradise Jacamar,../../Datasets/BirdClef/features/Galbula dea_Paradise Jacamar/XC223293.npy,../../Datasets/BirdClef/audio/Galbula dea_Paradise Jacamar/XC223293.mp3
train,Galbula dea_Paradise Jacamar,../../Datasets/BirdClef/features/Galbula dea_Paradise Jacamar/XC7561.npy,../../Datasets/BirdClef/audio/Galbula dea_Paradise Jacamar/XC7561.mp3
train,Galbula dea_Paradise Jacamar,../../Datasets/BirdClef/features/Galbula dea_Paradise Jacamar/XC223296.npy,../../Datasets/BirdClef/audio/Galbula dea_Paradise Jacamar/XC223296.mp3
train,Galbula dea_Paradise Jacamar,../../Datasets/BirdClef/features/Galbula dea_Paradise Jacamar/XC119386.npy,../../Datasets/BirdClef/audio/Galbula dea_Paradise Jacamar/XC119386.mp3
train,Galbula dea_Paradise Jacamar,../../Datasets/BirdClef/features/Galbula dea_Paradise Jacamar/XC223303.npy,../../Datasets/BirdClef/audio/Galbula dea_Paradise Jacamar/XC223303.mp3
train,Gallinago delicata_Wilson's Snipe,../../Datasets/BirdClef/features/Gallinago delicata_Wilson's Snipe/XC187260.npy,../../Datasets/BirdClef/audio/Gallinago delicata_Wilson's Snipe/XC187260.mp3
train,Gallinago delicata_Wilson's Snipe,../../Datasets/BirdClef/features/Gallinago delicata_Wilson's Snipe/XC406333.npy,../../Datasets/BirdClef/audio/Gallinago delicata_Wilson's Snipe/XC406333.mp3
train,Gallinago delicata_Wilson's Snipe,../../Datasets/BirdClef/features/Gallinago delicata_Wilson's Snipe/XC187258.npy,../../Datasets/BirdClef/audio/Gallinago delicata_Wilson's Snipe/XC187258.mp3
train,Gallinago delicata_Wilson's Snipe,../../Datasets/BirdClef/features/Gallinago delicata_Wilson's Snipe/XC87163.npy,../../Datasets/BirdClef/audio/Gallinago delicata_Wilson's Snipe/XC87163.mp3
train,Gallinago delicata_Wilson's Snipe,../../Datasets/BirdClef/features/Gallinago delicata_Wilson's Snipe/XC342368.npy,../../Datasets/BirdClef/audio/Gallinago delicata_Wilson's Snipe/XC342368.mp3
train,Gallinago gallinago_Common Snipe,../../Datasets/BirdClef/features/Gallinago gallinago_Common Snipe/XC497232.npy,../../Datasets/BirdClef/audio/Gallinago gallinago_Common Snipe/XC497232.mp3
train,Gallinago gallinago_Common Snipe,../../Datasets/BirdClef/features/Gallinago gallinago_Common Snipe/XC432268.npy,../../Datasets/BirdClef/audio/Gallinago gallinago_Common Snipe/XC432268.mp3
train,Gallinago gallinago_Common Snipe,../../Datasets/BirdClef/features/Gallinago gallinago_Common Snipe/XC484244.npy,../../Datasets/BirdClef/audio/Gallinago gallinago_Common Snipe/XC484244.mp3
train,Gallinago gallinago_Common Snipe,../../Datasets/BirdClef/features/Gallinago gallinago_Common Snipe/XC385057.npy,../../Datasets/BirdClef/audio/Gallinago gallinago_Common Snipe/XC385057.mp3
train,Gallinago gallinago_Common Snipe,../../Datasets/BirdClef/features/Gallinago gallinago_Common Snipe/XC316133.npy,../../Datasets/BirdClef/audio/Gallinago gallinago_Common Snipe/XC316133.mp3
train,Gallinula chloropus_Eurasian Moorhen,../../Datasets/BirdClef/features/Gallinula chloropus_Eurasian Moorhen/XC455341.npy,../../Datasets/BirdClef/audio/Gallinula chloropus_Eurasian Moorhen/XC455341.mp3
train,Gallinula chloropus_Eurasian Moorhen,../../Datasets/BirdClef/features/Gallinula chloropus_Eurasian Moorhen/XC470195.npy,../../Datasets/BirdClef/audio/Gallinula chloropus_Eurasian Moorhen/XC470195.mp3
train,Gallinula chloropus_Eurasian Moorhen,../../Datasets/BirdClef/features/Gallinula chloropus_Eurasian Moorhen/XC436938.npy,../../Datasets/BirdClef/audio/Gallinula chloropus_Eurasian Moorhen/XC436938.mp3
train,Gallinula chloropus_Eurasian Moorhen,../../Datasets/BirdClef/features/Gallinula chloropus_Eurasian Moorhen/XC372910.npy,../../Datasets/BirdClef/audio/Gallinula chloropus_Eurasian Moorhen/XC372910.mp3
train,Gallinula chloropus_Eurasian Moorhen,../../Datasets/BirdClef/features/Gallinula chloropus_Eurasian Moorhen/XC303948.npy,../../Datasets/BirdClef/audio/Gallinula chloropus_Eurasian Moorhen/XC303948.mp3
train,Garrulus glandarius_Eurasian Jay,../../Datasets/BirdClef/features/Garrulus glandarius_Eurasian Jay/XC348287.npy,../../Datasets/BirdClef/audio/Garrulus glandarius_Eurasian Jay/XC348287.mp3
train,Garrulus glandarius_Eurasian Jay,../../Datasets/BirdClef/features/Garrulus glandarius_Eurasian Jay/XC411867.npy,../../Datasets/BirdClef/audio/Garrulus glandarius_Eurasian Jay/XC411867.mp3
train,Garrulus glandarius_Eurasian Jay,../../Datasets/BirdClef/features/Garrulus glandarius_Eurasian Jay/XC393312.npy,../../Datasets/BirdClef/audio/Garrulus glandarius_Eurasian Jay/XC393312.mp3
train,Garrulus glandarius_Eurasian Jay,../../Datasets/BirdClef/features/Garrulus glandarius_Eurasian Jay/XC112636.npy,../../Datasets/BirdClef/audio/Garrulus glandarius_Eurasian Jay/XC112636.mp3
train,Garrulus glandarius_Eurasian Jay,../../Datasets/BirdClef/features/Garrulus glandarius_Eurasian Jay/XC318787.npy,../../Datasets/BirdClef/audio/Garrulus glandarius_Eurasian Jay/XC318787.mp3
train,Gavia immer_Common Loon,../../Datasets/BirdClef/features/Gavia immer_Common Loon/XC192504.npy,../../Datasets/BirdClef/audio/Gavia immer_Common Loon/XC192504.mp3
train,Gavia immer_Common Loon,../../Datasets/BirdClef/features/Gavia immer_Common Loon/XC436665.npy,../../Datasets/BirdClef/audio/Gavia immer_Common Loon/XC436665.mp3
train,Gavia immer_Common Loon,../../Datasets/BirdClef/features/Gavia immer_Common Loon/XC488001.npy,../../Datasets/BirdClef/audio/Gavia immer_Common Loon/XC488001.mp3
train,Gavia immer_Common Loon,../../Datasets/BirdClef/features/Gavia immer_Common Loon/XC83957.npy,../../Datasets/BirdClef/audio/Gavia immer_Common Loon/XC83957.mp3
train,Gavia immer_Common Loon,../../Datasets/BirdClef/features/Gavia immer_Common Loon/XC164220.npy,../../Datasets/BirdClef/audio/Gavia immer_Common Loon/XC164220.mp3
train,Geococcyx californianus_Greater Roadrunner,../../Datasets/BirdClef/features/Geococcyx californianus_Greater Roadrunner/XC487939.npy,../../Datasets/BirdClef/audio/Geococcyx californianus_Greater Roadrunner/XC487939.mp3
train,Geococcyx californianus_Greater Roadrunner,../../Datasets/BirdClef/features/Geococcyx californianus_Greater Roadrunner/XC382105.npy,../../Datasets/BirdClef/audio/Geococcyx californianus_Greater Roadrunner/XC382105.mp3
train,Geococcyx californianus_Greater Roadrunner,../../Datasets/BirdClef/features/Geococcyx californianus_Greater Roadrunner/XC254898.npy,../../Datasets/BirdClef/audio/Geococcyx californianus_Greater Roadrunner/XC254898.mp3
train,Geococcyx californianus_Greater Roadrunner,../../Datasets/BirdClef/features/Geococcyx californianus_Greater Roadrunner/XC254899.npy,../../Datasets/BirdClef/audio/Geococcyx californianus_Greater Roadrunner/XC254899.mp3
train,Geococcyx californianus_Greater Roadrunner,../../Datasets/BirdClef/features/Geococcyx californianus_Greater Roadrunner/XC504445.npy,../../Datasets/BirdClef/audio/Geococcyx californianus_Greater Roadrunner/XC504445.mp3
train,Geothlypis tolmiei_MacGillivray's Warbler,../../Datasets/BirdClef/features/Geothlypis tolmiei_MacGillivray's Warbler/XC148567.npy,../../Datasets/BirdClef/audio/Geothlypis tolmiei_MacGillivray's Warbler/XC148567.mp3
train,Geothlypis tolmiei_MacGillivray's Warbler,../../Datasets/BirdClef/features/Geothlypis tolmiei_MacGillivray's Warbler/XC501801.npy,../../Datasets/BirdClef/audio/Geothlypis tolmiei_MacGillivray's Warbler/XC501801.mp3
train,Geothlypis tolmiei_MacGillivray's Warbler,../../Datasets/BirdClef/features/Geothlypis tolmiei_MacGillivray's Warbler/XC450702.npy,../../Datasets/BirdClef/audio/Geothlypis tolmiei_MacGillivray's Warbler/XC450702.mp3
train,Geothlypis tolmiei_MacGillivray's Warbler,../../Datasets/BirdClef/features/Geothlypis tolmiei_MacGillivray's Warbler/XC324860.npy,../../Datasets/BirdClef/audio/Geothlypis tolmiei_MacGillivray's Warbler/XC324860.mp3
train,Geothlypis tolmiei_MacGillivray's Warbler,../../Datasets/BirdClef/features/Geothlypis tolmiei_MacGillivray's Warbler/XC376422.npy,../../Datasets/BirdClef/audio/Geothlypis tolmiei_MacGillivray's Warbler/XC376422.mp3
train,Geothlypis trichas_Common Yellowthroat,../../Datasets/BirdClef/features/Geothlypis trichas_Common Yellowthroat/XC315296.npy,../../Datasets/BirdClef/audio/Geothlypis trichas_Common Yellowthroat/XC315296.mp3
train,Geothlypis trichas_Common Yellowthroat,../../Datasets/BirdClef/features/Geothlypis trichas_Common Yellowthroat/XC381578.npy,../../Datasets/BirdClef/audio/Geothlypis trichas_Common Yellowthroat/XC381578.mp3
train,Geothlypis trichas_Common Yellowthroat,../../Datasets/BirdClef/features/Geothlypis trichas_Common Yellowthroat/XC324512.npy,../../Datasets/BirdClef/audio/Geothlypis trichas_Common Yellowthroat/XC324512.mp3
train,Geothlypis trichas_Common Yellowthroat,../../Datasets/BirdClef/features/Geothlypis trichas_Common Yellowthroat/XC83638.npy,../../Datasets/BirdClef/audio/Geothlypis trichas_Common Yellowthroat/XC83638.mp3
train,Geothlypis trichas_Common Yellowthroat,../../Datasets/BirdClef/features/Geothlypis trichas_Common Yellowthroat/XC471299.npy,../../Datasets/BirdClef/audio/Geothlypis trichas_Common Yellowthroat/XC471299.mp3
train,Geotrygon montana_Ruddy Quail-Dove,../../Datasets/BirdClef/features/Geotrygon montana_Ruddy Quail-Dove/XC329608.npy,../../Datasets/BirdClef/audio/Geotrygon montana_Ruddy Quail-Dove/XC329608.mp3
train,Geotrygon montana_Ruddy Quail-Dove,../../Datasets/BirdClef/features/Geotrygon montana_Ruddy Quail-Dove/XC113194.npy,../../Datasets/BirdClef/audio/Geotrygon montana_Ruddy Quail-Dove/XC113194.mp3
train,Geotrygon montana_Ruddy Quail-Dove,../../Datasets/BirdClef/features/Geotrygon montana_Ruddy Quail-Dove/XC223471.npy,../../Datasets/BirdClef/audio/Geotrygon montana_Ruddy Quail-Dove/XC223471.mp3
train,Geotrygon montana_Ruddy Quail-Dove,../../Datasets/BirdClef/features/Geotrygon montana_Ruddy Quail-Dove/XC329567.npy,../../Datasets/BirdClef/audio/Geotrygon montana_Ruddy Quail-Dove/XC329567.mp3
train,Geotrygon montana_Ruddy Quail-Dove,../../Datasets/BirdClef/features/Geotrygon montana_Ruddy Quail-Dove/XC76138.npy,../../Datasets/BirdClef/audio/Geotrygon montana_Ruddy Quail-Dove/XC76138.mp3
train,Geranospiza caerulescens_Crane Hawk,../../Datasets/BirdClef/features/Geranospiza caerulescens_Crane Hawk/XC427410.npy,../../Datasets/BirdClef/audio/Geranospiza caerulescens_Crane Hawk/XC427410.mp3
train,Geranospiza caerulescens_Crane Hawk,../../Datasets/BirdClef/features/Geranospiza caerulescens_Crane Hawk/XC5552.npy,../../Datasets/BirdClef/audio/Geranospiza caerulescens_Crane Hawk/XC5552.mp3
train,Geranospiza caerulescens_Crane Hawk,../../Datasets/BirdClef/features/Geranospiza caerulescens_Crane Hawk/XC116585.npy,../../Datasets/BirdClef/audio/Geranospiza caerulescens_Crane Hawk/XC116585.mp3
train,Geranospiza caerulescens_Crane Hawk,../../Datasets/BirdClef/features/Geranospiza caerulescens_Crane Hawk/XC380890.npy,../../Datasets/BirdClef/audio/Geranospiza caerulescens_Crane Hawk/XC380890.mp3
train,Geranospiza caerulescens_Crane Hawk,../../Datasets/BirdClef/features/Geranospiza caerulescens_Crane Hawk/XC340722.npy,../../Datasets/BirdClef/audio/Geranospiza caerulescens_Crane Hawk/XC340722.mp3
train,Glaucidium brasilianum_Ferruginous Pygmy-Owl,../../Datasets/BirdClef/features/Glaucidium brasilianum_Ferruginous Pygmy-Owl/XC154973.npy,../../Datasets/BirdClef/audio/Glaucidium brasilianum_Ferruginous Pygmy-Owl/XC154973.mp3
train,Glaucidium brasilianum_Ferruginous Pygmy-Owl,../../Datasets/BirdClef/features/Glaucidium brasilianum_Ferruginous Pygmy-Owl/XC257751.npy,../../Datasets/BirdClef/audio/Glaucidium brasilianum_Ferruginous Pygmy-Owl/XC257751.mp3
train,Glaucidium brasilianum_Ferruginous Pygmy-Owl,../../Datasets/BirdClef/features/Glaucidium brasilianum_Ferruginous Pygmy-Owl/XC11594.npy,../../Datasets/BirdClef/audio/Glaucidium brasilianum_Ferruginous Pygmy-Owl/XC11594.mp3
train,Glaucidium brasilianum_Ferruginous Pygmy-Owl,../../Datasets/BirdClef/features/Glaucidium brasilianum_Ferruginous Pygmy-Owl/XC60625.npy,../../Datasets/BirdClef/audio/Glaucidium brasilianum_Ferruginous Pygmy-Owl/XC60625.mp3
train,Glaucidium brasilianum_Ferruginous Pygmy-Owl,../../Datasets/BirdClef/features/Glaucidium brasilianum_Ferruginous Pygmy-Owl/XC154975.npy,../../Datasets/BirdClef/audio/Glaucidium brasilianum_Ferruginous Pygmy-Owl/XC154975.mp3
train,Glaucidium hardyi_Amazonian Pygmy-Owl,../../Datasets/BirdClef/features/Glaucidium hardyi_Amazonian Pygmy-Owl/XC147703.npy,../../Datasets/BirdClef/audio/Glaucidium hardyi_Amazonian Pygmy-Owl/XC147703.mp3
train,Glaucidium hardyi_Amazonian Pygmy-Owl,../../Datasets/BirdClef/features/Glaucidium hardyi_Amazonian Pygmy-Owl/XC65577.npy,../../Datasets/BirdClef/audio/Glaucidium hardyi_Amazonian Pygmy-Owl/XC65577.mp3
train,Glaucidium hardyi_Amazonian Pygmy-Owl,../../Datasets/BirdClef/features/Glaucidium hardyi_Amazonian Pygmy-Owl/XC403309.npy,../../Datasets/BirdClef/audio/Glaucidium hardyi_Amazonian Pygmy-Owl/XC403309.mp3
train,Glaucidium hardyi_Amazonian Pygmy-Owl,../../Datasets/BirdClef/features/Glaucidium hardyi_Amazonian Pygmy-Owl/XC39745.npy,../../Datasets/BirdClef/audio/Glaucidium hardyi_Amazonian Pygmy-Owl/XC39745.mp3
train,Glaucidium hardyi_Amazonian Pygmy-Owl,../../Datasets/BirdClef/features/Glaucidium hardyi_Amazonian Pygmy-Owl/XC266622.npy,../../Datasets/BirdClef/audio/Glaucidium hardyi_Amazonian Pygmy-Owl/XC266622.mp3
train,Glyphorynchus spirurus_Wedge-billed Woodcreeper,../../Datasets/BirdClef/features/Glyphorynchus spirurus_Wedge-billed Woodcreeper/XC274604.npy,../../Datasets/BirdClef/audio/Glyphorynchus spirurus_Wedge-billed Woodcreeper/XC274604.mp3
train,Glyphorynchus spirurus_Wedge-billed Woodcreeper,../../Datasets/BirdClef/features/Glyphorynchus spirurus_Wedge-billed Woodcreeper/XC69826.npy,../../Datasets/BirdClef/audio/Glyphorynchus spirurus_Wedge-billed Woodcreeper/XC69826.mp3
train,Glyphorynchus spirurus_Wedge-billed Woodcreeper,../../Datasets/BirdClef/features/Glyphorynchus spirurus_Wedge-billed Woodcreeper/XC71996.npy,../../Datasets/BirdClef/audio/Glyphorynchus spirurus_Wedge-billed Woodcreeper/XC71996.mp3
train,Glyphorynchus spirurus_Wedge-billed Woodcreeper,../../Datasets/BirdClef/features/Glyphorynchus spirurus_Wedge-billed Woodcreeper/XC223552.npy,../../Datasets/BirdClef/audio/Glyphorynchus spirurus_Wedge-billed Woodcreeper/XC223552.mp3
train,Glyphorynchus spirurus_Wedge-billed Woodcreeper,../../Datasets/BirdClef/features/Glyphorynchus spirurus_Wedge-billed Woodcreeper/XC394821.npy,../../Datasets/BirdClef/audio/Glyphorynchus spirurus_Wedge-billed Woodcreeper/XC394821.mp3
train,Grus grus_Common Crane,../../Datasets/BirdClef/features/Grus grus_Common Crane/XC100633.npy,../../Datasets/BirdClef/audio/Grus grus_Common Crane/XC100633.mp3
train,Grus grus_Common Crane,../../Datasets/BirdClef/features/Grus grus_Common Crane/XC391111.npy,../../Datasets/BirdClef/audio/Grus grus_Common Crane/XC391111.mp3
train,Grus grus_Common Crane,../../Datasets/BirdClef/features/Grus grus_Common Crane/XC432356.npy,../../Datasets/BirdClef/audio/Grus grus_Common Crane/XC432356.mp3
train,Grus grus_Common Crane,../../Datasets/BirdClef/features/Grus grus_Common Crane/XC342191.npy,../../Datasets/BirdClef/audio/Grus grus_Common Crane/XC342191.mp3
train,Grus grus_Common Crane,../../Datasets/BirdClef/features/Grus grus_Common Crane/XC279155.npy,../../Datasets/BirdClef/audio/Grus grus_Common Crane/XC279155.mp3
train,Gymnorhinus cyanocephalus_Pinyon Jay,../../Datasets/BirdClef/features/Gymnorhinus cyanocephalus_Pinyon Jay/XC462886.npy,../../Datasets/BirdClef/audio/Gymnorhinus cyanocephalus_Pinyon Jay/XC462886.mp3
train,Gymnorhinus cyanocephalus_Pinyon Jay,../../Datasets/BirdClef/features/Gymnorhinus cyanocephalus_Pinyon Jay/XC104955.npy,../../Datasets/BirdClef/audio/Gymnorhinus cyanocephalus_Pinyon Jay/XC104955.mp3
train,Gymnorhinus cyanocephalus_Pinyon Jay,../../Datasets/BirdClef/features/Gymnorhinus cyanocephalus_Pinyon Jay/XC216659.npy,../../Datasets/BirdClef/audio/Gymnorhinus cyanocephalus_Pinyon Jay/XC216659.mp3
train,Gymnorhinus cyanocephalus_Pinyon Jay,../../Datasets/BirdClef/features/Gymnorhinus cyanocephalus_Pinyon Jay/XC215464.npy,../../Datasets/BirdClef/audio/Gymnorhinus cyanocephalus_Pinyon Jay/XC215464.mp3
train,Gymnorhinus cyanocephalus_Pinyon Jay,../../Datasets/BirdClef/features/Gymnorhinus cyanocephalus_Pinyon Jay/XC368919.npy,../../Datasets/BirdClef/audio/Gymnorhinus cyanocephalus_Pinyon Jay/XC368919.mp3
train,Habia rubica_Red-crowned Ant-Tanager,../../Datasets/BirdClef/features/Habia rubica_Red-crowned Ant-Tanager/XC42824.npy,../../Datasets/BirdClef/audio/Habia rubica_Red-crowned Ant-Tanager/XC42824.mp3
train,Habia rubica_Red-crowned Ant-Tanager,../../Datasets/BirdClef/features/Habia rubica_Red-crowned Ant-Tanager/XC108518.npy,../../Datasets/BirdClef/audio/Habia rubica_Red-crowned Ant-Tanager/XC108518.mp3
train,Habia rubica_Red-crowned Ant-Tanager,../../Datasets/BirdClef/features/Habia rubica_Red-crowned Ant-Tanager/XC308820.npy,../../Datasets/BirdClef/audio/Habia rubica_Red-crowned Ant-Tanager/XC308820.mp3
train,Habia rubica_Red-crowned Ant-Tanager,../../Datasets/BirdClef/features/Habia rubica_Red-crowned Ant-Tanager/XC276056.npy,../../Datasets/BirdClef/audio/Habia rubica_Red-crowned Ant-Tanager/XC276056.mp3
train,Habia rubica_Red-crowned Ant-Tanager,../../Datasets/BirdClef/features/Habia rubica_Red-crowned Ant-Tanager/XC417035.npy,../../Datasets/BirdClef/audio/Habia rubica_Red-crowned Ant-Tanager/XC417035.mp3
train,Haematopus ostralegus_Eurasian Oystercatcher,../../Datasets/BirdClef/features/Haematopus ostralegus_Eurasian Oystercatcher/XC426048.npy,../../Datasets/BirdClef/audio/Haematopus ostralegus_Eurasian Oystercatcher/XC426048.mp3
train,Haematopus ostralegus_Eurasian Oystercatcher,../../Datasets/BirdClef/features/Haematopus ostralegus_Eurasian Oystercatcher/XC142421.npy,../../Datasets/BirdClef/audio/Haematopus ostralegus_Eurasian Oystercatcher/XC142421.mp3
train,Haematopus ostralegus_Eurasian Oystercatcher,../../Datasets/BirdClef/features/Haematopus ostralegus_Eurasian Oystercatcher/XC372052.npy,../../Datasets/BirdClef/audio/Haematopus ostralegus_Eurasian Oystercatcher/XC372052.mp3
train,Haematopus ostralegus_Eurasian Oystercatcher,../../Datasets/BirdClef/features/Haematopus ostralegus_Eurasian Oystercatcher/XC432733.npy,../../Datasets/BirdClef/audio/Haematopus ostralegus_Eurasian Oystercatcher/XC432733.mp3
train,Haematopus ostralegus_Eurasian Oystercatcher,../../Datasets/BirdClef/features/Haematopus ostralegus_Eurasian Oystercatcher/XC277466.npy,../../Datasets/BirdClef/audio/Haematopus ostralegus_Eurasian Oystercatcher/XC277466.mp3
train,Haemorhous cassinii_Cassin's Finch,../../Datasets/BirdClef/features/Haemorhous cassinii_Cassin's Finch/XC71819.npy,../../Datasets/BirdClef/audio/Haemorhous cassinii_Cassin's Finch/XC71819.mp3
train,Haemorhous cassinii_Cassin's Finch,../../Datasets/BirdClef/features/Haemorhous cassinii_Cassin's Finch/XC33847.npy,../../Datasets/BirdClef/audio/Haemorhous cassinii_Cassin's Finch/XC33847.mp3
train,Haemorhous cassinii_Cassin's Finch,../../Datasets/BirdClef/features/Haemorhous cassinii_Cassin's Finch/XC277656.npy,../../Datasets/BirdClef/audio/Haemorhous cassinii_Cassin's Finch/XC277656.mp3
train,Haemorhous cassinii_Cassin's Finch,../../Datasets/BirdClef/features/Haemorhous cassinii_Cassin's Finch/XC247320.npy,../../Datasets/BirdClef/audio/Haemorhous cassinii_Cassin's Finch/XC247320.mp3
train,Haemorhous cassinii_Cassin's Finch,../../Datasets/BirdClef/features/Haemorhous cassinii_Cassin's Finch/XC21978.npy,../../Datasets/BirdClef/audio/Haemorhous cassinii_Cassin's Finch/XC21978.mp3
train,Haemorhous mexicanus_House Finch,../../Datasets/BirdClef/features/Haemorhous mexicanus_House Finch/XC185193.npy,../../Datasets/BirdClef/audio/Haemorhous mexicanus_House Finch/XC185193.mp3
train,Haemorhous mexicanus_House Finch,../../Datasets/BirdClef/features/Haemorhous mexicanus_House Finch/XC500927.npy,../../Datasets/BirdClef/audio/Haemorhous mexicanus_House Finch/XC500927.mp3
train,Haemorhous mexicanus_House Finch,../../Datasets/BirdClef/features/Haemorhous mexicanus_House Finch/XC327553.npy,../../Datasets/BirdClef/audio/Haemorhous mexicanus_House Finch/XC327553.mp3
train,Haemorhous mexicanus_House Finch,../../Datasets/BirdClef/features/Haemorhous mexicanus_House Finch/XC124430.npy,../../Datasets/BirdClef/audio/Haemorhous mexicanus_House Finch/XC124430.mp3
train,Haemorhous mexicanus_House Finch,../../Datasets/BirdClef/features/Haemorhous mexicanus_House Finch/XC306935.npy,../../Datasets/BirdClef/audio/Haemorhous mexicanus_House Finch/XC306935.mp3
train,Haemorhous purpureus_Purple Finch,../../Datasets/BirdClef/features/Haemorhous purpureus_Purple Finch/XC13636.npy,../../Datasets/BirdClef/audio/Haemorhous purpureus_Purple Finch/XC13636.mp3
train,Haemorhous purpureus_Purple Finch,../../Datasets/BirdClef/features/Haemorhous purpureus_Purple Finch/XC144669.npy,../../Datasets/BirdClef/audio/Haemorhous purpureus_Purple Finch/XC144669.mp3
train,Haemorhous purpureus_Purple Finch,../../Datasets/BirdClef/features/Haemorhous purpureus_Purple Finch/XC139969.npy,../../Datasets/BirdClef/audio/Haemorhous purpureus_Purple Finch/XC139969.mp3
train,Haemorhous purpureus_Purple Finch,../../Datasets/BirdClef/features/Haemorhous purpureus_Purple Finch/XC103423.npy,../../Datasets/BirdClef/audio/Haemorhous purpureus_Purple Finch/XC103423.mp3
train,Haemorhous purpureus_Purple Finch,../../Datasets/BirdClef/features/Haemorhous purpureus_Purple Finch/XC481942.npy,../../Datasets/BirdClef/audio/Haemorhous purpureus_Purple Finch/XC481942.mp3
train,Hafferia fortis_Sooty Antbird,../../Datasets/BirdClef/features/Hafferia fortis_Sooty Antbird/XC8044.npy,../../Datasets/BirdClef/audio/Hafferia fortis_Sooty Antbird/XC8044.mp3
train,Hafferia fortis_Sooty Antbird,../../Datasets/BirdClef/features/Hafferia fortis_Sooty Antbird/XC474876.npy,../../Datasets/BirdClef/audio/Hafferia fortis_Sooty Antbird/XC474876.mp3
train,Hafferia fortis_Sooty Antbird,../../Datasets/BirdClef/features/Hafferia fortis_Sooty Antbird/XC438563.npy,../../Datasets/BirdClef/audio/Hafferia fortis_Sooty Antbird/XC438563.mp3
train,Hafferia fortis_Sooty Antbird,../../Datasets/BirdClef/features/Hafferia fortis_Sooty Antbird/XC384089.npy,../../Datasets/BirdClef/audio/Hafferia fortis_Sooty Antbird/XC384089.mp3
train,Hafferia fortis_Sooty Antbird,../../Datasets/BirdClef/features/Hafferia fortis_Sooty Antbird/XC118909.npy,../../Datasets/BirdClef/audio/Hafferia fortis_Sooty Antbird/XC118909.mp3
train,Hemithraupis guira_Guira Tanager,../../Datasets/BirdClef/features/Hemithraupis guira_Guira Tanager/XC215599.npy,../../Datasets/BirdClef/audio/Hemithraupis guira_Guira Tanager/XC215599.mp3
train,Hemithraupis guira_Guira Tanager,../../Datasets/BirdClef/features/Hemithraupis guira_Guira Tanager/XC45716.npy,../../Datasets/BirdClef/audio/Hemithraupis guira_Guira Tanager/XC45716.mp3
train,Hemithraupis guira_Guira Tanager,../../Datasets/BirdClef/features/Hemithraupis guira_Guira Tanager/XC157335.npy,../../Datasets/BirdClef/audio/Hemithraupis guira_Guira Tanager/XC157335.mp3
train,Hemithraupis guira_Guira Tanager,../../Datasets/BirdClef/features/Hemithraupis guira_Guira Tanager/XC45041.npy,../../Datasets/BirdClef/audio/Hemithraupis guira_Guira Tanager/XC45041.mp3
train,Hemithraupis guira_Guira Tanager,../../Datasets/BirdClef/features/Hemithraupis guira_Guira Tanager/XC28262.npy,../../Datasets/BirdClef/audio/Hemithraupis guira_Guira Tanager/XC28262.mp3
train,Hemitriccus flammulatus_Flammulated Pygmy-Tyrant,../../Datasets/BirdClef/features/Hemitriccus flammulatus_Flammulated Pygmy-Tyrant/XC63485.npy,../../Datasets/BirdClef/audio/Hemitriccus flammulatus_Flammulated Pygmy-Tyrant/XC63485.mp3
train,Hemitriccus flammulatus_Flammulated Pygmy-Tyrant,../../Datasets/BirdClef/features/Hemitriccus flammulatus_Flammulated Pygmy-Tyrant/XC63483.npy,../../Datasets/BirdClef/audio/Hemitriccus flammulatus_Flammulated Pygmy-Tyrant/XC63483.mp3
train,Hemitriccus flammulatus_Flammulated Pygmy-Tyrant,../../Datasets/BirdClef/features/Hemitriccus flammulatus_Flammulated Pygmy-Tyrant/XC43402.npy,../../Datasets/BirdClef/audio/Hemitriccus flammulatus_Flammulated Pygmy-Tyrant/XC43402.mp3
train,Hemitriccus flammulatus_Flammulated Pygmy-Tyrant,../../Datasets/BirdClef/features/Hemitriccus flammulatus_Flammulated Pygmy-Tyrant/XC151910.npy,../../Datasets/BirdClef/audio/Hemitriccus flammulatus_Flammulated Pygmy-Tyrant/XC151910.mp3
train,Hemitriccus flammulatus_Flammulated Pygmy-Tyrant,../../Datasets/BirdClef/features/Hemitriccus flammulatus_Flammulated Pygmy-Tyrant/XC10815.npy,../../Datasets/BirdClef/audio/Hemitriccus flammulatus_Flammulated Pygmy-Tyrant/XC10815.mp3
train,Hemitriccus griseipectus_White-bellied Tody-Tyrant,../../Datasets/BirdClef/features/Hemitriccus griseipectus_White-bellied Tody-Tyrant/XC63488.npy,../../Datasets/BirdClef/audio/Hemitriccus griseipectus_White-bellied Tody-Tyrant/XC63488.mp3
train,Hemitriccus griseipectus_White-bellied Tody-Tyrant,../../Datasets/BirdClef/features/Hemitriccus griseipectus_White-bellied Tody-Tyrant/XC108055.npy,../../Datasets/BirdClef/audio/Hemitriccus griseipectus_White-bellied Tody-Tyrant/XC108055.mp3
train,Hemitriccus griseipectus_White-bellied Tody-Tyrant,../../Datasets/BirdClef/features/Hemitriccus griseipectus_White-bellied Tody-Tyrant/XC59825.npy,../../Datasets/BirdClef/audio/Hemitriccus griseipectus_White-bellied Tody-Tyrant/XC59825.mp3
train,Hemitriccus griseipectus_White-bellied Tody-Tyrant,../../Datasets/BirdClef/features/Hemitriccus griseipectus_White-bellied Tody-Tyrant/XC133604.npy,../../Datasets/BirdClef/audio/Hemitriccus griseipectus_White-bellied Tody-Tyrant/XC133604.mp3
train,Hemitriccus griseipectus_White-bellied Tody-Tyrant,../../Datasets/BirdClef/features/Hemitriccus griseipectus_White-bellied Tody-Tyrant/XC22035.npy,../../Datasets/BirdClef/audio/Hemitriccus griseipectus_White-bellied Tody-Tyrant/XC22035.mp3
train,Hemitriccus iohannis_Johannes's Tody-Tyrant,../../Datasets/BirdClef/features/Hemitriccus iohannis_Johannes's Tody-Tyrant/XC245962.npy,../../Datasets/BirdClef/audio/Hemitriccus iohannis_Johannes's Tody-Tyrant/XC245962.mp3
train,Hemitriccus iohannis_Johannes's Tody-Tyrant,../../Datasets/BirdClef/features/Hemitriccus iohannis_Johannes's Tody-Tyrant/XC16598.npy,../../Datasets/BirdClef/audio/Hemitriccus iohannis_Johannes's Tody-Tyrant/XC16598.mp3
train,Hemitriccus iohannis_Johannes's Tody-Tyrant,../../Datasets/BirdClef/features/Hemitriccus iohannis_Johannes's Tody-Tyrant/XC141612.npy,../../Datasets/BirdClef/audio/Hemitriccus iohannis_Johannes's Tody-Tyrant/XC141612.mp3
train,Hemitriccus iohannis_Johannes's Tody-Tyrant,../../Datasets/BirdClef/features/Hemitriccus iohannis_Johannes's Tody-Tyrant/XC257102.npy,../../Datasets/BirdClef/audio/Hemitriccus iohannis_Johannes's Tody-Tyrant/XC257102.mp3
train,Hemitriccus iohannis_Johannes's Tody-Tyrant,../../Datasets/BirdClef/features/Hemitriccus iohannis_Johannes's Tody-Tyrant/XC2454.npy,../../Datasets/BirdClef/audio/Hemitriccus iohannis_Johannes's Tody-Tyrant/XC2454.mp3
train,Herpetotheres cachinnans_Laughing Falcon,../../Datasets/BirdClef/features/Herpetotheres cachinnans_Laughing Falcon/XC275185.npy,../../Datasets/BirdClef/audio/Herpetotheres cachinnans_Laughing Falcon/XC275185.mp3
train,Herpetotheres cachinnans_Laughing Falcon,../../Datasets/BirdClef/features/Herpetotheres cachinnans_Laughing Falcon/XC8908.npy,../../Datasets/BirdClef/audio/Herpetotheres cachinnans_Laughing Falcon/XC8908.mp3
train,Herpetotheres cachinnans_Laughing Falcon,../../Datasets/BirdClef/features/Herpetotheres cachinnans_Laughing Falcon/XC137803.npy,../../Datasets/BirdClef/audio/Herpetotheres cachinnans_Laughing Falcon/XC137803.mp3
train,Herpetotheres cachinnans_Laughing Falcon,../../Datasets/BirdClef/features/Herpetotheres cachinnans_Laughing Falcon/XC244671.npy,../../Datasets/BirdClef/audio/Herpetotheres cachinnans_Laughing Falcon/XC244671.mp3
train,Herpetotheres cachinnans_Laughing Falcon,../../Datasets/BirdClef/features/Herpetotheres cachinnans_Laughing Falcon/XC244672.npy,../../Datasets/BirdClef/audio/Herpetotheres cachinnans_Laughing Falcon/XC244672.mp3
train,Hippolais polyglotta_Melodious Warbler,../../Datasets/BirdClef/features/Hippolais polyglotta_Melodious Warbler/XC48060.npy,../../Datasets/BirdClef/audio/Hippolais polyglotta_Melodious Warbler/XC48060.mp3
train,Hippolais polyglotta_Melodious Warbler,../../Datasets/BirdClef/features/Hippolais polyglotta_Melodious Warbler/XC121277.npy,../../Datasets/BirdClef/audio/Hippolais polyglotta_Melodious Warbler/XC121277.mp3
train,Hippolais polyglotta_Melodious Warbler,../../Datasets/BirdClef/features/Hippolais polyglotta_Melodious Warbler/XC375621.npy,../../Datasets/BirdClef/audio/Hippolais polyglotta_Melodious Warbler/XC375621.mp3
train,Hippolais polyglotta_Melodious Warbler,../../Datasets/BirdClef/features/Hippolais polyglotta_Melodious Warbler/XC492105.npy,../../Datasets/BirdClef/audio/Hippolais polyglotta_Melodious Warbler/XC492105.mp3
train,Hippolais polyglotta_Melodious Warbler,../../Datasets/BirdClef/features/Hippolais polyglotta_Melodious Warbler/XC475961.npy,../../Datasets/BirdClef/audio/Hippolais polyglotta_Melodious Warbler/XC475961.mp3
train,Hirundo rustica_Barn Swallow,../../Datasets/BirdClef/features/Hirundo rustica_Barn Swallow/XC142632.npy,../../Datasets/BirdClef/audio/Hirundo rustica_Barn Swallow/XC142632.mp3
train,Hirundo rustica_Barn Swallow,../../Datasets/BirdClef/features/Hirundo rustica_Barn Swallow/XC180310.npy,../../Datasets/BirdClef/audio/Hirundo rustica_Barn Swallow/XC180310.mp3
train,Hirundo rustica_Barn Swallow,../../Datasets/BirdClef/features/Hirundo rustica_Barn Swallow/XC333650.npy,../../Datasets/BirdClef/audio/Hirundo rustica_Barn Swallow/XC333650.mp3
train,Hirundo rustica_Barn Swallow,../../Datasets/BirdClef/features/Hirundo rustica_Barn Swallow/XC319722.npy,../../Datasets/BirdClef/audio/Hirundo rustica_Barn Swallow/XC319722.mp3
train,Hirundo rustica_Barn Swallow,../../Datasets/BirdClef/features/Hirundo rustica_Barn Swallow/XC286592.npy,../../Datasets/BirdClef/audio/Hirundo rustica_Barn Swallow/XC286592.mp3
train,Hydroprogne caspia_Caspian Tern,../../Datasets/BirdClef/features/Hydroprogne caspia_Caspian Tern/XC493886.npy,../../Datasets/BirdClef/audio/Hydroprogne caspia_Caspian Tern/XC493886.mp3
train,Hydroprogne caspia_Caspian Tern,../../Datasets/BirdClef/features/Hydroprogne caspia_Caspian Tern/XC61953.npy,../../Datasets/BirdClef/audio/Hydroprogne caspia_Caspian Tern/XC61953.mp3
train,Hydroprogne caspia_Caspian Tern,../../Datasets/BirdClef/features/Hydroprogne caspia_Caspian Tern/XC283709.npy,../../Datasets/BirdClef/audio/Hydroprogne caspia_Caspian Tern/XC283709.mp3
train,Hydroprogne caspia_Caspian Tern,../../Datasets/BirdClef/features/Hydroprogne caspia_Caspian Tern/XC234345.npy,../../Datasets/BirdClef/audio/Hydroprogne caspia_Caspian Tern/XC234345.mp3
train,Hydroprogne caspia_Caspian Tern,../../Datasets/BirdClef/features/Hydroprogne caspia_Caspian Tern/XC426250.npy,../../Datasets/BirdClef/audio/Hydroprogne caspia_Caspian Tern/XC426250.mp3
train,Hylocharis cyanus_White-chinned Sapphire,../../Datasets/BirdClef/features/Hylocharis cyanus_White-chinned Sapphire/XC493642.npy,../../Datasets/BirdClef/audio/Hylocharis cyanus_White-chinned Sapphire/XC493642.mp3
train,Hylocharis cyanus_White-chinned Sapphire,../../Datasets/BirdClef/features/Hylocharis cyanus_White-chinned Sapphire/XC286365.npy,../../Datasets/BirdClef/audio/Hylocharis cyanus_White-chinned Sapphire/XC286365.mp3
train,Hylocharis cyanus_White-chinned Sapphire,../../Datasets/BirdClef/features/Hylocharis cyanus_White-chinned Sapphire/XC232902.npy,../../Datasets/BirdClef/audio/Hylocharis cyanus_White-chinned Sapphire/XC232902.mp3
train,Hylocharis cyanus_White-chinned Sapphire,../../Datasets/BirdClef/features/Hylocharis cyanus_White-chinned Sapphire/XC65017.npy,../../Datasets/BirdClef/audio/Hylocharis cyanus_White-chinned Sapphire/XC65017.mp3
train,Hylocharis cyanus_White-chinned Sapphire,../../Datasets/BirdClef/features/Hylocharis cyanus_White-chinned Sapphire/XC224264.npy,../../Datasets/BirdClef/audio/Hylocharis cyanus_White-chinned Sapphire/XC224264.mp3
train,Hylocichla mustelina_Wood Thrush,../../Datasets/BirdClef/features/Hylocichla mustelina_Wood Thrush/XC217289.npy,../../Datasets/BirdClef/audio/Hylocichla mustelina_Wood Thrush/XC217289.mp3
train,Hylocichla mustelina_Wood Thrush,../../Datasets/BirdClef/features/Hylocichla mustelina_Wood Thrush/XC419813.npy,../../Datasets/BirdClef/audio/Hylocichla mustelina_Wood Thrush/XC419813.mp3
train,Hylocichla mustelina_Wood Thrush,../../Datasets/BirdClef/features/Hylocichla mustelina_Wood Thrush/XC105131.npy,../../Datasets/BirdClef/audio/Hylocichla mustelina_Wood Thrush/XC105131.mp3
train,Hylocichla mustelina_Wood Thrush,../../Datasets/BirdClef/features/Hylocichla mustelina_Wood Thrush/XC20806.npy,../../Datasets/BirdClef/audio/Hylocichla mustelina_Wood Thrush/XC20806.mp3
train,Hylocichla mustelina_Wood Thrush,../../Datasets/BirdClef/features/Hylocichla mustelina_Wood Thrush/XC202196.npy,../../Datasets/BirdClef/audio/Hylocichla mustelina_Wood Thrush/XC202196.mp3
train,Hylopezus berlepschi_Amazonian Antpitta,../../Datasets/BirdClef/features/Hylopezus berlepschi_Amazonian Antpitta/XC491692.npy,../../Datasets/BirdClef/audio/Hylopezus berlepschi_Amazonian Antpitta/XC491692.mp3
train,Hylopezus berlepschi_Amazonian Antpitta,../../Datasets/BirdClef/features/Hylopezus berlepschi_Amazonian Antpitta/XC94723.npy,../../Datasets/BirdClef/audio/Hylopezus berlepschi_Amazonian Antpitta/XC94723.mp3
train,Hylopezus berlepschi_Amazonian Antpitta,../../Datasets/BirdClef/features/Hylopezus berlepschi_Amazonian Antpitta/XC63510.npy,../../Datasets/BirdClef/audio/Hylopezus berlepschi_Amazonian Antpitta/XC63510.mp3
train,Hylopezus berlepschi_Amazonian Antpitta,../../Datasets/BirdClef/features/Hylopezus berlepschi_Amazonian Antpitta/XC483311.npy,../../Datasets/BirdClef/audio/Hylopezus berlepschi_Amazonian Antpitta/XC483311.mp3
train,Hylopezus berlepschi_Amazonian Antpitta,../../Datasets/BirdClef/features/Hylopezus berlepschi_Amazonian Antpitta/XC23375.npy,../../Datasets/BirdClef/audio/Hylopezus berlepschi_Amazonian Antpitta/XC23375.mp3
train,Hylophilus thoracicus_Lemon-chested Greenlet,../../Datasets/BirdClef/features/Hylophilus thoracicus_Lemon-chested Greenlet/XC71167.npy,../../Datasets/BirdClef/audio/Hylophilus thoracicus_Lemon-chested Greenlet/XC71167.mp3
train,Hylophilus thoracicus_Lemon-chested Greenlet,../../Datasets/BirdClef/features/Hylophilus thoracicus_Lemon-chested Greenlet/XC164707.npy,../../Datasets/BirdClef/audio/Hylophilus thoracicus_Lemon-chested Greenlet/XC164707.mp3
train,Hylophilus thoracicus_Lemon-chested Greenlet,../../Datasets/BirdClef/features/Hylophilus thoracicus_Lemon-chested Greenlet/XC8231.npy,../../Datasets/BirdClef/audio/Hylophilus thoracicus_Lemon-chested Greenlet/XC8231.mp3
train,Hylophilus thoracicus_Lemon-chested Greenlet,../../Datasets/BirdClef/features/Hylophilus thoracicus_Lemon-chested Greenlet/XC82236.npy,../../Datasets/BirdClef/audio/Hylophilus thoracicus_Lemon-chested Greenlet/XC82236.mp3
train,Hylophilus thoracicus_Lemon-chested Greenlet,../../Datasets/BirdClef/features/Hylophilus thoracicus_Lemon-chested Greenlet/XC82238.npy,../../Datasets/BirdClef/audio/Hylophilus thoracicus_Lemon-chested Greenlet/XC82238.mp3
train,Hylophylax naevius_Spot-backed Antbird,../../Datasets/BirdClef/features/Hylophylax naevius_Spot-backed Antbird/XC88365.npy,../../Datasets/BirdClef/audio/Hylophylax naevius_Spot-backed Antbird/XC88365.mp3
train,Hylophylax naevius_Spot-backed Antbird,../../Datasets/BirdClef/features/Hylophylax naevius_Spot-backed Antbird/XC258484.npy,../../Datasets/BirdClef/audio/Hylophylax naevius_Spot-backed Antbird/XC258484.mp3
train,Hylophylax naevius_Spot-backed Antbird,../../Datasets/BirdClef/features/Hylophylax naevius_Spot-backed Antbird/XC123137.npy,../../Datasets/BirdClef/audio/Hylophylax naevius_Spot-backed Antbird/XC123137.mp3
train,Hylophylax naevius_Spot-backed Antbird,../../Datasets/BirdClef/features/Hylophylax naevius_Spot-backed Antbird/XC224461.npy,../../Datasets/BirdClef/audio/Hylophylax naevius_Spot-backed Antbird/XC224461.mp3
train,Hylophylax naevius_Spot-backed Antbird,../../Datasets/BirdClef/features/Hylophylax naevius_Spot-backed Antbird/XC224467.npy,../../Datasets/BirdClef/audio/Hylophylax naevius_Spot-backed Antbird/XC224467.mp3
train,Hypocnemis peruviana_Peruvian Warbling-Antbird,../../Datasets/BirdClef/features/Hypocnemis peruviana_Peruvian Warbling-Antbird/XC281862.npy,../../Datasets/BirdClef/audio/Hypocnemis peruviana_Peruvian Warbling-Antbird/XC281862.mp3
train,Hypocnemis peruviana_Peruvian Warbling-Antbird,../../Datasets/BirdClef/features/Hypocnemis peruviana_Peruvian Warbling-Antbird/XC248893.npy,../../Datasets/BirdClef/audio/Hypocnemis peruviana_Peruvian Warbling-Antbird/XC248893.mp3
train,Hypocnemis peruviana_Peruvian Warbling-Antbird,../../Datasets/BirdClef/features/Hypocnemis peruviana_Peruvian Warbling-Antbird/XC148550.npy,../../Datasets/BirdClef/audio/Hypocnemis peruviana_Peruvian Warbling-Antbird/XC148550.mp3
train,Hypocnemis peruviana_Peruvian Warbling-Antbird,../../Datasets/BirdClef/features/Hypocnemis peruviana_Peruvian Warbling-Antbird/XC63557.npy,../../Datasets/BirdClef/audio/Hypocnemis peruviana_Peruvian Warbling-Antbird/XC63557.mp3
train,Hypocnemis peruviana_Peruvian Warbling-Antbird,../../Datasets/BirdClef/features/Hypocnemis peruviana_Peruvian Warbling-Antbird/XC72569.npy,../../Datasets/BirdClef/audio/Hypocnemis peruviana_Peruvian Warbling-Antbird/XC72569.mp3
train,Hypocnemoides maculicauda_Band-tailed Antbird,../../Datasets/BirdClef/features/Hypocnemoides maculicauda_Band-tailed Antbird/XC429630.npy,../../Datasets/BirdClef/audio/Hypocnemoides maculicauda_Band-tailed Antbird/XC429630.mp3
train,Hypocnemoides maculicauda_Band-tailed Antbird,../../Datasets/BirdClef/features/Hypocnemoides maculicauda_Band-tailed Antbird/XC80223.npy,../../Datasets/BirdClef/audio/Hypocnemoides maculicauda_Band-tailed Antbird/XC80223.mp3
train,Hypocnemoides maculicauda_Band-tailed Antbird,../../Datasets/BirdClef/features/Hypocnemoides maculicauda_Band-tailed Antbird/XC207132.npy,../../Datasets/BirdClef/audio/Hypocnemoides maculicauda_Band-tailed Antbird/XC207132.mp3
train,Hypocnemoides maculicauda_Band-tailed Antbird,../../Datasets/BirdClef/features/Hypocnemoides maculicauda_Band-tailed Antbird/XC23687.npy,../../Datasets/BirdClef/audio/Hypocnemoides maculicauda_Band-tailed Antbird/XC23687.mp3
train,Hypocnemoides maculicauda_Band-tailed Antbird,../../Datasets/BirdClef/features/Hypocnemoides maculicauda_Band-tailed Antbird/XC483920.npy,../../Datasets/BirdClef/audio/Hypocnemoides maculicauda_Band-tailed Antbird/XC483920.mp3
train,Ibycter americanus_Red-throated Caracara,../../Datasets/BirdClef/features/Ibycter americanus_Red-throated Caracara/XC412201.npy,../../Datasets/BirdClef/audio/Ibycter americanus_Red-throated Caracara/XC412201.mp3
train,Ibycter americanus_Red-throated Caracara,../../Datasets/BirdClef/features/Ibycter americanus_Red-throated Caracara/XC202731.npy,../../Datasets/BirdClef/audio/Ibycter americanus_Red-throated Caracara/XC202731.mp3
train,Ibycter americanus_Red-throated Caracara,../../Datasets/BirdClef/features/Ibycter americanus_Red-throated Caracara/XC264378.npy,../../Datasets/BirdClef/audio/Ibycter americanus_Red-throated Caracara/XC264378.mp3
train,Ibycter americanus_Red-throated Caracara,../../Datasets/BirdClef/features/Ibycter americanus_Red-throated Caracara/XC504606.npy,../../Datasets/BirdClef/audio/Ibycter americanus_Red-throated Caracara/XC504606.mp3
train,Ibycter americanus_Red-throated Caracara,../../Datasets/BirdClef/features/Ibycter americanus_Red-throated Caracara/XC401503.npy,../../Datasets/BirdClef/audio/Ibycter americanus_Red-throated Caracara/XC401503.mp3
train,Ichthyaetus melanocephalus_Mediterranean Gull,../../Datasets/BirdClef/features/Ichthyaetus melanocephalus_Mediterranean Gull/XC462187.npy,../../Datasets/BirdClef/audio/Ichthyaetus melanocephalus_Mediterranean Gull/XC462187.mp3
train,Ichthyaetus melanocephalus_Mediterranean Gull,../../Datasets/BirdClef/features/Ichthyaetus melanocephalus_Mediterranean Gull/XC403841.npy,../../Datasets/BirdClef/audio/Ichthyaetus melanocephalus_Mediterranean Gull/XC403841.mp3
train,Ichthyaetus melanocephalus_Mediterranean Gull,../../Datasets/BirdClef/features/Ichthyaetus melanocephalus_Mediterranean Gull/XC367960.npy,../../Datasets/BirdClef/audio/Ichthyaetus melanocephalus_Mediterranean Gull/XC367960.mp3
train,Ichthyaetus melanocephalus_Mediterranean Gull,../../Datasets/BirdClef/features/Ichthyaetus melanocephalus_Mediterranean Gull/XC281178.npy,../../Datasets/BirdClef/audio/Ichthyaetus melanocephalus_Mediterranean Gull/XC281178.mp3
train,Ichthyaetus melanocephalus_Mediterranean Gull,../../Datasets/BirdClef/features/Ichthyaetus melanocephalus_Mediterranean Gull/XC417626.npy,../../Datasets/BirdClef/audio/Ichthyaetus melanocephalus_Mediterranean Gull/XC417626.mp3
train,Icterus bullockii_Bullock's Oriole,../../Datasets/BirdClef/features/Icterus bullockii_Bullock's Oriole/XC256985.npy,../../Datasets/BirdClef/audio/Icterus bullockii_Bullock's Oriole/XC256985.mp3
train,Icterus bullockii_Bullock's Oriole,../../Datasets/BirdClef/features/Icterus bullockii_Bullock's Oriole/XC379013.npy,../../Datasets/BirdClef/audio/Icterus bullockii_Bullock's Oriole/XC379013.mp3
train,Icterus bullockii_Bullock's Oriole,../../Datasets/BirdClef/features/Icterus bullockii_Bullock's Oriole/XC170988.npy,../../Datasets/BirdClef/audio/Icterus bullockii_Bullock's Oriole/XC170988.mp3
train,Icterus bullockii_Bullock's Oriole,../../Datasets/BirdClef/features/Icterus bullockii_Bullock's Oriole/XC177192.npy,../../Datasets/BirdClef/audio/Icterus bullockii_Bullock's Oriole/XC177192.mp3
train,Icterus bullockii_Bullock's Oriole,../../Datasets/BirdClef/features/Icterus bullockii_Bullock's Oriole/XC263498.npy,../../Datasets/BirdClef/audio/Icterus bullockii_Bullock's Oriole/XC263498.mp3
train,Icterus cayanensis_Epaulet Oriole,../../Datasets/BirdClef/features/Icterus cayanensis_Epaulet Oriole/XC84157.npy,../../Datasets/BirdClef/audio/Icterus cayanensis_Epaulet Oriole/XC84157.mp3
train,Icterus cayanensis_Epaulet Oriole,../../Datasets/BirdClef/features/Icterus cayanensis_Epaulet Oriole/XC131126.npy,../../Datasets/BirdClef/audio/Icterus cayanensis_Epaulet Oriole/XC131126.mp3
train,Icterus cayanensis_Epaulet Oriole,../../Datasets/BirdClef/features/Icterus cayanensis_Epaulet Oriole/XC9549.npy,../../Datasets/BirdClef/audio/Icterus cayanensis_Epaulet Oriole/XC9549.mp3
train,Icterus cayanensis_Epaulet Oriole,../../Datasets/BirdClef/features/Icterus cayanensis_Epaulet Oriole/XC432583.npy,../../Datasets/BirdClef/audio/Icterus cayanensis_Epaulet Oriole/XC432583.mp3
train,Icterus cayanensis_Epaulet Oriole,../../Datasets/BirdClef/features/Icterus cayanensis_Epaulet Oriole/XC224583.npy,../../Datasets/BirdClef/audio/Icterus cayanensis_Epaulet Oriole/XC224583.mp3
train,Icterus croconotus_Orange-backed Troupial,../../Datasets/BirdClef/features/Icterus croconotus_Orange-backed Troupial/XC260037.npy,../../Datasets/BirdClef/audio/Icterus croconotus_Orange-backed Troupial/XC260037.mp3
train,Icterus croconotus_Orange-backed Troupial,../../Datasets/BirdClef/features/Icterus croconotus_Orange-backed Troupial/XC174048.npy,../../Datasets/BirdClef/audio/Icterus croconotus_Orange-backed Troupial/XC174048.mp3
train,Icterus croconotus_Orange-backed Troupial,../../Datasets/BirdClef/features/Icterus croconotus_Orange-backed Troupial/XC260036.npy,../../Datasets/BirdClef/audio/Icterus croconotus_Orange-backed Troupial/XC260036.mp3
train,Icterus croconotus_Orange-backed Troupial,../../Datasets/BirdClef/features/Icterus croconotus_Orange-backed Troupial/XC50003.npy,../../Datasets/BirdClef/audio/Icterus croconotus_Orange-backed Troupial/XC50003.mp3
train,Icterus croconotus_Orange-backed Troupial,../../Datasets/BirdClef/features/Icterus croconotus_Orange-backed Troupial/XC206798.npy,../../Datasets/BirdClef/audio/Icterus croconotus_Orange-backed Troupial/XC206798.mp3
train,Icterus galbula_Baltimore Oriole,../../Datasets/BirdClef/features/Icterus galbula_Baltimore Oriole/XC315312.npy,../../Datasets/BirdClef/audio/Icterus galbula_Baltimore Oriole/XC315312.mp3
train,Icterus galbula_Baltimore Oriole,../../Datasets/BirdClef/features/Icterus galbula_Baltimore Oriole/XC455554.npy,../../Datasets/BirdClef/audio/Icterus galbula_Baltimore Oriole/XC455554.mp3
train,Icterus galbula_Baltimore Oriole,../../Datasets/BirdClef/features/Icterus galbula_Baltimore Oriole/XC217786.npy,../../Datasets/BirdClef/audio/Icterus galbula_Baltimore Oriole/XC217786.mp3
train,Icterus galbula_Baltimore Oriole,../../Datasets/BirdClef/features/Icterus galbula_Baltimore Oriole/XC253854.npy,../../Datasets/BirdClef/audio/Icterus galbula_Baltimore Oriole/XC253854.mp3
train,Icterus galbula_Baltimore Oriole,../../Datasets/BirdClef/features/Icterus galbula_Baltimore Oriole/XC217784.npy,../../Datasets/BirdClef/audio/Icterus galbula_Baltimore Oriole/XC217784.mp3
train,Icterus parisorum_Scott's Oriole,../../Datasets/BirdClef/features/Icterus parisorum_Scott's Oriole/XC224636.npy,../../Datasets/BirdClef/audio/Icterus parisorum_Scott's Oriole/XC224636.mp3
train,Icterus parisorum_Scott's Oriole,../../Datasets/BirdClef/features/Icterus parisorum_Scott's Oriole/XC265042.npy,../../Datasets/BirdClef/audio/Icterus parisorum_Scott's Oriole/XC265042.mp3
train,Icterus parisorum_Scott's Oriole,../../Datasets/BirdClef/features/Icterus parisorum_Scott's Oriole/XC265148.npy,../../Datasets/BirdClef/audio/Icterus parisorum_Scott's Oriole/XC265148.mp3
train,Icterus parisorum_Scott's Oriole,../../Datasets/BirdClef/features/Icterus parisorum_Scott's Oriole/XC265293.npy,../../Datasets/BirdClef/audio/Icterus parisorum_Scott's Oriole/XC265293.mp3
train,Icterus parisorum_Scott's Oriole,../../Datasets/BirdClef/features/Icterus parisorum_Scott's Oriole/XC109452.npy,../../Datasets/BirdClef/audio/Icterus parisorum_Scott's Oriole/XC109452.mp3
train,Isleria hauxwelli_Plain-throated Antwren,../../Datasets/BirdClef/features/Isleria hauxwelli_Plain-throated Antwren/XC38618.npy,../../Datasets/BirdClef/audio/Isleria hauxwelli_Plain-throated Antwren/XC38618.mp3
train,Isleria hauxwelli_Plain-throated Antwren,../../Datasets/BirdClef/features/Isleria hauxwelli_Plain-throated Antwren/XC258408.npy,../../Datasets/BirdClef/audio/Isleria hauxwelli_Plain-throated Antwren/XC258408.mp3
train,Isleria hauxwelli_Plain-throated Antwren,../../Datasets/BirdClef/features/Isleria hauxwelli_Plain-throated Antwren/XC258413.npy,../../Datasets/BirdClef/audio/Isleria hauxwelli_Plain-throated Antwren/XC258413.mp3
train,Isleria hauxwelli_Plain-throated Antwren,../../Datasets/BirdClef/features/Isleria hauxwelli_Plain-throated Antwren/XC258409.npy,../../Datasets/BirdClef/audio/Isleria hauxwelli_Plain-throated Antwren/XC258409.mp3
train,Isleria hauxwelli_Plain-throated Antwren,../../Datasets/BirdClef/features/Isleria hauxwelli_Plain-throated Antwren/XC8315.npy,../../Datasets/BirdClef/audio/Isleria hauxwelli_Plain-throated Antwren/XC8315.mp3
train,Ixobrychus exilis_Least Bittern,../../Datasets/BirdClef/features/Ixobrychus exilis_Least Bittern/XC390228.npy,../../Datasets/BirdClef/audio/Ixobrychus exilis_Least Bittern/XC390228.mp3
train,Ixobrychus exilis_Least Bittern,../../Datasets/BirdClef/features/Ixobrychus exilis_Least Bittern/XC341251.npy,../../Datasets/BirdClef/audio/Ixobrychus exilis_Least Bittern/XC341251.mp3
train,Ixobrychus exilis_Least Bittern,../../Datasets/BirdClef/features/Ixobrychus exilis_Least Bittern/XC178235.npy,../../Datasets/BirdClef/audio/Ixobrychus exilis_Least Bittern/XC178235.mp3
train,Ixobrychus exilis_Least Bittern,../../Datasets/BirdClef/features/Ixobrychus exilis_Least Bittern/XC192335.npy,../../Datasets/BirdClef/audio/Ixobrychus exilis_Least Bittern/XC192335.mp3
train,Ixobrychus exilis_Least Bittern,../../Datasets/BirdClef/features/Ixobrychus exilis_Least Bittern/XC294185.npy,../../Datasets/BirdClef/audio/Ixobrychus exilis_Least Bittern/XC294185.mp3
train,Jacamerops aureus_Great Jacamar,../../Datasets/BirdClef/features/Jacamerops aureus_Great Jacamar/XC87141.npy,../../Datasets/BirdClef/audio/Jacamerops aureus_Great Jacamar/XC87141.mp3
train,Jacamerops aureus_Great Jacamar,../../Datasets/BirdClef/features/Jacamerops aureus_Great Jacamar/XC87139.npy,../../Datasets/BirdClef/audio/Jacamerops aureus_Great Jacamar/XC87139.mp3
train,Jacamerops aureus_Great Jacamar,../../Datasets/BirdClef/features/Jacamerops aureus_Great Jacamar/XC427511.npy,../../Datasets/BirdClef/audio/Jacamerops aureus_Great Jacamar/XC427511.mp3
train,Jacamerops aureus_Great Jacamar,../../Datasets/BirdClef/features/Jacamerops aureus_Great Jacamar/XC108447.npy,../../Datasets/BirdClef/audio/Jacamerops aureus_Great Jacamar/XC108447.mp3
train,Jacamerops aureus_Great Jacamar,../../Datasets/BirdClef/features/Jacamerops aureus_Great Jacamar/XC17289.npy,../../Datasets/BirdClef/audio/Jacamerops aureus_Great Jacamar/XC17289.mp3
train,Jacana jacana_Wattled Jacana,../../Datasets/BirdClef/features/Jacana jacana_Wattled Jacana/XC47715.npy,../../Datasets/BirdClef/audio/Jacana jacana_Wattled Jacana/XC47715.mp3
train,Jacana jacana_Wattled Jacana,../../Datasets/BirdClef/features/Jacana jacana_Wattled Jacana/XC131325.npy,../../Datasets/BirdClef/audio/Jacana jacana_Wattled Jacana/XC131325.mp3
train,Jacana jacana_Wattled Jacana,../../Datasets/BirdClef/features/Jacana jacana_Wattled Jacana/XC182551.npy,../../Datasets/BirdClef/audio/Jacana jacana_Wattled Jacana/XC182551.mp3
train,Jacana jacana_Wattled Jacana,../../Datasets/BirdClef/features/Jacana jacana_Wattled Jacana/XC257500.npy,../../Datasets/BirdClef/audio/Jacana jacana_Wattled Jacana/XC257500.mp3
train,Jacana jacana_Wattled Jacana,../../Datasets/BirdClef/features/Jacana jacana_Wattled Jacana/XC331752.npy,../../Datasets/BirdClef/audio/Jacana jacana_Wattled Jacana/XC331752.mp3
train,Junco hyemalis_Dark-eyed Junco,../../Datasets/BirdClef/features/Junco hyemalis_Dark-eyed Junco/XC72010.npy,../../Datasets/BirdClef/audio/Junco hyemalis_Dark-eyed Junco/XC72010.mp3
train,Junco hyemalis_Dark-eyed Junco,../../Datasets/BirdClef/features/Junco hyemalis_Dark-eyed Junco/XC72013.npy,../../Datasets/BirdClef/audio/Junco hyemalis_Dark-eyed Junco/XC72013.mp3
train,Junco hyemalis_Dark-eyed Junco,../../Datasets/BirdClef/features/Junco hyemalis_Dark-eyed Junco/XC381592.npy,../../Datasets/BirdClef/audio/Junco hyemalis_Dark-eyed Junco/XC381592.mp3
train,Junco hyemalis_Dark-eyed Junco,../../Datasets/BirdClef/features/Junco hyemalis_Dark-eyed Junco/XC20831.npy,../../Datasets/BirdClef/audio/Junco hyemalis_Dark-eyed Junco/XC20831.mp3
train,Junco hyemalis_Dark-eyed Junco,../../Datasets/BirdClef/features/Junco hyemalis_Dark-eyed Junco/XC181419.npy,../../Datasets/BirdClef/audio/Junco hyemalis_Dark-eyed Junco/XC181419.mp3
train,Lamprospiza melanoleuca_Red-billed Pied Tanager,../../Datasets/BirdClef/features/Lamprospiza melanoleuca_Red-billed Pied Tanager/XC85548.npy,../../Datasets/BirdClef/audio/Lamprospiza melanoleuca_Red-billed Pied Tanager/XC85548.mp3
train,Lamprospiza melanoleuca_Red-billed Pied Tanager,../../Datasets/BirdClef/features/Lamprospiza melanoleuca_Red-billed Pied Tanager/XC427514.npy,../../Datasets/BirdClef/audio/Lamprospiza melanoleuca_Red-billed Pied Tanager/XC427514.mp3
train,Lamprospiza melanoleuca_Red-billed Pied Tanager,../../Datasets/BirdClef/features/Lamprospiza melanoleuca_Red-billed Pied Tanager/XC23400.npy,../../Datasets/BirdClef/audio/Lamprospiza melanoleuca_Red-billed Pied Tanager/XC23400.mp3
train,Lamprospiza melanoleuca_Red-billed Pied Tanager,../../Datasets/BirdClef/features/Lamprospiza melanoleuca_Red-billed Pied Tanager/XC405143.npy,../../Datasets/BirdClef/audio/Lamprospiza melanoleuca_Red-billed Pied Tanager/XC405143.mp3
train,Lamprospiza melanoleuca_Red-billed Pied Tanager,../../Datasets/BirdClef/features/Lamprospiza melanoleuca_Red-billed Pied Tanager/XC114050.npy,../../Datasets/BirdClef/audio/Lamprospiza melanoleuca_Red-billed Pied Tanager/XC114050.mp3
train,Laniocera hypopyrra_Cinereous Mourner,../../Datasets/BirdClef/features/Laniocera hypopyrra_Cinereous Mourner/XC76490.npy,../../Datasets/BirdClef/audio/Laniocera hypopyrra_Cinereous Mourner/XC76490.mp3
train,Laniocera hypopyrra_Cinereous Mourner,../../Datasets/BirdClef/features/Laniocera hypopyrra_Cinereous Mourner/XC187534.npy,../../Datasets/BirdClef/audio/Laniocera hypopyrra_Cinereous Mourner/XC187534.mp3
train,Laniocera hypopyrra_Cinereous Mourner,../../Datasets/BirdClef/features/Laniocera hypopyrra_Cinereous Mourner/XC39953.npy,../../Datasets/BirdClef/audio/Laniocera hypopyrra_Cinereous Mourner/XC39953.mp3
train,Laniocera hypopyrra_Cinereous Mourner,../../Datasets/BirdClef/features/Laniocera hypopyrra_Cinereous Mourner/XC224798.npy,../../Datasets/BirdClef/audio/Laniocera hypopyrra_Cinereous Mourner/XC224798.mp3
train,Laniocera hypopyrra_Cinereous Mourner,../../Datasets/BirdClef/features/Laniocera hypopyrra_Cinereous Mourner/XC15693.npy,../../Datasets/BirdClef/audio/Laniocera hypopyrra_Cinereous Mourner/XC15693.mp3
train,Lanius collurio_Red-backed Shrike,../../Datasets/BirdClef/features/Lanius collurio_Red-backed Shrike/XC394210.npy,../../Datasets/BirdClef/audio/Lanius collurio_Red-backed Shrike/XC394210.mp3
train,Lanius collurio_Red-backed Shrike,../../Datasets/BirdClef/features/Lanius collurio_Red-backed Shrike/XC488465.npy,../../Datasets/BirdClef/audio/Lanius collurio_Red-backed Shrike/XC488465.mp3
train,Lanius collurio_Red-backed Shrike,../../Datasets/BirdClef/features/Lanius collurio_Red-backed Shrike/XC490170.npy,../../Datasets/BirdClef/audio/Lanius collurio_Red-backed Shrike/XC490170.mp3
train,Lanius collurio_Red-backed Shrike,../../Datasets/BirdClef/features/Lanius collurio_Red-backed Shrike/XC295987.npy,../../Datasets/BirdClef/audio/Lanius collurio_Red-backed Shrike/XC295987.mp3
train,Lanius collurio_Red-backed Shrike,../../Datasets/BirdClef/features/Lanius collurio_Red-backed Shrike/XC295986.npy,../../Datasets/BirdClef/audio/Lanius collurio_Red-backed Shrike/XC295986.mp3
train,Lanius ludovicianus_Loggerhead Shrike,../../Datasets/BirdClef/features/Lanius ludovicianus_Loggerhead Shrike/XC460754.npy,../../Datasets/BirdClef/audio/Lanius ludovicianus_Loggerhead Shrike/XC460754.mp3
train,Lanius ludovicianus_Loggerhead Shrike,../../Datasets/BirdClef/features/Lanius ludovicianus_Loggerhead Shrike/XC17969.npy,../../Datasets/BirdClef/audio/Lanius ludovicianus_Loggerhead Shrike/XC17969.mp3
train,Lanius ludovicianus_Loggerhead Shrike,../../Datasets/BirdClef/features/Lanius ludovicianus_Loggerhead Shrike/XC383929.npy,../../Datasets/BirdClef/audio/Lanius ludovicianus_Loggerhead Shrike/XC383929.mp3
train,Lanius ludovicianus_Loggerhead Shrike,../../Datasets/BirdClef/features/Lanius ludovicianus_Loggerhead Shrike/XC173199.npy,../../Datasets/BirdClef/audio/Lanius ludovicianus_Loggerhead Shrike/XC173199.mp3
train,Lanius ludovicianus_Loggerhead Shrike,../../Datasets/BirdClef/features/Lanius ludovicianus_Loggerhead Shrike/XC255319.npy,../../Datasets/BirdClef/audio/Lanius ludovicianus_Loggerhead Shrike/XC255319.mp3
train,Larus argentatus_Herring Gull,../../Datasets/BirdClef/features/Larus argentatus_Herring Gull/XC112371.npy,../../Datasets/BirdClef/audio/Larus argentatus_Herring Gull/XC112371.mp3
train,Larus argentatus_Herring Gull,../../Datasets/BirdClef/features/Larus argentatus_Herring Gull/XC281184.npy,../../Datasets/BirdClef/audio/Larus argentatus_Herring Gull/XC281184.mp3
train,Larus argentatus_Herring Gull,../../Datasets/BirdClef/features/Larus argentatus_Herring Gull/XC281185.npy,../../Datasets/BirdClef/audio/Larus argentatus_Herring Gull/XC281185.mp3
train,Larus argentatus_Herring Gull,../../Datasets/BirdClef/features/Larus argentatus_Herring Gull/XC488423.npy,../../Datasets/BirdClef/audio/Larus argentatus_Herring Gull/XC488423.mp3
train,Larus argentatus_Herring Gull,../../Datasets/BirdClef/features/Larus argentatus_Herring Gull/XC444037.npy,../../Datasets/BirdClef/audio/Larus argentatus_Herring Gull/XC444037.mp3
train,Larus cachinnans_Caspian Gull,../../Datasets/BirdClef/features/Larus cachinnans_Caspian Gull/XC248047.npy,../../Datasets/BirdClef/audio/Larus cachinnans_Caspian Gull/XC248047.mp3
train,Larus cachinnans_Caspian Gull,../../Datasets/BirdClef/features/Larus cachinnans_Caspian Gull/XC479406.npy,../../Datasets/BirdClef/audio/Larus cachinnans_Caspian Gull/XC479406.mp3
train,Larus cachinnans_Caspian Gull,../../Datasets/BirdClef/features/Larus cachinnans_Caspian Gull/XC171343.npy,../../Datasets/BirdClef/audio/Larus cachinnans_Caspian Gull/XC171343.mp3
train,Larus cachinnans_Caspian Gull,../../Datasets/BirdClef/features/Larus cachinnans_Caspian Gull/XC495118.npy,../../Datasets/BirdClef/audio/Larus cachinnans_Caspian Gull/XC495118.mp3
train,Larus cachinnans_Caspian Gull,../../Datasets/BirdClef/features/Larus cachinnans_Caspian Gull/XC488307.npy,../../Datasets/BirdClef/audio/Larus cachinnans_Caspian Gull/XC488307.mp3
train,Larus canus_Mew Gull,../../Datasets/BirdClef/features/Larus canus_Mew Gull/XC260155.npy,../../Datasets/BirdClef/audio/Larus canus_Mew Gull/XC260155.mp3
train,Larus canus_Mew Gull,../../Datasets/BirdClef/features/Larus canus_Mew Gull/XC327829.npy,../../Datasets/BirdClef/audio/Larus canus_Mew Gull/XC327829.mp3
train,Larus canus_Mew Gull,../../Datasets/BirdClef/features/Larus canus_Mew Gull/XC137900.npy,../../Datasets/BirdClef/audio/Larus canus_Mew Gull/XC137900.mp3
train,Larus canus_Mew Gull,../../Datasets/BirdClef/features/Larus canus_Mew Gull/XC248112.npy,../../Datasets/BirdClef/audio/Larus canus_Mew Gull/XC248112.mp3
train,Larus canus_Mew Gull,../../Datasets/BirdClef/features/Larus canus_Mew Gull/XC207128.npy,../../Datasets/BirdClef/audio/Larus canus_Mew Gull/XC207128.mp3
train,Larus delawarensis_Ring-billed Gull,../../Datasets/BirdClef/features/Larus delawarensis_Ring-billed Gull/XC169252.npy,../../Datasets/BirdClef/audio/Larus delawarensis_Ring-billed Gull/XC169252.mp3
train,Larus delawarensis_Ring-billed Gull,../../Datasets/BirdClef/features/Larus delawarensis_Ring-billed Gull/XC165349.npy,../../Datasets/BirdClef/audio/Larus delawarensis_Ring-billed Gull/XC165349.mp3
train,Larus delawarensis_Ring-billed Gull,../../Datasets/BirdClef/features/Larus delawarensis_Ring-billed Gull/XC417720.npy,../../Datasets/BirdClef/audio/Larus delawarensis_Ring-billed Gull/XC417720.mp3
train,Larus delawarensis_Ring-billed Gull,../../Datasets/BirdClef/features/Larus delawarensis_Ring-billed Gull/XC71563.npy,../../Datasets/BirdClef/audio/Larus delawarensis_Ring-billed Gull/XC71563.mp3
train,Larus delawarensis_Ring-billed Gull,../../Datasets/BirdClef/features/Larus delawarensis_Ring-billed Gull/XC161505.npy,../../Datasets/BirdClef/audio/Larus delawarensis_Ring-billed Gull/XC161505.mp3
train,Larus fuscus_Lesser Black-backed Gull,../../Datasets/BirdClef/features/Larus fuscus_Lesser Black-backed Gull/XC338643.npy,../../Datasets/BirdClef/audio/Larus fuscus_Lesser Black-backed Gull/XC338643.mp3
train,Larus fuscus_Lesser Black-backed Gull,../../Datasets/BirdClef/features/Larus fuscus_Lesser Black-backed Gull/XC108568.npy,../../Datasets/BirdClef/audio/Larus fuscus_Lesser Black-backed Gull/XC108568.mp3
train,Larus fuscus_Lesser Black-backed Gull,../../Datasets/BirdClef/features/Larus fuscus_Lesser Black-backed Gull/XC461870.npy,../../Datasets/BirdClef/audio/Larus fuscus_Lesser Black-backed Gull/XC461870.mp3
train,Larus fuscus_Lesser Black-backed Gull,../../Datasets/BirdClef/features/Larus fuscus_Lesser Black-backed Gull/XC371580.npy,../../Datasets/BirdClef/audio/Larus fuscus_Lesser Black-backed Gull/XC371580.mp3
train,Larus fuscus_Lesser Black-backed Gull,../../Datasets/BirdClef/features/Larus fuscus_Lesser Black-backed Gull/XC483793.npy,../../Datasets/BirdClef/audio/Larus fuscus_Lesser Black-backed Gull/XC483793.mp3
train,Larus michahellis_Yellow-legged Gull,../../Datasets/BirdClef/features/Larus michahellis_Yellow-legged Gull/XC144988.npy,../../Datasets/BirdClef/audio/Larus michahellis_Yellow-legged Gull/XC144988.mp3
train,Larus michahellis_Yellow-legged Gull,../../Datasets/BirdClef/features/Larus michahellis_Yellow-legged Gull/XC29772.npy,../../Datasets/BirdClef/audio/Larus michahellis_Yellow-legged Gull/XC29772.mp3
train,Larus michahellis_Yellow-legged Gull,../../Datasets/BirdClef/features/Larus michahellis_Yellow-legged Gull/XC464151.npy,../../Datasets/BirdClef/audio/Larus michahellis_Yellow-legged Gull/XC464151.mp3
train,Larus michahellis_Yellow-legged Gull,../../Datasets/BirdClef/features/Larus michahellis_Yellow-legged Gull/XC380189.npy,../../Datasets/BirdClef/audio/Larus michahellis_Yellow-legged Gull/XC380189.mp3
train,Larus michahellis_Yellow-legged Gull,../../Datasets/BirdClef/features/Larus michahellis_Yellow-legged Gull/XC381553.npy,../../Datasets/BirdClef/audio/Larus michahellis_Yellow-legged Gull/XC381553.mp3
train,Laterallus exilis_Gray-breasted Crake,../../Datasets/BirdClef/features/Laterallus exilis_Gray-breasted Crake/XC189497.npy,../../Datasets/BirdClef/audio/Laterallus exilis_Gray-breasted Crake/XC189497.mp3
train,Laterallus exilis_Gray-breasted Crake,../../Datasets/BirdClef/features/Laterallus exilis_Gray-breasted Crake/XC82091.npy,../../Datasets/BirdClef/audio/Laterallus exilis_Gray-breasted Crake/XC82091.mp3
train,Laterallus exilis_Gray-breasted Crake,../../Datasets/BirdClef/features/Laterallus exilis_Gray-breasted Crake/XC331435.npy,../../Datasets/BirdClef/audio/Laterallus exilis_Gray-breasted Crake/XC331435.mp3
train,Laterallus exilis_Gray-breasted Crake,../../Datasets/BirdClef/features/Laterallus exilis_Gray-breasted Crake/XC288426.npy,../../Datasets/BirdClef/audio/Laterallus exilis_Gray-breasted Crake/XC288426.mp3
train,Laterallus exilis_Gray-breasted Crake,../../Datasets/BirdClef/features/Laterallus exilis_Gray-breasted Crake/XC141172.npy,../../Datasets/BirdClef/audio/Laterallus exilis_Gray-breasted Crake/XC141172.mp3
train,Laterallus melanophaius_Rufous-sided Crake,../../Datasets/BirdClef/features/Laterallus melanophaius_Rufous-sided Crake/XC85184.npy,../../Datasets/BirdClef/audio/Laterallus melanophaius_Rufous-sided Crake/XC85184.mp3
train,Laterallus melanophaius_Rufous-sided Crake,../../Datasets/BirdClef/features/Laterallus melanophaius_Rufous-sided Crake/XC391508.npy,../../Datasets/BirdClef/audio/Laterallus melanophaius_Rufous-sided Crake/XC391508.mp3
train,Laterallus melanophaius_Rufous-sided Crake,../../Datasets/BirdClef/features/Laterallus melanophaius_Rufous-sided Crake/XC416480.npy,../../Datasets/BirdClef/audio/Laterallus melanophaius_Rufous-sided Crake/XC416480.mp3
train,Laterallus melanophaius_Rufous-sided Crake,../../Datasets/BirdClef/features/Laterallus melanophaius_Rufous-sided Crake/XC396167.npy,../../Datasets/BirdClef/audio/Laterallus melanophaius_Rufous-sided Crake/XC396167.mp3
train,Laterallus melanophaius_Rufous-sided Crake,../../Datasets/BirdClef/features/Laterallus melanophaius_Rufous-sided Crake/XC283066.npy,../../Datasets/BirdClef/audio/Laterallus melanophaius_Rufous-sided Crake/XC283066.mp3
train,Lathrotriccus euleri_Euler's Flycatcher,../../Datasets/BirdClef/features/Lathrotriccus euleri_Euler's Flycatcher/XC224882.npy,../../Datasets/BirdClef/audio/Lathrotriccus euleri_Euler's Flycatcher/XC224882.mp3
train,Lathrotriccus euleri_Euler's Flycatcher,../../Datasets/BirdClef/features/Lathrotriccus euleri_Euler's Flycatcher/XC302742.npy,../../Datasets/BirdClef/audio/Lathrotriccus euleri_Euler's Flycatcher/XC302742.mp3
train,Lathrotriccus euleri_Euler's Flycatcher,../../Datasets/BirdClef/features/Lathrotriccus euleri_Euler's Flycatcher/XC39105.npy,../../Datasets/BirdClef/audio/Lathrotriccus euleri_Euler's Flycatcher/XC39105.mp3
train,Lathrotriccus euleri_Euler's Flycatcher,../../Datasets/BirdClef/features/Lathrotriccus euleri_Euler's Flycatcher/XC49807.npy,../../Datasets/BirdClef/audio/Lathrotriccus euleri_Euler's Flycatcher/XC49807.mp3
train,Lathrotriccus euleri_Euler's Flycatcher,../../Datasets/BirdClef/features/Lathrotriccus euleri_Euler's Flycatcher/XC27849.npy,../../Datasets/BirdClef/audio/Lathrotriccus euleri_Euler's Flycatcher/XC27849.mp3
train,Legatus leucophaius_Piratic Flycatcher,../../Datasets/BirdClef/features/Legatus leucophaius_Piratic Flycatcher/XC131097.npy,../../Datasets/BirdClef/audio/Legatus leucophaius_Piratic Flycatcher/XC131097.mp3
train,Legatus leucophaius_Piratic Flycatcher,../../Datasets/BirdClef/features/Legatus leucophaius_Piratic Flycatcher/XC259029.npy,../../Datasets/BirdClef/audio/Legatus leucophaius_Piratic Flycatcher/XC259029.mp3
train,Legatus leucophaius_Piratic Flycatcher,../../Datasets/BirdClef/features/Legatus leucophaius_Piratic Flycatcher/XC274659.npy,../../Datasets/BirdClef/audio/Legatus leucophaius_Piratic Flycatcher/XC274659.mp3
train,Legatus leucophaius_Piratic Flycatcher,../../Datasets/BirdClef/features/Legatus leucophaius_Piratic Flycatcher/XC153983.npy,../../Datasets/BirdClef/audio/Legatus leucophaius_Piratic Flycatcher/XC153983.mp3
train,Legatus leucophaius_Piratic Flycatcher,../../Datasets/BirdClef/features/Legatus leucophaius_Piratic Flycatcher/XC14916.npy,../../Datasets/BirdClef/audio/Legatus leucophaius_Piratic Flycatcher/XC14916.mp3
train,Leiothlypis celata_Orange-crowned Warbler,../../Datasets/BirdClef/features/Leiothlypis celata_Orange-crowned Warbler/XC44329.npy,../../Datasets/BirdClef/audio/Leiothlypis celata_Orange-crowned Warbler/XC44329.mp3
train,Leiothlypis celata_Orange-crowned Warbler,../../Datasets/BirdClef/features/Leiothlypis celata_Orange-crowned Warbler/XC156528.npy,../../Datasets/BirdClef/audio/Leiothlypis celata_Orange-crowned Warbler/XC156528.mp3
train,Leiothlypis celata_Orange-crowned Warbler,../../Datasets/BirdClef/features/Leiothlypis celata_Orange-crowned Warbler/XC217613.npy,../../Datasets/BirdClef/audio/Leiothlypis celata_Orange-crowned Warbler/XC217613.mp3
train,Leiothlypis celata_Orange-crowned Warbler,../../Datasets/BirdClef/features/Leiothlypis celata_Orange-crowned Warbler/XC497024.npy,../../Datasets/BirdClef/audio/Leiothlypis celata_Orange-crowned Warbler/XC497024.mp3
train,Leiothlypis celata_Orange-crowned Warbler,../../Datasets/BirdClef/features/Leiothlypis celata_Orange-crowned Warbler/XC323017.npy,../../Datasets/BirdClef/audio/Leiothlypis celata_Orange-crowned Warbler/XC323017.mp3
train,Lepidothrix coronata_Blue-crowned Manakin,../../Datasets/BirdClef/features/Lepidothrix coronata_Blue-crowned Manakin/XC437089.npy,../../Datasets/BirdClef/audio/Lepidothrix coronata_Blue-crowned Manakin/XC437089.mp3
train,Lepidothrix coronata_Blue-crowned Manakin,../../Datasets/BirdClef/features/Lepidothrix coronata_Blue-crowned Manakin/XC68558.npy,../../Datasets/BirdClef/audio/Lepidothrix coronata_Blue-crowned Manakin/XC68558.mp3
train,Lepidothrix coronata_Blue-crowned Manakin,../../Datasets/BirdClef/features/Lepidothrix coronata_Blue-crowned Manakin/XC454521.npy,../../Datasets/BirdClef/audio/Lepidothrix coronata_Blue-crowned Manakin/XC454521.mp3
train,Lepidothrix coronata_Blue-crowned Manakin,../../Datasets/BirdClef/features/Lepidothrix coronata_Blue-crowned Manakin/XC63899.npy,../../Datasets/BirdClef/audio/Lepidothrix coronata_Blue-crowned Manakin/XC63899.mp3
train,Lepidothrix coronata_Blue-crowned Manakin,../../Datasets/BirdClef/features/Lepidothrix coronata_Blue-crowned Manakin/XC76142.npy,../../Datasets/BirdClef/audio/Lepidothrix coronata_Blue-crowned Manakin/XC76142.mp3
train,Leptodon cayanensis_Gray-headed Kite,../../Datasets/BirdClef/features/Leptodon cayanensis_Gray-headed Kite/XC29498.npy,../../Datasets/BirdClef/audio/Leptodon cayanensis_Gray-headed Kite/XC29498.mp3
train,Leptodon cayanensis_Gray-headed Kite,../../Datasets/BirdClef/features/Leptodon cayanensis_Gray-headed Kite/XC363232.npy,../../Datasets/BirdClef/audio/Leptodon cayanensis_Gray-headed Kite/XC363232.mp3
train,Leptodon cayanensis_Gray-headed Kite,../../Datasets/BirdClef/features/Leptodon cayanensis_Gray-headed Kite/XC498693.npy,../../Datasets/BirdClef/audio/Leptodon cayanensis_Gray-headed Kite/XC498693.mp3
train,Leptodon cayanensis_Gray-headed Kite,../../Datasets/BirdClef/features/Leptodon cayanensis_Gray-headed Kite/XC274087.npy,../../Datasets/BirdClef/audio/Leptodon cayanensis_Gray-headed Kite/XC274087.mp3
train,Leptodon cayanensis_Gray-headed Kite,../../Datasets/BirdClef/features/Leptodon cayanensis_Gray-headed Kite/XC117415.npy,../../Datasets/BirdClef/audio/Leptodon cayanensis_Gray-headed Kite/XC117415.mp3
train,Leptopogon amaurocephalus_Sepia-capped Flycatcher,../../Datasets/BirdClef/features/Leptopogon amaurocephalus_Sepia-capped Flycatcher/XC38590.npy,../../Datasets/BirdClef/audio/Leptopogon amaurocephalus_Sepia-capped Flycatcher/XC38590.mp3
train,Leptopogon amaurocephalus_Sepia-capped Flycatcher,../../Datasets/BirdClef/features/Leptopogon amaurocephalus_Sepia-capped Flycatcher/XC32308.npy,../../Datasets/BirdClef/audio/Leptopogon amaurocephalus_Sepia-capped Flycatcher/XC32308.mp3
train,Leptopogon amaurocephalus_Sepia-capped Flycatcher,../../Datasets/BirdClef/features/Leptopogon amaurocephalus_Sepia-capped Flycatcher/XC54678.npy,../../Datasets/BirdClef/audio/Leptopogon amaurocephalus_Sepia-capped Flycatcher/XC54678.mp3
train,Leptopogon amaurocephalus_Sepia-capped Flycatcher,../../Datasets/BirdClef/features/Leptopogon amaurocephalus_Sepia-capped Flycatcher/XC6584.npy,../../Datasets/BirdClef/audio/Leptopogon amaurocephalus_Sepia-capped Flycatcher/XC6584.mp3
train,Leptopogon amaurocephalus_Sepia-capped Flycatcher,../../Datasets/BirdClef/features/Leptopogon amaurocephalus_Sepia-capped Flycatcher/XC285202.npy,../../Datasets/BirdClef/audio/Leptopogon amaurocephalus_Sepia-capped Flycatcher/XC285202.mp3
train,Leptotila rufaxilla_Gray-fronted Dove,../../Datasets/BirdClef/features/Leptotila rufaxilla_Gray-fronted Dove/XC416018.npy,../../Datasets/BirdClef/audio/Leptotila rufaxilla_Gray-fronted Dove/XC416018.mp3
train,Leptotila rufaxilla_Gray-fronted Dove,../../Datasets/BirdClef/features/Leptotila rufaxilla_Gray-fronted Dove/XC479431.npy,../../Datasets/BirdClef/audio/Leptotila rufaxilla_Gray-fronted Dove/XC479431.mp3
train,Leptotila rufaxilla_Gray-fronted Dove,../../Datasets/BirdClef/features/Leptotila rufaxilla_Gray-fronted Dove/XC264108.npy,../../Datasets/BirdClef/audio/Leptotila rufaxilla_Gray-fronted Dove/XC264108.mp3
train,Leptotila rufaxilla_Gray-fronted Dove,../../Datasets/BirdClef/features/Leptotila rufaxilla_Gray-fronted Dove/XC349413.npy,../../Datasets/BirdClef/audio/Leptotila rufaxilla_Gray-fronted Dove/XC349413.mp3
train,Leptotila rufaxilla_Gray-fronted Dove,../../Datasets/BirdClef/features/Leptotila rufaxilla_Gray-fronted Dove/XC39762.npy,../../Datasets/BirdClef/audio/Leptotila rufaxilla_Gray-fronted Dove/XC39762.mp3
train,Limnodromus scolopaceus_Long-billed Dowitcher,../../Datasets/BirdClef/features/Limnodromus scolopaceus_Long-billed Dowitcher/XC406399.npy,../../Datasets/BirdClef/audio/Limnodromus scolopaceus_Long-billed Dowitcher/XC406399.mp3
train,Limnodromus scolopaceus_Long-billed Dowitcher,../../Datasets/BirdClef/features/Limnodromus scolopaceus_Long-billed Dowitcher/XC221579.npy,../../Datasets/BirdClef/audio/Limnodromus scolopaceus_Long-billed Dowitcher/XC221579.mp3
train,Limnodromus scolopaceus_Long-billed Dowitcher,../../Datasets/BirdClef/features/Limnodromus scolopaceus_Long-billed Dowitcher/XC113146.npy,../../Datasets/BirdClef/audio/Limnodromus scolopaceus_Long-billed Dowitcher/XC113146.mp3
train,Limnodromus scolopaceus_Long-billed Dowitcher,../../Datasets/BirdClef/features/Limnodromus scolopaceus_Long-billed Dowitcher/XC161341.npy,../../Datasets/BirdClef/audio/Limnodromus scolopaceus_Long-billed Dowitcher/XC161341.mp3
train,Limnodromus scolopaceus_Long-billed Dowitcher,../../Datasets/BirdClef/features/Limnodromus scolopaceus_Long-billed Dowitcher/XC492241.npy,../../Datasets/BirdClef/audio/Limnodromus scolopaceus_Long-billed Dowitcher/XC492241.mp3
train,Linaria cannabina_Eurasian Linnet,../../Datasets/BirdClef/features/Linaria cannabina_Eurasian Linnet/XC270313.npy,../../Datasets/BirdClef/audio/Linaria cannabina_Eurasian Linnet/XC270313.mp3
train,Linaria cannabina_Eurasian Linnet,../../Datasets/BirdClef/features/Linaria cannabina_Eurasian Linnet/XC76853.npy,../../Datasets/BirdClef/audio/Linaria cannabina_Eurasian Linnet/XC76853.mp3
train,Linaria cannabina_Eurasian Linnet,../../Datasets/BirdClef/features/Linaria cannabina_Eurasian Linnet/XC310152.npy,../../Datasets/BirdClef/audio/Linaria cannabina_Eurasian Linnet/XC310152.mp3
train,Linaria cannabina_Eurasian Linnet,../../Datasets/BirdClef/features/Linaria cannabina_Eurasian Linnet/XC176109.npy,../../Datasets/BirdClef/audio/Linaria cannabina_Eurasian Linnet/XC176109.mp3
train,Linaria cannabina_Eurasian Linnet,../../Datasets/BirdClef/features/Linaria cannabina_Eurasian Linnet/XC120710.npy,../../Datasets/BirdClef/audio/Linaria cannabina_Eurasian Linnet/XC120710.mp3
train,Liosceles thoracicus_Rusty-belted Tapaculo,../../Datasets/BirdClef/features/Liosceles thoracicus_Rusty-belted Tapaculo/XC119452.npy,../../Datasets/BirdClef/audio/Liosceles thoracicus_Rusty-belted Tapaculo/XC119452.mp3
train,Liosceles thoracicus_Rusty-belted Tapaculo,../../Datasets/BirdClef/features/Liosceles thoracicus_Rusty-belted Tapaculo/XC22988.npy,../../Datasets/BirdClef/audio/Liosceles thoracicus_Rusty-belted Tapaculo/XC22988.mp3
train,Liosceles thoracicus_Rusty-belted Tapaculo,../../Datasets/BirdClef/features/Liosceles thoracicus_Rusty-belted Tapaculo/XC322060.npy,../../Datasets/BirdClef/audio/Liosceles thoracicus_Rusty-belted Tapaculo/XC322060.mp3
train,Liosceles thoracicus_Rusty-belted Tapaculo,../../Datasets/BirdClef/features/Liosceles thoracicus_Rusty-belted Tapaculo/XC33217.npy,../../Datasets/BirdClef/audio/Liosceles thoracicus_Rusty-belted Tapaculo/XC33217.mp3
train,Liosceles thoracicus_Rusty-belted Tapaculo,../../Datasets/BirdClef/features/Liosceles thoracicus_Rusty-belted Tapaculo/XC202146.npy,../../Datasets/BirdClef/audio/Liosceles thoracicus_Rusty-belted Tapaculo/XC202146.mp3
train,Lipaugus vociferans_Screaming Piha,../../Datasets/BirdClef/features/Lipaugus vociferans_Screaming Piha/XC34979.npy,../../Datasets/BirdClef/audio/Lipaugus vociferans_Screaming Piha/XC34979.mp3
train,Lipaugus vociferans_Screaming Piha,../../Datasets/BirdClef/features/Lipaugus vociferans_Screaming Piha/XC123334.npy,../../Datasets/BirdClef/audio/Lipaugus vociferans_Screaming Piha/XC123334.mp3
train,Lipaugus vociferans_Screaming Piha,../../Datasets/BirdClef/features/Lipaugus vociferans_Screaming Piha/XC12100.npy,../../Datasets/BirdClef/audio/Lipaugus vociferans_Screaming Piha/XC12100.mp3
train,Lipaugus vociferans_Screaming Piha,../../Datasets/BirdClef/features/Lipaugus vociferans_Screaming Piha/XC302763.npy,../../Datasets/BirdClef/audio/Lipaugus vociferans_Screaming Piha/XC302763.mp3
train,Lipaugus vociferans_Screaming Piha,../../Datasets/BirdClef/features/Lipaugus vociferans_Screaming Piha/XC427549.npy,../../Datasets/BirdClef/audio/Lipaugus vociferans_Screaming Piha/XC427549.mp3
train,Lophophanes cristatus_Crested Tit,../../Datasets/BirdClef/features/Lophophanes cristatus_Crested Tit/XC175492.npy,../../Datasets/BirdClef/audio/Lophophanes cristatus_Crested Tit/XC175492.mp3
train,Lophophanes cristatus_Crested Tit,../../Datasets/BirdClef/features/Lophophanes cristatus_Crested Tit/XC84322.npy,../../Datasets/BirdClef/audio/Lophophanes cristatus_Crested Tit/XC84322.mp3
train,Lophophanes cristatus_Crested Tit,../../Datasets/BirdClef/features/Lophophanes cristatus_Crested Tit/XC422631.npy,../../Datasets/BirdClef/audio/Lophophanes cristatus_Crested Tit/XC422631.mp3
train,Lophophanes cristatus_Crested Tit,../../Datasets/BirdClef/features/Lophophanes cristatus_Crested Tit/XC113542.npy,../../Datasets/BirdClef/audio/Lophophanes cristatus_Crested Tit/XC113542.mp3
train,Lophophanes cristatus_Crested Tit,../../Datasets/BirdClef/features/Lophophanes cristatus_Crested Tit/XC24798.npy,../../Datasets/BirdClef/audio/Lophophanes cristatus_Crested Tit/XC24798.mp3
train,Lophostrix cristata_Crested Owl,../../Datasets/BirdClef/features/Lophostrix cristata_Crested Owl/XC276153.npy,../../Datasets/BirdClef/audio/Lophostrix cristata_Crested Owl/XC276153.mp3
train,Lophostrix cristata_Crested Owl,../../Datasets/BirdClef/features/Lophostrix cristata_Crested Owl/XC272097.npy,../../Datasets/BirdClef/audio/Lophostrix cristata_Crested Owl/XC272097.mp3
train,Lophostrix cristata_Crested Owl,../../Datasets/BirdClef/features/Lophostrix cristata_Crested Owl/XC354027.npy,../../Datasets/BirdClef/audio/Lophostrix cristata_Crested Owl/XC354027.mp3
train,Lophostrix cristata_Crested Owl,../../Datasets/BirdClef/features/Lophostrix cristata_Crested Owl/XC225187.npy,../../Datasets/BirdClef/audio/Lophostrix cristata_Crested Owl/XC225187.mp3
train,Lophostrix cristata_Crested Owl,../../Datasets/BirdClef/features/Lophostrix cristata_Crested Owl/XC399668.npy,../../Datasets/BirdClef/audio/Lophostrix cristata_Crested Owl/XC399668.mp3
train,Lullula arborea_Wood Lark,../../Datasets/BirdClef/features/Lullula arborea_Wood Lark/XC342200.npy,../../Datasets/BirdClef/audio/Lullula arborea_Wood Lark/XC342200.mp3
train,Lullula arborea_Wood Lark,../../Datasets/BirdClef/features/Lullula arborea_Wood Lark/XC473643.npy,../../Datasets/BirdClef/audio/Lullula arborea_Wood Lark/XC473643.mp3
train,Lullula arborea_Wood Lark,../../Datasets/BirdClef/features/Lullula arborea_Wood Lark/XC144976.npy,../../Datasets/BirdClef/audio/Lullula arborea_Wood Lark/XC144976.mp3
train,Lullula arborea_Wood Lark,../../Datasets/BirdClef/features/Lullula arborea_Wood Lark/XC418489.npy,../../Datasets/BirdClef/audio/Lullula arborea_Wood Lark/XC418489.mp3
train,Lullula arborea_Wood Lark,../../Datasets/BirdClef/features/Lullula arborea_Wood Lark/XC175092.npy,../../Datasets/BirdClef/audio/Lullula arborea_Wood Lark/XC175092.mp3
train,Lurocalis semitorquatus_Short-tailed Nighthawk,../../Datasets/BirdClef/features/Lurocalis semitorquatus_Short-tailed Nighthawk/XC371110.npy,../../Datasets/BirdClef/audio/Lurocalis semitorquatus_Short-tailed Nighthawk/XC371110.mp3
train,Lurocalis semitorquatus_Short-tailed Nighthawk,../../Datasets/BirdClef/features/Lurocalis semitorquatus_Short-tailed Nighthawk/XC145888.npy,../../Datasets/BirdClef/audio/Lurocalis semitorquatus_Short-tailed Nighthawk/XC145888.mp3
train,Lurocalis semitorquatus_Short-tailed Nighthawk,../../Datasets/BirdClef/features/Lurocalis semitorquatus_Short-tailed Nighthawk/XC505156.npy,../../Datasets/BirdClef/audio/Lurocalis semitorquatus_Short-tailed Nighthawk/XC505156.mp3
train,Lurocalis semitorquatus_Short-tailed Nighthawk,../../Datasets/BirdClef/features/Lurocalis semitorquatus_Short-tailed Nighthawk/XC325773.npy,../../Datasets/BirdClef/audio/Lurocalis semitorquatus_Short-tailed Nighthawk/XC325773.mp3
train,Lurocalis semitorquatus_Short-tailed Nighthawk,../../Datasets/BirdClef/features/Lurocalis semitorquatus_Short-tailed Nighthawk/XC30361.npy,../../Datasets/BirdClef/audio/Lurocalis semitorquatus_Short-tailed Nighthawk/XC30361.mp3
train,Luscinia megarhynchos_Common Nightingale,../../Datasets/BirdClef/features/Luscinia megarhynchos_Common Nightingale/XC132580.npy,../../Datasets/BirdClef/audio/Luscinia megarhynchos_Common Nightingale/XC132580.mp3
train,Luscinia megarhynchos_Common Nightingale,../../Datasets/BirdClef/features/Luscinia megarhynchos_Common Nightingale/XC184871.npy,../../Datasets/BirdClef/audio/Luscinia megarhynchos_Common Nightingale/XC184871.mp3
train,Luscinia megarhynchos_Common Nightingale,../../Datasets/BirdClef/features/Luscinia megarhynchos_Common Nightingale/XC236910.npy,../../Datasets/BirdClef/audio/Luscinia megarhynchos_Common Nightingale/XC236910.mp3
train,Luscinia megarhynchos_Common Nightingale,../../Datasets/BirdClef/features/Luscinia megarhynchos_Common Nightingale/XC130584.npy,../../Datasets/BirdClef/audio/Luscinia megarhynchos_Common Nightingale/XC130584.mp3
train,Luscinia megarhynchos_Common Nightingale,../../Datasets/BirdClef/features/Luscinia megarhynchos_Common Nightingale/XC178242.npy,../../Datasets/BirdClef/audio/Luscinia megarhynchos_Common Nightingale/XC178242.mp3
train,Luscinia svecica_Bluethroat,../../Datasets/BirdClef/features/Luscinia svecica_Bluethroat/XC465512.npy,../../Datasets/BirdClef/audio/Luscinia svecica_Bluethroat/XC465512.mp3
train,Luscinia svecica_Bluethroat,../../Datasets/BirdClef/features/Luscinia svecica_Bluethroat/XC402262.npy,../../Datasets/BirdClef/audio/Luscinia svecica_Bluethroat/XC402262.mp3
train,Luscinia svecica_Bluethroat,../../Datasets/BirdClef/features/Luscinia svecica_Bluethroat/XC470426.npy,../../Datasets/BirdClef/audio/Luscinia svecica_Bluethroat/XC470426.mp3
train,Luscinia svecica_Bluethroat,../../Datasets/BirdClef/features/Luscinia svecica_Bluethroat/XC246457.npy,../../Datasets/BirdClef/audio/Luscinia svecica_Bluethroat/XC246457.mp3
train,Luscinia svecica_Bluethroat,../../Datasets/BirdClef/features/Luscinia svecica_Bluethroat/XC298301.npy,../../Datasets/BirdClef/audio/Luscinia svecica_Bluethroat/XC298301.mp3
train,Manacus manacus_White-bearded Manakin,../../Datasets/BirdClef/features/Manacus manacus_White-bearded Manakin/XC268585.npy,../../Datasets/BirdClef/audio/Manacus manacus_White-bearded Manakin/XC268585.mp3
train,Manacus manacus_White-bearded Manakin,../../Datasets/BirdClef/features/Manacus manacus_White-bearded Manakin/XC282176.npy,../../Datasets/BirdClef/audio/Manacus manacus_White-bearded Manakin/XC282176.mp3
train,Manacus manacus_White-bearded Manakin,../../Datasets/BirdClef/features/Manacus manacus_White-bearded Manakin/XC9050.npy,../../Datasets/BirdClef/audio/Manacus manacus_White-bearded Manakin/XC9050.mp3
train,Manacus manacus_White-bearded Manakin,../../Datasets/BirdClef/features/Manacus manacus_White-bearded Manakin/XC87385.npy,../../Datasets/BirdClef/audio/Manacus manacus_White-bearded Manakin/XC87385.mp3
train,Manacus manacus_White-bearded Manakin,../../Datasets/BirdClef/features/Manacus manacus_White-bearded Manakin/XC271961.npy,../../Datasets/BirdClef/audio/Manacus manacus_White-bearded Manakin/XC271961.mp3
train,Mareca americana_American Wigeon,../../Datasets/BirdClef/features/Mareca americana_American Wigeon/XC100899.npy,../../Datasets/BirdClef/audio/Mareca americana_American Wigeon/XC100899.mp3
train,Mareca americana_American Wigeon,../../Datasets/BirdClef/features/Mareca americana_American Wigeon/XC172889.npy,../../Datasets/BirdClef/audio/Mareca americana_American Wigeon/XC172889.mp3
train,Mareca americana_American Wigeon,../../Datasets/BirdClef/features/Mareca americana_American Wigeon/XC152396.npy,../../Datasets/BirdClef/audio/Mareca americana_American Wigeon/XC152396.mp3
train,Mareca americana_American Wigeon,../../Datasets/BirdClef/features/Mareca americana_American Wigeon/XC150015.npy,../../Datasets/BirdClef/audio/Mareca americana_American Wigeon/XC150015.mp3
train,Mareca americana_American Wigeon,../../Datasets/BirdClef/features/Mareca americana_American Wigeon/XC408856.npy,../../Datasets/BirdClef/audio/Mareca americana_American Wigeon/XC408856.mp3
train,Mareca penelope_Eurasian Wigeon,../../Datasets/BirdClef/features/Mareca penelope_Eurasian Wigeon/XC448814.npy,../../Datasets/BirdClef/audio/Mareca penelope_Eurasian Wigeon/XC448814.mp3
train,Mareca penelope_Eurasian Wigeon,../../Datasets/BirdClef/features/Mareca penelope_Eurasian Wigeon/XC431431.npy,../../Datasets/BirdClef/audio/Mareca penelope_Eurasian Wigeon/XC431431.mp3
train,Mareca penelope_Eurasian Wigeon,../../Datasets/BirdClef/features/Mareca penelope_Eurasian Wigeon/XC467395.npy,../../Datasets/BirdClef/audio/Mareca penelope_Eurasian Wigeon/XC467395.mp3
train,Mareca penelope_Eurasian Wigeon,../../Datasets/BirdClef/features/Mareca penelope_Eurasian Wigeon/XC448901.npy,../../Datasets/BirdClef/audio/Mareca penelope_Eurasian Wigeon/XC448901.mp3
train,Mareca penelope_Eurasian Wigeon,../../Datasets/BirdClef/features/Mareca penelope_Eurasian Wigeon/XC215130.npy,../../Datasets/BirdClef/audio/Mareca penelope_Eurasian Wigeon/XC215130.mp3
train,Mareca strepera_Gadwall,../../Datasets/BirdClef/features/Mareca strepera_Gadwall/XC364458.npy,../../Datasets/BirdClef/audio/Mareca strepera_Gadwall/XC364458.mp3
train,Mareca strepera_Gadwall,../../Datasets/BirdClef/features/Mareca strepera_Gadwall/XC83940.npy,../../Datasets/BirdClef/audio/Mareca strepera_Gadwall/XC83940.mp3
train,Mareca strepera_Gadwall,../../Datasets/BirdClef/features/Mareca strepera_Gadwall/XC299272.npy,../../Datasets/BirdClef/audio/Mareca strepera_Gadwall/XC299272.mp3
train,Mareca strepera_Gadwall,../../Datasets/BirdClef/features/Mareca strepera_Gadwall/XC35192.npy,../../Datasets/BirdClef/audio/Mareca strepera_Gadwall/XC35192.mp3
train,Mareca strepera_Gadwall,../../Datasets/BirdClef/features/Mareca strepera_Gadwall/XC412761.npy,../../Datasets/BirdClef/audio/Mareca strepera_Gadwall/XC412761.mp3
train,Megaceryle alcyon_Belted Kingfisher,../../Datasets/BirdClef/features/Megaceryle alcyon_Belted Kingfisher/XC160917.npy,../../Datasets/BirdClef/audio/Megaceryle alcyon_Belted Kingfisher/XC160917.mp3
train,Megaceryle alcyon_Belted Kingfisher,../../Datasets/BirdClef/features/Megaceryle alcyon_Belted Kingfisher/XC340786.npy,../../Datasets/BirdClef/audio/Megaceryle alcyon_Belted Kingfisher/XC340786.mp3
train,Megaceryle alcyon_Belted Kingfisher,../../Datasets/BirdClef/features/Megaceryle alcyon_Belted Kingfisher/XC371323.npy,../../Datasets/BirdClef/audio/Megaceryle alcyon_Belted Kingfisher/XC371323.mp3
train,Megaceryle alcyon_Belted Kingfisher,../../Datasets/BirdClef/features/Megaceryle alcyon_Belted Kingfisher/XC1363.npy,../../Datasets/BirdClef/audio/Megaceryle alcyon_Belted Kingfisher/XC1363.mp3
train,Megaceryle alcyon_Belted Kingfisher,../../Datasets/BirdClef/features/Megaceryle alcyon_Belted Kingfisher/XC159959.npy,../../Datasets/BirdClef/audio/Megaceryle alcyon_Belted Kingfisher/XC159959.mp3
train,Megaceryle torquata_Ringed Kingfisher,../../Datasets/BirdClef/features/Megaceryle torquata_Ringed Kingfisher/XC396165.npy,../../Datasets/BirdClef/audio/Megaceryle torquata_Ringed Kingfisher/XC396165.mp3
train,Megaceryle torquata_Ringed Kingfisher,../../Datasets/BirdClef/features/Megaceryle torquata_Ringed Kingfisher/XC188950.npy,../../Datasets/BirdClef/audio/Megaceryle torquata_Ringed Kingfisher/XC188950.mp3
train,Megaceryle torquata_Ringed Kingfisher,../../Datasets/BirdClef/features/Megaceryle torquata_Ringed Kingfisher/XC220814.npy,../../Datasets/BirdClef/audio/Megaceryle torquata_Ringed Kingfisher/XC220814.mp3
train,Megaceryle torquata_Ringed Kingfisher,../../Datasets/BirdClef/features/Megaceryle torquata_Ringed Kingfisher/XC128792.npy,../../Datasets/BirdClef/audio/Megaceryle torquata_Ringed Kingfisher/XC128792.mp3
train,Megaceryle torquata_Ringed Kingfisher,../../Datasets/BirdClef/features/Megaceryle torquata_Ringed Kingfisher/XC393123.npy,../../Datasets/BirdClef/audio/Megaceryle torquata_Ringed Kingfisher/XC393123.mp3
train,Megarynchus pitangua_Boat-billed Flycatcher,../../Datasets/BirdClef/features/Megarynchus pitangua_Boat-billed Flycatcher/XC258987.npy,../../Datasets/BirdClef/audio/Megarynchus pitangua_Boat-billed Flycatcher/XC258987.mp3
train,Megarynchus pitangua_Boat-billed Flycatcher,../../Datasets/BirdClef/features/Megarynchus pitangua_Boat-billed Flycatcher/XC282941.npy,../../Datasets/BirdClef/audio/Megarynchus pitangua_Boat-billed Flycatcher/XC282941.mp3
train,Megarynchus pitangua_Boat-billed Flycatcher,../../Datasets/BirdClef/features/Megarynchus pitangua_Boat-billed Flycatcher/XC394268.npy,../../Datasets/BirdClef/audio/Megarynchus pitangua_Boat-billed Flycatcher/XC394268.mp3
train,Megarynchus pitangua_Boat-billed Flycatcher,../../Datasets/BirdClef/features/Megarynchus pitangua_Boat-billed Flycatcher/XC235872.npy,../../Datasets/BirdClef/audio/Megarynchus pitangua_Boat-billed Flycatcher/XC235872.mp3
train,Megarynchus pitangua_Boat-billed Flycatcher,../../Datasets/BirdClef/features/Megarynchus pitangua_Boat-billed Flycatcher/XC13724.npy,../../Datasets/BirdClef/audio/Megarynchus pitangua_Boat-billed Flycatcher/XC13724.mp3
train,Megascops choliba_Tropical Screech-Owl,../../Datasets/BirdClef/features/Megascops choliba_Tropical Screech-Owl/XC276169.npy,../../Datasets/BirdClef/audio/Megascops choliba_Tropical Screech-Owl/XC276169.mp3
train,Megascops choliba_Tropical Screech-Owl,../../Datasets/BirdClef/features/Megascops choliba_Tropical Screech-Owl/XC273270.npy,../../Datasets/BirdClef/audio/Megascops choliba_Tropical Screech-Owl/XC273270.mp3
train,Megascops choliba_Tropical Screech-Owl,../../Datasets/BirdClef/features/Megascops choliba_Tropical Screech-Owl/XC94741.npy,../../Datasets/BirdClef/audio/Megascops choliba_Tropical Screech-Owl/XC94741.mp3
train,Megascops choliba_Tropical Screech-Owl,../../Datasets/BirdClef/features/Megascops choliba_Tropical Screech-Owl/XC299727.npy,../../Datasets/BirdClef/audio/Megascops choliba_Tropical Screech-Owl/XC299727.mp3
train,Megascops choliba_Tropical Screech-Owl,../../Datasets/BirdClef/features/Megascops choliba_Tropical Screech-Owl/XC114724.npy,../../Datasets/BirdClef/audio/Megascops choliba_Tropical Screech-Owl/XC114724.mp3
train,Megascops watsonii_Tawny-bellied Screech-Owl,../../Datasets/BirdClef/features/Megascops watsonii_Tawny-bellied Screech-Owl/XC6171.npy,../../Datasets/BirdClef/audio/Megascops watsonii_Tawny-bellied Screech-Owl/XC6171.mp3
train,Megascops watsonii_Tawny-bellied Screech-Owl,../../Datasets/BirdClef/features/Megascops watsonii_Tawny-bellied Screech-Owl/XC44104.npy,../../Datasets/BirdClef/audio/Megascops watsonii_Tawny-bellied Screech-Owl/XC44104.mp3
train,Megascops watsonii_Tawny-bellied Screech-Owl,../../Datasets/BirdClef/features/Megascops watsonii_Tawny-bellied Screech-Owl/XC147706.npy,../../Datasets/BirdClef/audio/Megascops watsonii_Tawny-bellied Screech-Owl/XC147706.mp3
train,Megascops watsonii_Tawny-bellied Screech-Owl,../../Datasets/BirdClef/features/Megascops watsonii_Tawny-bellied Screech-Owl/XC505150.npy,../../Datasets/BirdClef/audio/Megascops watsonii_Tawny-bellied Screech-Owl/XC505150.mp3
train,Megascops watsonii_Tawny-bellied Screech-Owl,../../Datasets/BirdClef/features/Megascops watsonii_Tawny-bellied Screech-Owl/XC427571.npy,../../Datasets/BirdClef/audio/Megascops watsonii_Tawny-bellied Screech-Owl/XC427571.mp3
train,Melanerpes carolinus_Red-bellied Woodpecker,../../Datasets/BirdClef/features/Melanerpes carolinus_Red-bellied Woodpecker/XC197313.npy,../../Datasets/BirdClef/audio/Melanerpes carolinus_Red-bellied Woodpecker/XC197313.mp3
train,Melanerpes carolinus_Red-bellied Woodpecker,../../Datasets/BirdClef/features/Melanerpes carolinus_Red-bellied Woodpecker/XC35951.npy,../../Datasets/BirdClef/audio/Melanerpes carolinus_Red-bellied Woodpecker/XC35951.mp3
train,Melanerpes carolinus_Red-bellied Woodpecker,../../Datasets/BirdClef/features/Melanerpes carolinus_Red-bellied Woodpecker/XC54335.npy,../../Datasets/BirdClef/audio/Melanerpes carolinus_Red-bellied Woodpecker/XC54335.mp3
train,Melanerpes carolinus_Red-bellied Woodpecker,../../Datasets/BirdClef/features/Melanerpes carolinus_Red-bellied Woodpecker/XC370506.npy,../../Datasets/BirdClef/audio/Melanerpes carolinus_Red-bellied Woodpecker/XC370506.mp3
train,Melanerpes carolinus_Red-bellied Woodpecker,../../Datasets/BirdClef/features/Melanerpes carolinus_Red-bellied Woodpecker/XC16876.npy,../../Datasets/BirdClef/audio/Melanerpes carolinus_Red-bellied Woodpecker/XC16876.mp3
train,Melanerpes cruentatus_Yellow-tufted Woodpecker,../../Datasets/BirdClef/features/Melanerpes cruentatus_Yellow-tufted Woodpecker/XC86727.npy,../../Datasets/BirdClef/audio/Melanerpes cruentatus_Yellow-tufted Woodpecker/XC86727.mp3
train,Melanerpes cruentatus_Yellow-tufted Woodpecker,../../Datasets/BirdClef/features/Melanerpes cruentatus_Yellow-tufted Woodpecker/XC166802.npy,../../Datasets/BirdClef/audio/Melanerpes cruentatus_Yellow-tufted Woodpecker/XC166802.mp3
train,Melanerpes cruentatus_Yellow-tufted Woodpecker,../../Datasets/BirdClef/features/Melanerpes cruentatus_Yellow-tufted Woodpecker/XC258059.npy,../../Datasets/BirdClef/audio/Melanerpes cruentatus_Yellow-tufted Woodpecker/XC258059.mp3
train,Melanerpes cruentatus_Yellow-tufted Woodpecker,../../Datasets/BirdClef/features/Melanerpes cruentatus_Yellow-tufted Woodpecker/XC390493.npy,../../Datasets/BirdClef/audio/Melanerpes cruentatus_Yellow-tufted Woodpecker/XC390493.mp3
train,Melanerpes cruentatus_Yellow-tufted Woodpecker,../../Datasets/BirdClef/features/Melanerpes cruentatus_Yellow-tufted Woodpecker/XC340431.npy,../../Datasets/BirdClef/audio/Melanerpes cruentatus_Yellow-tufted Woodpecker/XC340431.mp3
train,Melospiza georgiana_Swamp Sparrow,../../Datasets/BirdClef/features/Melospiza georgiana_Swamp Sparrow/XC15028.npy,../../Datasets/BirdClef/audio/Melospiza georgiana_Swamp Sparrow/XC15028.mp3
train,Melospiza georgiana_Swamp Sparrow,../../Datasets/BirdClef/features/Melospiza georgiana_Swamp Sparrow/XC1395.npy,../../Datasets/BirdClef/audio/Melospiza georgiana_Swamp Sparrow/XC1395.mp3
train,Melospiza georgiana_Swamp Sparrow,../../Datasets/BirdClef/features/Melospiza georgiana_Swamp Sparrow/XC15029.npy,../../Datasets/BirdClef/audio/Melospiza georgiana_Swamp Sparrow/XC15029.mp3
train,Melospiza georgiana_Swamp Sparrow,../../Datasets/BirdClef/features/Melospiza georgiana_Swamp Sparrow/XC31088.npy,../../Datasets/BirdClef/audio/Melospiza georgiana_Swamp Sparrow/XC31088.mp3
train,Melospiza georgiana_Swamp Sparrow,../../Datasets/BirdClef/features/Melospiza georgiana_Swamp Sparrow/XC337069.npy,../../Datasets/BirdClef/audio/Melospiza georgiana_Swamp Sparrow/XC337069.mp3
train,Melospiza lincolnii_Lincoln's Sparrow,../../Datasets/BirdClef/features/Melospiza lincolnii_Lincoln's Sparrow/XC256458.npy,../../Datasets/BirdClef/audio/Melospiza lincolnii_Lincoln's Sparrow/XC256458.mp3
train,Melospiza lincolnii_Lincoln's Sparrow,../../Datasets/BirdClef/features/Melospiza lincolnii_Lincoln's Sparrow/XC284348.npy,../../Datasets/BirdClef/audio/Melospiza lincolnii_Lincoln's Sparrow/XC284348.mp3
train,Melospiza lincolnii_Lincoln's Sparrow,../../Datasets/BirdClef/features/Melospiza lincolnii_Lincoln's Sparrow/XC153562.npy,../../Datasets/BirdClef/audio/Melospiza lincolnii_Lincoln's Sparrow/XC153562.mp3
train,Melospiza lincolnii_Lincoln's Sparrow,../../Datasets/BirdClef/features/Melospiza lincolnii_Lincoln's Sparrow/XC125482.npy,../../Datasets/BirdClef/audio/Melospiza lincolnii_Lincoln's Sparrow/XC125482.mp3
train,Melospiza lincolnii_Lincoln's Sparrow,../../Datasets/BirdClef/features/Melospiza lincolnii_Lincoln's Sparrow/XC178054.npy,../../Datasets/BirdClef/audio/Melospiza lincolnii_Lincoln's Sparrow/XC178054.mp3
train,Melospiza melodia_Song Sparrow,../../Datasets/BirdClef/features/Melospiza melodia_Song Sparrow/XC158918.npy,../../Datasets/BirdClef/audio/Melospiza melodia_Song Sparrow/XC158918.mp3
train,Melospiza melodia_Song Sparrow,../../Datasets/BirdClef/features/Melospiza melodia_Song Sparrow/XC306941.npy,../../Datasets/BirdClef/audio/Melospiza melodia_Song Sparrow/XC306941.mp3
train,Melospiza melodia_Song Sparrow,../../Datasets/BirdClef/features/Melospiza melodia_Song Sparrow/XC149412.npy,../../Datasets/BirdClef/audio/Melospiza melodia_Song Sparrow/XC149412.mp3
train,Melospiza melodia_Song Sparrow,../../Datasets/BirdClef/features/Melospiza melodia_Song Sparrow/XC149408.npy,../../Datasets/BirdClef/audio/Melospiza melodia_Song Sparrow/XC149408.mp3
train,Melospiza melodia_Song Sparrow,../../Datasets/BirdClef/features/Melospiza melodia_Song Sparrow/XC290140.npy,../../Datasets/BirdClef/audio/Melospiza melodia_Song Sparrow/XC290140.mp3
train,Mergus merganser_Common Merganser,../../Datasets/BirdClef/features/Mergus merganser_Common Merganser/XC27186.npy,../../Datasets/BirdClef/audio/Mergus merganser_Common Merganser/XC27186.mp3
train,Mergus merganser_Common Merganser,../../Datasets/BirdClef/features/Mergus merganser_Common Merganser/XC297298.npy,../../Datasets/BirdClef/audio/Mergus merganser_Common Merganser/XC297298.mp3
train,Mergus merganser_Common Merganser,../../Datasets/BirdClef/features/Mergus merganser_Common Merganser/XC43834.npy,../../Datasets/BirdClef/audio/Mergus merganser_Common Merganser/XC43834.mp3
train,Mergus merganser_Common Merganser,../../Datasets/BirdClef/features/Mergus merganser_Common Merganser/XC107987.npy,../../Datasets/BirdClef/audio/Mergus merganser_Common Merganser/XC107987.mp3
train,Mergus merganser_Common Merganser,../../Datasets/BirdClef/features/Mergus merganser_Common Merganser/XC94635.npy,../../Datasets/BirdClef/audio/Mergus merganser_Common Merganser/XC94635.mp3
train,Merops apiaster_European Bee-eater,../../Datasets/BirdClef/features/Merops apiaster_European Bee-eater/XC253564.npy,../../Datasets/BirdClef/audio/Merops apiaster_European Bee-eater/XC253564.mp3
train,Merops apiaster_European Bee-eater,../../Datasets/BirdClef/features/Merops apiaster_European Bee-eater/XC265111.npy,../../Datasets/BirdClef/audio/Merops apiaster_European Bee-eater/XC265111.mp3
train,Merops apiaster_European Bee-eater,../../Datasets/BirdClef/features/Merops apiaster_European Bee-eater/XC197964.npy,../../Datasets/BirdClef/audio/Merops apiaster_European Bee-eater/XC197964.mp3
train,Merops apiaster_European Bee-eater,../../Datasets/BirdClef/features/Merops apiaster_European Bee-eater/XC183192.npy,../../Datasets/BirdClef/audio/Merops apiaster_European Bee-eater/XC183192.mp3
train,Merops apiaster_European Bee-eater,../../Datasets/BirdClef/features/Merops apiaster_European Bee-eater/XC183190.npy,../../Datasets/BirdClef/audio/Merops apiaster_European Bee-eater/XC183190.mp3
train,Mesembrinibis cayennensis_Green Ibis,../../Datasets/BirdClef/features/Mesembrinibis cayennensis_Green Ibis/XC124540.npy,../../Datasets/BirdClef/audio/Mesembrinibis cayennensis_Green Ibis/XC124540.mp3
train,Mesembrinibis cayennensis_Green Ibis,../../Datasets/BirdClef/features/Mesembrinibis cayennensis_Green Ibis/XC45172.npy,../../Datasets/BirdClef/audio/Mesembrinibis cayennensis_Green Ibis/XC45172.mp3
train,Mesembrinibis cayennensis_Green Ibis,../../Datasets/BirdClef/features/Mesembrinibis cayennensis_Green Ibis/XC117950.npy,../../Datasets/BirdClef/audio/Mesembrinibis cayennensis_Green Ibis/XC117950.mp3
train,Mesembrinibis cayennensis_Green Ibis,../../Datasets/BirdClef/features/Mesembrinibis cayennensis_Green Ibis/XC53340.npy,../../Datasets/BirdClef/audio/Mesembrinibis cayennensis_Green Ibis/XC53340.mp3
train,Mesembrinibis cayennensis_Green Ibis,../../Datasets/BirdClef/features/Mesembrinibis cayennensis_Green Ibis/XC92129.npy,../../Datasets/BirdClef/audio/Mesembrinibis cayennensis_Green Ibis/XC92129.mp3
train,Micrastur gilvicollis_Lined Forest-Falcon,../../Datasets/BirdClef/features/Micrastur gilvicollis_Lined Forest-Falcon/XC276186.npy,../../Datasets/BirdClef/audio/Micrastur gilvicollis_Lined Forest-Falcon/XC276186.mp3
train,Micrastur gilvicollis_Lined Forest-Falcon,../../Datasets/BirdClef/features/Micrastur gilvicollis_Lined Forest-Falcon/XC336659.npy,../../Datasets/BirdClef/audio/Micrastur gilvicollis_Lined Forest-Falcon/XC336659.mp3
train,Micrastur gilvicollis_Lined Forest-Falcon,../../Datasets/BirdClef/features/Micrastur gilvicollis_Lined Forest-Falcon/XC88384.npy,../../Datasets/BirdClef/audio/Micrastur gilvicollis_Lined Forest-Falcon/XC88384.mp3
train,Micrastur gilvicollis_Lined Forest-Falcon,../../Datasets/BirdClef/features/Micrastur gilvicollis_Lined Forest-Falcon/XC225676.npy,../../Datasets/BirdClef/audio/Micrastur gilvicollis_Lined Forest-Falcon/XC225676.mp3
train,Micrastur gilvicollis_Lined Forest-Falcon,../../Datasets/BirdClef/features/Micrastur gilvicollis_Lined Forest-Falcon/XC3040.npy,../../Datasets/BirdClef/audio/Micrastur gilvicollis_Lined Forest-Falcon/XC3040.mp3
train,Micrastur mirandollei_Slaty-backed Forest-Falcon,../../Datasets/BirdClef/features/Micrastur mirandollei_Slaty-backed Forest-Falcon/XC85828.npy,../../Datasets/BirdClef/audio/Micrastur mirandollei_Slaty-backed Forest-Falcon/XC85828.mp3
train,Micrastur mirandollei_Slaty-backed Forest-Falcon,../../Datasets/BirdClef/features/Micrastur mirandollei_Slaty-backed Forest-Falcon/XC343516.npy,../../Datasets/BirdClef/audio/Micrastur mirandollei_Slaty-backed Forest-Falcon/XC343516.mp3
train,Micrastur mirandollei_Slaty-backed Forest-Falcon,../../Datasets/BirdClef/features/Micrastur mirandollei_Slaty-backed Forest-Falcon/XC10553.npy,../../Datasets/BirdClef/audio/Micrastur mirandollei_Slaty-backed Forest-Falcon/XC10553.mp3
train,Micrastur mirandollei_Slaty-backed Forest-Falcon,../../Datasets/BirdClef/features/Micrastur mirandollei_Slaty-backed Forest-Falcon/XC71169.npy,../../Datasets/BirdClef/audio/Micrastur mirandollei_Slaty-backed Forest-Falcon/XC71169.mp3
train,Micrastur mirandollei_Slaty-backed Forest-Falcon,../../Datasets/BirdClef/features/Micrastur mirandollei_Slaty-backed Forest-Falcon/XC281860.npy,../../Datasets/BirdClef/audio/Micrastur mirandollei_Slaty-backed Forest-Falcon/XC281860.mp3
train,Micrastur ruficollis_Barred Forest-Falcon,../../Datasets/BirdClef/features/Micrastur ruficollis_Barred Forest-Falcon/XC5098.npy,../../Datasets/BirdClef/audio/Micrastur ruficollis_Barred Forest-Falcon/XC5098.mp3
train,Micrastur ruficollis_Barred Forest-Falcon,../../Datasets/BirdClef/features/Micrastur ruficollis_Barred Forest-Falcon/XC260221.npy,../../Datasets/BirdClef/audio/Micrastur ruficollis_Barred Forest-Falcon/XC260221.mp3
train,Micrastur ruficollis_Barred Forest-Falcon,../../Datasets/BirdClef/features/Micrastur ruficollis_Barred Forest-Falcon/XC20219.npy,../../Datasets/BirdClef/audio/Micrastur ruficollis_Barred Forest-Falcon/XC20219.mp3
train,Micrastur ruficollis_Barred Forest-Falcon,../../Datasets/BirdClef/features/Micrastur ruficollis_Barred Forest-Falcon/XC13475.npy,../../Datasets/BirdClef/audio/Micrastur ruficollis_Barred Forest-Falcon/XC13475.mp3
train,Micrastur ruficollis_Barred Forest-Falcon,../../Datasets/BirdClef/features/Micrastur ruficollis_Barred Forest-Falcon/XC62632.npy,../../Datasets/BirdClef/audio/Micrastur ruficollis_Barred Forest-Falcon/XC62632.mp3
train,Micrastur semitorquatus_Collared Forest-Falcon,../../Datasets/BirdClef/features/Micrastur semitorquatus_Collared Forest-Falcon/XC225720.npy,../../Datasets/BirdClef/audio/Micrastur semitorquatus_Collared Forest-Falcon/XC225720.mp3
train,Micrastur semitorquatus_Collared Forest-Falcon,../../Datasets/BirdClef/features/Micrastur semitorquatus_Collared Forest-Falcon/XC474545.npy,../../Datasets/BirdClef/audio/Micrastur semitorquatus_Collared Forest-Falcon/XC474545.mp3
train,Micrastur semitorquatus_Collared Forest-Falcon,../../Datasets/BirdClef/features/Micrastur semitorquatus_Collared Forest-Falcon/XC225722.npy,../../Datasets/BirdClef/audio/Micrastur semitorquatus_Collared Forest-Falcon/XC225722.mp3
train,Micrastur semitorquatus_Collared Forest-Falcon,../../Datasets/BirdClef/features/Micrastur semitorquatus_Collared Forest-Falcon/XC191914.npy,../../Datasets/BirdClef/audio/Micrastur semitorquatus_Collared Forest-Falcon/XC191914.mp3
train,Micrastur semitorquatus_Collared Forest-Falcon,../../Datasets/BirdClef/features/Micrastur semitorquatus_Collared Forest-Falcon/XC67368.npy,../../Datasets/BirdClef/audio/Micrastur semitorquatus_Collared Forest-Falcon/XC67368.mp3
train,Microcerculus marginatus_Scaly-breasted Wren,../../Datasets/BirdClef/features/Microcerculus marginatus_Scaly-breasted Wren/XC185999.npy,../../Datasets/BirdClef/audio/Microcerculus marginatus_Scaly-breasted Wren/XC185999.mp3
train,Microcerculus marginatus_Scaly-breasted Wren,../../Datasets/BirdClef/features/Microcerculus marginatus_Scaly-breasted Wren/XC253667.npy,../../Datasets/BirdClef/audio/Microcerculus marginatus_Scaly-breasted Wren/XC253667.mp3
train,Microcerculus marginatus_Scaly-breasted Wren,../../Datasets/BirdClef/features/Microcerculus marginatus_Scaly-breasted Wren/XC102088.npy,../../Datasets/BirdClef/audio/Microcerculus marginatus_Scaly-breasted Wren/XC102088.mp3
train,Microcerculus marginatus_Scaly-breasted Wren,../../Datasets/BirdClef/features/Microcerculus marginatus_Scaly-breasted Wren/XC20653.npy,../../Datasets/BirdClef/audio/Microcerculus marginatus_Scaly-breasted Wren/XC20653.mp3
train,Microcerculus marginatus_Scaly-breasted Wren,../../Datasets/BirdClef/features/Microcerculus marginatus_Scaly-breasted Wren/XC131588.npy,../../Datasets/BirdClef/audio/Microcerculus marginatus_Scaly-breasted Wren/XC131588.mp3
train,Microrhopias quixensis_Dot-winged Antwren,../../Datasets/BirdClef/features/Microrhopias quixensis_Dot-winged Antwren/XC166634.npy,../../Datasets/BirdClef/audio/Microrhopias quixensis_Dot-winged Antwren/XC166634.mp3
train,Microrhopias quixensis_Dot-winged Antwren,../../Datasets/BirdClef/features/Microrhopias quixensis_Dot-winged Antwren/XC273475.npy,../../Datasets/BirdClef/audio/Microrhopias quixensis_Dot-winged Antwren/XC273475.mp3
train,Microrhopias quixensis_Dot-winged Antwren,../../Datasets/BirdClef/features/Microrhopias quixensis_Dot-winged Antwren/XC272258.npy,../../Datasets/BirdClef/audio/Microrhopias quixensis_Dot-winged Antwren/XC272258.mp3
train,Microrhopias quixensis_Dot-winged Antwren,../../Datasets/BirdClef/features/Microrhopias quixensis_Dot-winged Antwren/XC251129.npy,../../Datasets/BirdClef/audio/Microrhopias quixensis_Dot-winged Antwren/XC251129.mp3
train,Microrhopias quixensis_Dot-winged Antwren,../../Datasets/BirdClef/features/Microrhopias quixensis_Dot-winged Antwren/XC272256.npy,../../Datasets/BirdClef/audio/Microrhopias quixensis_Dot-winged Antwren/XC272256.mp3
train,Milvago chimachima_Yellow-headed Caracara,../../Datasets/BirdClef/features/Milvago chimachima_Yellow-headed Caracara/XC234711.npy,../../Datasets/BirdClef/audio/Milvago chimachima_Yellow-headed Caracara/XC234711.mp3
train,Milvago chimachima_Yellow-headed Caracara,../../Datasets/BirdClef/features/Milvago chimachima_Yellow-headed Caracara/XC347917.npy,../../Datasets/BirdClef/audio/Milvago chimachima_Yellow-headed Caracara/XC347917.mp3
train,Milvago chimachima_Yellow-headed Caracara,../../Datasets/BirdClef/features/Milvago chimachima_Yellow-headed Caracara/XC148395.npy,../../Datasets/BirdClef/audio/Milvago chimachima_Yellow-headed Caracara/XC148395.mp3
train,Milvago chimachima_Yellow-headed Caracara,../../Datasets/BirdClef/features/Milvago chimachima_Yellow-headed Caracara/XC244970.npy,../../Datasets/BirdClef/audio/Milvago chimachima_Yellow-headed Caracara/XC244970.mp3
train,Milvago chimachima_Yellow-headed Caracara,../../Datasets/BirdClef/features/Milvago chimachima_Yellow-headed Caracara/XC148400.npy,../../Datasets/BirdClef/audio/Milvago chimachima_Yellow-headed Caracara/XC148400.mp3
train,Milvus migrans_Black Kite,../../Datasets/BirdClef/features/Milvus migrans_Black Kite/XC372290.npy,../../Datasets/BirdClef/audio/Milvus migrans_Black Kite/XC372290.mp3
train,Milvus migrans_Black Kite,../../Datasets/BirdClef/features/Milvus migrans_Black Kite/XC330330.npy,../../Datasets/BirdClef/audio/Milvus migrans_Black Kite/XC330330.mp3
train,Milvus migrans_Black Kite,../../Datasets/BirdClef/features/Milvus migrans_Black Kite/XC39645.npy,../../Datasets/BirdClef/audio/Milvus migrans_Black Kite/XC39645.mp3
train,Milvus migrans_Black Kite,../../Datasets/BirdClef/features/Milvus migrans_Black Kite/XC163904.npy,../../Datasets/BirdClef/audio/Milvus migrans_Black Kite/XC163904.mp3
train,Milvus migrans_Black Kite,../../Datasets/BirdClef/features/Milvus migrans_Black Kite/XC268754.npy,../../Datasets/BirdClef/audio/Milvus migrans_Black Kite/XC268754.mp3
train,Milvus milvus_Red Kite,../../Datasets/BirdClef/features/Milvus milvus_Red Kite/XC331269.npy,../../Datasets/BirdClef/audio/Milvus milvus_Red Kite/XC331269.mp3
train,Milvus milvus_Red Kite,../../Datasets/BirdClef/features/Milvus milvus_Red Kite/XC454520.npy,../../Datasets/BirdClef/audio/Milvus milvus_Red Kite/XC454520.mp3
train,Milvus milvus_Red Kite,../../Datasets/BirdClef/features/Milvus milvus_Red Kite/XC497297.npy,../../Datasets/BirdClef/audio/Milvus milvus_Red Kite/XC497297.mp3
train,Milvus milvus_Red Kite,../../Datasets/BirdClef/features/Milvus milvus_Red Kite/XC70922.npy,../../Datasets/BirdClef/audio/Milvus milvus_Red Kite/XC70922.mp3
train,Milvus milvus_Red Kite,../../Datasets/BirdClef/features/Milvus milvus_Red Kite/XC363813.npy,../../Datasets/BirdClef/audio/Milvus milvus_Red Kite/XC363813.mp3
train,Mimus polyglottos_Northern Mockingbird,../../Datasets/BirdClef/features/Mimus polyglottos_Northern Mockingbird/XC289174.npy,../../Datasets/BirdClef/audio/Mimus polyglottos_Northern Mockingbird/XC289174.mp3
train,Mimus polyglottos_Northern Mockingbird,../../Datasets/BirdClef/features/Mimus polyglottos_Northern Mockingbird/XC435872.npy,../../Datasets/BirdClef/audio/Mimus polyglottos_Northern Mockingbird/XC435872.mp3
train,Mimus polyglottos_Northern Mockingbird,../../Datasets/BirdClef/features/Mimus polyglottos_Northern Mockingbird/XC448812.npy,../../Datasets/BirdClef/audio/Mimus polyglottos_Northern Mockingbird/XC448812.mp3
train,Mimus polyglottos_Northern Mockingbird,../../Datasets/BirdClef/features/Mimus polyglottos_Northern Mockingbird/XC232710.npy,../../Datasets/BirdClef/audio/Mimus polyglottos_Northern Mockingbird/XC232710.mp3
train,Mimus polyglottos_Northern Mockingbird,../../Datasets/BirdClef/features/Mimus polyglottos_Northern Mockingbird/XC1237.npy,../../Datasets/BirdClef/audio/Mimus polyglottos_Northern Mockingbird/XC1237.mp3
train,Mionectes oleagineus_Ochre-bellied Flycatcher,../../Datasets/BirdClef/features/Mionectes oleagineus_Ochre-bellied Flycatcher/XC258744.npy,../../Datasets/BirdClef/audio/Mionectes oleagineus_Ochre-bellied Flycatcher/XC258744.mp3
train,Mionectes oleagineus_Ochre-bellied Flycatcher,../../Datasets/BirdClef/features/Mionectes oleagineus_Ochre-bellied Flycatcher/XC474669.npy,../../Datasets/BirdClef/audio/Mionectes oleagineus_Ochre-bellied Flycatcher/XC474669.mp3
train,Mionectes oleagineus_Ochre-bellied Flycatcher,../../Datasets/BirdClef/features/Mionectes oleagineus_Ochre-bellied Flycatcher/XC46079.npy,../../Datasets/BirdClef/audio/Mionectes oleagineus_Ochre-bellied Flycatcher/XC46079.mp3
train,Mionectes oleagineus_Ochre-bellied Flycatcher,../../Datasets/BirdClef/features/Mionectes oleagineus_Ochre-bellied Flycatcher/XC262172.npy,../../Datasets/BirdClef/audio/Mionectes oleagineus_Ochre-bellied Flycatcher/XC262172.mp3
train,Mionectes oleagineus_Ochre-bellied Flycatcher,../../Datasets/BirdClef/features/Mionectes oleagineus_Ochre-bellied Flycatcher/XC63647.npy,../../Datasets/BirdClef/audio/Mionectes oleagineus_Ochre-bellied Flycatcher/XC63647.mp3
train,Molothrus ater_Brown-headed Cowbird,../../Datasets/BirdClef/features/Molothrus ater_Brown-headed Cowbird/XC160328.npy,../../Datasets/BirdClef/audio/Molothrus ater_Brown-headed Cowbird/XC160328.mp3
train,Molothrus ater_Brown-headed Cowbird,../../Datasets/BirdClef/features/Molothrus ater_Brown-headed Cowbird/XC184645.npy,../../Datasets/BirdClef/audio/Molothrus ater_Brown-headed Cowbird/XC184645.mp3
train,Molothrus ater_Brown-headed Cowbird,../../Datasets/BirdClef/features/Molothrus ater_Brown-headed Cowbird/XC325371.npy,../../Datasets/BirdClef/audio/Molothrus ater_Brown-headed Cowbird/XC325371.mp3
train,Molothrus ater_Brown-headed Cowbird,../../Datasets/BirdClef/features/Molothrus ater_Brown-headed Cowbird/XC440560.npy,../../Datasets/BirdClef/audio/Molothrus ater_Brown-headed Cowbird/XC440560.mp3
train,Molothrus ater_Brown-headed Cowbird,../../Datasets/BirdClef/features/Molothrus ater_Brown-headed Cowbird/XC481816.npy,../../Datasets/BirdClef/audio/Molothrus ater_Brown-headed Cowbird/XC481816.mp3
train,Molothrus bonariensis_Shiny Cowbird,../../Datasets/BirdClef/features/Molothrus bonariensis_Shiny Cowbird/XC260009.npy,../../Datasets/BirdClef/audio/Molothrus bonariensis_Shiny Cowbird/XC260009.mp3
train,Molothrus bonariensis_Shiny Cowbird,../../Datasets/BirdClef/features/Molothrus bonariensis_Shiny Cowbird/XC15145.npy,../../Datasets/BirdClef/audio/Molothrus bonariensis_Shiny Cowbird/XC15145.mp3
train,Molothrus bonariensis_Shiny Cowbird,../../Datasets/BirdClef/features/Molothrus bonariensis_Shiny Cowbird/XC423514.npy,../../Datasets/BirdClef/audio/Molothrus bonariensis_Shiny Cowbird/XC423514.mp3
train,Molothrus bonariensis_Shiny Cowbird,../../Datasets/BirdClef/features/Molothrus bonariensis_Shiny Cowbird/XC48017.npy,../../Datasets/BirdClef/audio/Molothrus bonariensis_Shiny Cowbird/XC48017.mp3
train,Molothrus bonariensis_Shiny Cowbird,../../Datasets/BirdClef/features/Molothrus bonariensis_Shiny Cowbird/XC242830.npy,../../Datasets/BirdClef/audio/Molothrus bonariensis_Shiny Cowbird/XC242830.mp3
train,Molothrus oryzivorus_Giant Cowbird,../../Datasets/BirdClef/features/Molothrus oryzivorus_Giant Cowbird/XC116244.npy,../../Datasets/BirdClef/audio/Molothrus oryzivorus_Giant Cowbird/XC116244.mp3
train,Molothrus oryzivorus_Giant Cowbird,../../Datasets/BirdClef/features/Molothrus oryzivorus_Giant Cowbird/XC242835.npy,../../Datasets/BirdClef/audio/Molothrus oryzivorus_Giant Cowbird/XC242835.mp3
train,Molothrus oryzivorus_Giant Cowbird,../../Datasets/BirdClef/features/Molothrus oryzivorus_Giant Cowbird/XC296491.npy,../../Datasets/BirdClef/audio/Molothrus oryzivorus_Giant Cowbird/XC296491.mp3
train,Molothrus oryzivorus_Giant Cowbird,../../Datasets/BirdClef/features/Molothrus oryzivorus_Giant Cowbird/XC108112.npy,../../Datasets/BirdClef/audio/Molothrus oryzivorus_Giant Cowbird/XC108112.mp3
train,Molothrus oryzivorus_Giant Cowbird,../../Datasets/BirdClef/features/Molothrus oryzivorus_Giant Cowbird/XC386545.npy,../../Datasets/BirdClef/audio/Molothrus oryzivorus_Giant Cowbird/XC386545.mp3
train,Momotus momota_Amazonian Motmot,../../Datasets/BirdClef/features/Momotus momota_Amazonian Motmot/XC122489.npy,../../Datasets/BirdClef/audio/Momotus momota_Amazonian Motmot/XC122489.mp3
train,Momotus momota_Amazonian Motmot,../../Datasets/BirdClef/features/Momotus momota_Amazonian Motmot/XC225812.npy,../../Datasets/BirdClef/audio/Momotus momota_Amazonian Motmot/XC225812.mp3
train,Momotus momota_Amazonian Motmot,../../Datasets/BirdClef/features/Momotus momota_Amazonian Motmot/XC257930.npy,../../Datasets/BirdClef/audio/Momotus momota_Amazonian Motmot/XC257930.mp3
train,Momotus momota_Amazonian Motmot,../../Datasets/BirdClef/features/Momotus momota_Amazonian Motmot/XC23264.npy,../../Datasets/BirdClef/audio/Momotus momota_Amazonian Motmot/XC23264.mp3
train,Momotus momota_Amazonian Motmot,../../Datasets/BirdClef/features/Momotus momota_Amazonian Motmot/XC257928.npy,../../Datasets/BirdClef/audio/Momotus momota_Amazonian Motmot/XC257928.mp3
train,Monasa morphoeus_White-fronted Nunbird,../../Datasets/BirdClef/features/Monasa morphoeus_White-fronted Nunbird/XC257977.npy,../../Datasets/BirdClef/audio/Monasa morphoeus_White-fronted Nunbird/XC257977.mp3
train,Monasa morphoeus_White-fronted Nunbird,../../Datasets/BirdClef/features/Monasa morphoeus_White-fronted Nunbird/XC144289.npy,../../Datasets/BirdClef/audio/Monasa morphoeus_White-fronted Nunbird/XC144289.mp3
train,Monasa morphoeus_White-fronted Nunbird,../../Datasets/BirdClef/features/Monasa morphoeus_White-fronted Nunbird/XC60802.npy,../../Datasets/BirdClef/audio/Monasa morphoeus_White-fronted Nunbird/XC60802.mp3
train,Monasa morphoeus_White-fronted Nunbird,../../Datasets/BirdClef/features/Monasa morphoeus_White-fronted Nunbird/XC343833.npy,../../Datasets/BirdClef/audio/Monasa morphoeus_White-fronted Nunbird/XC343833.mp3
train,Monasa morphoeus_White-fronted Nunbird,../../Datasets/BirdClef/features/Monasa morphoeus_White-fronted Nunbird/XC338820.npy,../../Datasets/BirdClef/audio/Monasa morphoeus_White-fronted Nunbird/XC338820.mp3
train,Monasa nigrifrons_Black-fronted Nunbird,../../Datasets/BirdClef/features/Monasa nigrifrons_Black-fronted Nunbird/XC408911.npy,../../Datasets/BirdClef/audio/Monasa nigrifrons_Black-fronted Nunbird/XC408911.mp3
train,Monasa nigrifrons_Black-fronted Nunbird,../../Datasets/BirdClef/features/Monasa nigrifrons_Black-fronted Nunbird/XC500027.npy,../../Datasets/BirdClef/audio/Monasa nigrifrons_Black-fronted Nunbird/XC500027.mp3
train,Monasa nigrifrons_Black-fronted Nunbird,../../Datasets/BirdClef/features/Monasa nigrifrons_Black-fronted Nunbird/XC384139.npy,../../Datasets/BirdClef/audio/Monasa nigrifrons_Black-fronted Nunbird/XC384139.mp3
train,Monasa nigrifrons_Black-fronted Nunbird,../../Datasets/BirdClef/features/Monasa nigrifrons_Black-fronted Nunbird/XC77001.npy,../../Datasets/BirdClef/audio/Monasa nigrifrons_Black-fronted Nunbird/XC77001.mp3
train,Monasa nigrifrons_Black-fronted Nunbird,../../Datasets/BirdClef/features/Monasa nigrifrons_Black-fronted Nunbird/XC252082.npy,../../Datasets/BirdClef/audio/Monasa nigrifrons_Black-fronted Nunbird/XC252082.mp3
train,Motacilla alba_White Wagtail,../../Datasets/BirdClef/features/Motacilla alba_White Wagtail/XC272317.npy,../../Datasets/BirdClef/audio/Motacilla alba_White Wagtail/XC272317.mp3
train,Motacilla alba_White Wagtail,../../Datasets/BirdClef/features/Motacilla alba_White Wagtail/XC377975.npy,../../Datasets/BirdClef/audio/Motacilla alba_White Wagtail/XC377975.mp3
train,Motacilla alba_White Wagtail,../../Datasets/BirdClef/features/Motacilla alba_White Wagtail/XC113662.npy,../../Datasets/BirdClef/audio/Motacilla alba_White Wagtail/XC113662.mp3
train,Motacilla alba_White Wagtail,../../Datasets/BirdClef/features/Motacilla alba_White Wagtail/XC336762.npy,../../Datasets/BirdClef/audio/Motacilla alba_White Wagtail/XC336762.mp3
train,Motacilla alba_White Wagtail,../../Datasets/BirdClef/features/Motacilla alba_White Wagtail/XC218151.npy,../../Datasets/BirdClef/audio/Motacilla alba_White Wagtail/XC218151.mp3
train,Motacilla cinerea_Gray Wagtail,../../Datasets/BirdClef/features/Motacilla cinerea_Gray Wagtail/XC141165.npy,../../Datasets/BirdClef/audio/Motacilla cinerea_Gray Wagtail/XC141165.mp3
train,Motacilla cinerea_Gray Wagtail,../../Datasets/BirdClef/features/Motacilla cinerea_Gray Wagtail/XC483661.npy,../../Datasets/BirdClef/audio/Motacilla cinerea_Gray Wagtail/XC483661.mp3
train,Motacilla cinerea_Gray Wagtail,../../Datasets/BirdClef/features/Motacilla cinerea_Gray Wagtail/XC190268.npy,../../Datasets/BirdClef/audio/Motacilla cinerea_Gray Wagtail/XC190268.mp3
train,Motacilla cinerea_Gray Wagtail,../../Datasets/BirdClef/features/Motacilla cinerea_Gray Wagtail/XC432289.npy,../../Datasets/BirdClef/audio/Motacilla cinerea_Gray Wagtail/XC432289.mp3
train,Motacilla cinerea_Gray Wagtail,../../Datasets/BirdClef/features/Motacilla cinerea_Gray Wagtail/XC97437.npy,../../Datasets/BirdClef/audio/Motacilla cinerea_Gray Wagtail/XC97437.mp3
train,Motacilla flava_Western Yellow Wagtail,../../Datasets/BirdClef/features/Motacilla flava_Western Yellow Wagtail/XC370995.npy,../../Datasets/BirdClef/audio/Motacilla flava_Western Yellow Wagtail/XC370995.mp3
train,Motacilla flava_Western Yellow Wagtail,../../Datasets/BirdClef/features/Motacilla flava_Western Yellow Wagtail/XC276827.npy,../../Datasets/BirdClef/audio/Motacilla flava_Western Yellow Wagtail/XC276827.mp3
train,Motacilla flava_Western Yellow Wagtail,../../Datasets/BirdClef/features/Motacilla flava_Western Yellow Wagtail/XC34042.npy,../../Datasets/BirdClef/audio/Motacilla flava_Western Yellow Wagtail/XC34042.mp3
train,Motacilla flava_Western Yellow Wagtail,../../Datasets/BirdClef/features/Motacilla flava_Western Yellow Wagtail/XC362774.npy,../../Datasets/BirdClef/audio/Motacilla flava_Western Yellow Wagtail/XC362774.mp3
train,Motacilla flava_Western Yellow Wagtail,../../Datasets/BirdClef/features/Motacilla flava_Western Yellow Wagtail/XC379953.npy,../../Datasets/BirdClef/audio/Motacilla flava_Western Yellow Wagtail/XC379953.mp3
train,Muscicapa striata_Spotted Flycatcher,../../Datasets/BirdClef/features/Muscicapa striata_Spotted Flycatcher/XC194192.npy,../../Datasets/BirdClef/audio/Muscicapa striata_Spotted Flycatcher/XC194192.mp3
train,Muscicapa striata_Spotted Flycatcher,../../Datasets/BirdClef/features/Muscicapa striata_Spotted Flycatcher/XC65456.npy,../../Datasets/BirdClef/audio/Muscicapa striata_Spotted Flycatcher/XC65456.mp3
train,Muscicapa striata_Spotted Flycatcher,../../Datasets/BirdClef/features/Muscicapa striata_Spotted Flycatcher/XC475310.npy,../../Datasets/BirdClef/audio/Muscicapa striata_Spotted Flycatcher/XC475310.mp3
train,Muscicapa striata_Spotted Flycatcher,../../Datasets/BirdClef/features/Muscicapa striata_Spotted Flycatcher/XC247818.npy,../../Datasets/BirdClef/audio/Muscicapa striata_Spotted Flycatcher/XC247818.mp3
train,Muscicapa striata_Spotted Flycatcher,../../Datasets/BirdClef/features/Muscicapa striata_Spotted Flycatcher/XC260149.npy,../../Datasets/BirdClef/audio/Muscicapa striata_Spotted Flycatcher/XC260149.mp3
train,Myiarchus cinerascens_Ash-throated Flycatcher,../../Datasets/BirdClef/features/Myiarchus cinerascens_Ash-throated Flycatcher/XC122811.npy,../../Datasets/BirdClef/audio/Myiarchus cinerascens_Ash-throated Flycatcher/XC122811.mp3
train,Myiarchus cinerascens_Ash-throated Flycatcher,../../Datasets/BirdClef/features/Myiarchus cinerascens_Ash-throated Flycatcher/XC268659.npy,../../Datasets/BirdClef/audio/Myiarchus cinerascens_Ash-throated Flycatcher/XC268659.mp3
train,Myiarchus cinerascens_Ash-throated Flycatcher,../../Datasets/BirdClef/features/Myiarchus cinerascens_Ash-throated Flycatcher/XC122922.npy,../../Datasets/BirdClef/audio/Myiarchus cinerascens_Ash-throated Flycatcher/XC122922.mp3
train,Myiarchus cinerascens_Ash-throated Flycatcher,../../Datasets/BirdClef/features/Myiarchus cinerascens_Ash-throated Flycatcher/XC376284.npy,../../Datasets/BirdClef/audio/Myiarchus cinerascens_Ash-throated Flycatcher/XC376284.mp3
train,Myiarchus cinerascens_Ash-throated Flycatcher,../../Datasets/BirdClef/features/Myiarchus cinerascens_Ash-throated Flycatcher/XC122814.npy,../../Datasets/BirdClef/audio/Myiarchus cinerascens_Ash-throated Flycatcher/XC122814.mp3
train,Myiarchus crinitus_Great Crested Flycatcher,../../Datasets/BirdClef/features/Myiarchus crinitus_Great Crested Flycatcher/XC182575.npy,../../Datasets/BirdClef/audio/Myiarchus crinitus_Great Crested Flycatcher/XC182575.mp3
train,Myiarchus crinitus_Great Crested Flycatcher,../../Datasets/BirdClef/features/Myiarchus crinitus_Great Crested Flycatcher/XC101913.npy,../../Datasets/BirdClef/audio/Myiarchus crinitus_Great Crested Flycatcher/XC101913.mp3
train,Myiarchus crinitus_Great Crested Flycatcher,../../Datasets/BirdClef/features/Myiarchus crinitus_Great Crested Flycatcher/XC317191.npy,../../Datasets/BirdClef/audio/Myiarchus crinitus_Great Crested Flycatcher/XC317191.mp3
train,Myiarchus crinitus_Great Crested Flycatcher,../../Datasets/BirdClef/features/Myiarchus crinitus_Great Crested Flycatcher/XC139964.npy,../../Datasets/BirdClef/audio/Myiarchus crinitus_Great Crested Flycatcher/XC139964.mp3
train,Myiarchus crinitus_Great Crested Flycatcher,../../Datasets/BirdClef/features/Myiarchus crinitus_Great Crested Flycatcher/XC210549.npy,../../Datasets/BirdClef/audio/Myiarchus crinitus_Great Crested Flycatcher/XC210549.mp3
train,Myiarchus ferox_Short-crested Flycatcher,../../Datasets/BirdClef/features/Myiarchus ferox_Short-crested Flycatcher/XC225909.npy,../../Datasets/BirdClef/audio/Myiarchus ferox_Short-crested Flycatcher/XC225909.mp3
train,Myiarchus ferox_Short-crested Flycatcher,../../Datasets/BirdClef/features/Myiarchus ferox_Short-crested Flycatcher/XC419472.npy,../../Datasets/BirdClef/audio/Myiarchus ferox_Short-crested Flycatcher/XC419472.mp3
train,Myiarchus ferox_Short-crested Flycatcher,../../Datasets/BirdClef/features/Myiarchus ferox_Short-crested Flycatcher/XC504147.npy,../../Datasets/BirdClef/audio/Myiarchus ferox_Short-crested Flycatcher/XC504147.mp3
train,Myiarchus ferox_Short-crested Flycatcher,../../Datasets/BirdClef/features/Myiarchus ferox_Short-crested Flycatcher/XC129012.npy,../../Datasets/BirdClef/audio/Myiarchus ferox_Short-crested Flycatcher/XC129012.mp3
train,Myiarchus ferox_Short-crested Flycatcher,../../Datasets/BirdClef/features/Myiarchus ferox_Short-crested Flycatcher/XC14780.npy,../../Datasets/BirdClef/audio/Myiarchus ferox_Short-crested Flycatcher/XC14780.mp3
train,Myiarchus swainsoni_Swainson's Flycatcher,../../Datasets/BirdClef/features/Myiarchus swainsoni_Swainson's Flycatcher/XC81408.npy,../../Datasets/BirdClef/audio/Myiarchus swainsoni_Swainson's Flycatcher/XC81408.mp3
train,Myiarchus swainsoni_Swainson's Flycatcher,../../Datasets/BirdClef/features/Myiarchus swainsoni_Swainson's Flycatcher/XC260957.npy,../../Datasets/BirdClef/audio/Myiarchus swainsoni_Swainson's Flycatcher/XC260957.mp3
train,Myiarchus swainsoni_Swainson's Flycatcher,../../Datasets/BirdClef/features/Myiarchus swainsoni_Swainson's Flycatcher/XC44779.npy,../../Datasets/BirdClef/audio/Myiarchus swainsoni_Swainson's Flycatcher/XC44779.mp3
train,Myiarchus swainsoni_Swainson's Flycatcher,../../Datasets/BirdClef/features/Myiarchus swainsoni_Swainson's Flycatcher/XC149932.npy,../../Datasets/BirdClef/audio/Myiarchus swainsoni_Swainson's Flycatcher/XC149932.mp3
train,Myiarchus swainsoni_Swainson's Flycatcher,../../Datasets/BirdClef/features/Myiarchus swainsoni_Swainson's Flycatcher/XC60444.npy,../../Datasets/BirdClef/audio/Myiarchus swainsoni_Swainson's Flycatcher/XC60444.mp3
train,Myiarchus tuberculifer_Dusky-capped Flycatcher,../../Datasets/BirdClef/features/Myiarchus tuberculifer_Dusky-capped Flycatcher/XC123769.npy,../../Datasets/BirdClef/audio/Myiarchus tuberculifer_Dusky-capped Flycatcher/XC123769.mp3
train,Myiarchus tuberculifer_Dusky-capped Flycatcher,../../Datasets/BirdClef/features/Myiarchus tuberculifer_Dusky-capped Flycatcher/XC123768.npy,../../Datasets/BirdClef/audio/Myiarchus tuberculifer_Dusky-capped Flycatcher/XC123768.mp3
train,Myiarchus tuberculifer_Dusky-capped Flycatcher,../../Datasets/BirdClef/features/Myiarchus tuberculifer_Dusky-capped Flycatcher/XC47681.npy,../../Datasets/BirdClef/audio/Myiarchus tuberculifer_Dusky-capped Flycatcher/XC47681.mp3
train,Myiarchus tuberculifer_Dusky-capped Flycatcher,../../Datasets/BirdClef/features/Myiarchus tuberculifer_Dusky-capped Flycatcher/XC258956.npy,../../Datasets/BirdClef/audio/Myiarchus tuberculifer_Dusky-capped Flycatcher/XC258956.mp3
train,Myiarchus tuberculifer_Dusky-capped Flycatcher,../../Datasets/BirdClef/features/Myiarchus tuberculifer_Dusky-capped Flycatcher/XC388366.npy,../../Datasets/BirdClef/audio/Myiarchus tuberculifer_Dusky-capped Flycatcher/XC388366.mp3
train,Myiarchus tyrannulus_Brown-crested Flycatcher,../../Datasets/BirdClef/features/Myiarchus tyrannulus_Brown-crested Flycatcher/XC123433.npy,../../Datasets/BirdClef/audio/Myiarchus tyrannulus_Brown-crested Flycatcher/XC123433.mp3
train,Myiarchus tyrannulus_Brown-crested Flycatcher,../../Datasets/BirdClef/features/Myiarchus tyrannulus_Brown-crested Flycatcher/XC415390.npy,../../Datasets/BirdClef/audio/Myiarchus tyrannulus_Brown-crested Flycatcher/XC415390.mp3
train,Myiarchus tyrannulus_Brown-crested Flycatcher,../../Datasets/BirdClef/features/Myiarchus tyrannulus_Brown-crested Flycatcher/XC371806.npy,../../Datasets/BirdClef/audio/Myiarchus tyrannulus_Brown-crested Flycatcher/XC371806.mp3
train,Myiarchus tyrannulus_Brown-crested Flycatcher,../../Datasets/BirdClef/features/Myiarchus tyrannulus_Brown-crested Flycatcher/XC23218.npy,../../Datasets/BirdClef/audio/Myiarchus tyrannulus_Brown-crested Flycatcher/XC23218.mp3
train,Myiarchus tyrannulus_Brown-crested Flycatcher,../../Datasets/BirdClef/features/Myiarchus tyrannulus_Brown-crested Flycatcher/XC45698.npy,../../Datasets/BirdClef/audio/Myiarchus tyrannulus_Brown-crested Flycatcher/XC45698.mp3
train,Myiodynastes luteiventris_Sulphur-bellied Flycatcher,../../Datasets/BirdClef/features/Myiodynastes luteiventris_Sulphur-bellied Flycatcher/XC226069.npy,../../Datasets/BirdClef/audio/Myiodynastes luteiventris_Sulphur-bellied Flycatcher/XC226069.mp3
train,Myiodynastes luteiventris_Sulphur-bellied Flycatcher,../../Datasets/BirdClef/features/Myiodynastes luteiventris_Sulphur-bellied Flycatcher/XC423172.npy,../../Datasets/BirdClef/audio/Myiodynastes luteiventris_Sulphur-bellied Flycatcher/XC423172.mp3
train,Myiodynastes luteiventris_Sulphur-bellied Flycatcher,../../Datasets/BirdClef/features/Myiodynastes luteiventris_Sulphur-bellied Flycatcher/XC226064.npy,../../Datasets/BirdClef/audio/Myiodynastes luteiventris_Sulphur-bellied Flycatcher/XC226064.mp3
train,Myiodynastes luteiventris_Sulphur-bellied Flycatcher,../../Datasets/BirdClef/features/Myiodynastes luteiventris_Sulphur-bellied Flycatcher/XC283526.npy,../../Datasets/BirdClef/audio/Myiodynastes luteiventris_Sulphur-bellied Flycatcher/XC283526.mp3
train,Myiodynastes luteiventris_Sulphur-bellied Flycatcher,../../Datasets/BirdClef/features/Myiodynastes luteiventris_Sulphur-bellied Flycatcher/XC185669.npy,../../Datasets/BirdClef/audio/Myiodynastes luteiventris_Sulphur-bellied Flycatcher/XC185669.mp3
train,Myiodynastes maculatus_Streaked Flycatcher,../../Datasets/BirdClef/features/Myiodynastes maculatus_Streaked Flycatcher/XC144898.npy,../../Datasets/BirdClef/audio/Myiodynastes maculatus_Streaked Flycatcher/XC144898.mp3
train,Myiodynastes maculatus_Streaked Flycatcher,../../Datasets/BirdClef/features/Myiodynastes maculatus_Streaked Flycatcher/XC226074.npy,../../Datasets/BirdClef/audio/Myiodynastes maculatus_Streaked Flycatcher/XC226074.mp3
train,Myiodynastes maculatus_Streaked Flycatcher,../../Datasets/BirdClef/features/Myiodynastes maculatus_Streaked Flycatcher/XC144734.npy,../../Datasets/BirdClef/audio/Myiodynastes maculatus_Streaked Flycatcher/XC144734.mp3
train,Myiodynastes maculatus_Streaked Flycatcher,../../Datasets/BirdClef/features/Myiodynastes maculatus_Streaked Flycatcher/XC170822.npy,../../Datasets/BirdClef/audio/Myiodynastes maculatus_Streaked Flycatcher/XC170822.mp3
train,Myiodynastes maculatus_Streaked Flycatcher,../../Datasets/BirdClef/features/Myiodynastes maculatus_Streaked Flycatcher/XC1683.npy,../../Datasets/BirdClef/audio/Myiodynastes maculatus_Streaked Flycatcher/XC1683.mp3
train,Myiopagis caniceps_Gray Elaenia,../../Datasets/BirdClef/features/Myiopagis caniceps_Gray Elaenia/XC35389.npy,../../Datasets/BirdClef/audio/Myiopagis caniceps_Gray Elaenia/XC35389.mp3
train,Myiopagis caniceps_Gray Elaenia,../../Datasets/BirdClef/features/Myiopagis caniceps_Gray Elaenia/XC32323.npy,../../Datasets/BirdClef/audio/Myiopagis caniceps_Gray Elaenia/XC32323.mp3
train,Myiopagis caniceps_Gray Elaenia,../../Datasets/BirdClef/features/Myiopagis caniceps_Gray Elaenia/XC103553.npy,../../Datasets/BirdClef/audio/Myiopagis caniceps_Gray Elaenia/XC103553.mp3
train,Myiopagis caniceps_Gray Elaenia,../../Datasets/BirdClef/features/Myiopagis caniceps_Gray Elaenia/XC226091.npy,../../Datasets/BirdClef/audio/Myiopagis caniceps_Gray Elaenia/XC226091.mp3
train,Myiopagis caniceps_Gray Elaenia,../../Datasets/BirdClef/features/Myiopagis caniceps_Gray Elaenia/XC6766.npy,../../Datasets/BirdClef/audio/Myiopagis caniceps_Gray Elaenia/XC6766.mp3
train,Myiopagis gaimardii_Forest Elaenia,../../Datasets/BirdClef/features/Myiopagis gaimardii_Forest Elaenia/XC171015.npy,../../Datasets/BirdClef/audio/Myiopagis gaimardii_Forest Elaenia/XC171015.mp3
train,Myiopagis gaimardii_Forest Elaenia,../../Datasets/BirdClef/features/Myiopagis gaimardii_Forest Elaenia/XC304378.npy,../../Datasets/BirdClef/audio/Myiopagis gaimardii_Forest Elaenia/XC304378.mp3
train,Myiopagis gaimardii_Forest Elaenia,../../Datasets/BirdClef/features/Myiopagis gaimardii_Forest Elaenia/XC284812.npy,../../Datasets/BirdClef/audio/Myiopagis gaimardii_Forest Elaenia/XC284812.mp3
train,Myiopagis gaimardii_Forest Elaenia,../../Datasets/BirdClef/features/Myiopagis gaimardii_Forest Elaenia/XC408035.npy,../../Datasets/BirdClef/audio/Myiopagis gaimardii_Forest Elaenia/XC408035.mp3
train,Myiopagis gaimardii_Forest Elaenia,../../Datasets/BirdClef/features/Myiopagis gaimardii_Forest Elaenia/XC6138.npy,../../Datasets/BirdClef/audio/Myiopagis gaimardii_Forest Elaenia/XC6138.mp3
train,Myiopagis viridicata_Greenish Elaenia,../../Datasets/BirdClef/features/Myiopagis viridicata_Greenish Elaenia/XC304367.npy,../../Datasets/BirdClef/audio/Myiopagis viridicata_Greenish Elaenia/XC304367.mp3
train,Myiopagis viridicata_Greenish Elaenia,../../Datasets/BirdClef/features/Myiopagis viridicata_Greenish Elaenia/XC198412.npy,../../Datasets/BirdClef/audio/Myiopagis viridicata_Greenish Elaenia/XC198412.mp3
train,Myiopagis viridicata_Greenish Elaenia,../../Datasets/BirdClef/features/Myiopagis viridicata_Greenish Elaenia/XC26608.npy,../../Datasets/BirdClef/audio/Myiopagis viridicata_Greenish Elaenia/XC26608.mp3
train,Myiopagis viridicata_Greenish Elaenia,../../Datasets/BirdClef/features/Myiopagis viridicata_Greenish Elaenia/XC479035.npy,../../Datasets/BirdClef/audio/Myiopagis viridicata_Greenish Elaenia/XC479035.mp3
train,Myiopagis viridicata_Greenish Elaenia,../../Datasets/BirdClef/features/Myiopagis viridicata_Greenish Elaenia/XC116250.npy,../../Datasets/BirdClef/audio/Myiopagis viridicata_Greenish Elaenia/XC116250.mp3
train,Myiophobus fasciatus_Bran-colored Flycatcher,../../Datasets/BirdClef/features/Myiophobus fasciatus_Bran-colored Flycatcher/XC17737.npy,../../Datasets/BirdClef/audio/Myiophobus fasciatus_Bran-colored Flycatcher/XC17737.mp3
train,Myiophobus fasciatus_Bran-colored Flycatcher,../../Datasets/BirdClef/features/Myiophobus fasciatus_Bran-colored Flycatcher/XC226139.npy,../../Datasets/BirdClef/audio/Myiophobus fasciatus_Bran-colored Flycatcher/XC226139.mp3
train,Myiophobus fasciatus_Bran-colored Flycatcher,../../Datasets/BirdClef/features/Myiophobus fasciatus_Bran-colored Flycatcher/XC60426.npy,../../Datasets/BirdClef/audio/Myiophobus fasciatus_Bran-colored Flycatcher/XC60426.mp3
train,Myiophobus fasciatus_Bran-colored Flycatcher,../../Datasets/BirdClef/features/Myiophobus fasciatus_Bran-colored Flycatcher/XC235128.npy,../../Datasets/BirdClef/audio/Myiophobus fasciatus_Bran-colored Flycatcher/XC235128.mp3
train,Myiophobus fasciatus_Bran-colored Flycatcher,../../Datasets/BirdClef/features/Myiophobus fasciatus_Bran-colored Flycatcher/XC23457.npy,../../Datasets/BirdClef/audio/Myiophobus fasciatus_Bran-colored Flycatcher/XC23457.mp3
train,Myiornis ecaudatus_Short-tailed Pygmy-Tyrant,../../Datasets/BirdClef/features/Myiornis ecaudatus_Short-tailed Pygmy-Tyrant/XC343980.npy,../../Datasets/BirdClef/audio/Myiornis ecaudatus_Short-tailed Pygmy-Tyrant/XC343980.mp3
train,Myiornis ecaudatus_Short-tailed Pygmy-Tyrant,../../Datasets/BirdClef/features/Myiornis ecaudatus_Short-tailed Pygmy-Tyrant/XC226178.npy,../../Datasets/BirdClef/audio/Myiornis ecaudatus_Short-tailed Pygmy-Tyrant/XC226178.mp3
train,Myiornis ecaudatus_Short-tailed Pygmy-Tyrant,../../Datasets/BirdClef/features/Myiornis ecaudatus_Short-tailed Pygmy-Tyrant/XC441504.npy,../../Datasets/BirdClef/audio/Myiornis ecaudatus_Short-tailed Pygmy-Tyrant/XC441504.mp3
train,Myiornis ecaudatus_Short-tailed Pygmy-Tyrant,../../Datasets/BirdClef/features/Myiornis ecaudatus_Short-tailed Pygmy-Tyrant/XC445368.npy,../../Datasets/BirdClef/audio/Myiornis ecaudatus_Short-tailed Pygmy-Tyrant/XC445368.mp3
train,Myiornis ecaudatus_Short-tailed Pygmy-Tyrant,../../Datasets/BirdClef/features/Myiornis ecaudatus_Short-tailed Pygmy-Tyrant/XC7882.npy,../../Datasets/BirdClef/audio/Myiornis ecaudatus_Short-tailed Pygmy-Tyrant/XC7882.mp3
train,Myiothlypis fulvicauda_Buff-rumped Warbler,../../Datasets/BirdClef/features/Myiothlypis fulvicauda_Buff-rumped Warbler/XC424710.npy,../../Datasets/BirdClef/audio/Myiothlypis fulvicauda_Buff-rumped Warbler/XC424710.mp3
train,Myiothlypis fulvicauda_Buff-rumped Warbler,../../Datasets/BirdClef/features/Myiothlypis fulvicauda_Buff-rumped Warbler/XC343940.npy,../../Datasets/BirdClef/audio/Myiothlypis fulvicauda_Buff-rumped Warbler/XC343940.mp3
train,Myiothlypis fulvicauda_Buff-rumped Warbler,../../Datasets/BirdClef/features/Myiothlypis fulvicauda_Buff-rumped Warbler/XC92768.npy,../../Datasets/BirdClef/audio/Myiothlypis fulvicauda_Buff-rumped Warbler/XC92768.mp3
train,Myiothlypis fulvicauda_Buff-rumped Warbler,../../Datasets/BirdClef/features/Myiothlypis fulvicauda_Buff-rumped Warbler/XC455136.npy,../../Datasets/BirdClef/audio/Myiothlypis fulvicauda_Buff-rumped Warbler/XC455136.mp3
train,Myiothlypis fulvicauda_Buff-rumped Warbler,../../Datasets/BirdClef/features/Myiothlypis fulvicauda_Buff-rumped Warbler/XC276240.npy,../../Datasets/BirdClef/audio/Myiothlypis fulvicauda_Buff-rumped Warbler/XC276240.mp3
train,Myiozetetes cayanensis_Rusty-margined Flycatcher,../../Datasets/BirdClef/features/Myiozetetes cayanensis_Rusty-margined Flycatcher/XC272429.npy,../../Datasets/BirdClef/audio/Myiozetetes cayanensis_Rusty-margined Flycatcher/XC272429.mp3
train,Myiozetetes cayanensis_Rusty-margined Flycatcher,../../Datasets/BirdClef/features/Myiozetetes cayanensis_Rusty-margined Flycatcher/XC2820.npy,../../Datasets/BirdClef/audio/Myiozetetes cayanensis_Rusty-margined Flycatcher/XC2820.mp3
train,Myiozetetes cayanensis_Rusty-margined Flycatcher,../../Datasets/BirdClef/features/Myiozetetes cayanensis_Rusty-margined Flycatcher/XC432827.npy,../../Datasets/BirdClef/audio/Myiozetetes cayanensis_Rusty-margined Flycatcher/XC432827.mp3
train,Myiozetetes cayanensis_Rusty-margined Flycatcher,../../Datasets/BirdClef/features/Myiozetetes cayanensis_Rusty-margined Flycatcher/XC158448.npy,../../Datasets/BirdClef/audio/Myiozetetes cayanensis_Rusty-margined Flycatcher/XC158448.mp3
train,Myiozetetes cayanensis_Rusty-margined Flycatcher,../../Datasets/BirdClef/features/Myiozetetes cayanensis_Rusty-margined Flycatcher/XC248260.npy,../../Datasets/BirdClef/audio/Myiozetetes cayanensis_Rusty-margined Flycatcher/XC248260.mp3
train,Myiozetetes granadensis_Gray-capped Flycatcher,../../Datasets/BirdClef/features/Myiozetetes granadensis_Gray-capped Flycatcher/XC274541.npy,../../Datasets/BirdClef/audio/Myiozetetes granadensis_Gray-capped Flycatcher/XC274541.mp3
train,Myiozetetes granadensis_Gray-capped Flycatcher,../../Datasets/BirdClef/features/Myiozetetes granadensis_Gray-capped Flycatcher/XC357432.npy,../../Datasets/BirdClef/audio/Myiozetetes granadensis_Gray-capped Flycatcher/XC357432.mp3
train,Myiozetetes granadensis_Gray-capped Flycatcher,../../Datasets/BirdClef/features/Myiozetetes granadensis_Gray-capped Flycatcher/XC99610.npy,../../Datasets/BirdClef/audio/Myiozetetes granadensis_Gray-capped Flycatcher/XC99610.mp3
train,Myiozetetes granadensis_Gray-capped Flycatcher,../../Datasets/BirdClef/features/Myiozetetes granadensis_Gray-capped Flycatcher/XC248708.npy,../../Datasets/BirdClef/audio/Myiozetetes granadensis_Gray-capped Flycatcher/XC248708.mp3
train,Myiozetetes granadensis_Gray-capped Flycatcher,../../Datasets/BirdClef/features/Myiozetetes granadensis_Gray-capped Flycatcher/XC63683.npy,../../Datasets/BirdClef/audio/Myiozetetes granadensis_Gray-capped Flycatcher/XC63683.mp3
train,Myiozetetes luteiventris_Dusky-chested Flycatcher,../../Datasets/BirdClef/features/Myiozetetes luteiventris_Dusky-chested Flycatcher/XC310865.npy,../../Datasets/BirdClef/audio/Myiozetetes luteiventris_Dusky-chested Flycatcher/XC310865.mp3
train,Myiozetetes luteiventris_Dusky-chested Flycatcher,../../Datasets/BirdClef/features/Myiozetetes luteiventris_Dusky-chested Flycatcher/XC482151.npy,../../Datasets/BirdClef/audio/Myiozetetes luteiventris_Dusky-chested Flycatcher/XC482151.mp3
train,Myiozetetes luteiventris_Dusky-chested Flycatcher,../../Datasets/BirdClef/features/Myiozetetes luteiventris_Dusky-chested Flycatcher/XC226246.npy,../../Datasets/BirdClef/audio/Myiozetetes luteiventris_Dusky-chested Flycatcher/XC226246.mp3
train,Myiozetetes luteiventris_Dusky-chested Flycatcher,../../Datasets/BirdClef/features/Myiozetetes luteiventris_Dusky-chested Flycatcher/XC93711.npy,../../Datasets/BirdClef/audio/Myiozetetes luteiventris_Dusky-chested Flycatcher/XC93711.mp3
train,Myiozetetes luteiventris_Dusky-chested Flycatcher,../../Datasets/BirdClef/features/Myiozetetes luteiventris_Dusky-chested Flycatcher/XC249987.npy,../../Datasets/BirdClef/audio/Myiozetetes luteiventris_Dusky-chested Flycatcher/XC249987.mp3
train,Myiozetetes similis_Social Flycatcher,../../Datasets/BirdClef/features/Myiozetetes similis_Social Flycatcher/XC46718.npy,../../Datasets/BirdClef/audio/Myiozetetes similis_Social Flycatcher/XC46718.mp3
train,Myiozetetes similis_Social Flycatcher,../../Datasets/BirdClef/features/Myiozetetes similis_Social Flycatcher/XC211767.npy,../../Datasets/BirdClef/audio/Myiozetetes similis_Social Flycatcher/XC211767.mp3
train,Myiozetetes similis_Social Flycatcher,../../Datasets/BirdClef/features/Myiozetetes similis_Social Flycatcher/XC317541.npy,../../Datasets/BirdClef/audio/Myiozetetes similis_Social Flycatcher/XC317541.mp3
train,Myiozetetes similis_Social Flycatcher,../../Datasets/BirdClef/features/Myiozetetes similis_Social Flycatcher/XC258999.npy,../../Datasets/BirdClef/audio/Myiozetetes similis_Social Flycatcher/XC258999.mp3
train,Myiozetetes similis_Social Flycatcher,../../Datasets/BirdClef/features/Myiozetetes similis_Social Flycatcher/XC283384.npy,../../Datasets/BirdClef/audio/Myiozetetes similis_Social Flycatcher/XC283384.mp3
train,Myrmelastes hyperythrus_Plumbeous Antbird,../../Datasets/BirdClef/features/Myrmelastes hyperythrus_Plumbeous Antbird/XC472245.npy,../../Datasets/BirdClef/audio/Myrmelastes hyperythrus_Plumbeous Antbird/XC472245.mp3
train,Myrmelastes hyperythrus_Plumbeous Antbird,../../Datasets/BirdClef/features/Myrmelastes hyperythrus_Plumbeous Antbird/XC411536.npy,../../Datasets/BirdClef/audio/Myrmelastes hyperythrus_Plumbeous Antbird/XC411536.mp3
train,Myrmelastes hyperythrus_Plumbeous Antbird,../../Datasets/BirdClef/features/Myrmelastes hyperythrus_Plumbeous Antbird/XC483070.npy,../../Datasets/BirdClef/audio/Myrmelastes hyperythrus_Plumbeous Antbird/XC483070.mp3
train,Myrmelastes hyperythrus_Plumbeous Antbird,../../Datasets/BirdClef/features/Myrmelastes hyperythrus_Plumbeous Antbird/XC488274.npy,../../Datasets/BirdClef/audio/Myrmelastes hyperythrus_Plumbeous Antbird/XC488274.mp3
train,Myrmelastes hyperythrus_Plumbeous Antbird,../../Datasets/BirdClef/features/Myrmelastes hyperythrus_Plumbeous Antbird/XC75337.npy,../../Datasets/BirdClef/audio/Myrmelastes hyperythrus_Plumbeous Antbird/XC75337.mp3
train,Myrmoborus leucophrys_White-browed Antbird,../../Datasets/BirdClef/features/Myrmoborus leucophrys_White-browed Antbird/XC89240.npy,../../Datasets/BirdClef/audio/Myrmoborus leucophrys_White-browed Antbird/XC89240.mp3
train,Myrmoborus leucophrys_White-browed Antbird,../../Datasets/BirdClef/features/Myrmoborus leucophrys_White-browed Antbird/XC127828.npy,../../Datasets/BirdClef/audio/Myrmoborus leucophrys_White-browed Antbird/XC127828.mp3
train,Myrmoborus leucophrys_White-browed Antbird,../../Datasets/BirdClef/features/Myrmoborus leucophrys_White-browed Antbird/XC88371.npy,../../Datasets/BirdClef/audio/Myrmoborus leucophrys_White-browed Antbird/XC88371.mp3
train,Myrmoborus leucophrys_White-browed Antbird,../../Datasets/BirdClef/features/Myrmoborus leucophrys_White-browed Antbird/XC323882.npy,../../Datasets/BirdClef/audio/Myrmoborus leucophrys_White-browed Antbird/XC323882.mp3
train,Myrmoborus leucophrys_White-browed Antbird,../../Datasets/BirdClef/features/Myrmoborus leucophrys_White-browed Antbird/XC463651.npy,../../Datasets/BirdClef/audio/Myrmoborus leucophrys_White-browed Antbird/XC463651.mp3
train,Myrmoborus lophotes_White-lined Antbird,../../Datasets/BirdClef/features/Myrmoborus lophotes_White-lined Antbird/XC404753.npy,../../Datasets/BirdClef/audio/Myrmoborus lophotes_White-lined Antbird/XC404753.mp3
train,Myrmoborus lophotes_White-lined Antbird,../../Datasets/BirdClef/features/Myrmoborus lophotes_White-lined Antbird/XC475898.npy,../../Datasets/BirdClef/audio/Myrmoborus lophotes_White-lined Antbird/XC475898.mp3
train,Myrmoborus lophotes_White-lined Antbird,../../Datasets/BirdClef/features/Myrmoborus lophotes_White-lined Antbird/XC151886.npy,../../Datasets/BirdClef/audio/Myrmoborus lophotes_White-lined Antbird/XC151886.mp3
train,Myrmoborus lophotes_White-lined Antbird,../../Datasets/BirdClef/features/Myrmoborus lophotes_White-lined Antbird/XC63847.npy,../../Datasets/BirdClef/audio/Myrmoborus lophotes_White-lined Antbird/XC63847.mp3
train,Myrmoborus lophotes_White-lined Antbird,../../Datasets/BirdClef/features/Myrmoborus lophotes_White-lined Antbird/XC227459.npy,../../Datasets/BirdClef/audio/Myrmoborus lophotes_White-lined Antbird/XC227459.mp3
train,Myrmoborus myotherinus_Black-faced Antbird,../../Datasets/BirdClef/features/Myrmoborus myotherinus_Black-faced Antbird/XC400073.npy,../../Datasets/BirdClef/audio/Myrmoborus myotherinus_Black-faced Antbird/XC400073.mp3
train,Myrmoborus myotherinus_Black-faced Antbird,../../Datasets/BirdClef/features/Myrmoborus myotherinus_Black-faced Antbird/XC226411.npy,../../Datasets/BirdClef/audio/Myrmoborus myotherinus_Black-faced Antbird/XC226411.mp3
train,Myrmoborus myotherinus_Black-faced Antbird,../../Datasets/BirdClef/features/Myrmoborus myotherinus_Black-faced Antbird/XC258471.npy,../../Datasets/BirdClef/audio/Myrmoborus myotherinus_Black-faced Antbird/XC258471.mp3
train,Myrmoborus myotherinus_Black-faced Antbird,../../Datasets/BirdClef/features/Myrmoborus myotherinus_Black-faced Antbird/XC226408.npy,../../Datasets/BirdClef/audio/Myrmoborus myotherinus_Black-faced Antbird/XC226408.mp3
train,Myrmoborus myotherinus_Black-faced Antbird,../../Datasets/BirdClef/features/Myrmoborus myotherinus_Black-faced Antbird/XC258473.npy,../../Datasets/BirdClef/audio/Myrmoborus myotherinus_Black-faced Antbird/XC258473.mp3
train,Myrmophylax atrothorax_Black-throated Antbird,../../Datasets/BirdClef/features/Myrmophylax atrothorax_Black-throated Antbird/XC80226.npy,../../Datasets/BirdClef/audio/Myrmophylax atrothorax_Black-throated Antbird/XC80226.mp3
train,Myrmophylax atrothorax_Black-throated Antbird,../../Datasets/BirdClef/features/Myrmophylax atrothorax_Black-throated Antbird/XC63703.npy,../../Datasets/BirdClef/audio/Myrmophylax atrothorax_Black-throated Antbird/XC63703.mp3
train,Myrmophylax atrothorax_Black-throated Antbird,../../Datasets/BirdClef/features/Myrmophylax atrothorax_Black-throated Antbird/XC226281.npy,../../Datasets/BirdClef/audio/Myrmophylax atrothorax_Black-throated Antbird/XC226281.mp3
train,Myrmophylax atrothorax_Black-throated Antbird,../../Datasets/BirdClef/features/Myrmophylax atrothorax_Black-throated Antbird/XC237594.npy,../../Datasets/BirdClef/audio/Myrmophylax atrothorax_Black-throated Antbird/XC237594.mp3
train,Myrmophylax atrothorax_Black-throated Antbird,../../Datasets/BirdClef/features/Myrmophylax atrothorax_Black-throated Antbird/XC271926.npy,../../Datasets/BirdClef/audio/Myrmophylax atrothorax_Black-throated Antbird/XC271926.mp3
train,Myrmothera campanisona_Thrush-like Antpitta,../../Datasets/BirdClef/features/Myrmothera campanisona_Thrush-like Antpitta/XC265342.npy,../../Datasets/BirdClef/audio/Myrmothera campanisona_Thrush-like Antpitta/XC265342.mp3
train,Myrmothera campanisona_Thrush-like Antpitta,../../Datasets/BirdClef/features/Myrmothera campanisona_Thrush-like Antpitta/XC401546.npy,../../Datasets/BirdClef/audio/Myrmothera campanisona_Thrush-like Antpitta/XC401546.mp3
train,Myrmothera campanisona_Thrush-like Antpitta,../../Datasets/BirdClef/features/Myrmothera campanisona_Thrush-like Antpitta/XC214776.npy,../../Datasets/BirdClef/audio/Myrmothera campanisona_Thrush-like Antpitta/XC214776.mp3
train,Myrmothera campanisona_Thrush-like Antpitta,../../Datasets/BirdClef/features/Myrmothera campanisona_Thrush-like Antpitta/XC226440.npy,../../Datasets/BirdClef/audio/Myrmothera campanisona_Thrush-like Antpitta/XC226440.mp3
train,Myrmothera campanisona_Thrush-like Antpitta,../../Datasets/BirdClef/features/Myrmothera campanisona_Thrush-like Antpitta/XC203238.npy,../../Datasets/BirdClef/audio/Myrmothera campanisona_Thrush-like Antpitta/XC203238.mp3
train,Myrmotherula axillaris_White-flanked Antwren,../../Datasets/BirdClef/features/Myrmotherula axillaris_White-flanked Antwren/XC276261.npy,../../Datasets/BirdClef/audio/Myrmotherula axillaris_White-flanked Antwren/XC276261.mp3
train,Myrmotherula axillaris_White-flanked Antwren,../../Datasets/BirdClef/features/Myrmotherula axillaris_White-flanked Antwren/XC271896.npy,../../Datasets/BirdClef/audio/Myrmotherula axillaris_White-flanked Antwren/XC271896.mp3
train,Myrmotherula axillaris_White-flanked Antwren,../../Datasets/BirdClef/features/Myrmotherula axillaris_White-flanked Antwren/XC262051.npy,../../Datasets/BirdClef/audio/Myrmotherula axillaris_White-flanked Antwren/XC262051.mp3
train,Myrmotherula axillaris_White-flanked Antwren,../../Datasets/BirdClef/features/Myrmotherula axillaris_White-flanked Antwren/XC275382.npy,../../Datasets/BirdClef/audio/Myrmotherula axillaris_White-flanked Antwren/XC275382.mp3
train,Myrmotherula axillaris_White-flanked Antwren,../../Datasets/BirdClef/features/Myrmotherula axillaris_White-flanked Antwren/XC258416.npy,../../Datasets/BirdClef/audio/Myrmotherula axillaris_White-flanked Antwren/XC258416.mp3
train,Myrmotherula brachyura_Pygmy Antwren,../../Datasets/BirdClef/features/Myrmotherula brachyura_Pygmy Antwren/XC226494.npy,../../Datasets/BirdClef/audio/Myrmotherula brachyura_Pygmy Antwren/XC226494.mp3
train,Myrmotherula brachyura_Pygmy Antwren,../../Datasets/BirdClef/features/Myrmotherula brachyura_Pygmy Antwren/XC202720.npy,../../Datasets/BirdClef/audio/Myrmotherula brachyura_Pygmy Antwren/XC202720.mp3
train,Myrmotherula brachyura_Pygmy Antwren,../../Datasets/BirdClef/features/Myrmotherula brachyura_Pygmy Antwren/XC30313.npy,../../Datasets/BirdClef/audio/Myrmotherula brachyura_Pygmy Antwren/XC30313.mp3
train,Myrmotherula brachyura_Pygmy Antwren,../../Datasets/BirdClef/features/Myrmotherula brachyura_Pygmy Antwren/XC114138.npy,../../Datasets/BirdClef/audio/Myrmotherula brachyura_Pygmy Antwren/XC114138.mp3
train,Myrmotherula brachyura_Pygmy Antwren,../../Datasets/BirdClef/features/Myrmotherula brachyura_Pygmy Antwren/XC303292.npy,../../Datasets/BirdClef/audio/Myrmotherula brachyura_Pygmy Antwren/XC303292.mp3
train,Myrmotherula longipennis_Long-winged Antwren,../../Datasets/BirdClef/features/Myrmotherula longipennis_Long-winged Antwren/XC38706.npy,../../Datasets/BirdClef/audio/Myrmotherula longipennis_Long-winged Antwren/XC38706.mp3
train,Myrmotherula longipennis_Long-winged Antwren,../../Datasets/BirdClef/features/Myrmotherula longipennis_Long-winged Antwren/XC423539.npy,../../Datasets/BirdClef/audio/Myrmotherula longipennis_Long-winged Antwren/XC423539.mp3
train,Myrmotherula longipennis_Long-winged Antwren,../../Datasets/BirdClef/features/Myrmotherula longipennis_Long-winged Antwren/XC399674.npy,../../Datasets/BirdClef/audio/Myrmotherula longipennis_Long-winged Antwren/XC399674.mp3
train,Myrmotherula longipennis_Long-winged Antwren,../../Datasets/BirdClef/features/Myrmotherula longipennis_Long-winged Antwren/XC12131.npy,../../Datasets/BirdClef/audio/Myrmotherula longipennis_Long-winged Antwren/XC12131.mp3
train,Myrmotherula longipennis_Long-winged Antwren,../../Datasets/BirdClef/features/Myrmotherula longipennis_Long-winged Antwren/XC372835.npy,../../Datasets/BirdClef/audio/Myrmotherula longipennis_Long-winged Antwren/XC372835.mp3
train,Myrmotherula menetriesii_Gray Antwren,../../Datasets/BirdClef/features/Myrmotherula menetriesii_Gray Antwren/XC226566.npy,../../Datasets/BirdClef/audio/Myrmotherula menetriesii_Gray Antwren/XC226566.mp3
train,Myrmotherula menetriesii_Gray Antwren,../../Datasets/BirdClef/features/Myrmotherula menetriesii_Gray Antwren/XC271830.npy,../../Datasets/BirdClef/audio/Myrmotherula menetriesii_Gray Antwren/XC271830.mp3
train,Myrmotherula menetriesii_Gray Antwren,../../Datasets/BirdClef/features/Myrmotherula menetriesii_Gray Antwren/XC63782.npy,../../Datasets/BirdClef/audio/Myrmotherula menetriesii_Gray Antwren/XC63782.mp3
train,Myrmotherula menetriesii_Gray Antwren,../../Datasets/BirdClef/features/Myrmotherula menetriesii_Gray Antwren/XC272204.npy,../../Datasets/BirdClef/audio/Myrmotherula menetriesii_Gray Antwren/XC272204.mp3
train,Myrmotherula menetriesii_Gray Antwren,../../Datasets/BirdClef/features/Myrmotherula menetriesii_Gray Antwren/XC2883.npy,../../Datasets/BirdClef/audio/Myrmotherula menetriesii_Gray Antwren/XC2883.mp3
train,Myrmotherula multostriata_Amazonian Streaked-Antwren,../../Datasets/BirdClef/features/Myrmotherula multostriata_Amazonian Streaked-Antwren/XC251236.npy,../../Datasets/BirdClef/audio/Myrmotherula multostriata_Amazonian Streaked-Antwren/XC251236.mp3
train,Myrmotherula multostriata_Amazonian Streaked-Antwren,../../Datasets/BirdClef/features/Myrmotherula multostriata_Amazonian Streaked-Antwren/XC370556.npy,../../Datasets/BirdClef/audio/Myrmotherula multostriata_Amazonian Streaked-Antwren/XC370556.mp3
train,Myrmotherula multostriata_Amazonian Streaked-Antwren,../../Datasets/BirdClef/features/Myrmotherula multostriata_Amazonian Streaked-Antwren/XC70283.npy,../../Datasets/BirdClef/audio/Myrmotherula multostriata_Amazonian Streaked-Antwren/XC70283.mp3
train,Myrmotherula multostriata_Amazonian Streaked-Antwren,../../Datasets/BirdClef/features/Myrmotherula multostriata_Amazonian Streaked-Antwren/XC293778.npy,../../Datasets/BirdClef/audio/Myrmotherula multostriata_Amazonian Streaked-Antwren/XC293778.mp3
train,Myrmotherula multostriata_Amazonian Streaked-Antwren,../../Datasets/BirdClef/features/Myrmotherula multostriata_Amazonian Streaked-Antwren/XC18254.npy,../../Datasets/BirdClef/audio/Myrmotherula multostriata_Amazonian Streaked-Antwren/XC18254.mp3
train,Myrmotherula sclateri_Sclater's Antwren,../../Datasets/BirdClef/features/Myrmotherula sclateri_Sclater's Antwren/XC330515.npy,../../Datasets/BirdClef/audio/Myrmotherula sclateri_Sclater's Antwren/XC330515.mp3
train,Myrmotherula sclateri_Sclater's Antwren,../../Datasets/BirdClef/features/Myrmotherula sclateri_Sclater's Antwren/XC444539.npy,../../Datasets/BirdClef/audio/Myrmotherula sclateri_Sclater's Antwren/XC444539.mp3
train,Myrmotherula sclateri_Sclater's Antwren,../../Datasets/BirdClef/features/Myrmotherula sclateri_Sclater's Antwren/XC66634.npy,../../Datasets/BirdClef/audio/Myrmotherula sclateri_Sclater's Antwren/XC66634.mp3
train,Myrmotherula sclateri_Sclater's Antwren,../../Datasets/BirdClef/features/Myrmotherula sclateri_Sclater's Antwren/XC226597.npy,../../Datasets/BirdClef/audio/Myrmotherula sclateri_Sclater's Antwren/XC226597.mp3
train,Myrmotherula sclateri_Sclater's Antwren,../../Datasets/BirdClef/features/Myrmotherula sclateri_Sclater's Antwren/XC226602.npy,../../Datasets/BirdClef/audio/Myrmotherula sclateri_Sclater's Antwren/XC226602.mp3
train,Nasica longirostris_Long-billed Woodcreeper,../../Datasets/BirdClef/features/Nasica longirostris_Long-billed Woodcreeper/XC202114.npy,../../Datasets/BirdClef/audio/Nasica longirostris_Long-billed Woodcreeper/XC202114.mp3
train,Nasica longirostris_Long-billed Woodcreeper,../../Datasets/BirdClef/features/Nasica longirostris_Long-billed Woodcreeper/XC191767.npy,../../Datasets/BirdClef/audio/Nasica longirostris_Long-billed Woodcreeper/XC191767.mp3
train,Nasica longirostris_Long-billed Woodcreeper,../../Datasets/BirdClef/features/Nasica longirostris_Long-billed Woodcreeper/XC258276.npy,../../Datasets/BirdClef/audio/Nasica longirostris_Long-billed Woodcreeper/XC258276.mp3
train,Nasica longirostris_Long-billed Woodcreeper,../../Datasets/BirdClef/features/Nasica longirostris_Long-billed Woodcreeper/XC91127.npy,../../Datasets/BirdClef/audio/Nasica longirostris_Long-billed Woodcreeper/XC91127.mp3
train,Nasica longirostris_Long-billed Woodcreeper,../../Datasets/BirdClef/features/Nasica longirostris_Long-billed Woodcreeper/XC432804.npy,../../Datasets/BirdClef/audio/Nasica longirostris_Long-billed Woodcreeper/XC432804.mp3
train,Notharchus hyperrhynchus_White-necked Puffbird,../../Datasets/BirdClef/features/Notharchus hyperrhynchus_White-necked Puffbird/XC479071.npy,../../Datasets/BirdClef/audio/Notharchus hyperrhynchus_White-necked Puffbird/XC479071.mp3
train,Notharchus hyperrhynchus_White-necked Puffbird,../../Datasets/BirdClef/features/Notharchus hyperrhynchus_White-necked Puffbird/XC226692.npy,../../Datasets/BirdClef/audio/Notharchus hyperrhynchus_White-necked Puffbird/XC226692.mp3
train,Notharchus hyperrhynchus_White-necked Puffbird,../../Datasets/BirdClef/features/Notharchus hyperrhynchus_White-necked Puffbird/XC85510.npy,../../Datasets/BirdClef/audio/Notharchus hyperrhynchus_White-necked Puffbird/XC85510.mp3
train,Notharchus hyperrhynchus_White-necked Puffbird,../../Datasets/BirdClef/features/Notharchus hyperrhynchus_White-necked Puffbird/XC327333.npy,../../Datasets/BirdClef/audio/Notharchus hyperrhynchus_White-necked Puffbird/XC327333.mp3
train,Notharchus hyperrhynchus_White-necked Puffbird,../../Datasets/BirdClef/features/Notharchus hyperrhynchus_White-necked Puffbird/XC423709.npy,../../Datasets/BirdClef/audio/Notharchus hyperrhynchus_White-necked Puffbird/XC423709.mp3
train,Nucifraga columbiana_Clark's Nutcracker,../../Datasets/BirdClef/features/Nucifraga columbiana_Clark's Nutcracker/XC182588.npy,../../Datasets/BirdClef/audio/Nucifraga columbiana_Clark's Nutcracker/XC182588.mp3
train,Nucifraga columbiana_Clark's Nutcracker,../../Datasets/BirdClef/features/Nucifraga columbiana_Clark's Nutcracker/XC105324.npy,../../Datasets/BirdClef/audio/Nucifraga columbiana_Clark's Nutcracker/XC105324.mp3
train,Nucifraga columbiana_Clark's Nutcracker,../../Datasets/BirdClef/features/Nucifraga columbiana_Clark's Nutcracker/XC18405.npy,../../Datasets/BirdClef/audio/Nucifraga columbiana_Clark's Nutcracker/XC18405.mp3
train,Nucifraga columbiana_Clark's Nutcracker,../../Datasets/BirdClef/features/Nucifraga columbiana_Clark's Nutcracker/XC38008.npy,../../Datasets/BirdClef/audio/Nucifraga columbiana_Clark's Nutcracker/XC38008.mp3
train,Nucifraga columbiana_Clark's Nutcracker,../../Datasets/BirdClef/features/Nucifraga columbiana_Clark's Nutcracker/XC182585.npy,../../Datasets/BirdClef/audio/Nucifraga columbiana_Clark's Nutcracker/XC182585.mp3
train,Numenius americanus_Long-billed Curlew,../../Datasets/BirdClef/features/Numenius americanus_Long-billed Curlew/XC226732.npy,../../Datasets/BirdClef/audio/Numenius americanus_Long-billed Curlew/XC226732.mp3
train,Numenius americanus_Long-billed Curlew,../../Datasets/BirdClef/features/Numenius americanus_Long-billed Curlew/XC444207.npy,../../Datasets/BirdClef/audio/Numenius americanus_Long-billed Curlew/XC444207.mp3
train,Numenius americanus_Long-billed Curlew,../../Datasets/BirdClef/features/Numenius americanus_Long-billed Curlew/XC434354.npy,../../Datasets/BirdClef/audio/Numenius americanus_Long-billed Curlew/XC434354.mp3
train,Numenius americanus_Long-billed Curlew,../../Datasets/BirdClef/features/Numenius americanus_Long-billed Curlew/XC278345.npy,../../Datasets/BirdClef/audio/Numenius americanus_Long-billed Curlew/XC278345.mp3
train,Numenius americanus_Long-billed Curlew,../../Datasets/BirdClef/features/Numenius americanus_Long-billed Curlew/XC482260.npy,../../Datasets/BirdClef/audio/Numenius americanus_Long-billed Curlew/XC482260.mp3
train,Numenius arquata_Eurasian Curlew,../../Datasets/BirdClef/features/Numenius arquata_Eurasian Curlew/XC419918.npy,../../Datasets/BirdClef/audio/Numenius arquata_Eurasian Curlew/XC419918.mp3
train,Numenius arquata_Eurasian Curlew,../../Datasets/BirdClef/features/Numenius arquata_Eurasian Curlew/XC376128.npy,../../Datasets/BirdClef/audio/Numenius arquata_Eurasian Curlew/XC376128.mp3
train,Numenius arquata_Eurasian Curlew,../../Datasets/BirdClef/features/Numenius arquata_Eurasian Curlew/XC195999.npy,../../Datasets/BirdClef/audio/Numenius arquata_Eurasian Curlew/XC195999.mp3
train,Numenius arquata_Eurasian Curlew,../../Datasets/BirdClef/features/Numenius arquata_Eurasian Curlew/XC107484.npy,../../Datasets/BirdClef/audio/Numenius arquata_Eurasian Curlew/XC107484.mp3
train,Numenius arquata_Eurasian Curlew,../../Datasets/BirdClef/features/Numenius arquata_Eurasian Curlew/XC181761.npy,../../Datasets/BirdClef/audio/Numenius arquata_Eurasian Curlew/XC181761.mp3
train,Nyctibius grandis_Great Potoo,../../Datasets/BirdClef/features/Nyctibius grandis_Great Potoo/XC128801.npy,../../Datasets/BirdClef/audio/Nyctibius grandis_Great Potoo/XC128801.mp3
train,Nyctibius grandis_Great Potoo,../../Datasets/BirdClef/features/Nyctibius grandis_Great Potoo/XC144332.npy,../../Datasets/BirdClef/audio/Nyctibius grandis_Great Potoo/XC144332.mp3
train,Nyctibius grandis_Great Potoo,../../Datasets/BirdClef/features/Nyctibius grandis_Great Potoo/XC71905.npy,../../Datasets/BirdClef/audio/Nyctibius grandis_Great Potoo/XC71905.mp3
train,Nyctibius grandis_Great Potoo,../../Datasets/BirdClef/features/Nyctibius grandis_Great Potoo/XC251263.npy,../../Datasets/BirdClef/audio/Nyctibius grandis_Great Potoo/XC251263.mp3
train,Nyctibius grandis_Great Potoo,../../Datasets/BirdClef/features/Nyctibius grandis_Great Potoo/XC189719.npy,../../Datasets/BirdClef/audio/Nyctibius grandis_Great Potoo/XC189719.mp3
train,Nyctibius griseus_Common Potoo,../../Datasets/BirdClef/features/Nyctibius griseus_Common Potoo/XC238679.npy,../../Datasets/BirdClef/audio/Nyctibius griseus_Common Potoo/XC238679.mp3
train,Nyctibius griseus_Common Potoo,../../Datasets/BirdClef/features/Nyctibius griseus_Common Potoo/XC441315.npy,../../Datasets/BirdClef/audio/Nyctibius griseus_Common Potoo/XC441315.mp3
train,Nyctibius griseus_Common Potoo,../../Datasets/BirdClef/features/Nyctibius griseus_Common Potoo/XC173730.npy,../../Datasets/BirdClef/audio/Nyctibius griseus_Common Potoo/XC173730.mp3
train,Nyctibius griseus_Common Potoo,../../Datasets/BirdClef/features/Nyctibius griseus_Common Potoo/XC93195.npy,../../Datasets/BirdClef/audio/Nyctibius griseus_Common Potoo/XC93195.mp3
train,Nyctibius griseus_Common Potoo,../../Datasets/BirdClef/features/Nyctibius griseus_Common Potoo/XC6685.npy,../../Datasets/BirdClef/audio/Nyctibius griseus_Common Potoo/XC6685.mp3
train,Nycticorax nycticorax_Black-crowned Night-Heron,../../Datasets/BirdClef/features/Nycticorax nycticorax_Black-crowned Night-Heron/XC431140.npy,../../Datasets/BirdClef/audio/Nycticorax nycticorax_Black-crowned Night-Heron/XC431140.mp3
train,Nycticorax nycticorax_Black-crowned Night-Heron,../../Datasets/BirdClef/features/Nycticorax nycticorax_Black-crowned Night-Heron/XC106115.npy,../../Datasets/BirdClef/audio/Nycticorax nycticorax_Black-crowned Night-Heron/XC106115.mp3
train,Nycticorax nycticorax_Black-crowned Night-Heron,../../Datasets/BirdClef/features/Nycticorax nycticorax_Black-crowned Night-Heron/XC45688.npy,../../Datasets/BirdClef/audio/Nycticorax nycticorax_Black-crowned Night-Heron/XC45688.mp3
train,Nycticorax nycticorax_Black-crowned Night-Heron,../../Datasets/BirdClef/features/Nycticorax nycticorax_Black-crowned Night-Heron/XC430823.npy,../../Datasets/BirdClef/audio/Nycticorax nycticorax_Black-crowned Night-Heron/XC430823.mp3
train,Nycticorax nycticorax_Black-crowned Night-Heron,../../Datasets/BirdClef/features/Nycticorax nycticorax_Black-crowned Night-Heron/XC256938.npy,../../Datasets/BirdClef/audio/Nycticorax nycticorax_Black-crowned Night-Heron/XC256938.mp3
train,Nyctidromus albicollis_Common Pauraque,../../Datasets/BirdClef/features/Nyctidromus albicollis_Common Pauraque/XC130849.npy,../../Datasets/BirdClef/audio/Nyctidromus albicollis_Common Pauraque/XC130849.mp3
train,Nyctidromus albicollis_Common Pauraque,../../Datasets/BirdClef/features/Nyctidromus albicollis_Common Pauraque/XC148609.npy,../../Datasets/BirdClef/audio/Nyctidromus albicollis_Common Pauraque/XC148609.mp3
train,Nyctidromus albicollis_Common Pauraque,../../Datasets/BirdClef/features/Nyctidromus albicollis_Common Pauraque/XC124327.npy,../../Datasets/BirdClef/audio/Nyctidromus albicollis_Common Pauraque/XC124327.mp3
train,Nyctidromus albicollis_Common Pauraque,../../Datasets/BirdClef/features/Nyctidromus albicollis_Common Pauraque/XC310847.npy,../../Datasets/BirdClef/audio/Nyctidromus albicollis_Common Pauraque/XC310847.mp3
train,Nyctidromus albicollis_Common Pauraque,../../Datasets/BirdClef/features/Nyctidromus albicollis_Common Pauraque/XC244784.npy,../../Datasets/BirdClef/audio/Nyctidromus albicollis_Common Pauraque/XC244784.mp3
train,Nyctiphrynus ocellatus_Ocellated Poorwill,../../Datasets/BirdClef/features/Nyctiphrynus ocellatus_Ocellated Poorwill/XC390961.npy,../../Datasets/BirdClef/audio/Nyctiphrynus ocellatus_Ocellated Poorwill/XC390961.mp3
train,Nyctiphrynus ocellatus_Ocellated Poorwill,../../Datasets/BirdClef/features/Nyctiphrynus ocellatus_Ocellated Poorwill/XC366924.npy,../../Datasets/BirdClef/audio/Nyctiphrynus ocellatus_Ocellated Poorwill/XC366924.mp3
train,Nyctiphrynus ocellatus_Ocellated Poorwill,../../Datasets/BirdClef/features/Nyctiphrynus ocellatus_Ocellated Poorwill/XC118902.npy,../../Datasets/BirdClef/audio/Nyctiphrynus ocellatus_Ocellated Poorwill/XC118902.mp3
train,Nyctiphrynus ocellatus_Ocellated Poorwill,../../Datasets/BirdClef/features/Nyctiphrynus ocellatus_Ocellated Poorwill/XC226784.npy,../../Datasets/BirdClef/audio/Nyctiphrynus ocellatus_Ocellated Poorwill/XC226784.mp3
train,Nyctiphrynus ocellatus_Ocellated Poorwill,../../Datasets/BirdClef/features/Nyctiphrynus ocellatus_Ocellated Poorwill/XC285512.npy,../../Datasets/BirdClef/audio/Nyctiphrynus ocellatus_Ocellated Poorwill/XC285512.mp3
train,Oenanthe oenanthe_Northern Wheatear,../../Datasets/BirdClef/features/Oenanthe oenanthe_Northern Wheatear/XC346448.npy,../../Datasets/BirdClef/audio/Oenanthe oenanthe_Northern Wheatear/XC346448.mp3
train,Oenanthe oenanthe_Northern Wheatear,../../Datasets/BirdClef/features/Oenanthe oenanthe_Northern Wheatear/XC470795.npy,../../Datasets/BirdClef/audio/Oenanthe oenanthe_Northern Wheatear/XC470795.mp3
train,Oenanthe oenanthe_Northern Wheatear,../../Datasets/BirdClef/features/Oenanthe oenanthe_Northern Wheatear/XC136656.npy,../../Datasets/BirdClef/audio/Oenanthe oenanthe_Northern Wheatear/XC136656.mp3
train,Oenanthe oenanthe_Northern Wheatear,../../Datasets/BirdClef/features/Oenanthe oenanthe_Northern Wheatear/XC149834.npy,../../Datasets/BirdClef/audio/Oenanthe oenanthe_Northern Wheatear/XC149834.mp3
train,Oenanthe oenanthe_Northern Wheatear,../../Datasets/BirdClef/features/Oenanthe oenanthe_Northern Wheatear/XC401963.npy,../../Datasets/BirdClef/audio/Oenanthe oenanthe_Northern Wheatear/XC401963.mp3
train,Opisthocomus hoazin_Hoatzin,../../Datasets/BirdClef/features/Opisthocomus hoazin_Hoatzin/XC440927.npy,../../Datasets/BirdClef/audio/Opisthocomus hoazin_Hoatzin/XC440927.mp3
train,Opisthocomus hoazin_Hoatzin,../../Datasets/BirdClef/features/Opisthocomus hoazin_Hoatzin/XC230179.npy,../../Datasets/BirdClef/audio/Opisthocomus hoazin_Hoatzin/XC230179.mp3
train,Opisthocomus hoazin_Hoatzin,../../Datasets/BirdClef/features/Opisthocomus hoazin_Hoatzin/XC94458.npy,../../Datasets/BirdClef/audio/Opisthocomus hoazin_Hoatzin/XC94458.mp3
train,Opisthocomus hoazin_Hoatzin,../../Datasets/BirdClef/features/Opisthocomus hoazin_Hoatzin/XC329290.npy,../../Datasets/BirdClef/audio/Opisthocomus hoazin_Hoatzin/XC329290.mp3
train,Opisthocomus hoazin_Hoatzin,../../Datasets/BirdClef/features/Opisthocomus hoazin_Hoatzin/XC226900.npy,../../Datasets/BirdClef/audio/Opisthocomus hoazin_Hoatzin/XC226900.mp3
train,Oriolus oriolus_Eurasian Golden Oriole,../../Datasets/BirdClef/features/Oriolus oriolus_Eurasian Golden Oriole/XC134059.npy,../../Datasets/BirdClef/audio/Oriolus oriolus_Eurasian Golden Oriole/XC134059.mp3
train,Oriolus oriolus_Eurasian Golden Oriole,../../Datasets/BirdClef/features/Oriolus oriolus_Eurasian Golden Oriole/XC394298.npy,../../Datasets/BirdClef/audio/Oriolus oriolus_Eurasian Golden Oriole/XC394298.mp3
train,Oriolus oriolus_Eurasian Golden Oriole,../../Datasets/BirdClef/features/Oriolus oriolus_Eurasian Golden Oriole/XC478479.npy,../../Datasets/BirdClef/audio/Oriolus oriolus_Eurasian Golden Oriole/XC478479.mp3
train,Oriolus oriolus_Eurasian Golden Oriole,../../Datasets/BirdClef/features/Oriolus oriolus_Eurasian Golden Oriole/XC380498.npy,../../Datasets/BirdClef/audio/Oriolus oriolus_Eurasian Golden Oriole/XC380498.mp3
train,Oriolus oriolus_Eurasian Golden Oriole,../../Datasets/BirdClef/features/Oriolus oriolus_Eurasian Golden Oriole/XC328401.npy,../../Datasets/BirdClef/audio/Oriolus oriolus_Eurasian Golden Oriole/XC328401.mp3
train,Ornithion inerme_White-lored Tyrannulet,../../Datasets/BirdClef/features/Ornithion inerme_White-lored Tyrannulet/XC105610.npy,../../Datasets/BirdClef/audio/Ornithion inerme_White-lored Tyrannulet/XC105610.mp3
train,Ornithion inerme_White-lored Tyrannulet,../../Datasets/BirdClef/features/Ornithion inerme_White-lored Tyrannulet/XC63814.npy,../../Datasets/BirdClef/audio/Ornithion inerme_White-lored Tyrannulet/XC63814.mp3
train,Ornithion inerme_White-lored Tyrannulet,../../Datasets/BirdClef/features/Ornithion inerme_White-lored Tyrannulet/XC447698.npy,../../Datasets/BirdClef/audio/Ornithion inerme_White-lored Tyrannulet/XC447698.mp3
train,Ornithion inerme_White-lored Tyrannulet,../../Datasets/BirdClef/features/Ornithion inerme_White-lored Tyrannulet/XC260857.npy,../../Datasets/BirdClef/audio/Ornithion inerme_White-lored Tyrannulet/XC260857.mp3
train,Ornithion inerme_White-lored Tyrannulet,../../Datasets/BirdClef/features/Ornithion inerme_White-lored Tyrannulet/XC503936.npy,../../Datasets/BirdClef/audio/Ornithion inerme_White-lored Tyrannulet/XC503936.mp3
train,Ortalis guttata_Speckled Chachalaca,../../Datasets/BirdClef/features/Ortalis guttata_Speckled Chachalaca/XC47564.npy,../../Datasets/BirdClef/audio/Ortalis guttata_Speckled Chachalaca/XC47564.mp3
train,Ortalis guttata_Speckled Chachalaca,../../Datasets/BirdClef/features/Ortalis guttata_Speckled Chachalaca/XC257411.npy,../../Datasets/BirdClef/audio/Ortalis guttata_Speckled Chachalaca/XC257411.mp3
train,Ortalis guttata_Speckled Chachalaca,../../Datasets/BirdClef/features/Ortalis guttata_Speckled Chachalaca/XC245244.npy,../../Datasets/BirdClef/audio/Ortalis guttata_Speckled Chachalaca/XC245244.mp3
train,Ortalis guttata_Speckled Chachalaca,../../Datasets/BirdClef/features/Ortalis guttata_Speckled Chachalaca/XC54745.npy,../../Datasets/BirdClef/audio/Ortalis guttata_Speckled Chachalaca/XC54745.mp3
train,Ortalis guttata_Speckled Chachalaca,../../Datasets/BirdClef/features/Ortalis guttata_Speckled Chachalaca/XC161359.npy,../../Datasets/BirdClef/audio/Ortalis guttata_Speckled Chachalaca/XC161359.mp3
train,Orthopsittaca manilatus_Red-bellied Macaw,../../Datasets/BirdClef/features/Orthopsittaca manilatus_Red-bellied Macaw/XC297415.npy,../../Datasets/BirdClef/audio/Orthopsittaca manilatus_Red-bellied Macaw/XC297415.mp3
train,Orthopsittaca manilatus_Red-bellied Macaw,../../Datasets/BirdClef/features/Orthopsittaca manilatus_Red-bellied Macaw/XC227023.npy,../../Datasets/BirdClef/audio/Orthopsittaca manilatus_Red-bellied Macaw/XC227023.mp3
train,Orthopsittaca manilatus_Red-bellied Macaw,../../Datasets/BirdClef/features/Orthopsittaca manilatus_Red-bellied Macaw/XC257638.npy,../../Datasets/BirdClef/audio/Orthopsittaca manilatus_Red-bellied Macaw/XC257638.mp3
train,Orthopsittaca manilatus_Red-bellied Macaw,../../Datasets/BirdClef/features/Orthopsittaca manilatus_Red-bellied Macaw/XC245502.npy,../../Datasets/BirdClef/audio/Orthopsittaca manilatus_Red-bellied Macaw/XC245502.mp3
train,Orthopsittaca manilatus_Red-bellied Macaw,../../Datasets/BirdClef/features/Orthopsittaca manilatus_Red-bellied Macaw/XC257642.npy,../../Datasets/BirdClef/audio/Orthopsittaca manilatus_Red-bellied Macaw/XC257642.mp3
train,Pachyramphus castaneus_Chestnut-crowned Becard,../../Datasets/BirdClef/features/Pachyramphus castaneus_Chestnut-crowned Becard/XC227144.npy,../../Datasets/BirdClef/audio/Pachyramphus castaneus_Chestnut-crowned Becard/XC227144.mp3
train,Pachyramphus castaneus_Chestnut-crowned Becard,../../Datasets/BirdClef/features/Pachyramphus castaneus_Chestnut-crowned Becard/XC24723.npy,../../Datasets/BirdClef/audio/Pachyramphus castaneus_Chestnut-crowned Becard/XC24723.mp3
train,Pachyramphus castaneus_Chestnut-crowned Becard,../../Datasets/BirdClef/features/Pachyramphus castaneus_Chestnut-crowned Becard/XC294527.npy,../../Datasets/BirdClef/audio/Pachyramphus castaneus_Chestnut-crowned Becard/XC294527.mp3
train,Pachyramphus castaneus_Chestnut-crowned Becard,../../Datasets/BirdClef/features/Pachyramphus castaneus_Chestnut-crowned Becard/XC4324.npy,../../Datasets/BirdClef/audio/Pachyramphus castaneus_Chestnut-crowned Becard/XC4324.mp3
train,Pachyramphus castaneus_Chestnut-crowned Becard,../../Datasets/BirdClef/features/Pachyramphus castaneus_Chestnut-crowned Becard/XC129762.npy,../../Datasets/BirdClef/audio/Pachyramphus castaneus_Chestnut-crowned Becard/XC129762.mp3
train,Pachyramphus marginatus_Black-capped Becard,../../Datasets/BirdClef/features/Pachyramphus marginatus_Black-capped Becard/XC325699.npy,../../Datasets/BirdClef/audio/Pachyramphus marginatus_Black-capped Becard/XC325699.mp3
train,Pachyramphus marginatus_Black-capped Becard,../../Datasets/BirdClef/features/Pachyramphus marginatus_Black-capped Becard/XC82321.npy,../../Datasets/BirdClef/audio/Pachyramphus marginatus_Black-capped Becard/XC82321.mp3
train,Pachyramphus marginatus_Black-capped Becard,../../Datasets/BirdClef/features/Pachyramphus marginatus_Black-capped Becard/XC227157.npy,../../Datasets/BirdClef/audio/Pachyramphus marginatus_Black-capped Becard/XC227157.mp3
train,Pachyramphus marginatus_Black-capped Becard,../../Datasets/BirdClef/features/Pachyramphus marginatus_Black-capped Becard/XC260978.npy,../../Datasets/BirdClef/audio/Pachyramphus marginatus_Black-capped Becard/XC260978.mp3
train,Pachyramphus marginatus_Black-capped Becard,../../Datasets/BirdClef/features/Pachyramphus marginatus_Black-capped Becard/XC157127.npy,../../Datasets/BirdClef/audio/Pachyramphus marginatus_Black-capped Becard/XC157127.mp3
train,Pachyramphus polychopterus_White-winged Becard,../../Datasets/BirdClef/features/Pachyramphus polychopterus_White-winged Becard/XC12262.npy,../../Datasets/BirdClef/audio/Pachyramphus polychopterus_White-winged Becard/XC12262.mp3
train,Pachyramphus polychopterus_White-winged Becard,../../Datasets/BirdClef/features/Pachyramphus polychopterus_White-winged Becard/XC19552.npy,../../Datasets/BirdClef/audio/Pachyramphus polychopterus_White-winged Becard/XC19552.mp3
train,Pachyramphus polychopterus_White-winged Becard,../../Datasets/BirdClef/features/Pachyramphus polychopterus_White-winged Becard/XC8145.npy,../../Datasets/BirdClef/audio/Pachyramphus polychopterus_White-winged Becard/XC8145.mp3
train,Pachyramphus polychopterus_White-winged Becard,../../Datasets/BirdClef/features/Pachyramphus polychopterus_White-winged Becard/XC504707.npy,../../Datasets/BirdClef/audio/Pachyramphus polychopterus_White-winged Becard/XC504707.mp3
train,Pachyramphus polychopterus_White-winged Becard,../../Datasets/BirdClef/features/Pachyramphus polychopterus_White-winged Becard/XC153605.npy,../../Datasets/BirdClef/audio/Pachyramphus polychopterus_White-winged Becard/XC153605.mp3
train,Pachysylvia hypoxantha_Dusky-capped Greenlet,../../Datasets/BirdClef/features/Pachysylvia hypoxantha_Dusky-capped Greenlet/XC487445.npy,../../Datasets/BirdClef/audio/Pachysylvia hypoxantha_Dusky-capped Greenlet/XC487445.mp3
train,Pachysylvia hypoxantha_Dusky-capped Greenlet,../../Datasets/BirdClef/features/Pachysylvia hypoxantha_Dusky-capped Greenlet/XC6510.npy,../../Datasets/BirdClef/audio/Pachysylvia hypoxantha_Dusky-capped Greenlet/XC6510.mp3
train,Pachysylvia hypoxantha_Dusky-capped Greenlet,../../Datasets/BirdClef/features/Pachysylvia hypoxantha_Dusky-capped Greenlet/XC224365.npy,../../Datasets/BirdClef/audio/Pachysylvia hypoxantha_Dusky-capped Greenlet/XC224365.mp3
train,Pachysylvia hypoxantha_Dusky-capped Greenlet,../../Datasets/BirdClef/features/Pachysylvia hypoxantha_Dusky-capped Greenlet/XC242782.npy,../../Datasets/BirdClef/audio/Pachysylvia hypoxantha_Dusky-capped Greenlet/XC242782.mp3
train,Pachysylvia hypoxantha_Dusky-capped Greenlet,../../Datasets/BirdClef/features/Pachysylvia hypoxantha_Dusky-capped Greenlet/XC270730.npy,../../Datasets/BirdClef/audio/Pachysylvia hypoxantha_Dusky-capped Greenlet/XC270730.mp3
train,Pandion haliaetus_Osprey,../../Datasets/BirdClef/features/Pandion haliaetus_Osprey/XC118482.npy,../../Datasets/BirdClef/audio/Pandion haliaetus_Osprey/XC118482.mp3
train,Pandion haliaetus_Osprey,../../Datasets/BirdClef/features/Pandion haliaetus_Osprey/XC225658.npy,../../Datasets/BirdClef/audio/Pandion haliaetus_Osprey/XC225658.mp3
train,Pandion haliaetus_Osprey,../../Datasets/BirdClef/features/Pandion haliaetus_Osprey/XC424249.npy,../../Datasets/BirdClef/audio/Pandion haliaetus_Osprey/XC424249.mp3
train,Pandion haliaetus_Osprey,../../Datasets/BirdClef/features/Pandion haliaetus_Osprey/XC107051.npy,../../Datasets/BirdClef/audio/Pandion haliaetus_Osprey/XC107051.mp3
train,Pandion haliaetus_Osprey,../../Datasets/BirdClef/features/Pandion haliaetus_Osprey/XC465294.npy,../../Datasets/BirdClef/audio/Pandion haliaetus_Osprey/XC465294.mp3
train,Parkesia noveboracensis_Northern Waterthrush,../../Datasets/BirdClef/features/Parkesia noveboracensis_Northern Waterthrush/XC416169.npy,../../Datasets/BirdClef/audio/Parkesia noveboracensis_Northern Waterthrush/XC416169.mp3
train,Parkesia noveboracensis_Northern Waterthrush,../../Datasets/BirdClef/features/Parkesia noveboracensis_Northern Waterthrush/XC372219.npy,../../Datasets/BirdClef/audio/Parkesia noveboracensis_Northern Waterthrush/XC372219.mp3
train,Parkesia noveboracensis_Northern Waterthrush,../../Datasets/BirdClef/features/Parkesia noveboracensis_Northern Waterthrush/XC388418.npy,../../Datasets/BirdClef/audio/Parkesia noveboracensis_Northern Waterthrush/XC388418.mp3
train,Parkesia noveboracensis_Northern Waterthrush,../../Datasets/BirdClef/features/Parkesia noveboracensis_Northern Waterthrush/XC433057.npy,../../Datasets/BirdClef/audio/Parkesia noveboracensis_Northern Waterthrush/XC433057.mp3
train,Parkesia noveboracensis_Northern Waterthrush,../../Datasets/BirdClef/features/Parkesia noveboracensis_Northern Waterthrush/XC354802.npy,../../Datasets/BirdClef/audio/Parkesia noveboracensis_Northern Waterthrush/XC354802.mp3
train,Parus major_Great Tit,../../Datasets/BirdClef/features/Parus major_Great Tit/XC302841.npy,../../Datasets/BirdClef/audio/Parus major_Great Tit/XC302841.mp3
train,Parus major_Great Tit,../../Datasets/BirdClef/features/Parus major_Great Tit/XC235125.npy,../../Datasets/BirdClef/audio/Parus major_Great Tit/XC235125.mp3
train,Parus major_Great Tit,../../Datasets/BirdClef/features/Parus major_Great Tit/XC247469.npy,../../Datasets/BirdClef/audio/Parus major_Great Tit/XC247469.mp3
train,Parus major_Great Tit,../../Datasets/BirdClef/features/Parus major_Great Tit/XC299555.npy,../../Datasets/BirdClef/audio/Parus major_Great Tit/XC299555.mp3
train,Parus major_Great Tit,../../Datasets/BirdClef/features/Parus major_Great Tit/XC287801.npy,../../Datasets/BirdClef/audio/Parus major_Great Tit/XC287801.mp3
train,Passer domesticus_House Sparrow,../../Datasets/BirdClef/features/Passer domesticus_House Sparrow/XC381853.npy,../../Datasets/BirdClef/audio/Passer domesticus_House Sparrow/XC381853.mp3
train,Passer domesticus_House Sparrow,../../Datasets/BirdClef/features/Passer domesticus_House Sparrow/XC139186.npy,../../Datasets/BirdClef/audio/Passer domesticus_House Sparrow/XC139186.mp3
train,Passer domesticus_House Sparrow,../../Datasets/BirdClef/features/Passer domesticus_House Sparrow/XC459144.npy,../../Datasets/BirdClef/audio/Passer domesticus_House Sparrow/XC459144.mp3
train,Passer domesticus_House Sparrow,../../Datasets/BirdClef/features/Passer domesticus_House Sparrow/XC438428.npy,../../Datasets/BirdClef/audio/Passer domesticus_House Sparrow/XC438428.mp3
train,Passer domesticus_House Sparrow,../../Datasets/BirdClef/features/Passer domesticus_House Sparrow/XC436230.npy,../../Datasets/BirdClef/audio/Passer domesticus_House Sparrow/XC436230.mp3
train,Passer montanus_Eurasian Tree Sparrow,../../Datasets/BirdClef/features/Passer montanus_Eurasian Tree Sparrow/XC240006.npy,../../Datasets/BirdClef/audio/Passer montanus_Eurasian Tree Sparrow/XC240006.mp3
train,Passer montanus_Eurasian Tree Sparrow,../../Datasets/BirdClef/features/Passer montanus_Eurasian Tree Sparrow/XC241997.npy,../../Datasets/BirdClef/audio/Passer montanus_Eurasian Tree Sparrow/XC241997.mp3
train,Passer montanus_Eurasian Tree Sparrow,../../Datasets/BirdClef/features/Passer montanus_Eurasian Tree Sparrow/XC268157.npy,../../Datasets/BirdClef/audio/Passer montanus_Eurasian Tree Sparrow/XC268157.mp3
train,Passer montanus_Eurasian Tree Sparrow,../../Datasets/BirdClef/features/Passer montanus_Eurasian Tree Sparrow/XC182228.npy,../../Datasets/BirdClef/audio/Passer montanus_Eurasian Tree Sparrow/XC182228.mp3
train,Passer montanus_Eurasian Tree Sparrow,../../Datasets/BirdClef/features/Passer montanus_Eurasian Tree Sparrow/XC349825.npy,../../Datasets/BirdClef/audio/Passer montanus_Eurasian Tree Sparrow/XC349825.mp3
train,Passerculus sandwichensis_Savannah Sparrow,../../Datasets/BirdClef/features/Passerculus sandwichensis_Savannah Sparrow/XC377878.npy,../../Datasets/BirdClef/audio/Passerculus sandwichensis_Savannah Sparrow/XC377878.mp3
train,Passerculus sandwichensis_Savannah Sparrow,../../Datasets/BirdClef/features/Passerculus sandwichensis_Savannah Sparrow/XC153668.npy,../../Datasets/BirdClef/audio/Passerculus sandwichensis_Savannah Sparrow/XC153668.mp3
train,Passerculus sandwichensis_Savannah Sparrow,../../Datasets/BirdClef/features/Passerculus sandwichensis_Savannah Sparrow/XC465402.npy,../../Datasets/BirdClef/audio/Passerculus sandwichensis_Savannah Sparrow/XC465402.mp3
train,Passerculus sandwichensis_Savannah Sparrow,../../Datasets/BirdClef/features/Passerculus sandwichensis_Savannah Sparrow/XC465399.npy,../../Datasets/BirdClef/audio/Passerculus sandwichensis_Savannah Sparrow/XC465399.mp3
train,Passerculus sandwichensis_Savannah Sparrow,../../Datasets/BirdClef/features/Passerculus sandwichensis_Savannah Sparrow/XC174080.npy,../../Datasets/BirdClef/audio/Passerculus sandwichensis_Savannah Sparrow/XC174080.mp3
train,Passerella iliaca_Fox Sparrow,../../Datasets/BirdClef/features/Passerella iliaca_Fox Sparrow/XC328697.npy,../../Datasets/BirdClef/audio/Passerella iliaca_Fox Sparrow/XC328697.mp3
train,Passerella iliaca_Fox Sparrow,../../Datasets/BirdClef/features/Passerella iliaca_Fox Sparrow/XC322801.npy,../../Datasets/BirdClef/audio/Passerella iliaca_Fox Sparrow/XC322801.mp3
train,Passerella iliaca_Fox Sparrow,../../Datasets/BirdClef/features/Passerella iliaca_Fox Sparrow/XC289164.npy,../../Datasets/BirdClef/audio/Passerella iliaca_Fox Sparrow/XC289164.mp3
train,Passerella iliaca_Fox Sparrow,../../Datasets/BirdClef/features/Passerella iliaca_Fox Sparrow/XC319404.npy,../../Datasets/BirdClef/audio/Passerella iliaca_Fox Sparrow/XC319404.mp3
train,Passerella iliaca_Fox Sparrow,../../Datasets/BirdClef/features/Passerella iliaca_Fox Sparrow/XC416333.npy,../../Datasets/BirdClef/audio/Passerella iliaca_Fox Sparrow/XC416333.mp3
train,Passerina amoena_Lazuli Bunting,../../Datasets/BirdClef/features/Passerina amoena_Lazuli Bunting/XC381695.npy,../../Datasets/BirdClef/audio/Passerina amoena_Lazuli Bunting/XC381695.mp3
train,Passerina amoena_Lazuli Bunting,../../Datasets/BirdClef/features/Passerina amoena_Lazuli Bunting/XC140293.npy,../../Datasets/BirdClef/audio/Passerina amoena_Lazuli Bunting/XC140293.mp3
train,Passerina amoena_Lazuli Bunting,../../Datasets/BirdClef/features/Passerina amoena_Lazuli Bunting/XC302196.npy,../../Datasets/BirdClef/audio/Passerina amoena_Lazuli Bunting/XC302196.mp3
train,Passerina amoena_Lazuli Bunting,../../Datasets/BirdClef/features/Passerina amoena_Lazuli Bunting/XC318821.npy,../../Datasets/BirdClef/audio/Passerina amoena_Lazuli Bunting/XC318821.mp3
train,Passerina amoena_Lazuli Bunting,../../Datasets/BirdClef/features/Passerina amoena_Lazuli Bunting/XC378606.npy,../../Datasets/BirdClef/audio/Passerina amoena_Lazuli Bunting/XC378606.mp3
train,Passerina caerulea_Blue Grosbeak,../../Datasets/BirdClef/features/Passerina caerulea_Blue Grosbeak/XC384058.npy,../../Datasets/BirdClef/audio/Passerina caerulea_Blue Grosbeak/XC384058.mp3
train,Passerina caerulea_Blue Grosbeak,../../Datasets/BirdClef/features/Passerina caerulea_Blue Grosbeak/XC270195.npy,../../Datasets/BirdClef/audio/Passerina caerulea_Blue Grosbeak/XC270195.mp3
train,Passerina caerulea_Blue Grosbeak,../../Datasets/BirdClef/features/Passerina caerulea_Blue Grosbeak/XC103946.npy,../../Datasets/BirdClef/audio/Passerina caerulea_Blue Grosbeak/XC103946.mp3
train,Passerina caerulea_Blue Grosbeak,../../Datasets/BirdClef/features/Passerina caerulea_Blue Grosbeak/XC191550.npy,../../Datasets/BirdClef/audio/Passerina caerulea_Blue Grosbeak/XC191550.mp3
train,Passerina caerulea_Blue Grosbeak,../../Datasets/BirdClef/features/Passerina caerulea_Blue Grosbeak/XC322479.npy,../../Datasets/BirdClef/audio/Passerina caerulea_Blue Grosbeak/XC322479.mp3
train,Passerina cyanea_Indigo Bunting,../../Datasets/BirdClef/features/Passerina cyanea_Indigo Bunting/XC181332.npy,../../Datasets/BirdClef/audio/Passerina cyanea_Indigo Bunting/XC181332.mp3
train,Passerina cyanea_Indigo Bunting,../../Datasets/BirdClef/features/Passerina cyanea_Indigo Bunting/XC101739.npy,../../Datasets/BirdClef/audio/Passerina cyanea_Indigo Bunting/XC101739.mp3
train,Passerina cyanea_Indigo Bunting,../../Datasets/BirdClef/features/Passerina cyanea_Indigo Bunting/XC241120.npy,../../Datasets/BirdClef/audio/Passerina cyanea_Indigo Bunting/XC241120.mp3
train,Passerina cyanea_Indigo Bunting,../../Datasets/BirdClef/features/Passerina cyanea_Indigo Bunting/XC363046.npy,../../Datasets/BirdClef/audio/Passerina cyanea_Indigo Bunting/XC363046.mp3
train,Passerina cyanea_Indigo Bunting,../../Datasets/BirdClef/features/Passerina cyanea_Indigo Bunting/XC268632.npy,../../Datasets/BirdClef/audio/Passerina cyanea_Indigo Bunting/XC268632.mp3
train,Patagioenas cayennensis_Pale-vented Pigeon,../../Datasets/BirdClef/features/Patagioenas cayennensis_Pale-vented Pigeon/XC204938.npy,../../Datasets/BirdClef/audio/Patagioenas cayennensis_Pale-vented Pigeon/XC204938.mp3
train,Patagioenas cayennensis_Pale-vented Pigeon,../../Datasets/BirdClef/features/Patagioenas cayennensis_Pale-vented Pigeon/XC94203.npy,../../Datasets/BirdClef/audio/Patagioenas cayennensis_Pale-vented Pigeon/XC94203.mp3
train,Patagioenas cayennensis_Pale-vented Pigeon,../../Datasets/BirdClef/features/Patagioenas cayennensis_Pale-vented Pigeon/XC145458.npy,../../Datasets/BirdClef/audio/Patagioenas cayennensis_Pale-vented Pigeon/XC145458.mp3
train,Patagioenas cayennensis_Pale-vented Pigeon,../../Datasets/BirdClef/features/Patagioenas cayennensis_Pale-vented Pigeon/XC65961.npy,../../Datasets/BirdClef/audio/Patagioenas cayennensis_Pale-vented Pigeon/XC65961.mp3
train,Patagioenas cayennensis_Pale-vented Pigeon,../../Datasets/BirdClef/features/Patagioenas cayennensis_Pale-vented Pigeon/XC443355.npy,../../Datasets/BirdClef/audio/Patagioenas cayennensis_Pale-vented Pigeon/XC443355.mp3
train,Patagioenas plumbea_Plumbeous Pigeon,../../Datasets/BirdClef/features/Patagioenas plumbea_Plumbeous Pigeon/XC299704.npy,../../Datasets/BirdClef/audio/Patagioenas plumbea_Plumbeous Pigeon/XC299704.mp3
train,Patagioenas plumbea_Plumbeous Pigeon,../../Datasets/BirdClef/features/Patagioenas plumbea_Plumbeous Pigeon/XC238771.npy,../../Datasets/BirdClef/audio/Patagioenas plumbea_Plumbeous Pigeon/XC238771.mp3
train,Patagioenas plumbea_Plumbeous Pigeon,../../Datasets/BirdClef/features/Patagioenas plumbea_Plumbeous Pigeon/XC386887.npy,../../Datasets/BirdClef/audio/Patagioenas plumbea_Plumbeous Pigeon/XC386887.mp3
train,Patagioenas plumbea_Plumbeous Pigeon,../../Datasets/BirdClef/features/Patagioenas plumbea_Plumbeous Pigeon/XC341348.npy,../../Datasets/BirdClef/audio/Patagioenas plumbea_Plumbeous Pigeon/XC341348.mp3
train,Patagioenas plumbea_Plumbeous Pigeon,../../Datasets/BirdClef/features/Patagioenas plumbea_Plumbeous Pigeon/XC85019.npy,../../Datasets/BirdClef/audio/Patagioenas plumbea_Plumbeous Pigeon/XC85019.mp3
train,Patagioenas speciosa_Scaled Pigeon,../../Datasets/BirdClef/features/Patagioenas speciosa_Scaled Pigeon/XC112912.npy,../../Datasets/BirdClef/audio/Patagioenas speciosa_Scaled Pigeon/XC112912.mp3
train,Patagioenas speciosa_Scaled Pigeon,../../Datasets/BirdClef/features/Patagioenas speciosa_Scaled Pigeon/XC76178.npy,../../Datasets/BirdClef/audio/Patagioenas speciosa_Scaled Pigeon/XC76178.mp3
train,Patagioenas speciosa_Scaled Pigeon,../../Datasets/BirdClef/features/Patagioenas speciosa_Scaled Pigeon/XC330514.npy,../../Datasets/BirdClef/audio/Patagioenas speciosa_Scaled Pigeon/XC330514.mp3
train,Patagioenas speciosa_Scaled Pigeon,../../Datasets/BirdClef/features/Patagioenas speciosa_Scaled Pigeon/XC238773.npy,../../Datasets/BirdClef/audio/Patagioenas speciosa_Scaled Pigeon/XC238773.mp3
train,Patagioenas speciosa_Scaled Pigeon,../../Datasets/BirdClef/features/Patagioenas speciosa_Scaled Pigeon/XC28480.npy,../../Datasets/BirdClef/audio/Patagioenas speciosa_Scaled Pigeon/XC28480.mp3
train,Patagioenas subvinacea_Ruddy Pigeon,../../Datasets/BirdClef/features/Patagioenas subvinacea_Ruddy Pigeon/XC357421.npy,../../Datasets/BirdClef/audio/Patagioenas subvinacea_Ruddy Pigeon/XC357421.mp3
train,Patagioenas subvinacea_Ruddy Pigeon,../../Datasets/BirdClef/features/Patagioenas subvinacea_Ruddy Pigeon/XC341381.npy,../../Datasets/BirdClef/audio/Patagioenas subvinacea_Ruddy Pigeon/XC341381.mp3
train,Patagioenas subvinacea_Ruddy Pigeon,../../Datasets/BirdClef/features/Patagioenas subvinacea_Ruddy Pigeon/XC261583.npy,../../Datasets/BirdClef/audio/Patagioenas subvinacea_Ruddy Pigeon/XC261583.mp3
train,Patagioenas subvinacea_Ruddy Pigeon,../../Datasets/BirdClef/features/Patagioenas subvinacea_Ruddy Pigeon/XC227344.npy,../../Datasets/BirdClef/audio/Patagioenas subvinacea_Ruddy Pigeon/XC227344.mp3
train,Patagioenas subvinacea_Ruddy Pigeon,../../Datasets/BirdClef/features/Patagioenas subvinacea_Ruddy Pigeon/XC46448.npy,../../Datasets/BirdClef/audio/Patagioenas subvinacea_Ruddy Pigeon/XC46448.mp3
train,Penelope jacquacu_Spix's Guan,../../Datasets/BirdClef/features/Penelope jacquacu_Spix's Guan/XC401206.npy,../../Datasets/BirdClef/audio/Penelope jacquacu_Spix's Guan/XC401206.mp3
train,Penelope jacquacu_Spix's Guan,../../Datasets/BirdClef/features/Penelope jacquacu_Spix's Guan/XC17656.npy,../../Datasets/BirdClef/audio/Penelope jacquacu_Spix's Guan/XC17656.mp3
train,Penelope jacquacu_Spix's Guan,../../Datasets/BirdClef/features/Penelope jacquacu_Spix's Guan/XC42595.npy,../../Datasets/BirdClef/audio/Penelope jacquacu_Spix's Guan/XC42595.mp3
train,Penelope jacquacu_Spix's Guan,../../Datasets/BirdClef/features/Penelope jacquacu_Spix's Guan/XC404605.npy,../../Datasets/BirdClef/audio/Penelope jacquacu_Spix's Guan/XC404605.mp3
train,Penelope jacquacu_Spix's Guan,../../Datasets/BirdClef/features/Penelope jacquacu_Spix's Guan/XC59833.npy,../../Datasets/BirdClef/audio/Penelope jacquacu_Spix's Guan/XC59833.mp3
train,Periparus ater_Coal Tit,../../Datasets/BirdClef/features/Periparus ater_Coal Tit/XC285711.npy,../../Datasets/BirdClef/audio/Periparus ater_Coal Tit/XC285711.mp3
train,Periparus ater_Coal Tit,../../Datasets/BirdClef/features/Periparus ater_Coal Tit/XC199100.npy,../../Datasets/BirdClef/audio/Periparus ater_Coal Tit/XC199100.mp3
train,Periparus ater_Coal Tit,../../Datasets/BirdClef/features/Periparus ater_Coal Tit/XC243666.npy,../../Datasets/BirdClef/audio/Periparus ater_Coal Tit/XC243666.mp3
train,Periparus ater_Coal Tit,../../Datasets/BirdClef/features/Periparus ater_Coal Tit/XC137474.npy,../../Datasets/BirdClef/audio/Periparus ater_Coal Tit/XC137474.mp3
train,Periparus ater_Coal Tit,../../Datasets/BirdClef/features/Periparus ater_Coal Tit/XC270437.npy,../../Datasets/BirdClef/audio/Periparus ater_Coal Tit/XC270437.mp3
train,Pernis apivorus_European Honey-buzzard,../../Datasets/BirdClef/features/Pernis apivorus_European Honey-buzzard/XC233771.npy,../../Datasets/BirdClef/audio/Pernis apivorus_European Honey-buzzard/XC233771.mp3
train,Pernis apivorus_European Honey-buzzard,../../Datasets/BirdClef/features/Pernis apivorus_European Honey-buzzard/XC494695.npy,../../Datasets/BirdClef/audio/Pernis apivorus_European Honey-buzzard/XC494695.mp3
train,Pernis apivorus_European Honey-buzzard,../../Datasets/BirdClef/features/Pernis apivorus_European Honey-buzzard/XC262730.npy,../../Datasets/BirdClef/audio/Pernis apivorus_European Honey-buzzard/XC262730.mp3
train,Pernis apivorus_European Honey-buzzard,../../Datasets/BirdClef/features/Pernis apivorus_European Honey-buzzard/XC151025.npy,../../Datasets/BirdClef/audio/Pernis apivorus_European Honey-buzzard/XC151025.mp3
train,Pernis apivorus_European Honey-buzzard,../../Datasets/BirdClef/features/Pernis apivorus_European Honey-buzzard/XC301623.npy,../../Datasets/BirdClef/audio/Pernis apivorus_European Honey-buzzard/XC301623.mp3
train,Petrochelidon pyrrhonota_Cliff Swallow,../../Datasets/BirdClef/features/Petrochelidon pyrrhonota_Cliff Swallow/XC468935.npy,../../Datasets/BirdClef/audio/Petrochelidon pyrrhonota_Cliff Swallow/XC468935.mp3
train,Petrochelidon pyrrhonota_Cliff Swallow,../../Datasets/BirdClef/features/Petrochelidon pyrrhonota_Cliff Swallow/XC499040.npy,../../Datasets/BirdClef/audio/Petrochelidon pyrrhonota_Cliff Swallow/XC499040.mp3
train,Petrochelidon pyrrhonota_Cliff Swallow,../../Datasets/BirdClef/features/Petrochelidon pyrrhonota_Cliff Swallow/XC46805.npy,../../Datasets/BirdClef/audio/Petrochelidon pyrrhonota_Cliff Swallow/XC46805.mp3
train,Petrochelidon pyrrhonota_Cliff Swallow,../../Datasets/BirdClef/features/Petrochelidon pyrrhonota_Cliff Swallow/XC70505.npy,../../Datasets/BirdClef/audio/Petrochelidon pyrrhonota_Cliff Swallow/XC70505.mp3
train,Petrochelidon pyrrhonota_Cliff Swallow,../../Datasets/BirdClef/features/Petrochelidon pyrrhonota_Cliff Swallow/XC488249.npy,../../Datasets/BirdClef/audio/Petrochelidon pyrrhonota_Cliff Swallow/XC488249.mp3
train,Phaeomyias murina_Mouse-colored Tyrannulet,../../Datasets/BirdClef/features/Phaeomyias murina_Mouse-colored Tyrannulet/XC494039.npy,../../Datasets/BirdClef/audio/Phaeomyias murina_Mouse-colored Tyrannulet/XC494039.mp3
train,Phaeomyias murina_Mouse-colored Tyrannulet,../../Datasets/BirdClef/features/Phaeomyias murina_Mouse-colored Tyrannulet/XC335741.npy,../../Datasets/BirdClef/audio/Phaeomyias murina_Mouse-colored Tyrannulet/XC335741.mp3
train,Phaeomyias murina_Mouse-colored Tyrannulet,../../Datasets/BirdClef/features/Phaeomyias murina_Mouse-colored Tyrannulet/XC64834.npy,../../Datasets/BirdClef/audio/Phaeomyias murina_Mouse-colored Tyrannulet/XC64834.mp3
train,Phaeomyias murina_Mouse-colored Tyrannulet,../../Datasets/BirdClef/features/Phaeomyias murina_Mouse-colored Tyrannulet/XC436098.npy,../../Datasets/BirdClef/audio/Phaeomyias murina_Mouse-colored Tyrannulet/XC436098.mp3
train,Phaeomyias murina_Mouse-colored Tyrannulet,../../Datasets/BirdClef/features/Phaeomyias murina_Mouse-colored Tyrannulet/XC227532.npy,../../Datasets/BirdClef/audio/Phaeomyias murina_Mouse-colored Tyrannulet/XC227532.mp3
train,Phaethornis ruber_Reddish Hermit,../../Datasets/BirdClef/features/Phaethornis ruber_Reddish Hermit/XC490095.npy,../../Datasets/BirdClef/audio/Phaethornis ruber_Reddish Hermit/XC490095.mp3
train,Phaethornis ruber_Reddish Hermit,../../Datasets/BirdClef/features/Phaethornis ruber_Reddish Hermit/XC14387.npy,../../Datasets/BirdClef/audio/Phaethornis ruber_Reddish Hermit/XC14387.mp3
train,Phaethornis ruber_Reddish Hermit,../../Datasets/BirdClef/features/Phaethornis ruber_Reddish Hermit/XC227591.npy,../../Datasets/BirdClef/audio/Phaethornis ruber_Reddish Hermit/XC227591.mp3
train,Phaethornis ruber_Reddish Hermit,../../Datasets/BirdClef/features/Phaethornis ruber_Reddish Hermit/XC87921.npy,../../Datasets/BirdClef/audio/Phaethornis ruber_Reddish Hermit/XC87921.mp3
train,Phaethornis ruber_Reddish Hermit,../../Datasets/BirdClef/features/Phaethornis ruber_Reddish Hermit/XC227590.npy,../../Datasets/BirdClef/audio/Phaethornis ruber_Reddish Hermit/XC227590.mp3
train,Phaetusa simplex_Large-billed Tern,../../Datasets/BirdClef/features/Phaetusa simplex_Large-billed Tern/XC11805.npy,../../Datasets/BirdClef/audio/Phaetusa simplex_Large-billed Tern/XC11805.mp3
train,Phaetusa simplex_Large-billed Tern,../../Datasets/BirdClef/features/Phaetusa simplex_Large-billed Tern/XC147641.npy,../../Datasets/BirdClef/audio/Phaetusa simplex_Large-billed Tern/XC147641.mp3
train,Phaetusa simplex_Large-billed Tern,../../Datasets/BirdClef/features/Phaetusa simplex_Large-billed Tern/XC186487.npy,../../Datasets/BirdClef/audio/Phaetusa simplex_Large-billed Tern/XC186487.mp3
train,Phaetusa simplex_Large-billed Tern,../../Datasets/BirdClef/features/Phaetusa simplex_Large-billed Tern/XC20606.npy,../../Datasets/BirdClef/audio/Phaetusa simplex_Large-billed Tern/XC20606.mp3
train,Phaetusa simplex_Large-billed Tern,../../Datasets/BirdClef/features/Phaetusa simplex_Large-billed Tern/XC118874.npy,../../Datasets/BirdClef/audio/Phaetusa simplex_Large-billed Tern/XC118874.mp3
train,Phainopepla nitens_Phainopepla,../../Datasets/BirdClef/features/Phainopepla nitens_Phainopepla/XC161376.npy,../../Datasets/BirdClef/audio/Phainopepla nitens_Phainopepla/XC161376.mp3
train,Phainopepla nitens_Phainopepla,../../Datasets/BirdClef/features/Phainopepla nitens_Phainopepla/XC389543.npy,../../Datasets/BirdClef/audio/Phainopepla nitens_Phainopepla/XC389543.mp3
train,Phainopepla nitens_Phainopepla,../../Datasets/BirdClef/features/Phainopepla nitens_Phainopepla/XC455611.npy,../../Datasets/BirdClef/audio/Phainopepla nitens_Phainopepla/XC455611.mp3
train,Phainopepla nitens_Phainopepla,../../Datasets/BirdClef/features/Phainopepla nitens_Phainopepla/XC232883.npy,../../Datasets/BirdClef/audio/Phainopepla nitens_Phainopepla/XC232883.mp3
train,Phainopepla nitens_Phainopepla,../../Datasets/BirdClef/features/Phainopepla nitens_Phainopepla/XC48192.npy,../../Datasets/BirdClef/audio/Phainopepla nitens_Phainopepla/XC48192.mp3
train,Phalacrocorax brasilianus_Neotropic Cormorant,../../Datasets/BirdClef/features/Phalacrocorax brasilianus_Neotropic Cormorant/XC294959.npy,../../Datasets/BirdClef/audio/Phalacrocorax brasilianus_Neotropic Cormorant/XC294959.mp3
train,Phalacrocorax brasilianus_Neotropic Cormorant,../../Datasets/BirdClef/features/Phalacrocorax brasilianus_Neotropic Cormorant/XC150345.npy,../../Datasets/BirdClef/audio/Phalacrocorax brasilianus_Neotropic Cormorant/XC150345.mp3
train,Phalacrocorax brasilianus_Neotropic Cormorant,../../Datasets/BirdClef/features/Phalacrocorax brasilianus_Neotropic Cormorant/XC413365.npy,../../Datasets/BirdClef/audio/Phalacrocorax brasilianus_Neotropic Cormorant/XC413365.mp3
train,Phalacrocorax brasilianus_Neotropic Cormorant,../../Datasets/BirdClef/features/Phalacrocorax brasilianus_Neotropic Cormorant/XC50341.npy,../../Datasets/BirdClef/audio/Phalacrocorax brasilianus_Neotropic Cormorant/XC50341.mp3
train,Phalacrocorax brasilianus_Neotropic Cormorant,../../Datasets/BirdClef/features/Phalacrocorax brasilianus_Neotropic Cormorant/XC472085.npy,../../Datasets/BirdClef/audio/Phalacrocorax brasilianus_Neotropic Cormorant/XC472085.mp3
train,Phalacrocorax carbo_Great Cormorant,../../Datasets/BirdClef/features/Phalacrocorax carbo_Great Cormorant/XC402703.npy,../../Datasets/BirdClef/audio/Phalacrocorax carbo_Great Cormorant/XC402703.mp3
train,Phalacrocorax carbo_Great Cormorant,../../Datasets/BirdClef/features/Phalacrocorax carbo_Great Cormorant/XC33362.npy,../../Datasets/BirdClef/audio/Phalacrocorax carbo_Great Cormorant/XC33362.mp3
train,Phalacrocorax carbo_Great Cormorant,../../Datasets/BirdClef/features/Phalacrocorax carbo_Great Cormorant/XC178705.npy,../../Datasets/BirdClef/audio/Phalacrocorax carbo_Great Cormorant/XC178705.mp3
train,Phalacrocorax carbo_Great Cormorant,../../Datasets/BirdClef/features/Phalacrocorax carbo_Great Cormorant/XC41949.npy,../../Datasets/BirdClef/audio/Phalacrocorax carbo_Great Cormorant/XC41949.mp3
train,Phalacrocorax carbo_Great Cormorant,../../Datasets/BirdClef/features/Phalacrocorax carbo_Great Cormorant/XC464810.npy,../../Datasets/BirdClef/audio/Phalacrocorax carbo_Great Cormorant/XC464810.mp3
train,Phalaropus lobatus_Red-necked Phalarope,../../Datasets/BirdClef/features/Phalaropus lobatus_Red-necked Phalarope/XC57858.npy,../../Datasets/BirdClef/audio/Phalaropus lobatus_Red-necked Phalarope/XC57858.mp3
train,Phalaropus lobatus_Red-necked Phalarope,../../Datasets/BirdClef/features/Phalaropus lobatus_Red-necked Phalarope/XC354728.npy,../../Datasets/BirdClef/audio/Phalaropus lobatus_Red-necked Phalarope/XC354728.mp3
train,Phalaropus lobatus_Red-necked Phalarope,../../Datasets/BirdClef/features/Phalaropus lobatus_Red-necked Phalarope/XC291535.npy,../../Datasets/BirdClef/audio/Phalaropus lobatus_Red-necked Phalarope/XC291535.mp3
train,Phalaropus lobatus_Red-necked Phalarope,../../Datasets/BirdClef/features/Phalaropus lobatus_Red-necked Phalarope/XC435365.npy,../../Datasets/BirdClef/audio/Phalaropus lobatus_Red-necked Phalarope/XC435365.mp3
train,Phalaropus lobatus_Red-necked Phalarope,../../Datasets/BirdClef/features/Phalaropus lobatus_Red-necked Phalarope/XC342920.npy,../../Datasets/BirdClef/audio/Phalaropus lobatus_Red-necked Phalarope/XC342920.mp3
train,Phasianus colchicus_Ring-necked Pheasant,../../Datasets/BirdClef/features/Phasianus colchicus_Ring-necked Pheasant/XC57511.npy,../../Datasets/BirdClef/audio/Phasianus colchicus_Ring-necked Pheasant/XC57511.mp3
train,Phasianus colchicus_Ring-necked Pheasant,../../Datasets/BirdClef/features/Phasianus colchicus_Ring-necked Pheasant/XC156436.npy,../../Datasets/BirdClef/audio/Phasianus colchicus_Ring-necked Pheasant/XC156436.mp3
train,Phasianus colchicus_Ring-necked Pheasant,../../Datasets/BirdClef/features/Phasianus colchicus_Ring-necked Pheasant/XC155697.npy,../../Datasets/BirdClef/audio/Phasianus colchicus_Ring-necked Pheasant/XC155697.mp3
train,Phasianus colchicus_Ring-necked Pheasant,../../Datasets/BirdClef/features/Phasianus colchicus_Ring-necked Pheasant/XC153126.npy,../../Datasets/BirdClef/audio/Phasianus colchicus_Ring-necked Pheasant/XC153126.mp3
train,Phasianus colchicus_Ring-necked Pheasant,../../Datasets/BirdClef/features/Phasianus colchicus_Ring-necked Pheasant/XC183799.npy,../../Datasets/BirdClef/audio/Phasianus colchicus_Ring-necked Pheasant/XC183799.mp3
train,Pheucticus ludovicianus_Rose-breasted Grosbeak,../../Datasets/BirdClef/features/Pheucticus ludovicianus_Rose-breasted Grosbeak/XC418095.npy,../../Datasets/BirdClef/audio/Pheucticus ludovicianus_Rose-breasted Grosbeak/XC418095.mp3
train,Pheucticus ludovicianus_Rose-breasted Grosbeak,../../Datasets/BirdClef/features/Pheucticus ludovicianus_Rose-breasted Grosbeak/XC418070.npy,../../Datasets/BirdClef/audio/Pheucticus ludovicianus_Rose-breasted Grosbeak/XC418070.mp3
train,Pheucticus ludovicianus_Rose-breasted Grosbeak,../../Datasets/BirdClef/features/Pheucticus ludovicianus_Rose-breasted Grosbeak/XC495791.npy,../../Datasets/BirdClef/audio/Pheucticus ludovicianus_Rose-breasted Grosbeak/XC495791.mp3
train,Pheucticus ludovicianus_Rose-breasted Grosbeak,../../Datasets/BirdClef/features/Pheucticus ludovicianus_Rose-breasted Grosbeak/XC101849.npy,../../Datasets/BirdClef/audio/Pheucticus ludovicianus_Rose-breasted Grosbeak/XC101849.mp3
train,Pheucticus ludovicianus_Rose-breasted Grosbeak,../../Datasets/BirdClef/features/Pheucticus ludovicianus_Rose-breasted Grosbeak/XC79107.npy,../../Datasets/BirdClef/audio/Pheucticus ludovicianus_Rose-breasted Grosbeak/XC79107.mp3
train,Pheucticus melanocephalus_Black-headed Grosbeak,../../Datasets/BirdClef/features/Pheucticus melanocephalus_Black-headed Grosbeak/XC71962.npy,../../Datasets/BirdClef/audio/Pheucticus melanocephalus_Black-headed Grosbeak/XC71962.mp3
train,Pheucticus melanocephalus_Black-headed Grosbeak,../../Datasets/BirdClef/features/Pheucticus melanocephalus_Black-headed Grosbeak/XC419049.npy,../../Datasets/BirdClef/audio/Pheucticus melanocephalus_Black-headed Grosbeak/XC419049.mp3
train,Pheucticus melanocephalus_Black-headed Grosbeak,../../Datasets/BirdClef/features/Pheucticus melanocephalus_Black-headed Grosbeak/XC136140.npy,../../Datasets/BirdClef/audio/Pheucticus melanocephalus_Black-headed Grosbeak/XC136140.mp3
train,Pheucticus melanocephalus_Black-headed Grosbeak,../../Datasets/BirdClef/features/Pheucticus melanocephalus_Black-headed Grosbeak/XC376298.npy,../../Datasets/BirdClef/audio/Pheucticus melanocephalus_Black-headed Grosbeak/XC376298.mp3
train,Pheucticus melanocephalus_Black-headed Grosbeak,../../Datasets/BirdClef/features/Pheucticus melanocephalus_Black-headed Grosbeak/XC205391.npy,../../Datasets/BirdClef/audio/Pheucticus melanocephalus_Black-headed Grosbeak/XC205391.mp3
train,Pheugopedius genibarbis_Moustached Wren,../../Datasets/BirdClef/features/Pheugopedius genibarbis_Moustached Wren/XC404756.npy,../../Datasets/BirdClef/audio/Pheugopedius genibarbis_Moustached Wren/XC404756.mp3
train,Pheugopedius genibarbis_Moustached Wren,../../Datasets/BirdClef/features/Pheugopedius genibarbis_Moustached Wren/XC472340.npy,../../Datasets/BirdClef/audio/Pheugopedius genibarbis_Moustached Wren/XC472340.mp3
train,Pheugopedius genibarbis_Moustached Wren,../../Datasets/BirdClef/features/Pheugopedius genibarbis_Moustached Wren/XC82414.npy,../../Datasets/BirdClef/audio/Pheugopedius genibarbis_Moustached Wren/XC82414.mp3
train,Pheugopedius genibarbis_Moustached Wren,../../Datasets/BirdClef/features/Pheugopedius genibarbis_Moustached Wren/XC231031.npy,../../Datasets/BirdClef/audio/Pheugopedius genibarbis_Moustached Wren/XC231031.mp3
train,Pheugopedius genibarbis_Moustached Wren,../../Datasets/BirdClef/features/Pheugopedius genibarbis_Moustached Wren/XC231030.npy,../../Datasets/BirdClef/audio/Pheugopedius genibarbis_Moustached Wren/XC231030.mp3
train,Philydor erythrocercum_Rufous-rumped Foliage-gleaner,../../Datasets/BirdClef/features/Philydor erythrocercum_Rufous-rumped Foliage-gleaner/XC65204.npy,../../Datasets/BirdClef/audio/Philydor erythrocercum_Rufous-rumped Foliage-gleaner/XC65204.mp3
train,Philydor erythrocercum_Rufous-rumped Foliage-gleaner,../../Datasets/BirdClef/features/Philydor erythrocercum_Rufous-rumped Foliage-gleaner/XC264548.npy,../../Datasets/BirdClef/audio/Philydor erythrocercum_Rufous-rumped Foliage-gleaner/XC264548.mp3
train,Philydor erythrocercum_Rufous-rumped Foliage-gleaner,../../Datasets/BirdClef/features/Philydor erythrocercum_Rufous-rumped Foliage-gleaner/XC258198.npy,../../Datasets/BirdClef/audio/Philydor erythrocercum_Rufous-rumped Foliage-gleaner/XC258198.mp3
train,Philydor erythrocercum_Rufous-rumped Foliage-gleaner,../../Datasets/BirdClef/features/Philydor erythrocercum_Rufous-rumped Foliage-gleaner/XC10952.npy,../../Datasets/BirdClef/audio/Philydor erythrocercum_Rufous-rumped Foliage-gleaner/XC10952.mp3
train,Philydor erythrocercum_Rufous-rumped Foliage-gleaner,../../Datasets/BirdClef/features/Philydor erythrocercum_Rufous-rumped Foliage-gleaner/XC427774.npy,../../Datasets/BirdClef/audio/Philydor erythrocercum_Rufous-rumped Foliage-gleaner/XC427774.mp3
train,Philydor pyrrhodes_Cinnamon-rumped Foliage-gleaner,../../Datasets/BirdClef/features/Philydor pyrrhodes_Cinnamon-rumped Foliage-gleaner/XC79492.npy,../../Datasets/BirdClef/audio/Philydor pyrrhodes_Cinnamon-rumped Foliage-gleaner/XC79492.mp3
train,Philydor pyrrhodes_Cinnamon-rumped Foliage-gleaner,../../Datasets/BirdClef/features/Philydor pyrrhodes_Cinnamon-rumped Foliage-gleaner/XC2565.npy,../../Datasets/BirdClef/audio/Philydor pyrrhodes_Cinnamon-rumped Foliage-gleaner/XC2565.mp3
train,Philydor pyrrhodes_Cinnamon-rumped Foliage-gleaner,../../Datasets/BirdClef/features/Philydor pyrrhodes_Cinnamon-rumped Foliage-gleaner/XC87218.npy,../../Datasets/BirdClef/audio/Philydor pyrrhodes_Cinnamon-rumped Foliage-gleaner/XC87218.mp3
train,Philydor pyrrhodes_Cinnamon-rumped Foliage-gleaner,../../Datasets/BirdClef/features/Philydor pyrrhodes_Cinnamon-rumped Foliage-gleaner/XC8709.npy,../../Datasets/BirdClef/audio/Philydor pyrrhodes_Cinnamon-rumped Foliage-gleaner/XC8709.mp3
train,Philydor pyrrhodes_Cinnamon-rumped Foliage-gleaner,../../Datasets/BirdClef/features/Philydor pyrrhodes_Cinnamon-rumped Foliage-gleaner/XC398682.npy,../../Datasets/BirdClef/audio/Philydor pyrrhodes_Cinnamon-rumped Foliage-gleaner/XC398682.mp3
train,Philydor rufum_Buff-fronted Foliage-gleaner,../../Datasets/BirdClef/features/Philydor rufum_Buff-fronted Foliage-gleaner/XC344151.npy,../../Datasets/BirdClef/audio/Philydor rufum_Buff-fronted Foliage-gleaner/XC344151.mp3
train,Philydor rufum_Buff-fronted Foliage-gleaner,../../Datasets/BirdClef/features/Philydor rufum_Buff-fronted Foliage-gleaner/XC227710.npy,../../Datasets/BirdClef/audio/Philydor rufum_Buff-fronted Foliage-gleaner/XC227710.mp3
train,Philydor rufum_Buff-fronted Foliage-gleaner,../../Datasets/BirdClef/features/Philydor rufum_Buff-fronted Foliage-gleaner/XC227708.npy,../../Datasets/BirdClef/audio/Philydor rufum_Buff-fronted Foliage-gleaner/XC227708.mp3
train,Philydor rufum_Buff-fronted Foliage-gleaner,../../Datasets/BirdClef/features/Philydor rufum_Buff-fronted Foliage-gleaner/XC119068.npy,../../Datasets/BirdClef/audio/Philydor rufum_Buff-fronted Foliage-gleaner/XC119068.mp3
train,Philydor rufum_Buff-fronted Foliage-gleaner,../../Datasets/BirdClef/features/Philydor rufum_Buff-fronted Foliage-gleaner/XC419127.npy,../../Datasets/BirdClef/audio/Philydor rufum_Buff-fronted Foliage-gleaner/XC419127.mp3
train,Phlegopsis nigromaculata_Black-spotted Bare-eye,../../Datasets/BirdClef/features/Phlegopsis nigromaculata_Black-spotted Bare-eye/XC303271.npy,../../Datasets/BirdClef/audio/Phlegopsis nigromaculata_Black-spotted Bare-eye/XC303271.mp3
train,Phlegopsis nigromaculata_Black-spotted Bare-eye,../../Datasets/BirdClef/features/Phlegopsis nigromaculata_Black-spotted Bare-eye/XC2411.npy,../../Datasets/BirdClef/audio/Phlegopsis nigromaculata_Black-spotted Bare-eye/XC2411.mp3
train,Phlegopsis nigromaculata_Black-spotted Bare-eye,../../Datasets/BirdClef/features/Phlegopsis nigromaculata_Black-spotted Bare-eye/XC227722.npy,../../Datasets/BirdClef/audio/Phlegopsis nigromaculata_Black-spotted Bare-eye/XC227722.mp3
train,Phlegopsis nigromaculata_Black-spotted Bare-eye,../../Datasets/BirdClef/features/Phlegopsis nigromaculata_Black-spotted Bare-eye/XC227720.npy,../../Datasets/BirdClef/audio/Phlegopsis nigromaculata_Black-spotted Bare-eye/XC227720.mp3
train,Phlegopsis nigromaculata_Black-spotted Bare-eye,../../Datasets/BirdClef/features/Phlegopsis nigromaculata_Black-spotted Bare-eye/XC122622.npy,../../Datasets/BirdClef/audio/Phlegopsis nigromaculata_Black-spotted Bare-eye/XC122622.mp3
train,Phoenicurus ochruros_Black Redstart,../../Datasets/BirdClef/features/Phoenicurus ochruros_Black Redstart/XC468156.npy,../../Datasets/BirdClef/audio/Phoenicurus ochruros_Black Redstart/XC468156.mp3
train,Phoenicurus ochruros_Black Redstart,../../Datasets/BirdClef/features/Phoenicurus ochruros_Black Redstart/XC93480.npy,../../Datasets/BirdClef/audio/Phoenicurus ochruros_Black Redstart/XC93480.mp3
train,Phoenicurus ochruros_Black Redstart,../../Datasets/BirdClef/features/Phoenicurus ochruros_Black Redstart/XC310967.npy,../../Datasets/BirdClef/audio/Phoenicurus ochruros_Black Redstart/XC310967.mp3
train,Phoenicurus ochruros_Black Redstart,../../Datasets/BirdClef/features/Phoenicurus ochruros_Black Redstart/XC129454.npy,../../Datasets/BirdClef/audio/Phoenicurus ochruros_Black Redstart/XC129454.mp3
train,Phoenicurus ochruros_Black Redstart,../../Datasets/BirdClef/features/Phoenicurus ochruros_Black Redstart/XC57277.npy,../../Datasets/BirdClef/audio/Phoenicurus ochruros_Black Redstart/XC57277.mp3
train,Phoenicurus phoenicurus_Common Redstart,../../Datasets/BirdClef/features/Phoenicurus phoenicurus_Common Redstart/XC422266.npy,../../Datasets/BirdClef/audio/Phoenicurus phoenicurus_Common Redstart/XC422266.mp3
train,Phoenicurus phoenicurus_Common Redstart,../../Datasets/BirdClef/features/Phoenicurus phoenicurus_Common Redstart/XC378706.npy,../../Datasets/BirdClef/audio/Phoenicurus phoenicurus_Common Redstart/XC378706.mp3
train,Phoenicurus phoenicurus_Common Redstart,../../Datasets/BirdClef/features/Phoenicurus phoenicurus_Common Redstart/XC350197.npy,../../Datasets/BirdClef/audio/Phoenicurus phoenicurus_Common Redstart/XC350197.mp3
train,Phoenicurus phoenicurus_Common Redstart,../../Datasets/BirdClef/features/Phoenicurus phoenicurus_Common Redstart/XC146715.npy,../../Datasets/BirdClef/audio/Phoenicurus phoenicurus_Common Redstart/XC146715.mp3
train,Phoenicurus phoenicurus_Common Redstart,../../Datasets/BirdClef/features/Phoenicurus phoenicurus_Common Redstart/XC265109.npy,../../Datasets/BirdClef/audio/Phoenicurus phoenicurus_Common Redstart/XC265109.mp3
train,Phylloscopus collybita_Common Chiffchaff,../../Datasets/BirdClef/features/Phylloscopus collybita_Common Chiffchaff/XC196846.npy,../../Datasets/BirdClef/audio/Phylloscopus collybita_Common Chiffchaff/XC196846.mp3
train,Phylloscopus collybita_Common Chiffchaff,../../Datasets/BirdClef/features/Phylloscopus collybita_Common Chiffchaff/XC191124.npy,../../Datasets/BirdClef/audio/Phylloscopus collybita_Common Chiffchaff/XC191124.mp3
train,Phylloscopus collybita_Common Chiffchaff,../../Datasets/BirdClef/features/Phylloscopus collybita_Common Chiffchaff/XC283252.npy,../../Datasets/BirdClef/audio/Phylloscopus collybita_Common Chiffchaff/XC283252.mp3
train,Phylloscopus collybita_Common Chiffchaff,../../Datasets/BirdClef/features/Phylloscopus collybita_Common Chiffchaff/XC195752.npy,../../Datasets/BirdClef/audio/Phylloscopus collybita_Common Chiffchaff/XC195752.mp3
train,Phylloscopus collybita_Common Chiffchaff,../../Datasets/BirdClef/features/Phylloscopus collybita_Common Chiffchaff/XC195145.npy,../../Datasets/BirdClef/audio/Phylloscopus collybita_Common Chiffchaff/XC195145.mp3
train,Phylloscopus trochilus_Willow Warbler,../../Datasets/BirdClef/features/Phylloscopus trochilus_Willow Warbler/XC26756.npy,../../Datasets/BirdClef/audio/Phylloscopus trochilus_Willow Warbler/XC26756.mp3
train,Phylloscopus trochilus_Willow Warbler,../../Datasets/BirdClef/features/Phylloscopus trochilus_Willow Warbler/XC29765.npy,../../Datasets/BirdClef/audio/Phylloscopus trochilus_Willow Warbler/XC29765.mp3
train,Phylloscopus trochilus_Willow Warbler,../../Datasets/BirdClef/features/Phylloscopus trochilus_Willow Warbler/XC188228.npy,../../Datasets/BirdClef/audio/Phylloscopus trochilus_Willow Warbler/XC188228.mp3
train,Phylloscopus trochilus_Willow Warbler,../../Datasets/BirdClef/features/Phylloscopus trochilus_Willow Warbler/XC263954.npy,../../Datasets/BirdClef/audio/Phylloscopus trochilus_Willow Warbler/XC263954.mp3
train,Phylloscopus trochilus_Willow Warbler,../../Datasets/BirdClef/features/Phylloscopus trochilus_Willow Warbler/XC179644.npy,../../Datasets/BirdClef/audio/Phylloscopus trochilus_Willow Warbler/XC179644.mp3
train,Piaya cayana_Squirrel Cuckoo,../../Datasets/BirdClef/features/Piaya cayana_Squirrel Cuckoo/XC384404.npy,../../Datasets/BirdClef/audio/Piaya cayana_Squirrel Cuckoo/XC384404.mp3
train,Piaya cayana_Squirrel Cuckoo,../../Datasets/BirdClef/features/Piaya cayana_Squirrel Cuckoo/XC384725.npy,../../Datasets/BirdClef/audio/Piaya cayana_Squirrel Cuckoo/XC384725.mp3
train,Piaya cayana_Squirrel Cuckoo,../../Datasets/BirdClef/features/Piaya cayana_Squirrel Cuckoo/XC147578.npy,../../Datasets/BirdClef/audio/Piaya cayana_Squirrel Cuckoo/XC147578.mp3
train,Piaya cayana_Squirrel Cuckoo,../../Datasets/BirdClef/features/Piaya cayana_Squirrel Cuckoo/XC257708.npy,../../Datasets/BirdClef/audio/Piaya cayana_Squirrel Cuckoo/XC257708.mp3
train,Piaya cayana_Squirrel Cuckoo,../../Datasets/BirdClef/features/Piaya cayana_Squirrel Cuckoo/XC207184.npy,../../Datasets/BirdClef/audio/Piaya cayana_Squirrel Cuckoo/XC207184.mp3
train,Pica hudsonia_Black-billed Magpie,../../Datasets/BirdClef/features/Pica hudsonia_Black-billed Magpie/XC283195.npy,../../Datasets/BirdClef/audio/Pica hudsonia_Black-billed Magpie/XC283195.mp3
train,Pica hudsonia_Black-billed Magpie,../../Datasets/BirdClef/features/Pica hudsonia_Black-billed Magpie/XC139856.npy,../../Datasets/BirdClef/audio/Pica hudsonia_Black-billed Magpie/XC139856.mp3
train,Pica hudsonia_Black-billed Magpie,../../Datasets/BirdClef/features/Pica hudsonia_Black-billed Magpie/XC160327.npy,../../Datasets/BirdClef/audio/Pica hudsonia_Black-billed Magpie/XC160327.mp3
train,Pica hudsonia_Black-billed Magpie,../../Datasets/BirdClef/features/Pica hudsonia_Black-billed Magpie/XC348433.npy,../../Datasets/BirdClef/audio/Pica hudsonia_Black-billed Magpie/XC348433.mp3
train,Pica hudsonia_Black-billed Magpie,../../Datasets/BirdClef/features/Pica hudsonia_Black-billed Magpie/XC254489.npy,../../Datasets/BirdClef/audio/Pica hudsonia_Black-billed Magpie/XC254489.mp3
train,Pica pica_Eurasian Magpie,../../Datasets/BirdClef/features/Pica pica_Eurasian Magpie/XC446129.npy,../../Datasets/BirdClef/audio/Pica pica_Eurasian Magpie/XC446129.mp3
train,Pica pica_Eurasian Magpie,../../Datasets/BirdClef/features/Pica pica_Eurasian Magpie/XC252628.npy,../../Datasets/BirdClef/audio/Pica pica_Eurasian Magpie/XC252628.mp3
train,Pica pica_Eurasian Magpie,../../Datasets/BirdClef/features/Pica pica_Eurasian Magpie/XC27142.npy,../../Datasets/BirdClef/audio/Pica pica_Eurasian Magpie/XC27142.mp3
train,Pica pica_Eurasian Magpie,../../Datasets/BirdClef/features/Pica pica_Eurasian Magpie/XC182444.npy,../../Datasets/BirdClef/audio/Pica pica_Eurasian Magpie/XC182444.mp3
train,Pica pica_Eurasian Magpie,../../Datasets/BirdClef/features/Pica pica_Eurasian Magpie/XC444044.npy,../../Datasets/BirdClef/audio/Pica pica_Eurasian Magpie/XC444044.mp3
train,Picus viridis_Eurasian Green Woodpecker,../../Datasets/BirdClef/features/Picus viridis_Eurasian Green Woodpecker/XC64714.npy,../../Datasets/BirdClef/audio/Picus viridis_Eurasian Green Woodpecker/XC64714.mp3
train,Picus viridis_Eurasian Green Woodpecker,../../Datasets/BirdClef/features/Picus viridis_Eurasian Green Woodpecker/XC243615.npy,../../Datasets/BirdClef/audio/Picus viridis_Eurasian Green Woodpecker/XC243615.mp3
train,Picus viridis_Eurasian Green Woodpecker,../../Datasets/BirdClef/features/Picus viridis_Eurasian Green Woodpecker/XC40842.npy,../../Datasets/BirdClef/audio/Picus viridis_Eurasian Green Woodpecker/XC40842.mp3
train,Picus viridis_Eurasian Green Woodpecker,../../Datasets/BirdClef/features/Picus viridis_Eurasian Green Woodpecker/XC312624.npy,../../Datasets/BirdClef/audio/Picus viridis_Eurasian Green Woodpecker/XC312624.mp3
train,Picus viridis_Eurasian Green Woodpecker,../../Datasets/BirdClef/features/Picus viridis_Eurasian Green Woodpecker/XC237245.npy,../../Datasets/BirdClef/audio/Picus viridis_Eurasian Green Woodpecker/XC237245.mp3
train,Pionites leucogaster_White-bellied Parrot,../../Datasets/BirdClef/features/Pionites leucogaster_White-bellied Parrot/XC2398.npy,../../Datasets/BirdClef/audio/Pionites leucogaster_White-bellied Parrot/XC2398.mp3
train,Pionites leucogaster_White-bellied Parrot,../../Datasets/BirdClef/features/Pionites leucogaster_White-bellied Parrot/XC69147.npy,../../Datasets/BirdClef/audio/Pionites leucogaster_White-bellied Parrot/XC69147.mp3
train,Pionites leucogaster_White-bellied Parrot,../../Datasets/BirdClef/features/Pionites leucogaster_White-bellied Parrot/XC329324.npy,../../Datasets/BirdClef/audio/Pionites leucogaster_White-bellied Parrot/XC329324.mp3
train,Pionites leucogaster_White-bellied Parrot,../../Datasets/BirdClef/features/Pionites leucogaster_White-bellied Parrot/XC85334.npy,../../Datasets/BirdClef/audio/Pionites leucogaster_White-bellied Parrot/XC85334.mp3
train,Pionites leucogaster_White-bellied Parrot,../../Datasets/BirdClef/features/Pionites leucogaster_White-bellied Parrot/XC119195.npy,../../Datasets/BirdClef/audio/Pionites leucogaster_White-bellied Parrot/XC119195.mp3
train,Pionus menstruus_Blue-headed Parrot,../../Datasets/BirdClef/features/Pionus menstruus_Blue-headed Parrot/XC493158.npy,../../Datasets/BirdClef/audio/Pionus menstruus_Blue-headed Parrot/XC493158.mp3
train,Pionus menstruus_Blue-headed Parrot,../../Datasets/BirdClef/features/Pionus menstruus_Blue-headed Parrot/XC415538.npy,../../Datasets/BirdClef/audio/Pionus menstruus_Blue-headed Parrot/XC415538.mp3
train,Pionus menstruus_Blue-headed Parrot,../../Datasets/BirdClef/features/Pionus menstruus_Blue-headed Parrot/XC228127.npy,../../Datasets/BirdClef/audio/Pionus menstruus_Blue-headed Parrot/XC228127.mp3
train,Pionus menstruus_Blue-headed Parrot,../../Datasets/BirdClef/features/Pionus menstruus_Blue-headed Parrot/XC12181.npy,../../Datasets/BirdClef/audio/Pionus menstruus_Blue-headed Parrot/XC12181.mp3
train,Pionus menstruus_Blue-headed Parrot,../../Datasets/BirdClef/features/Pionus menstruus_Blue-headed Parrot/XC228130.npy,../../Datasets/BirdClef/audio/Pionus menstruus_Blue-headed Parrot/XC228130.mp3
train,Pipilo chlorurus_Green-tailed Towhee,../../Datasets/BirdClef/features/Pipilo chlorurus_Green-tailed Towhee/XC72241.npy,../../Datasets/BirdClef/audio/Pipilo chlorurus_Green-tailed Towhee/XC72241.mp3
train,Pipilo chlorurus_Green-tailed Towhee,../../Datasets/BirdClef/features/Pipilo chlorurus_Green-tailed Towhee/XC450537.npy,../../Datasets/BirdClef/audio/Pipilo chlorurus_Green-tailed Towhee/XC450537.mp3
train,Pipilo chlorurus_Green-tailed Towhee,../../Datasets/BirdClef/features/Pipilo chlorurus_Green-tailed Towhee/XC112052.npy,../../Datasets/BirdClef/audio/Pipilo chlorurus_Green-tailed Towhee/XC112052.mp3
train,Pipilo chlorurus_Green-tailed Towhee,../../Datasets/BirdClef/features/Pipilo chlorurus_Green-tailed Towhee/XC105331.npy,../../Datasets/BirdClef/audio/Pipilo chlorurus_Green-tailed Towhee/XC105331.mp3
train,Pipilo chlorurus_Green-tailed Towhee,../../Datasets/BirdClef/features/Pipilo chlorurus_Green-tailed Towhee/XC99802.npy,../../Datasets/BirdClef/audio/Pipilo chlorurus_Green-tailed Towhee/XC99802.mp3
train,Pipilo erythrophthalmus_Eastern Towhee,../../Datasets/BirdClef/features/Pipilo erythrophthalmus_Eastern Towhee/XC466364.npy,../../Datasets/BirdClef/audio/Pipilo erythrophthalmus_Eastern Towhee/XC466364.mp3
train,Pipilo erythrophthalmus_Eastern Towhee,../../Datasets/BirdClef/features/Pipilo erythrophthalmus_Eastern Towhee/XC109895.npy,../../Datasets/BirdClef/audio/Pipilo erythrophthalmus_Eastern Towhee/XC109895.mp3
train,Pipilo erythrophthalmus_Eastern Towhee,../../Datasets/BirdClef/features/Pipilo erythrophthalmus_Eastern Towhee/XC315600.npy,../../Datasets/BirdClef/audio/Pipilo erythrophthalmus_Eastern Towhee/XC315600.mp3
train,Pipilo erythrophthalmus_Eastern Towhee,../../Datasets/BirdClef/features/Pipilo erythrophthalmus_Eastern Towhee/XC315602.npy,../../Datasets/BirdClef/audio/Pipilo erythrophthalmus_Eastern Towhee/XC315602.mp3
train,Pipilo erythrophthalmus_Eastern Towhee,../../Datasets/BirdClef/features/Pipilo erythrophthalmus_Eastern Towhee/XC410054.npy,../../Datasets/BirdClef/audio/Pipilo erythrophthalmus_Eastern Towhee/XC410054.mp3
train,Pipilo maculatus_Spotted Towhee,../../Datasets/BirdClef/features/Pipilo maculatus_Spotted Towhee/XC159685.npy,../../Datasets/BirdClef/audio/Pipilo maculatus_Spotted Towhee/XC159685.mp3
train,Pipilo maculatus_Spotted Towhee,../../Datasets/BirdClef/features/Pipilo maculatus_Spotted Towhee/XC185532.npy,../../Datasets/BirdClef/audio/Pipilo maculatus_Spotted Towhee/XC185532.mp3
train,Pipilo maculatus_Spotted Towhee,../../Datasets/BirdClef/features/Pipilo maculatus_Spotted Towhee/XC34581.npy,../../Datasets/BirdClef/audio/Pipilo maculatus_Spotted Towhee/XC34581.mp3
train,Pipilo maculatus_Spotted Towhee,../../Datasets/BirdClef/features/Pipilo maculatus_Spotted Towhee/XC172198.npy,../../Datasets/BirdClef/audio/Pipilo maculatus_Spotted Towhee/XC172198.mp3
train,Pipilo maculatus_Spotted Towhee,../../Datasets/BirdClef/features/Pipilo maculatus_Spotted Towhee/XC183584.npy,../../Datasets/BirdClef/audio/Pipilo maculatus_Spotted Towhee/XC183584.mp3
train,Pipra fasciicauda_Band-tailed Manakin,../../Datasets/BirdClef/features/Pipra fasciicauda_Band-tailed Manakin/XC386071.npy,../../Datasets/BirdClef/audio/Pipra fasciicauda_Band-tailed Manakin/XC386071.mp3
train,Pipra fasciicauda_Band-tailed Manakin,../../Datasets/BirdClef/features/Pipra fasciicauda_Band-tailed Manakin/XC404913.npy,../../Datasets/BirdClef/audio/Pipra fasciicauda_Band-tailed Manakin/XC404913.mp3
train,Pipra fasciicauda_Band-tailed Manakin,../../Datasets/BirdClef/features/Pipra fasciicauda_Band-tailed Manakin/XC60543.npy,../../Datasets/BirdClef/audio/Pipra fasciicauda_Band-tailed Manakin/XC60543.mp3
train,Pipra fasciicauda_Band-tailed Manakin,../../Datasets/BirdClef/features/Pipra fasciicauda_Band-tailed Manakin/XC50076.npy,../../Datasets/BirdClef/audio/Pipra fasciicauda_Band-tailed Manakin/XC50076.mp3
train,Pipra fasciicauda_Band-tailed Manakin,../../Datasets/BirdClef/features/Pipra fasciicauda_Band-tailed Manakin/XC51518.npy,../../Datasets/BirdClef/audio/Pipra fasciicauda_Band-tailed Manakin/XC51518.mp3
train,Piprites chloris_Wing-barred Piprites,../../Datasets/BirdClef/features/Piprites chloris_Wing-barred Piprites/XC259123.npy,../../Datasets/BirdClef/audio/Piprites chloris_Wing-barred Piprites/XC259123.mp3
train,Piprites chloris_Wing-barred Piprites,../../Datasets/BirdClef/features/Piprites chloris_Wing-barred Piprites/XC228284.npy,../../Datasets/BirdClef/audio/Piprites chloris_Wing-barred Piprites/XC228284.mp3
train,Piprites chloris_Wing-barred Piprites,../../Datasets/BirdClef/features/Piprites chloris_Wing-barred Piprites/XC119399.npy,../../Datasets/BirdClef/audio/Piprites chloris_Wing-barred Piprites/XC119399.mp3
train,Piprites chloris_Wing-barred Piprites,../../Datasets/BirdClef/features/Piprites chloris_Wing-barred Piprites/XC14541.npy,../../Datasets/BirdClef/audio/Piprites chloris_Wing-barred Piprites/XC14541.mp3
train,Piprites chloris_Wing-barred Piprites,../../Datasets/BirdClef/features/Piprites chloris_Wing-barred Piprites/XC56615.npy,../../Datasets/BirdClef/audio/Piprites chloris_Wing-barred Piprites/XC56615.mp3
train,Piranga ludoviciana_Western Tanager,../../Datasets/BirdClef/features/Piranga ludoviciana_Western Tanager/XC484149.npy,../../Datasets/BirdClef/audio/Piranga ludoviciana_Western Tanager/XC484149.mp3
train,Piranga ludoviciana_Western Tanager,../../Datasets/BirdClef/features/Piranga ludoviciana_Western Tanager/XC278610.npy,../../Datasets/BirdClef/audio/Piranga ludoviciana_Western Tanager/XC278610.mp3
train,Piranga ludoviciana_Western Tanager,../../Datasets/BirdClef/features/Piranga ludoviciana_Western Tanager/XC373383.npy,../../Datasets/BirdClef/audio/Piranga ludoviciana_Western Tanager/XC373383.mp3
train,Piranga ludoviciana_Western Tanager,../../Datasets/BirdClef/features/Piranga ludoviciana_Western Tanager/XC489341.npy,../../Datasets/BirdClef/audio/Piranga ludoviciana_Western Tanager/XC489341.mp3
train,Piranga ludoviciana_Western Tanager,../../Datasets/BirdClef/features/Piranga ludoviciana_Western Tanager/XC383031.npy,../../Datasets/BirdClef/audio/Piranga ludoviciana_Western Tanager/XC383031.mp3
train,Piranga olivacea_Scarlet Tanager,../../Datasets/BirdClef/features/Piranga olivacea_Scarlet Tanager/XC179309.npy,../../Datasets/BirdClef/audio/Piranga olivacea_Scarlet Tanager/XC179309.mp3
train,Piranga olivacea_Scarlet Tanager,../../Datasets/BirdClef/features/Piranga olivacea_Scarlet Tanager/XC101746.npy,../../Datasets/BirdClef/audio/Piranga olivacea_Scarlet Tanager/XC101746.mp3
train,Piranga olivacea_Scarlet Tanager,../../Datasets/BirdClef/features/Piranga olivacea_Scarlet Tanager/XC101629.npy,../../Datasets/BirdClef/audio/Piranga olivacea_Scarlet Tanager/XC101629.mp3
train,Piranga olivacea_Scarlet Tanager,../../Datasets/BirdClef/features/Piranga olivacea_Scarlet Tanager/XC54419.npy,../../Datasets/BirdClef/audio/Piranga olivacea_Scarlet Tanager/XC54419.mp3
train,Piranga olivacea_Scarlet Tanager,../../Datasets/BirdClef/features/Piranga olivacea_Scarlet Tanager/XC495603.npy,../../Datasets/BirdClef/audio/Piranga olivacea_Scarlet Tanager/XC495603.mp3
train,Piranga rubra_Summer Tanager,../../Datasets/BirdClef/features/Piranga rubra_Summer Tanager/XC305072.npy,../../Datasets/BirdClef/audio/Piranga rubra_Summer Tanager/XC305072.mp3
train,Piranga rubra_Summer Tanager,../../Datasets/BirdClef/features/Piranga rubra_Summer Tanager/XC368753.npy,../../Datasets/BirdClef/audio/Piranga rubra_Summer Tanager/XC368753.mp3
train,Piranga rubra_Summer Tanager,../../Datasets/BirdClef/features/Piranga rubra_Summer Tanager/XC35098.npy,../../Datasets/BirdClef/audio/Piranga rubra_Summer Tanager/XC35098.mp3
train,Piranga rubra_Summer Tanager,../../Datasets/BirdClef/features/Piranga rubra_Summer Tanager/XC135701.npy,../../Datasets/BirdClef/audio/Piranga rubra_Summer Tanager/XC135701.mp3
train,Piranga rubra_Summer Tanager,../../Datasets/BirdClef/features/Piranga rubra_Summer Tanager/XC264838.npy,../../Datasets/BirdClef/audio/Piranga rubra_Summer Tanager/XC264838.mp3
train,Pitangus lictor_Lesser Kiskadee,../../Datasets/BirdClef/features/Pitangus lictor_Lesser Kiskadee/XC60523.npy,../../Datasets/BirdClef/audio/Pitangus lictor_Lesser Kiskadee/XC60523.mp3
train,Pitangus lictor_Lesser Kiskadee,../../Datasets/BirdClef/features/Pitangus lictor_Lesser Kiskadee/XC258979.npy,../../Datasets/BirdClef/audio/Pitangus lictor_Lesser Kiskadee/XC258979.mp3
train,Pitangus lictor_Lesser Kiskadee,../../Datasets/BirdClef/features/Pitangus lictor_Lesser Kiskadee/XC462689.npy,../../Datasets/BirdClef/audio/Pitangus lictor_Lesser Kiskadee/XC462689.mp3
train,Pitangus lictor_Lesser Kiskadee,../../Datasets/BirdClef/features/Pitangus lictor_Lesser Kiskadee/XC135773.npy,../../Datasets/BirdClef/audio/Pitangus lictor_Lesser Kiskadee/XC135773.mp3
train,Pitangus lictor_Lesser Kiskadee,../../Datasets/BirdClef/features/Pitangus lictor_Lesser Kiskadee/XC227688.npy,../../Datasets/BirdClef/audio/Pitangus lictor_Lesser Kiskadee/XC227688.mp3
train,Pitangus sulphuratus_Great Kiskadee,../../Datasets/BirdClef/features/Pitangus sulphuratus_Great Kiskadee/XC424252.npy,../../Datasets/BirdClef/audio/Pitangus sulphuratus_Great Kiskadee/XC424252.mp3
train,Pitangus sulphuratus_Great Kiskadee,../../Datasets/BirdClef/features/Pitangus sulphuratus_Great Kiskadee/XC307456.npy,../../Datasets/BirdClef/audio/Pitangus sulphuratus_Great Kiskadee/XC307456.mp3
train,Pitangus sulphuratus_Great Kiskadee,../../Datasets/BirdClef/features/Pitangus sulphuratus_Great Kiskadee/XC233434.npy,../../Datasets/BirdClef/audio/Pitangus sulphuratus_Great Kiskadee/XC233434.mp3
train,Pitangus sulphuratus_Great Kiskadee,../../Datasets/BirdClef/features/Pitangus sulphuratus_Great Kiskadee/XC314696.npy,../../Datasets/BirdClef/audio/Pitangus sulphuratus_Great Kiskadee/XC314696.mp3
train,Pitangus sulphuratus_Great Kiskadee,../../Datasets/BirdClef/features/Pitangus sulphuratus_Great Kiskadee/XC140610.npy,../../Datasets/BirdClef/audio/Pitangus sulphuratus_Great Kiskadee/XC140610.mp3
train,Platyrinchus coronatus_Golden-crowned Spadebill,../../Datasets/BirdClef/features/Platyrinchus coronatus_Golden-crowned Spadebill/XC76075.npy,../../Datasets/BirdClef/audio/Platyrinchus coronatus_Golden-crowned Spadebill/XC76075.mp3
train,Platyrinchus coronatus_Golden-crowned Spadebill,../../Datasets/BirdClef/features/Platyrinchus coronatus_Golden-crowned Spadebill/XC248439.npy,../../Datasets/BirdClef/audio/Platyrinchus coronatus_Golden-crowned Spadebill/XC248439.mp3
train,Platyrinchus coronatus_Golden-crowned Spadebill,../../Datasets/BirdClef/features/Platyrinchus coronatus_Golden-crowned Spadebill/XC36532.npy,../../Datasets/BirdClef/audio/Platyrinchus coronatus_Golden-crowned Spadebill/XC36532.mp3
train,Platyrinchus coronatus_Golden-crowned Spadebill,../../Datasets/BirdClef/features/Platyrinchus coronatus_Golden-crowned Spadebill/XC27095.npy,../../Datasets/BirdClef/audio/Platyrinchus coronatus_Golden-crowned Spadebill/XC27095.mp3
train,Platyrinchus coronatus_Golden-crowned Spadebill,../../Datasets/BirdClef/features/Platyrinchus coronatus_Golden-crowned Spadebill/XC262200.npy,../../Datasets/BirdClef/audio/Platyrinchus coronatus_Golden-crowned Spadebill/XC262200.mp3
train,Platyrinchus platyrhynchos_White-crested Spadebill,../../Datasets/BirdClef/features/Platyrinchus platyrhynchos_White-crested Spadebill/XC126047.npy,../../Datasets/BirdClef/audio/Platyrinchus platyrhynchos_White-crested Spadebill/XC126047.mp3
train,Platyrinchus platyrhynchos_White-crested Spadebill,../../Datasets/BirdClef/features/Platyrinchus platyrhynchos_White-crested Spadebill/XC430478.npy,../../Datasets/BirdClef/audio/Platyrinchus platyrhynchos_White-crested Spadebill/XC430478.mp3
train,Platyrinchus platyrhynchos_White-crested Spadebill,../../Datasets/BirdClef/features/Platyrinchus platyrhynchos_White-crested Spadebill/XC395118.npy,../../Datasets/BirdClef/audio/Platyrinchus platyrhynchos_White-crested Spadebill/XC395118.mp3
train,Platyrinchus platyrhynchos_White-crested Spadebill,../../Datasets/BirdClef/features/Platyrinchus platyrhynchos_White-crested Spadebill/XC11442.npy,../../Datasets/BirdClef/audio/Platyrinchus platyrhynchos_White-crested Spadebill/XC11442.mp3
train,Platyrinchus platyrhynchos_White-crested Spadebill,../../Datasets/BirdClef/features/Platyrinchus platyrhynchos_White-crested Spadebill/XC264701.npy,../../Datasets/BirdClef/audio/Platyrinchus platyrhynchos_White-crested Spadebill/XC264701.mp3
train,Plegadis chihi_White-faced Ibis,../../Datasets/BirdClef/features/Plegadis chihi_White-faced Ibis/XC273319.npy,../../Datasets/BirdClef/audio/Plegadis chihi_White-faced Ibis/XC273319.mp3
train,Plegadis chihi_White-faced Ibis,../../Datasets/BirdClef/features/Plegadis chihi_White-faced Ibis/XC18384.npy,../../Datasets/BirdClef/audio/Plegadis chihi_White-faced Ibis/XC18384.mp3
train,Plegadis chihi_White-faced Ibis,../../Datasets/BirdClef/features/Plegadis chihi_White-faced Ibis/XC368518.npy,../../Datasets/BirdClef/audio/Plegadis chihi_White-faced Ibis/XC368518.mp3
train,Plegadis chihi_White-faced Ibis,../../Datasets/BirdClef/features/Plegadis chihi_White-faced Ibis/XC109188.npy,../../Datasets/BirdClef/audio/Plegadis chihi_White-faced Ibis/XC109188.mp3
train,Plegadis chihi_White-faced Ibis,../../Datasets/BirdClef/features/Plegadis chihi_White-faced Ibis/XC455508.npy,../../Datasets/BirdClef/audio/Plegadis chihi_White-faced Ibis/XC455508.mp3
train,Plegadis falcinellus_Glossy Ibis,../../Datasets/BirdClef/features/Plegadis falcinellus_Glossy Ibis/XC263288.npy,../../Datasets/BirdClef/audio/Plegadis falcinellus_Glossy Ibis/XC263288.mp3
train,Plegadis falcinellus_Glossy Ibis,../../Datasets/BirdClef/features/Plegadis falcinellus_Glossy Ibis/XC383291.npy,../../Datasets/BirdClef/audio/Plegadis falcinellus_Glossy Ibis/XC383291.mp3
train,Plegadis falcinellus_Glossy Ibis,../../Datasets/BirdClef/features/Plegadis falcinellus_Glossy Ibis/XC417660.npy,../../Datasets/BirdClef/audio/Plegadis falcinellus_Glossy Ibis/XC417660.mp3
train,Plegadis falcinellus_Glossy Ibis,../../Datasets/BirdClef/features/Plegadis falcinellus_Glossy Ibis/XC464845.npy,../../Datasets/BirdClef/audio/Plegadis falcinellus_Glossy Ibis/XC464845.mp3
train,Plegadis falcinellus_Glossy Ibis,../../Datasets/BirdClef/features/Plegadis falcinellus_Glossy Ibis/XC98707.npy,../../Datasets/BirdClef/audio/Plegadis falcinellus_Glossy Ibis/XC98707.mp3
train,Pluvialis dominica_American Golden-Plover,../../Datasets/BirdClef/features/Pluvialis dominica_American Golden-Plover/XC323107.npy,../../Datasets/BirdClef/audio/Pluvialis dominica_American Golden-Plover/XC323107.mp3
train,Pluvialis dominica_American Golden-Plover,../../Datasets/BirdClef/features/Pluvialis dominica_American Golden-Plover/XC51114.npy,../../Datasets/BirdClef/audio/Pluvialis dominica_American Golden-Plover/XC51114.mp3
train,Pluvialis dominica_American Golden-Plover,../../Datasets/BirdClef/features/Pluvialis dominica_American Golden-Plover/XC127496.npy,../../Datasets/BirdClef/audio/Pluvialis dominica_American Golden-Plover/XC127496.mp3
train,Pluvialis dominica_American Golden-Plover,../../Datasets/BirdClef/features/Pluvialis dominica_American Golden-Plover/XC149499.npy,../../Datasets/BirdClef/audio/Pluvialis dominica_American Golden-Plover/XC149499.mp3
train,Pluvialis dominica_American Golden-Plover,../../Datasets/BirdClef/features/Pluvialis dominica_American Golden-Plover/XC406170.npy,../../Datasets/BirdClef/audio/Pluvialis dominica_American Golden-Plover/XC406170.mp3
train,Podiceps auritus_Horned Grebe,../../Datasets/BirdClef/features/Podiceps auritus_Horned Grebe/XC181793.npy,../../Datasets/BirdClef/audio/Podiceps auritus_Horned Grebe/XC181793.mp3
train,Podiceps auritus_Horned Grebe,../../Datasets/BirdClef/features/Podiceps auritus_Horned Grebe/XC83955.npy,../../Datasets/BirdClef/audio/Podiceps auritus_Horned Grebe/XC83955.mp3
train,Podiceps auritus_Horned Grebe,../../Datasets/BirdClef/features/Podiceps auritus_Horned Grebe/XC488005.npy,../../Datasets/BirdClef/audio/Podiceps auritus_Horned Grebe/XC488005.mp3
train,Podiceps auritus_Horned Grebe,../../Datasets/BirdClef/features/Podiceps auritus_Horned Grebe/XC103563.npy,../../Datasets/BirdClef/audio/Podiceps auritus_Horned Grebe/XC103563.mp3
train,Podiceps auritus_Horned Grebe,../../Datasets/BirdClef/features/Podiceps auritus_Horned Grebe/XC488019.npy,../../Datasets/BirdClef/audio/Podiceps auritus_Horned Grebe/XC488019.mp3
train,Podiceps cristatus_Great Crested Grebe,../../Datasets/BirdClef/features/Podiceps cristatus_Great Crested Grebe/XC144568.npy,../../Datasets/BirdClef/audio/Podiceps cristatus_Great Crested Grebe/XC144568.mp3
train,Podiceps cristatus_Great Crested Grebe,../../Datasets/BirdClef/features/Podiceps cristatus_Great Crested Grebe/XC340742.npy,../../Datasets/BirdClef/audio/Podiceps cristatus_Great Crested Grebe/XC340742.mp3
train,Podiceps cristatus_Great Crested Grebe,../../Datasets/BirdClef/features/Podiceps cristatus_Great Crested Grebe/XC426209.npy,../../Datasets/BirdClef/audio/Podiceps cristatus_Great Crested Grebe/XC426209.mp3
train,Podiceps cristatus_Great Crested Grebe,../../Datasets/BirdClef/features/Podiceps cristatus_Great Crested Grebe/XC340743.npy,../../Datasets/BirdClef/audio/Podiceps cristatus_Great Crested Grebe/XC340743.mp3
train,Podiceps cristatus_Great Crested Grebe,../../Datasets/BirdClef/features/Podiceps cristatus_Great Crested Grebe/XC182415.npy,../../Datasets/BirdClef/audio/Podiceps cristatus_Great Crested Grebe/XC182415.mp3
train,Podiceps grisegena_Red-necked Grebe,../../Datasets/BirdClef/features/Podiceps grisegena_Red-necked Grebe/XC320448.npy,../../Datasets/BirdClef/audio/Podiceps grisegena_Red-necked Grebe/XC320448.mp3
train,Podiceps grisegena_Red-necked Grebe,../../Datasets/BirdClef/features/Podiceps grisegena_Red-necked Grebe/XC253047.npy,../../Datasets/BirdClef/audio/Podiceps grisegena_Red-necked Grebe/XC253047.mp3
train,Podiceps grisegena_Red-necked Grebe,../../Datasets/BirdClef/features/Podiceps grisegena_Red-necked Grebe/XC232870.npy,../../Datasets/BirdClef/audio/Podiceps grisegena_Red-necked Grebe/XC232870.mp3
train,Podiceps grisegena_Red-necked Grebe,../../Datasets/BirdClef/features/Podiceps grisegena_Red-necked Grebe/XC179929.npy,../../Datasets/BirdClef/audio/Podiceps grisegena_Red-necked Grebe/XC179929.mp3
train,Podiceps grisegena_Red-necked Grebe,../../Datasets/BirdClef/features/Podiceps grisegena_Red-necked Grebe/XC381920.npy,../../Datasets/BirdClef/audio/Podiceps grisegena_Red-necked Grebe/XC381920.mp3
train,Podiceps nigricollis_Eared Grebe,../../Datasets/BirdClef/features/Podiceps nigricollis_Eared Grebe/XC110082.npy,../../Datasets/BirdClef/audio/Podiceps nigricollis_Eared Grebe/XC110082.mp3
train,Podiceps nigricollis_Eared Grebe,../../Datasets/BirdClef/features/Podiceps nigricollis_Eared Grebe/XC331144.npy,../../Datasets/BirdClef/audio/Podiceps nigricollis_Eared Grebe/XC331144.mp3
train,Podiceps nigricollis_Eared Grebe,../../Datasets/BirdClef/features/Podiceps nigricollis_Eared Grebe/XC102512.npy,../../Datasets/BirdClef/audio/Podiceps nigricollis_Eared Grebe/XC102512.mp3
train,Podiceps nigricollis_Eared Grebe,../../Datasets/BirdClef/features/Podiceps nigricollis_Eared Grebe/XC70456.npy,../../Datasets/BirdClef/audio/Podiceps nigricollis_Eared Grebe/XC70456.mp3
train,Podiceps nigricollis_Eared Grebe,../../Datasets/BirdClef/features/Podiceps nigricollis_Eared Grebe/XC364457.npy,../../Datasets/BirdClef/audio/Podiceps nigricollis_Eared Grebe/XC364457.mp3
train,Podilymbus podiceps_Pied-billed Grebe,../../Datasets/BirdClef/features/Podilymbus podiceps_Pied-billed Grebe/XC454672.npy,../../Datasets/BirdClef/audio/Podilymbus podiceps_Pied-billed Grebe/XC454672.mp3
train,Podilymbus podiceps_Pied-billed Grebe,../../Datasets/BirdClef/features/Podilymbus podiceps_Pied-billed Grebe/XC59973.npy,../../Datasets/BirdClef/audio/Podilymbus podiceps_Pied-billed Grebe/XC59973.mp3
train,Podilymbus podiceps_Pied-billed Grebe,../../Datasets/BirdClef/features/Podilymbus podiceps_Pied-billed Grebe/XC216673.npy,../../Datasets/BirdClef/audio/Podilymbus podiceps_Pied-billed Grebe/XC216673.mp3
train,Podilymbus podiceps_Pied-billed Grebe,../../Datasets/BirdClef/features/Podilymbus podiceps_Pied-billed Grebe/XC408860.npy,../../Datasets/BirdClef/audio/Podilymbus podiceps_Pied-billed Grebe/XC408860.mp3
train,Podilymbus podiceps_Pied-billed Grebe,../../Datasets/BirdClef/features/Podilymbus podiceps_Pied-billed Grebe/XC349623.npy,../../Datasets/BirdClef/audio/Podilymbus podiceps_Pied-billed Grebe/XC349623.mp3
train,Poecile atricapillus_Black-capped Chickadee,../../Datasets/BirdClef/features/Poecile atricapillus_Black-capped Chickadee/XC86760.npy,../../Datasets/BirdClef/audio/Poecile atricapillus_Black-capped Chickadee/XC86760.mp3
train,Poecile atricapillus_Black-capped Chickadee,../../Datasets/BirdClef/features/Poecile atricapillus_Black-capped Chickadee/XC210516.npy,../../Datasets/BirdClef/audio/Poecile atricapillus_Black-capped Chickadee/XC210516.mp3
train,Poecile atricapillus_Black-capped Chickadee,../../Datasets/BirdClef/features/Poecile atricapillus_Black-capped Chickadee/XC298451.npy,../../Datasets/BirdClef/audio/Poecile atricapillus_Black-capped Chickadee/XC298451.mp3
train,Poecile atricapillus_Black-capped Chickadee,../../Datasets/BirdClef/features/Poecile atricapillus_Black-capped Chickadee/XC175038.npy,../../Datasets/BirdClef/audio/Poecile atricapillus_Black-capped Chickadee/XC175038.mp3
train,Poecile atricapillus_Black-capped Chickadee,../../Datasets/BirdClef/features/Poecile atricapillus_Black-capped Chickadee/XC284487.npy,../../Datasets/BirdClef/audio/Poecile atricapillus_Black-capped Chickadee/XC284487.mp3
train,Poecile gambeli_Mountain Chickadee,../../Datasets/BirdClef/features/Poecile gambeli_Mountain Chickadee/XC71783.npy,../../Datasets/BirdClef/audio/Poecile gambeli_Mountain Chickadee/XC71783.mp3
train,Poecile gambeli_Mountain Chickadee,../../Datasets/BirdClef/features/Poecile gambeli_Mountain Chickadee/XC71787.npy,../../Datasets/BirdClef/audio/Poecile gambeli_Mountain Chickadee/XC71787.mp3
train,Poecile gambeli_Mountain Chickadee,../../Datasets/BirdClef/features/Poecile gambeli_Mountain Chickadee/XC240244.npy,../../Datasets/BirdClef/audio/Poecile gambeli_Mountain Chickadee/XC240244.mp3
train,Poecile gambeli_Mountain Chickadee,../../Datasets/BirdClef/features/Poecile gambeli_Mountain Chickadee/XC494394.npy,../../Datasets/BirdClef/audio/Poecile gambeli_Mountain Chickadee/XC494394.mp3
train,Poecile gambeli_Mountain Chickadee,../../Datasets/BirdClef/features/Poecile gambeli_Mountain Chickadee/XC76626.npy,../../Datasets/BirdClef/audio/Poecile gambeli_Mountain Chickadee/XC76626.mp3
train,Poecile palustris_Marsh Tit,../../Datasets/BirdClef/features/Poecile palustris_Marsh Tit/XC361781.npy,../../Datasets/BirdClef/audio/Poecile palustris_Marsh Tit/XC361781.mp3
train,Poecile palustris_Marsh Tit,../../Datasets/BirdClef/features/Poecile palustris_Marsh Tit/XC406347.npy,../../Datasets/BirdClef/audio/Poecile palustris_Marsh Tit/XC406347.mp3
train,Poecile palustris_Marsh Tit,../../Datasets/BirdClef/features/Poecile palustris_Marsh Tit/XC31143.npy,../../Datasets/BirdClef/audio/Poecile palustris_Marsh Tit/XC31143.mp3
train,Poecile palustris_Marsh Tit,../../Datasets/BirdClef/features/Poecile palustris_Marsh Tit/XC129213.npy,../../Datasets/BirdClef/audio/Poecile palustris_Marsh Tit/XC129213.mp3
train,Poecile palustris_Marsh Tit,../../Datasets/BirdClef/features/Poecile palustris_Marsh Tit/XC161534.npy,../../Datasets/BirdClef/audio/Poecile palustris_Marsh Tit/XC161534.mp3
train,Poecilotriccus latirostris_Rusty-fronted Tody-Flycatcher,../../Datasets/BirdClef/features/Poecilotriccus latirostris_Rusty-fronted Tody-Flycatcher/XC249852.npy,../../Datasets/BirdClef/audio/Poecilotriccus latirostris_Rusty-fronted Tody-Flycatcher/XC249852.mp3
train,Poecilotriccus latirostris_Rusty-fronted Tody-Flycatcher,../../Datasets/BirdClef/features/Poecilotriccus latirostris_Rusty-fronted Tody-Flycatcher/XC332207.npy,../../Datasets/BirdClef/audio/Poecilotriccus latirostris_Rusty-fronted Tody-Flycatcher/XC332207.mp3
train,Poecilotriccus latirostris_Rusty-fronted Tody-Flycatcher,../../Datasets/BirdClef/features/Poecilotriccus latirostris_Rusty-fronted Tody-Flycatcher/XC231314.npy,../../Datasets/BirdClef/audio/Poecilotriccus latirostris_Rusty-fronted Tody-Flycatcher/XC231314.mp3
train,Poecilotriccus latirostris_Rusty-fronted Tody-Flycatcher,../../Datasets/BirdClef/features/Poecilotriccus latirostris_Rusty-fronted Tody-Flycatcher/XC38717.npy,../../Datasets/BirdClef/audio/Poecilotriccus latirostris_Rusty-fronted Tody-Flycatcher/XC38717.mp3
train,Poecilotriccus latirostris_Rusty-fronted Tody-Flycatcher,../../Datasets/BirdClef/features/Poecilotriccus latirostris_Rusty-fronted Tody-Flycatcher/XC452939.npy,../../Datasets/BirdClef/audio/Poecilotriccus latirostris_Rusty-fronted Tody-Flycatcher/XC452939.mp3
train,Polioptila caerulea_Blue-gray Gnatcatcher,../../Datasets/BirdClef/features/Polioptila caerulea_Blue-gray Gnatcatcher/XC205431.npy,../../Datasets/BirdClef/audio/Polioptila caerulea_Blue-gray Gnatcatcher/XC205431.mp3
train,Polioptila caerulea_Blue-gray Gnatcatcher,../../Datasets/BirdClef/features/Polioptila caerulea_Blue-gray Gnatcatcher/XC416745.npy,../../Datasets/BirdClef/audio/Polioptila caerulea_Blue-gray Gnatcatcher/XC416745.mp3
train,Polioptila caerulea_Blue-gray Gnatcatcher,../../Datasets/BirdClef/features/Polioptila caerulea_Blue-gray Gnatcatcher/XC34809.npy,../../Datasets/BirdClef/audio/Polioptila caerulea_Blue-gray Gnatcatcher/XC34809.mp3
train,Polioptila caerulea_Blue-gray Gnatcatcher,../../Datasets/BirdClef/features/Polioptila caerulea_Blue-gray Gnatcatcher/XC247308.npy,../../Datasets/BirdClef/audio/Polioptila caerulea_Blue-gray Gnatcatcher/XC247308.mp3
train,Polioptila caerulea_Blue-gray Gnatcatcher,../../Datasets/BirdClef/features/Polioptila caerulea_Blue-gray Gnatcatcher/XC71913.npy,../../Datasets/BirdClef/audio/Polioptila caerulea_Blue-gray Gnatcatcher/XC71913.mp3
train,Pooecetes gramineus_Vesper Sparrow,../../Datasets/BirdClef/features/Pooecetes gramineus_Vesper Sparrow/XC135704.npy,../../Datasets/BirdClef/audio/Pooecetes gramineus_Vesper Sparrow/XC135704.mp3
train,Pooecetes gramineus_Vesper Sparrow,../../Datasets/BirdClef/features/Pooecetes gramineus_Vesper Sparrow/XC102962.npy,../../Datasets/BirdClef/audio/Pooecetes gramineus_Vesper Sparrow/XC102962.mp3
train,Pooecetes gramineus_Vesper Sparrow,../../Datasets/BirdClef/features/Pooecetes gramineus_Vesper Sparrow/XC462210.npy,../../Datasets/BirdClef/audio/Pooecetes gramineus_Vesper Sparrow/XC462210.mp3
train,Pooecetes gramineus_Vesper Sparrow,../../Datasets/BirdClef/features/Pooecetes gramineus_Vesper Sparrow/XC15030.npy,../../Datasets/BirdClef/audio/Pooecetes gramineus_Vesper Sparrow/XC15030.mp3
train,Pooecetes gramineus_Vesper Sparrow,../../Datasets/BirdClef/features/Pooecetes gramineus_Vesper Sparrow/XC160524.npy,../../Datasets/BirdClef/audio/Pooecetes gramineus_Vesper Sparrow/XC160524.mp3
train,Porphyrio martinica_Purple Gallinule,../../Datasets/BirdClef/features/Porphyrio martinica_Purple Gallinule/XC454933.npy,../../Datasets/BirdClef/audio/Porphyrio martinica_Purple Gallinule/XC454933.mp3
train,Porphyrio martinica_Purple Gallinule,../../Datasets/BirdClef/features/Porphyrio martinica_Purple Gallinule/XC113926.npy,../../Datasets/BirdClef/audio/Porphyrio martinica_Purple Gallinule/XC113926.mp3
train,Porphyrio martinica_Purple Gallinule,../../Datasets/BirdClef/features/Porphyrio martinica_Purple Gallinule/XC228567.npy,../../Datasets/BirdClef/audio/Porphyrio martinica_Purple Gallinule/XC228567.mp3
train,Porphyrio martinica_Purple Gallinule,../../Datasets/BirdClef/features/Porphyrio martinica_Purple Gallinule/XC368530.npy,../../Datasets/BirdClef/audio/Porphyrio martinica_Purple Gallinule/XC368530.mp3
train,Porphyrio martinica_Purple Gallinule,../../Datasets/BirdClef/features/Porphyrio martinica_Purple Gallinule/XC443412.npy,../../Datasets/BirdClef/audio/Porphyrio martinica_Purple Gallinule/XC443412.mp3
train,Porzana carolina_Sora,../../Datasets/BirdClef/features/Porzana carolina_Sora/XC160729.npy,../../Datasets/BirdClef/audio/Porzana carolina_Sora/XC160729.mp3
train,Porzana carolina_Sora,../../Datasets/BirdClef/features/Porzana carolina_Sora/XC282622.npy,../../Datasets/BirdClef/audio/Porzana carolina_Sora/XC282622.mp3
train,Porzana carolina_Sora,../../Datasets/BirdClef/features/Porzana carolina_Sora/XC102973.npy,../../Datasets/BirdClef/audio/Porzana carolina_Sora/XC102973.mp3
train,Porzana carolina_Sora,../../Datasets/BirdClef/features/Porzana carolina_Sora/XC479774.npy,../../Datasets/BirdClef/audio/Porzana carolina_Sora/XC479774.mp3
train,Porzana carolina_Sora,../../Datasets/BirdClef/features/Porzana carolina_Sora/XC228582.npy,../../Datasets/BirdClef/audio/Porzana carolina_Sora/XC228582.mp3
train,Progne chalybea_Gray-breasted Martin,../../Datasets/BirdClef/features/Progne chalybea_Gray-breasted Martin/XC375636.npy,../../Datasets/BirdClef/audio/Progne chalybea_Gray-breasted Martin/XC375636.mp3
train,Progne chalybea_Gray-breasted Martin,../../Datasets/BirdClef/features/Progne chalybea_Gray-breasted Martin/XC234134.npy,../../Datasets/BirdClef/audio/Progne chalybea_Gray-breasted Martin/XC234134.mp3
train,Progne chalybea_Gray-breasted Martin,../../Datasets/BirdClef/features/Progne chalybea_Gray-breasted Martin/XC430026.npy,../../Datasets/BirdClef/audio/Progne chalybea_Gray-breasted Martin/XC430026.mp3
train,Progne chalybea_Gray-breasted Martin,../../Datasets/BirdClef/features/Progne chalybea_Gray-breasted Martin/XC22556.npy,../../Datasets/BirdClef/audio/Progne chalybea_Gray-breasted Martin/XC22556.mp3
train,Progne chalybea_Gray-breasted Martin,../../Datasets/BirdClef/features/Progne chalybea_Gray-breasted Martin/XC411712.npy,../../Datasets/BirdClef/audio/Progne chalybea_Gray-breasted Martin/XC411712.mp3
train,Progne tapera_Brown-chested Martin,../../Datasets/BirdClef/features/Progne tapera_Brown-chested Martin/XC86132.npy,../../Datasets/BirdClef/audio/Progne tapera_Brown-chested Martin/XC86132.mp3
train,Progne tapera_Brown-chested Martin,../../Datasets/BirdClef/features/Progne tapera_Brown-chested Martin/XC50206.npy,../../Datasets/BirdClef/audio/Progne tapera_Brown-chested Martin/XC50206.mp3
train,Progne tapera_Brown-chested Martin,../../Datasets/BirdClef/features/Progne tapera_Brown-chested Martin/XC82337.npy,../../Datasets/BirdClef/audio/Progne tapera_Brown-chested Martin/XC82337.mp3
train,Progne tapera_Brown-chested Martin,../../Datasets/BirdClef/features/Progne tapera_Brown-chested Martin/XC490150.npy,../../Datasets/BirdClef/audio/Progne tapera_Brown-chested Martin/XC490150.mp3
train,Progne tapera_Brown-chested Martin,../../Datasets/BirdClef/features/Progne tapera_Brown-chested Martin/XC118683.npy,../../Datasets/BirdClef/audio/Progne tapera_Brown-chested Martin/XC118683.mp3
train,Prunella modularis_Dunnock,../../Datasets/BirdClef/features/Prunella modularis_Dunnock/XC379848.npy,../../Datasets/BirdClef/audio/Prunella modularis_Dunnock/XC379848.mp3
train,Prunella modularis_Dunnock,../../Datasets/BirdClef/features/Prunella modularis_Dunnock/XC462926.npy,../../Datasets/BirdClef/audio/Prunella modularis_Dunnock/XC462926.mp3
train,Prunella modularis_Dunnock,../../Datasets/BirdClef/features/Prunella modularis_Dunnock/XC311011.npy,../../Datasets/BirdClef/audio/Prunella modularis_Dunnock/XC311011.mp3
train,Prunella modularis_Dunnock,../../Datasets/BirdClef/features/Prunella modularis_Dunnock/XC480650.npy,../../Datasets/BirdClef/audio/Prunella modularis_Dunnock/XC480650.mp3
train,Prunella modularis_Dunnock,../../Datasets/BirdClef/features/Prunella modularis_Dunnock/XC389110.npy,../../Datasets/BirdClef/audio/Prunella modularis_Dunnock/XC389110.mp3
train,Psaltriparus minimus_Bushtit,../../Datasets/BirdClef/features/Psaltriparus minimus_Bushtit/XC381411.npy,../../Datasets/BirdClef/audio/Psaltriparus minimus_Bushtit/XC381411.mp3
train,Psaltriparus minimus_Bushtit,../../Datasets/BirdClef/features/Psaltriparus minimus_Bushtit/XC306327.npy,../../Datasets/BirdClef/audio/Psaltriparus minimus_Bushtit/XC306327.mp3
train,Psaltriparus minimus_Bushtit,../../Datasets/BirdClef/features/Psaltriparus minimus_Bushtit/XC149402.npy,../../Datasets/BirdClef/audio/Psaltriparus minimus_Bushtit/XC149402.mp3
train,Psaltriparus minimus_Bushtit,../../Datasets/BirdClef/features/Psaltriparus minimus_Bushtit/XC339894.npy,../../Datasets/BirdClef/audio/Psaltriparus minimus_Bushtit/XC339894.mp3
train,Psaltriparus minimus_Bushtit,../../Datasets/BirdClef/features/Psaltriparus minimus_Bushtit/XC158967.npy,../../Datasets/BirdClef/audio/Psaltriparus minimus_Bushtit/XC158967.mp3
train,Psarocolius angustifrons_Russet-backed Oropendola,../../Datasets/BirdClef/features/Psarocolius angustifrons_Russet-backed Oropendola/XC65896.npy,../../Datasets/BirdClef/audio/Psarocolius angustifrons_Russet-backed Oropendola/XC65896.mp3
train,Psarocolius angustifrons_Russet-backed Oropendola,../../Datasets/BirdClef/features/Psarocolius angustifrons_Russet-backed Oropendola/XC452950.npy,../../Datasets/BirdClef/audio/Psarocolius angustifrons_Russet-backed Oropendola/XC452950.mp3
train,Psarocolius angustifrons_Russet-backed Oropendola,../../Datasets/BirdClef/features/Psarocolius angustifrons_Russet-backed Oropendola/XC467718.npy,../../Datasets/BirdClef/audio/Psarocolius angustifrons_Russet-backed Oropendola/XC467718.mp3
train,Psarocolius angustifrons_Russet-backed Oropendola,../../Datasets/BirdClef/features/Psarocolius angustifrons_Russet-backed Oropendola/XC196102.npy,../../Datasets/BirdClef/audio/Psarocolius angustifrons_Russet-backed Oropendola/XC196102.mp3
train,Psarocolius angustifrons_Russet-backed Oropendola,../../Datasets/BirdClef/features/Psarocolius angustifrons_Russet-backed Oropendola/XC131775.npy,../../Datasets/BirdClef/audio/Psarocolius angustifrons_Russet-backed Oropendola/XC131775.mp3
train,Psarocolius bifasciatus_Olive Oropendola,../../Datasets/BirdClef/features/Psarocolius bifasciatus_Olive Oropendola/XC119490.npy,../../Datasets/BirdClef/audio/Psarocolius bifasciatus_Olive Oropendola/XC119490.mp3
train,Psarocolius bifasciatus_Olive Oropendola,../../Datasets/BirdClef/features/Psarocolius bifasciatus_Olive Oropendola/XC118808.npy,../../Datasets/BirdClef/audio/Psarocolius bifasciatus_Olive Oropendola/XC118808.mp3
train,Psarocolius bifasciatus_Olive Oropendola,../../Datasets/BirdClef/features/Psarocolius bifasciatus_Olive Oropendola/XC435870.npy,../../Datasets/BirdClef/audio/Psarocolius bifasciatus_Olive Oropendola/XC435870.mp3
train,Psarocolius bifasciatus_Olive Oropendola,../../Datasets/BirdClef/features/Psarocolius bifasciatus_Olive Oropendola/XC129747.npy,../../Datasets/BirdClef/audio/Psarocolius bifasciatus_Olive Oropendola/XC129747.mp3
train,Psarocolius bifasciatus_Olive Oropendola,../../Datasets/BirdClef/features/Psarocolius bifasciatus_Olive Oropendola/XC223820.npy,../../Datasets/BirdClef/audio/Psarocolius bifasciatus_Olive Oropendola/XC223820.mp3
train,Psarocolius decumanus_Crested Oropendola,../../Datasets/BirdClef/features/Psarocolius decumanus_Crested Oropendola/XC51435.npy,../../Datasets/BirdClef/audio/Psarocolius decumanus_Crested Oropendola/XC51435.mp3
train,Psarocolius decumanus_Crested Oropendola,../../Datasets/BirdClef/features/Psarocolius decumanus_Crested Oropendola/XC122601.npy,../../Datasets/BirdClef/audio/Psarocolius decumanus_Crested Oropendola/XC122601.mp3
train,Psarocolius decumanus_Crested Oropendola,../../Datasets/BirdClef/features/Psarocolius decumanus_Crested Oropendola/XC122595.npy,../../Datasets/BirdClef/audio/Psarocolius decumanus_Crested Oropendola/XC122595.mp3
train,Psarocolius decumanus_Crested Oropendola,../../Datasets/BirdClef/features/Psarocolius decumanus_Crested Oropendola/XC76074.npy,../../Datasets/BirdClef/audio/Psarocolius decumanus_Crested Oropendola/XC76074.mp3
train,Psarocolius decumanus_Crested Oropendola,../../Datasets/BirdClef/features/Psarocolius decumanus_Crested Oropendola/XC228647.npy,../../Datasets/BirdClef/audio/Psarocolius decumanus_Crested Oropendola/XC228647.mp3
train,Psittacara leucophthalmus_White-eyed Parakeet,../../Datasets/BirdClef/features/Psittacara leucophthalmus_White-eyed Parakeet/XC84896.npy,../../Datasets/BirdClef/audio/Psittacara leucophthalmus_White-eyed Parakeet/XC84896.mp3
train,Psittacara leucophthalmus_White-eyed Parakeet,../../Datasets/BirdClef/features/Psittacara leucophthalmus_White-eyed Parakeet/XC75650.npy,../../Datasets/BirdClef/audio/Psittacara leucophthalmus_White-eyed Parakeet/XC75650.mp3
train,Psittacara leucophthalmus_White-eyed Parakeet,../../Datasets/BirdClef/features/Psittacara leucophthalmus_White-eyed Parakeet/XC181074.npy,../../Datasets/BirdClef/audio/Psittacara leucophthalmus_White-eyed Parakeet/XC181074.mp3
train,Psittacara leucophthalmus_White-eyed Parakeet,../../Datasets/BirdClef/features/Psittacara leucophthalmus_White-eyed Parakeet/XC238914.npy,../../Datasets/BirdClef/audio/Psittacara leucophthalmus_White-eyed Parakeet/XC238914.mp3
train,Psittacara leucophthalmus_White-eyed Parakeet,../../Datasets/BirdClef/features/Psittacara leucophthalmus_White-eyed Parakeet/XC251435.npy,../../Datasets/BirdClef/audio/Psittacara leucophthalmus_White-eyed Parakeet/XC251435.mp3
train,Psittacula krameri_Rose-ringed Parakeet,../../Datasets/BirdClef/features/Psittacula krameri_Rose-ringed Parakeet/XC354836.npy,../../Datasets/BirdClef/audio/Psittacula krameri_Rose-ringed Parakeet/XC354836.mp3
train,Psittacula krameri_Rose-ringed Parakeet,../../Datasets/BirdClef/features/Psittacula krameri_Rose-ringed Parakeet/XC177634.npy,../../Datasets/BirdClef/audio/Psittacula krameri_Rose-ringed Parakeet/XC177634.mp3
train,Psittacula krameri_Rose-ringed Parakeet,../../Datasets/BirdClef/features/Psittacula krameri_Rose-ringed Parakeet/XC475256.npy,../../Datasets/BirdClef/audio/Psittacula krameri_Rose-ringed Parakeet/XC475256.mp3
train,Psittacula krameri_Rose-ringed Parakeet,../../Datasets/BirdClef/features/Psittacula krameri_Rose-ringed Parakeet/XC319808.npy,../../Datasets/BirdClef/audio/Psittacula krameri_Rose-ringed Parakeet/XC319808.mp3
train,Psittacula krameri_Rose-ringed Parakeet,../../Datasets/BirdClef/features/Psittacula krameri_Rose-ringed Parakeet/XC403954.npy,../../Datasets/BirdClef/audio/Psittacula krameri_Rose-ringed Parakeet/XC403954.mp3
train,Pteroglossus castanotis_Chestnut-eared Aracari,../../Datasets/BirdClef/features/Pteroglossus castanotis_Chestnut-eared Aracari/XC496679.npy,../../Datasets/BirdClef/audio/Pteroglossus castanotis_Chestnut-eared Aracari/XC496679.mp3
train,Pteroglossus castanotis_Chestnut-eared Aracari,../../Datasets/BirdClef/features/Pteroglossus castanotis_Chestnut-eared Aracari/XC206951.npy,../../Datasets/BirdClef/audio/Pteroglossus castanotis_Chestnut-eared Aracari/XC206951.mp3
train,Pteroglossus castanotis_Chestnut-eared Aracari,../../Datasets/BirdClef/features/Pteroglossus castanotis_Chestnut-eared Aracari/XC295684.npy,../../Datasets/BirdClef/audio/Pteroglossus castanotis_Chestnut-eared Aracari/XC295684.mp3
train,Pteroglossus castanotis_Chestnut-eared Aracari,../../Datasets/BirdClef/features/Pteroglossus castanotis_Chestnut-eared Aracari/XC14336.npy,../../Datasets/BirdClef/audio/Pteroglossus castanotis_Chestnut-eared Aracari/XC14336.mp3
train,Pteroglossus castanotis_Chestnut-eared Aracari,../../Datasets/BirdClef/features/Pteroglossus castanotis_Chestnut-eared Aracari/XC332030.npy,../../Datasets/BirdClef/audio/Pteroglossus castanotis_Chestnut-eared Aracari/XC332030.mp3
train,Pulsatrix perspicillata_Spectacled Owl,../../Datasets/BirdClef/features/Pulsatrix perspicillata_Spectacled Owl/XC48749.npy,../../Datasets/BirdClef/audio/Pulsatrix perspicillata_Spectacled Owl/XC48749.mp3
train,Pulsatrix perspicillata_Spectacled Owl,../../Datasets/BirdClef/features/Pulsatrix perspicillata_Spectacled Owl/XC51626.npy,../../Datasets/BirdClef/audio/Pulsatrix perspicillata_Spectacled Owl/XC51626.mp3
train,Pulsatrix perspicillata_Spectacled Owl,../../Datasets/BirdClef/features/Pulsatrix perspicillata_Spectacled Owl/XC1955.npy,../../Datasets/BirdClef/audio/Pulsatrix perspicillata_Spectacled Owl/XC1955.mp3
train,Pulsatrix perspicillata_Spectacled Owl,../../Datasets/BirdClef/features/Pulsatrix perspicillata_Spectacled Owl/XC238948.npy,../../Datasets/BirdClef/audio/Pulsatrix perspicillata_Spectacled Owl/XC238948.mp3
train,Pulsatrix perspicillata_Spectacled Owl,../../Datasets/BirdClef/features/Pulsatrix perspicillata_Spectacled Owl/XC463709.npy,../../Datasets/BirdClef/audio/Pulsatrix perspicillata_Spectacled Owl/XC463709.mp3
train,Pygiptila stellaris_Spot-winged Antshrike,../../Datasets/BirdClef/features/Pygiptila stellaris_Spot-winged Antshrike/XC63957.npy,../../Datasets/BirdClef/audio/Pygiptila stellaris_Spot-winged Antshrike/XC63957.mp3
train,Pygiptila stellaris_Spot-winged Antshrike,../../Datasets/BirdClef/features/Pygiptila stellaris_Spot-winged Antshrike/XC63955.npy,../../Datasets/BirdClef/audio/Pygiptila stellaris_Spot-winged Antshrike/XC63955.mp3
train,Pygiptila stellaris_Spot-winged Antshrike,../../Datasets/BirdClef/features/Pygiptila stellaris_Spot-winged Antshrike/XC228760.npy,../../Datasets/BirdClef/audio/Pygiptila stellaris_Spot-winged Antshrike/XC228760.mp3
train,Pygiptila stellaris_Spot-winged Antshrike,../../Datasets/BirdClef/features/Pygiptila stellaris_Spot-winged Antshrike/XC95310.npy,../../Datasets/BirdClef/audio/Pygiptila stellaris_Spot-winged Antshrike/XC95310.mp3
train,Pygiptila stellaris_Spot-winged Antshrike,../../Datasets/BirdClef/features/Pygiptila stellaris_Spot-winged Antshrike/XC262920.npy,../../Datasets/BirdClef/audio/Pygiptila stellaris_Spot-winged Antshrike/XC262920.mp3
train,Pygochelidon cyanoleuca_Blue-and-white Swallow,../../Datasets/BirdClef/features/Pygochelidon cyanoleuca_Blue-and-white Swallow/XC427864.npy,../../Datasets/BirdClef/audio/Pygochelidon cyanoleuca_Blue-and-white Swallow/XC427864.mp3
train,Pygochelidon cyanoleuca_Blue-and-white Swallow,../../Datasets/BirdClef/features/Pygochelidon cyanoleuca_Blue-and-white Swallow/XC259262.npy,../../Datasets/BirdClef/audio/Pygochelidon cyanoleuca_Blue-and-white Swallow/XC259262.mp3
train,Pygochelidon cyanoleuca_Blue-and-white Swallow,../../Datasets/BirdClef/features/Pygochelidon cyanoleuca_Blue-and-white Swallow/XC190202.npy,../../Datasets/BirdClef/audio/Pygochelidon cyanoleuca_Blue-and-white Swallow/XC190202.mp3
train,Pygochelidon cyanoleuca_Blue-and-white Swallow,../../Datasets/BirdClef/features/Pygochelidon cyanoleuca_Blue-and-white Swallow/XC245166.npy,../../Datasets/BirdClef/audio/Pygochelidon cyanoleuca_Blue-and-white Swallow/XC245166.mp3
train,Pygochelidon cyanoleuca_Blue-and-white Swallow,../../Datasets/BirdClef/features/Pygochelidon cyanoleuca_Blue-and-white Swallow/XC259261.npy,../../Datasets/BirdClef/audio/Pygochelidon cyanoleuca_Blue-and-white Swallow/XC259261.mp3
train,Pyrrhula pyrrhula_Eurasian Bullfinch,../../Datasets/BirdClef/features/Pyrrhula pyrrhula_Eurasian Bullfinch/XC383099.npy,../../Datasets/BirdClef/audio/Pyrrhula pyrrhula_Eurasian Bullfinch/XC383099.mp3
train,Pyrrhula pyrrhula_Eurasian Bullfinch,../../Datasets/BirdClef/features/Pyrrhula pyrrhula_Eurasian Bullfinch/XC112614.npy,../../Datasets/BirdClef/audio/Pyrrhula pyrrhula_Eurasian Bullfinch/XC112614.mp3
train,Pyrrhula pyrrhula_Eurasian Bullfinch,../../Datasets/BirdClef/features/Pyrrhula pyrrhula_Eurasian Bullfinch/XC390264.npy,../../Datasets/BirdClef/audio/Pyrrhula pyrrhula_Eurasian Bullfinch/XC390264.mp3
train,Pyrrhula pyrrhula_Eurasian Bullfinch,../../Datasets/BirdClef/features/Pyrrhula pyrrhula_Eurasian Bullfinch/XC113718.npy,../../Datasets/BirdClef/audio/Pyrrhula pyrrhula_Eurasian Bullfinch/XC113718.mp3
train,Pyrrhula pyrrhula_Eurasian Bullfinch,../../Datasets/BirdClef/features/Pyrrhula pyrrhula_Eurasian Bullfinch/XC35020.npy,../../Datasets/BirdClef/audio/Pyrrhula pyrrhula_Eurasian Bullfinch/XC35020.mp3
train,Querula purpurata_Purple-throated Fruitcrow,../../Datasets/BirdClef/features/Querula purpurata_Purple-throated Fruitcrow/XC262289.npy,../../Datasets/BirdClef/audio/Querula purpurata_Purple-throated Fruitcrow/XC262289.mp3
train,Querula purpurata_Purple-throated Fruitcrow,../../Datasets/BirdClef/features/Querula purpurata_Purple-throated Fruitcrow/XC118880.npy,../../Datasets/BirdClef/audio/Querula purpurata_Purple-throated Fruitcrow/XC118880.mp3
train,Querula purpurata_Purple-throated Fruitcrow,../../Datasets/BirdClef/features/Querula purpurata_Purple-throated Fruitcrow/XC356907.npy,../../Datasets/BirdClef/audio/Querula purpurata_Purple-throated Fruitcrow/XC356907.mp3
train,Querula purpurata_Purple-throated Fruitcrow,../../Datasets/BirdClef/features/Querula purpurata_Purple-throated Fruitcrow/XC259078.npy,../../Datasets/BirdClef/audio/Querula purpurata_Purple-throated Fruitcrow/XC259078.mp3
train,Querula purpurata_Purple-throated Fruitcrow,../../Datasets/BirdClef/features/Querula purpurata_Purple-throated Fruitcrow/XC262288.npy,../../Datasets/BirdClef/audio/Querula purpurata_Purple-throated Fruitcrow/XC262288.mp3
train,Quiscalus mexicanus_Great-tailed Grackle,../../Datasets/BirdClef/features/Quiscalus mexicanus_Great-tailed Grackle/XC398613.npy,../../Datasets/BirdClef/audio/Quiscalus mexicanus_Great-tailed Grackle/XC398613.mp3
train,Quiscalus mexicanus_Great-tailed Grackle,../../Datasets/BirdClef/features/Quiscalus mexicanus_Great-tailed Grackle/XC497191.npy,../../Datasets/BirdClef/audio/Quiscalus mexicanus_Great-tailed Grackle/XC497191.mp3
train,Quiscalus mexicanus_Great-tailed Grackle,../../Datasets/BirdClef/features/Quiscalus mexicanus_Great-tailed Grackle/XC11633.npy,../../Datasets/BirdClef/audio/Quiscalus mexicanus_Great-tailed Grackle/XC11633.mp3
train,Quiscalus mexicanus_Great-tailed Grackle,../../Datasets/BirdClef/features/Quiscalus mexicanus_Great-tailed Grackle/XC260131.npy,../../Datasets/BirdClef/audio/Quiscalus mexicanus_Great-tailed Grackle/XC260131.mp3
train,Quiscalus mexicanus_Great-tailed Grackle,../../Datasets/BirdClef/features/Quiscalus mexicanus_Great-tailed Grackle/XC325374.npy,../../Datasets/BirdClef/audio/Quiscalus mexicanus_Great-tailed Grackle/XC325374.mp3
train,Quiscalus quiscula_Common Grackle,../../Datasets/BirdClef/features/Quiscalus quiscula_Common Grackle/XC304859.npy,../../Datasets/BirdClef/audio/Quiscalus quiscula_Common Grackle/XC304859.mp3
train,Quiscalus quiscula_Common Grackle,../../Datasets/BirdClef/features/Quiscalus quiscula_Common Grackle/XC160309.npy,../../Datasets/BirdClef/audio/Quiscalus quiscula_Common Grackle/XC160309.mp3
train,Quiscalus quiscula_Common Grackle,../../Datasets/BirdClef/features/Quiscalus quiscula_Common Grackle/XC408332.npy,../../Datasets/BirdClef/audio/Quiscalus quiscula_Common Grackle/XC408332.mp3
train,Quiscalus quiscula_Common Grackle,../../Datasets/BirdClef/features/Quiscalus quiscula_Common Grackle/XC59152.npy,../../Datasets/BirdClef/audio/Quiscalus quiscula_Common Grackle/XC59152.mp3
train,Quiscalus quiscula_Common Grackle,../../Datasets/BirdClef/features/Quiscalus quiscula_Common Grackle/XC131090.npy,../../Datasets/BirdClef/audio/Quiscalus quiscula_Common Grackle/XC131090.mp3
train,Rallus aquaticus_Water Rail,../../Datasets/BirdClef/features/Rallus aquaticus_Water Rail/XC313400.npy,../../Datasets/BirdClef/audio/Rallus aquaticus_Water Rail/XC313400.mp3
train,Rallus aquaticus_Water Rail,../../Datasets/BirdClef/features/Rallus aquaticus_Water Rail/XC235200.npy,../../Datasets/BirdClef/audio/Rallus aquaticus_Water Rail/XC235200.mp3
train,Rallus aquaticus_Water Rail,../../Datasets/BirdClef/features/Rallus aquaticus_Water Rail/XC412771.npy,../../Datasets/BirdClef/audio/Rallus aquaticus_Water Rail/XC412771.mp3
train,Rallus aquaticus_Water Rail,../../Datasets/BirdClef/features/Rallus aquaticus_Water Rail/XC281014.npy,../../Datasets/BirdClef/audio/Rallus aquaticus_Water Rail/XC281014.mp3
train,Rallus aquaticus_Water Rail,../../Datasets/BirdClef/features/Rallus aquaticus_Water Rail/XC128455.npy,../../Datasets/BirdClef/audio/Rallus aquaticus_Water Rail/XC128455.mp3
train,Ramphastos tucanus_White-throated Toucan,../../Datasets/BirdClef/features/Ramphastos tucanus_White-throated Toucan/XC493180.npy,../../Datasets/BirdClef/audio/Ramphastos tucanus_White-throated Toucan/XC493180.mp3
train,Ramphastos tucanus_White-throated Toucan,../../Datasets/BirdClef/features/Ramphastos tucanus_White-throated Toucan/XC471091.npy,../../Datasets/BirdClef/audio/Ramphastos tucanus_White-throated Toucan/XC471091.mp3
train,Ramphastos tucanus_White-throated Toucan,../../Datasets/BirdClef/features/Ramphastos tucanus_White-throated Toucan/XC117405.npy,../../Datasets/BirdClef/audio/Ramphastos tucanus_White-throated Toucan/XC117405.mp3
train,Ramphastos tucanus_White-throated Toucan,../../Datasets/BirdClef/features/Ramphastos tucanus_White-throated Toucan/XC245437.npy,../../Datasets/BirdClef/audio/Ramphastos tucanus_White-throated Toucan/XC245437.mp3
train,Ramphastos tucanus_White-throated Toucan,../../Datasets/BirdClef/features/Ramphastos tucanus_White-throated Toucan/XC494047.npy,../../Datasets/BirdClef/audio/Ramphastos tucanus_White-throated Toucan/XC494047.mp3
train,Ramphastos vitellinus_Channel-billed Toucan,../../Datasets/BirdClef/features/Ramphastos vitellinus_Channel-billed Toucan/XC87319.npy,../../Datasets/BirdClef/audio/Ramphastos vitellinus_Channel-billed Toucan/XC87319.mp3
train,Ramphastos vitellinus_Channel-billed Toucan,../../Datasets/BirdClef/features/Ramphastos vitellinus_Channel-billed Toucan/XC290260.npy,../../Datasets/BirdClef/audio/Ramphastos vitellinus_Channel-billed Toucan/XC290260.mp3
train,Ramphastos vitellinus_Channel-billed Toucan,../../Datasets/BirdClef/features/Ramphastos vitellinus_Channel-billed Toucan/XC114716.npy,../../Datasets/BirdClef/audio/Ramphastos vitellinus_Channel-billed Toucan/XC114716.mp3
train,Ramphastos vitellinus_Channel-billed Toucan,../../Datasets/BirdClef/features/Ramphastos vitellinus_Channel-billed Toucan/XC117412.npy,../../Datasets/BirdClef/audio/Ramphastos vitellinus_Channel-billed Toucan/XC117412.mp3
train,Ramphastos vitellinus_Channel-billed Toucan,../../Datasets/BirdClef/features/Ramphastos vitellinus_Channel-billed Toucan/XC8468.npy,../../Datasets/BirdClef/audio/Ramphastos vitellinus_Channel-billed Toucan/XC8468.mp3
train,Ramphocelus carbo_Silver-beaked Tanager,../../Datasets/BirdClef/features/Ramphocelus carbo_Silver-beaked Tanager/XC56130.npy,../../Datasets/BirdClef/audio/Ramphocelus carbo_Silver-beaked Tanager/XC56130.mp3
train,Ramphocelus carbo_Silver-beaked Tanager,../../Datasets/BirdClef/features/Ramphocelus carbo_Silver-beaked Tanager/XC386686.npy,../../Datasets/BirdClef/audio/Ramphocelus carbo_Silver-beaked Tanager/XC386686.mp3
train,Ramphocelus carbo_Silver-beaked Tanager,../../Datasets/BirdClef/features/Ramphocelus carbo_Silver-beaked Tanager/XC228988.npy,../../Datasets/BirdClef/audio/Ramphocelus carbo_Silver-beaked Tanager/XC228988.mp3
train,Ramphocelus carbo_Silver-beaked Tanager,../../Datasets/BirdClef/features/Ramphocelus carbo_Silver-beaked Tanager/XC167882.npy,../../Datasets/BirdClef/audio/Ramphocelus carbo_Silver-beaked Tanager/XC167882.mp3
train,Ramphocelus carbo_Silver-beaked Tanager,../../Datasets/BirdClef/features/Ramphocelus carbo_Silver-beaked Tanager/XC228986.npy,../../Datasets/BirdClef/audio/Ramphocelus carbo_Silver-beaked Tanager/XC228986.mp3
train,Ramphotrigon fuscicauda_Dusky-tailed Flatbill,../../Datasets/BirdClef/features/Ramphotrigon fuscicauda_Dusky-tailed Flatbill/XC64128.npy,../../Datasets/BirdClef/audio/Ramphotrigon fuscicauda_Dusky-tailed Flatbill/XC64128.mp3
train,Ramphotrigon fuscicauda_Dusky-tailed Flatbill,../../Datasets/BirdClef/features/Ramphotrigon fuscicauda_Dusky-tailed Flatbill/XC74142.npy,../../Datasets/BirdClef/audio/Ramphotrigon fuscicauda_Dusky-tailed Flatbill/XC74142.mp3
train,Ramphotrigon fuscicauda_Dusky-tailed Flatbill,../../Datasets/BirdClef/features/Ramphotrigon fuscicauda_Dusky-tailed Flatbill/XC355056.npy,../../Datasets/BirdClef/audio/Ramphotrigon fuscicauda_Dusky-tailed Flatbill/XC355056.mp3
train,Ramphotrigon fuscicauda_Dusky-tailed Flatbill,../../Datasets/BirdClef/features/Ramphotrigon fuscicauda_Dusky-tailed Flatbill/XC229023.npy,../../Datasets/BirdClef/audio/Ramphotrigon fuscicauda_Dusky-tailed Flatbill/XC229023.mp3
train,Ramphotrigon fuscicauda_Dusky-tailed Flatbill,../../Datasets/BirdClef/features/Ramphotrigon fuscicauda_Dusky-tailed Flatbill/XC427897.npy,../../Datasets/BirdClef/audio/Ramphotrigon fuscicauda_Dusky-tailed Flatbill/XC427897.mp3
train,Ramphotrigon megacephalum_Large-headed Flatbill,../../Datasets/BirdClef/features/Ramphotrigon megacephalum_Large-headed Flatbill/XC129867.npy,../../Datasets/BirdClef/audio/Ramphotrigon megacephalum_Large-headed Flatbill/XC129867.mp3
train,Ramphotrigon megacephalum_Large-headed Flatbill,../../Datasets/BirdClef/features/Ramphotrigon megacephalum_Large-headed Flatbill/XC206168.npy,../../Datasets/BirdClef/audio/Ramphotrigon megacephalum_Large-headed Flatbill/XC206168.mp3
train,Ramphotrigon megacephalum_Large-headed Flatbill,../../Datasets/BirdClef/features/Ramphotrigon megacephalum_Large-headed Flatbill/XC59.npy,../../Datasets/BirdClef/audio/Ramphotrigon megacephalum_Large-headed Flatbill/XC59.mp3
train,Ramphotrigon megacephalum_Large-headed Flatbill,../../Datasets/BirdClef/features/Ramphotrigon megacephalum_Large-headed Flatbill/XC486819.npy,../../Datasets/BirdClef/audio/Ramphotrigon megacephalum_Large-headed Flatbill/XC486819.mp3
train,Ramphotrigon megacephalum_Large-headed Flatbill,../../Datasets/BirdClef/features/Ramphotrigon megacephalum_Large-headed Flatbill/XC229030.npy,../../Datasets/BirdClef/audio/Ramphotrigon megacephalum_Large-headed Flatbill/XC229030.mp3
train,Ramphotrigon ruficauda_Rufous-tailed Flatbill,../../Datasets/BirdClef/features/Ramphotrigon ruficauda_Rufous-tailed Flatbill/XC27821.npy,../../Datasets/BirdClef/audio/Ramphotrigon ruficauda_Rufous-tailed Flatbill/XC27821.mp3
train,Ramphotrigon ruficauda_Rufous-tailed Flatbill,../../Datasets/BirdClef/features/Ramphotrigon ruficauda_Rufous-tailed Flatbill/XC387376.npy,../../Datasets/BirdClef/audio/Ramphotrigon ruficauda_Rufous-tailed Flatbill/XC387376.mp3
train,Ramphotrigon ruficauda_Rufous-tailed Flatbill,../../Datasets/BirdClef/features/Ramphotrigon ruficauda_Rufous-tailed Flatbill/XC58417.npy,../../Datasets/BirdClef/audio/Ramphotrigon ruficauda_Rufous-tailed Flatbill/XC58417.mp3
train,Ramphotrigon ruficauda_Rufous-tailed Flatbill,../../Datasets/BirdClef/features/Ramphotrigon ruficauda_Rufous-tailed Flatbill/XC84048.npy,../../Datasets/BirdClef/audio/Ramphotrigon ruficauda_Rufous-tailed Flatbill/XC84048.mp3
train,Ramphotrigon ruficauda_Rufous-tailed Flatbill,../../Datasets/BirdClef/features/Ramphotrigon ruficauda_Rufous-tailed Flatbill/XC93704.npy,../../Datasets/BirdClef/audio/Ramphotrigon ruficauda_Rufous-tailed Flatbill/XC93704.mp3
train,Recurvirostra americana_American Avocet,../../Datasets/BirdClef/features/Recurvirostra americana_American Avocet/XC304534.npy,../../Datasets/BirdClef/audio/Recurvirostra americana_American Avocet/XC304534.mp3
train,Recurvirostra americana_American Avocet,../../Datasets/BirdClef/features/Recurvirostra americana_American Avocet/XC324558.npy,../../Datasets/BirdClef/audio/Recurvirostra americana_American Avocet/XC324558.mp3
train,Recurvirostra americana_American Avocet,../../Datasets/BirdClef/features/Recurvirostra americana_American Avocet/XC408636.npy,../../Datasets/BirdClef/audio/Recurvirostra americana_American Avocet/XC408636.mp3
train,Recurvirostra americana_American Avocet,../../Datasets/BirdClef/features/Recurvirostra americana_American Avocet/XC408635.npy,../../Datasets/BirdClef/audio/Recurvirostra americana_American Avocet/XC408635.mp3
train,Recurvirostra americana_American Avocet,../../Datasets/BirdClef/features/Recurvirostra americana_American Avocet/XC178760.npy,../../Datasets/BirdClef/audio/Recurvirostra americana_American Avocet/XC178760.mp3
train,Regulus calendula_Ruby-crowned Kinglet,../../Datasets/BirdClef/features/Regulus calendula_Ruby-crowned Kinglet/XC104681.npy,../../Datasets/BirdClef/audio/Regulus calendula_Ruby-crowned Kinglet/XC104681.mp3
train,Regulus calendula_Ruby-crowned Kinglet,../../Datasets/BirdClef/features/Regulus calendula_Ruby-crowned Kinglet/XC184996.npy,../../Datasets/BirdClef/audio/Regulus calendula_Ruby-crowned Kinglet/XC184996.mp3
train,Regulus calendula_Ruby-crowned Kinglet,../../Datasets/BirdClef/features/Regulus calendula_Ruby-crowned Kinglet/XC159694.npy,../../Datasets/BirdClef/audio/Regulus calendula_Ruby-crowned Kinglet/XC159694.mp3
train,Regulus calendula_Ruby-crowned Kinglet,../../Datasets/BirdClef/features/Regulus calendula_Ruby-crowned Kinglet/XC174939.npy,../../Datasets/BirdClef/audio/Regulus calendula_Ruby-crowned Kinglet/XC174939.mp3
train,Regulus calendula_Ruby-crowned Kinglet,../../Datasets/BirdClef/features/Regulus calendula_Ruby-crowned Kinglet/XC53774.npy,../../Datasets/BirdClef/audio/Regulus calendula_Ruby-crowned Kinglet/XC53774.mp3
train,Regulus ignicapilla_Common Firecrest,../../Datasets/BirdClef/features/Regulus ignicapilla_Common Firecrest/XC313724.npy,../../Datasets/BirdClef/audio/Regulus ignicapilla_Common Firecrest/XC313724.mp3
train,Regulus ignicapilla_Common Firecrest,../../Datasets/BirdClef/features/Regulus ignicapilla_Common Firecrest/XC470692.npy,../../Datasets/BirdClef/audio/Regulus ignicapilla_Common Firecrest/XC470692.mp3
train,Regulus ignicapilla_Common Firecrest,../../Datasets/BirdClef/features/Regulus ignicapilla_Common Firecrest/XC355622.npy,../../Datasets/BirdClef/audio/Regulus ignicapilla_Common Firecrest/XC355622.mp3
train,Regulus ignicapilla_Common Firecrest,../../Datasets/BirdClef/features/Regulus ignicapilla_Common Firecrest/XC42179.npy,../../Datasets/BirdClef/audio/Regulus ignicapilla_Common Firecrest/XC42179.mp3
train,Regulus ignicapilla_Common Firecrest,../../Datasets/BirdClef/features/Regulus ignicapilla_Common Firecrest/XC148604.npy,../../Datasets/BirdClef/audio/Regulus ignicapilla_Common Firecrest/XC148604.mp3
train,Regulus regulus_Goldcrest,../../Datasets/BirdClef/features/Regulus regulus_Goldcrest/XC169730.npy,../../Datasets/BirdClef/audio/Regulus regulus_Goldcrest/XC169730.mp3
train,Regulus regulus_Goldcrest,../../Datasets/BirdClef/features/Regulus regulus_Goldcrest/XC353829.npy,../../Datasets/BirdClef/audio/Regulus regulus_Goldcrest/XC353829.mp3
train,Regulus regulus_Goldcrest,../../Datasets/BirdClef/features/Regulus regulus_Goldcrest/XC144939.npy,../../Datasets/BirdClef/audio/Regulus regulus_Goldcrest/XC144939.mp3
train,Regulus regulus_Goldcrest,../../Datasets/BirdClef/features/Regulus regulus_Goldcrest/XC28044.npy,../../Datasets/BirdClef/audio/Regulus regulus_Goldcrest/XC28044.mp3
train,Regulus regulus_Goldcrest,../../Datasets/BirdClef/features/Regulus regulus_Goldcrest/XC410072.npy,../../Datasets/BirdClef/audio/Regulus regulus_Goldcrest/XC410072.mp3
train,Regulus satrapa_Golden-crowned Kinglet,../../Datasets/BirdClef/features/Regulus satrapa_Golden-crowned Kinglet/XC189416.npy,../../Datasets/BirdClef/audio/Regulus satrapa_Golden-crowned Kinglet/XC189416.mp3
train,Regulus satrapa_Golden-crowned Kinglet,../../Datasets/BirdClef/features/Regulus satrapa_Golden-crowned Kinglet/XC159218.npy,../../Datasets/BirdClef/audio/Regulus satrapa_Golden-crowned Kinglet/XC159218.mp3
train,Regulus satrapa_Golden-crowned Kinglet,../../Datasets/BirdClef/features/Regulus satrapa_Golden-crowned Kinglet/XC419363.npy,../../Datasets/BirdClef/audio/Regulus satrapa_Golden-crowned Kinglet/XC419363.mp3
train,Regulus satrapa_Golden-crowned Kinglet,../../Datasets/BirdClef/features/Regulus satrapa_Golden-crowned Kinglet/XC312376.npy,../../Datasets/BirdClef/audio/Regulus satrapa_Golden-crowned Kinglet/XC312376.mp3
train,Regulus satrapa_Golden-crowned Kinglet,../../Datasets/BirdClef/features/Regulus satrapa_Golden-crowned Kinglet/XC159790.npy,../../Datasets/BirdClef/audio/Regulus satrapa_Golden-crowned Kinglet/XC159790.mp3
train,Rhegmatorhina melanosticta_Hairy-crested Antbird,../../Datasets/BirdClef/features/Rhegmatorhina melanosticta_Hairy-crested Antbird/XC431290.npy,../../Datasets/BirdClef/audio/Rhegmatorhina melanosticta_Hairy-crested Antbird/XC431290.mp3
train,Rhegmatorhina melanosticta_Hairy-crested Antbird,../../Datasets/BirdClef/features/Rhegmatorhina melanosticta_Hairy-crested Antbird/XC229066.npy,../../Datasets/BirdClef/audio/Rhegmatorhina melanosticta_Hairy-crested Antbird/XC229066.mp3
train,Rhegmatorhina melanosticta_Hairy-crested Antbird,../../Datasets/BirdClef/features/Rhegmatorhina melanosticta_Hairy-crested Antbird/XC64007.npy,../../Datasets/BirdClef/audio/Rhegmatorhina melanosticta_Hairy-crested Antbird/XC64007.mp3
train,Rhegmatorhina melanosticta_Hairy-crested Antbird,../../Datasets/BirdClef/features/Rhegmatorhina melanosticta_Hairy-crested Antbird/XC37372.npy,../../Datasets/BirdClef/audio/Rhegmatorhina melanosticta_Hairy-crested Antbird/XC37372.mp3
train,Rhegmatorhina melanosticta_Hairy-crested Antbird,../../Datasets/BirdClef/features/Rhegmatorhina melanosticta_Hairy-crested Antbird/XC37373.npy,../../Datasets/BirdClef/audio/Rhegmatorhina melanosticta_Hairy-crested Antbird/XC37373.mp3
train,Rhynchocyclus olivaceus_Olivaceous Flatbill,../../Datasets/BirdClef/features/Rhynchocyclus olivaceus_Olivaceous Flatbill/XC309176.npy,../../Datasets/BirdClef/audio/Rhynchocyclus olivaceus_Olivaceous Flatbill/XC309176.mp3
train,Rhynchocyclus olivaceus_Olivaceous Flatbill,../../Datasets/BirdClef/features/Rhynchocyclus olivaceus_Olivaceous Flatbill/XC290272.npy,../../Datasets/BirdClef/audio/Rhynchocyclus olivaceus_Olivaceous Flatbill/XC290272.mp3
train,Rhynchocyclus olivaceus_Olivaceous Flatbill,../../Datasets/BirdClef/features/Rhynchocyclus olivaceus_Olivaceous Flatbill/XC229090.npy,../../Datasets/BirdClef/audio/Rhynchocyclus olivaceus_Olivaceous Flatbill/XC229090.mp3
train,Rhynchocyclus olivaceus_Olivaceous Flatbill,../../Datasets/BirdClef/features/Rhynchocyclus olivaceus_Olivaceous Flatbill/XC113035.npy,../../Datasets/BirdClef/audio/Rhynchocyclus olivaceus_Olivaceous Flatbill/XC113035.mp3
train,Rhynchocyclus olivaceus_Olivaceous Flatbill,../../Datasets/BirdClef/features/Rhynchocyclus olivaceus_Olivaceous Flatbill/XC454079.npy,../../Datasets/BirdClef/audio/Rhynchocyclus olivaceus_Olivaceous Flatbill/XC454079.mp3
train,Rhytipterna simplex_Grayish Mourner,../../Datasets/BirdClef/features/Rhytipterna simplex_Grayish Mourner/XC326181.npy,../../Datasets/BirdClef/audio/Rhytipterna simplex_Grayish Mourner/XC326181.mp3
train,Rhytipterna simplex_Grayish Mourner,../../Datasets/BirdClef/features/Rhytipterna simplex_Grayish Mourner/XC11820.npy,../../Datasets/BirdClef/audio/Rhytipterna simplex_Grayish Mourner/XC11820.mp3
train,Rhytipterna simplex_Grayish Mourner,../../Datasets/BirdClef/features/Rhytipterna simplex_Grayish Mourner/XC6474.npy,../../Datasets/BirdClef/audio/Rhytipterna simplex_Grayish Mourner/XC6474.mp3
train,Rhytipterna simplex_Grayish Mourner,../../Datasets/BirdClef/features/Rhytipterna simplex_Grayish Mourner/XC229113.npy,../../Datasets/BirdClef/audio/Rhytipterna simplex_Grayish Mourner/XC229113.mp3
train,Rhytipterna simplex_Grayish Mourner,../../Datasets/BirdClef/features/Rhytipterna simplex_Grayish Mourner/XC325724.npy,../../Datasets/BirdClef/audio/Rhytipterna simplex_Grayish Mourner/XC325724.mp3
train,Riparia riparia_Bank Swallow,../../Datasets/BirdClef/features/Riparia riparia_Bank Swallow/XC377394.npy,../../Datasets/BirdClef/audio/Riparia riparia_Bank Swallow/XC377394.mp3
train,Riparia riparia_Bank Swallow,../../Datasets/BirdClef/features/Riparia riparia_Bank Swallow/XC160657.npy,../../Datasets/BirdClef/audio/Riparia riparia_Bank Swallow/XC160657.mp3
train,Riparia riparia_Bank Swallow,../../Datasets/BirdClef/features/Riparia riparia_Bank Swallow/XC319022.npy,../../Datasets/BirdClef/audio/Riparia riparia_Bank Swallow/XC319022.mp3
train,Riparia riparia_Bank Swallow,../../Datasets/BirdClef/features/Riparia riparia_Bank Swallow/XC279142.npy,../../Datasets/BirdClef/audio/Riparia riparia_Bank Swallow/XC279142.mp3
train,Riparia riparia_Bank Swallow,../../Datasets/BirdClef/features/Riparia riparia_Bank Swallow/XC380736.npy,../../Datasets/BirdClef/audio/Riparia riparia_Bank Swallow/XC380736.mp3
train,Rostrhamus sociabilis_Snail Kite,../../Datasets/BirdClef/features/Rostrhamus sociabilis_Snail Kite/XC50302.npy,../../Datasets/BirdClef/audio/Rostrhamus sociabilis_Snail Kite/XC50302.mp3
train,Rostrhamus sociabilis_Snail Kite,../../Datasets/BirdClef/features/Rostrhamus sociabilis_Snail Kite/XC387499.npy,../../Datasets/BirdClef/audio/Rostrhamus sociabilis_Snail Kite/XC387499.mp3
train,Rostrhamus sociabilis_Snail Kite,../../Datasets/BirdClef/features/Rostrhamus sociabilis_Snail Kite/XC292340.npy,../../Datasets/BirdClef/audio/Rostrhamus sociabilis_Snail Kite/XC292340.mp3
train,Rostrhamus sociabilis_Snail Kite,../../Datasets/BirdClef/features/Rostrhamus sociabilis_Snail Kite/XC251466.npy,../../Datasets/BirdClef/audio/Rostrhamus sociabilis_Snail Kite/XC251466.mp3
train,Rostrhamus sociabilis_Snail Kite,../../Datasets/BirdClef/features/Rostrhamus sociabilis_Snail Kite/XC351252.npy,../../Datasets/BirdClef/audio/Rostrhamus sociabilis_Snail Kite/XC351252.mp3
train,Rupornis magnirostris_Roadside Hawk,../../Datasets/BirdClef/features/Rupornis magnirostris_Roadside Hawk/XC461499.npy,../../Datasets/BirdClef/audio/Rupornis magnirostris_Roadside Hawk/XC461499.mp3
train,Rupornis magnirostris_Roadside Hawk,../../Datasets/BirdClef/features/Rupornis magnirostris_Roadside Hawk/XC205127.npy,../../Datasets/BirdClef/audio/Rupornis magnirostris_Roadside Hawk/XC205127.mp3
train,Rupornis magnirostris_Roadside Hawk,../../Datasets/BirdClef/features/Rupornis magnirostris_Roadside Hawk/XC262861.npy,../../Datasets/BirdClef/audio/Rupornis magnirostris_Roadside Hawk/XC262861.mp3
train,Rupornis magnirostris_Roadside Hawk,../../Datasets/BirdClef/features/Rupornis magnirostris_Roadside Hawk/XC288830.npy,../../Datasets/BirdClef/audio/Rupornis magnirostris_Roadside Hawk/XC288830.mp3
train,Rupornis magnirostris_Roadside Hawk,../../Datasets/BirdClef/features/Rupornis magnirostris_Roadside Hawk/XC414815.npy,../../Datasets/BirdClef/audio/Rupornis magnirostris_Roadside Hawk/XC414815.mp3
train,Rynchops niger_Black Skimmer,../../Datasets/BirdClef/features/Rynchops niger_Black Skimmer/XC357296.npy,../../Datasets/BirdClef/audio/Rynchops niger_Black Skimmer/XC357296.mp3
train,Rynchops niger_Black Skimmer,../../Datasets/BirdClef/features/Rynchops niger_Black Skimmer/XC271743.npy,../../Datasets/BirdClef/audio/Rynchops niger_Black Skimmer/XC271743.mp3
train,Rynchops niger_Black Skimmer,../../Datasets/BirdClef/features/Rynchops niger_Black Skimmer/XC268641.npy,../../Datasets/BirdClef/audio/Rynchops niger_Black Skimmer/XC268641.mp3
train,Rynchops niger_Black Skimmer,../../Datasets/BirdClef/features/Rynchops niger_Black Skimmer/XC375734.npy,../../Datasets/BirdClef/audio/Rynchops niger_Black Skimmer/XC375734.mp3
train,Rynchops niger_Black Skimmer,../../Datasets/BirdClef/features/Rynchops niger_Black Skimmer/XC268642.npy,../../Datasets/BirdClef/audio/Rynchops niger_Black Skimmer/XC268642.mp3
train,Salpinctes obsoletus_Rock Wren,../../Datasets/BirdClef/features/Salpinctes obsoletus_Rock Wren/XC179855.npy,../../Datasets/BirdClef/audio/Salpinctes obsoletus_Rock Wren/XC179855.mp3
train,Salpinctes obsoletus_Rock Wren,../../Datasets/BirdClef/features/Salpinctes obsoletus_Rock Wren/XC75116.npy,../../Datasets/BirdClef/audio/Salpinctes obsoletus_Rock Wren/XC75116.mp3
train,Salpinctes obsoletus_Rock Wren,../../Datasets/BirdClef/features/Salpinctes obsoletus_Rock Wren/XC387011.npy,../../Datasets/BirdClef/audio/Salpinctes obsoletus_Rock Wren/XC387011.mp3
train,Salpinctes obsoletus_Rock Wren,../../Datasets/BirdClef/features/Salpinctes obsoletus_Rock Wren/XC229178.npy,../../Datasets/BirdClef/audio/Salpinctes obsoletus_Rock Wren/XC229178.mp3
train,Salpinctes obsoletus_Rock Wren,../../Datasets/BirdClef/features/Salpinctes obsoletus_Rock Wren/XC196938.npy,../../Datasets/BirdClef/audio/Salpinctes obsoletus_Rock Wren/XC196938.mp3
train,Saltator coerulescens_Grayish Saltator,../../Datasets/BirdClef/features/Saltator coerulescens_Grayish Saltator/XC270936.npy,../../Datasets/BirdClef/audio/Saltator coerulescens_Grayish Saltator/XC270936.mp3
train,Saltator coerulescens_Grayish Saltator,../../Datasets/BirdClef/features/Saltator coerulescens_Grayish Saltator/XC498298.npy,../../Datasets/BirdClef/audio/Saltator coerulescens_Grayish Saltator/XC498298.mp3
train,Saltator coerulescens_Grayish Saltator,../../Datasets/BirdClef/features/Saltator coerulescens_Grayish Saltator/XC229219.npy,../../Datasets/BirdClef/audio/Saltator coerulescens_Grayish Saltator/XC229219.mp3
train,Saltator coerulescens_Grayish Saltator,../../Datasets/BirdClef/features/Saltator coerulescens_Grayish Saltator/XC197700.npy,../../Datasets/BirdClef/audio/Saltator coerulescens_Grayish Saltator/XC197700.mp3
train,Saltator coerulescens_Grayish Saltator,../../Datasets/BirdClef/features/Saltator coerulescens_Grayish Saltator/XC197701.npy,../../Datasets/BirdClef/audio/Saltator coerulescens_Grayish Saltator/XC197701.mp3
train,Saltator grossus_Slate-colored Grosbeak,../../Datasets/BirdClef/features/Saltator grossus_Slate-colored Grosbeak/XC427917.npy,../../Datasets/BirdClef/audio/Saltator grossus_Slate-colored Grosbeak/XC427917.mp3
train,Saltator grossus_Slate-colored Grosbeak,../../Datasets/BirdClef/features/Saltator grossus_Slate-colored Grosbeak/XC214641.npy,../../Datasets/BirdClef/audio/Saltator grossus_Slate-colored Grosbeak/XC214641.mp3
train,Saltator grossus_Slate-colored Grosbeak,../../Datasets/BirdClef/features/Saltator grossus_Slate-colored Grosbeak/XC259800.npy,../../Datasets/BirdClef/audio/Saltator grossus_Slate-colored Grosbeak/XC259800.mp3
train,Saltator grossus_Slate-colored Grosbeak,../../Datasets/BirdClef/features/Saltator grossus_Slate-colored Grosbeak/XC214635.npy,../../Datasets/BirdClef/audio/Saltator grossus_Slate-colored Grosbeak/XC214635.mp3
train,Saltator grossus_Slate-colored Grosbeak,../../Datasets/BirdClef/features/Saltator grossus_Slate-colored Grosbeak/XC308847.npy,../../Datasets/BirdClef/audio/Saltator grossus_Slate-colored Grosbeak/XC308847.mp3
train,Saltator maximus_Buff-throated Saltator,../../Datasets/BirdClef/features/Saltator maximus_Buff-throated Saltator/XC243068.npy,../../Datasets/BirdClef/audio/Saltator maximus_Buff-throated Saltator/XC243068.mp3
train,Saltator maximus_Buff-throated Saltator,../../Datasets/BirdClef/features/Saltator maximus_Buff-throated Saltator/XC147567.npy,../../Datasets/BirdClef/audio/Saltator maximus_Buff-throated Saltator/XC147567.mp3
train,Saltator maximus_Buff-throated Saltator,../../Datasets/BirdClef/features/Saltator maximus_Buff-throated Saltator/XC315663.npy,../../Datasets/BirdClef/audio/Saltator maximus_Buff-throated Saltator/XC315663.mp3
train,Saltator maximus_Buff-throated Saltator,../../Datasets/BirdClef/features/Saltator maximus_Buff-throated Saltator/XC236092.npy,../../Datasets/BirdClef/audio/Saltator maximus_Buff-throated Saltator/XC236092.mp3
train,Saltator maximus_Buff-throated Saltator,../../Datasets/BirdClef/features/Saltator maximus_Buff-throated Saltator/XC1944.npy,../../Datasets/BirdClef/audio/Saltator maximus_Buff-throated Saltator/XC1944.mp3
train,Saxicola rubicola_European Stonechat,../../Datasets/BirdClef/features/Saxicola rubicola_European Stonechat/XC471515.npy,../../Datasets/BirdClef/audio/Saxicola rubicola_European Stonechat/XC471515.mp3
train,Saxicola rubicola_European Stonechat,../../Datasets/BirdClef/features/Saxicola rubicola_European Stonechat/XC102184.npy,../../Datasets/BirdClef/audio/Saxicola rubicola_European Stonechat/XC102184.mp3
train,Saxicola rubicola_European Stonechat,../../Datasets/BirdClef/features/Saxicola rubicola_European Stonechat/XC432235.npy,../../Datasets/BirdClef/audio/Saxicola rubicola_European Stonechat/XC432235.mp3
train,Saxicola rubicola_European Stonechat,../../Datasets/BirdClef/features/Saxicola rubicola_European Stonechat/XC324248.npy,../../Datasets/BirdClef/audio/Saxicola rubicola_European Stonechat/XC324248.mp3
train,Saxicola rubicola_European Stonechat,../../Datasets/BirdClef/features/Saxicola rubicola_European Stonechat/XC281427.npy,../../Datasets/BirdClef/audio/Saxicola rubicola_European Stonechat/XC281427.mp3
train,Sayornis nigricans_Black Phoebe,../../Datasets/BirdClef/features/Sayornis nigricans_Black Phoebe/XC264718.npy,../../Datasets/BirdClef/audio/Sayornis nigricans_Black Phoebe/XC264718.mp3
train,Sayornis nigricans_Black Phoebe,../../Datasets/BirdClef/features/Sayornis nigricans_Black Phoebe/XC449522.npy,../../Datasets/BirdClef/audio/Sayornis nigricans_Black Phoebe/XC449522.mp3
train,Sayornis nigricans_Black Phoebe,../../Datasets/BirdClef/features/Sayornis nigricans_Black Phoebe/XC492147.npy,../../Datasets/BirdClef/audio/Sayornis nigricans_Black Phoebe/XC492147.mp3
train,Sayornis nigricans_Black Phoebe,../../Datasets/BirdClef/features/Sayornis nigricans_Black Phoebe/XC450999.npy,../../Datasets/BirdClef/audio/Sayornis nigricans_Black Phoebe/XC450999.mp3
train,Sayornis nigricans_Black Phoebe,../../Datasets/BirdClef/features/Sayornis nigricans_Black Phoebe/XC339896.npy,../../Datasets/BirdClef/audio/Sayornis nigricans_Black Phoebe/XC339896.mp3
train,Sayornis phoebe_Eastern Phoebe,../../Datasets/BirdClef/features/Sayornis phoebe_Eastern Phoebe/XC134509.npy,../../Datasets/BirdClef/audio/Sayornis phoebe_Eastern Phoebe/XC134509.mp3
train,Sayornis phoebe_Eastern Phoebe,../../Datasets/BirdClef/features/Sayornis phoebe_Eastern Phoebe/XC373508.npy,../../Datasets/BirdClef/audio/Sayornis phoebe_Eastern Phoebe/XC373508.mp3
train,Sayornis phoebe_Eastern Phoebe,../../Datasets/BirdClef/features/Sayornis phoebe_Eastern Phoebe/XC318747.npy,../../Datasets/BirdClef/audio/Sayornis phoebe_Eastern Phoebe/XC318747.mp3
train,Sayornis phoebe_Eastern Phoebe,../../Datasets/BirdClef/features/Sayornis phoebe_Eastern Phoebe/XC99544.npy,../../Datasets/BirdClef/audio/Sayornis phoebe_Eastern Phoebe/XC99544.mp3
train,Sayornis phoebe_Eastern Phoebe,../../Datasets/BirdClef/features/Sayornis phoebe_Eastern Phoebe/XC160470.npy,../../Datasets/BirdClef/audio/Sayornis phoebe_Eastern Phoebe/XC160470.mp3
train,Sayornis saya_Say's Phoebe,../../Datasets/BirdClef/features/Sayornis saya_Say's Phoebe/XC474145.npy,../../Datasets/BirdClef/audio/Sayornis saya_Say's Phoebe/XC474145.mp3
train,Sayornis saya_Say's Phoebe,../../Datasets/BirdClef/features/Sayornis saya_Say's Phoebe/XC174094.npy,../../Datasets/BirdClef/audio/Sayornis saya_Say's Phoebe/XC174094.mp3
train,Sayornis saya_Say's Phoebe,../../Datasets/BirdClef/features/Sayornis saya_Say's Phoebe/XC369699.npy,../../Datasets/BirdClef/audio/Sayornis saya_Say's Phoebe/XC369699.mp3
train,Sayornis saya_Say's Phoebe,../../Datasets/BirdClef/features/Sayornis saya_Say's Phoebe/XC388984.npy,../../Datasets/BirdClef/audio/Sayornis saya_Say's Phoebe/XC388984.mp3
train,Sayornis saya_Say's Phoebe,../../Datasets/BirdClef/features/Sayornis saya_Say's Phoebe/XC160586.npy,../../Datasets/BirdClef/audio/Sayornis saya_Say's Phoebe/XC160586.mp3
train,Schiffornis major_Varzea Schiffornis,../../Datasets/BirdClef/features/Schiffornis major_Varzea Schiffornis/XC431904.npy,../../Datasets/BirdClef/audio/Schiffornis major_Varzea Schiffornis/XC431904.mp3
train,Schiffornis major_Varzea Schiffornis,../../Datasets/BirdClef/features/Schiffornis major_Varzea Schiffornis/XC88028.npy,../../Datasets/BirdClef/audio/Schiffornis major_Varzea Schiffornis/XC88028.mp3
train,Schiffornis major_Varzea Schiffornis,../../Datasets/BirdClef/features/Schiffornis major_Varzea Schiffornis/XC206958.npy,../../Datasets/BirdClef/audio/Schiffornis major_Varzea Schiffornis/XC206958.mp3
train,Schiffornis major_Varzea Schiffornis,../../Datasets/BirdClef/features/Schiffornis major_Varzea Schiffornis/XC200256.npy,../../Datasets/BirdClef/audio/Schiffornis major_Varzea Schiffornis/XC200256.mp3
train,Schiffornis major_Varzea Schiffornis,../../Datasets/BirdClef/features/Schiffornis major_Varzea Schiffornis/XC248757.npy,../../Datasets/BirdClef/audio/Schiffornis major_Varzea Schiffornis/XC248757.mp3
train,Schiffornis turdina_Brown-winged Schiffornis,../../Datasets/BirdClef/features/Schiffornis turdina_Brown-winged Schiffornis/XC229332.npy,../../Datasets/BirdClef/audio/Schiffornis turdina_Brown-winged Schiffornis/XC229332.mp3
train,Schiffornis turdina_Brown-winged Schiffornis,../../Datasets/BirdClef/features/Schiffornis turdina_Brown-winged Schiffornis/XC270943.npy,../../Datasets/BirdClef/audio/Schiffornis turdina_Brown-winged Schiffornis/XC270943.mp3
train,Schiffornis turdina_Brown-winged Schiffornis,../../Datasets/BirdClef/features/Schiffornis turdina_Brown-winged Schiffornis/XC345291.npy,../../Datasets/BirdClef/audio/Schiffornis turdina_Brown-winged Schiffornis/XC345291.mp3
train,Schiffornis turdina_Brown-winged Schiffornis,../../Datasets/BirdClef/features/Schiffornis turdina_Brown-winged Schiffornis/XC338550.npy,../../Datasets/BirdClef/audio/Schiffornis turdina_Brown-winged Schiffornis/XC338550.mp3
train,Schiffornis turdina_Brown-winged Schiffornis,../../Datasets/BirdClef/features/Schiffornis turdina_Brown-winged Schiffornis/XC293426.npy,../../Datasets/BirdClef/audio/Schiffornis turdina_Brown-winged Schiffornis/XC293426.mp3
train,Sciaphylax hemimelaena_Chestnut-tailed Antbird,../../Datasets/BirdClef/features/Sciaphylax hemimelaena_Chestnut-tailed Antbird/XC471410.npy,../../Datasets/BirdClef/audio/Sciaphylax hemimelaena_Chestnut-tailed Antbird/XC471410.mp3
train,Sciaphylax hemimelaena_Chestnut-tailed Antbird,../../Datasets/BirdClef/features/Sciaphylax hemimelaena_Chestnut-tailed Antbird/XC340565.npy,../../Datasets/BirdClef/audio/Sciaphylax hemimelaena_Chestnut-tailed Antbird/XC340565.mp3
train,Sciaphylax hemimelaena_Chestnut-tailed Antbird,../../Datasets/BirdClef/features/Sciaphylax hemimelaena_Chestnut-tailed Antbird/XC226329.npy,../../Datasets/BirdClef/audio/Sciaphylax hemimelaena_Chestnut-tailed Antbird/XC226329.mp3
train,Sciaphylax hemimelaena_Chestnut-tailed Antbird,../../Datasets/BirdClef/features/Sciaphylax hemimelaena_Chestnut-tailed Antbird/XC157868.npy,../../Datasets/BirdClef/audio/Sciaphylax hemimelaena_Chestnut-tailed Antbird/XC157868.mp3
train,Sciaphylax hemimelaena_Chestnut-tailed Antbird,../../Datasets/BirdClef/features/Sciaphylax hemimelaena_Chestnut-tailed Antbird/XC180687.npy,../../Datasets/BirdClef/audio/Sciaphylax hemimelaena_Chestnut-tailed Antbird/XC180687.mp3
train,Sclateria naevia_Silvered Antbird,../../Datasets/BirdClef/features/Sclateria naevia_Silvered Antbird/XC229389.npy,../../Datasets/BirdClef/audio/Sclateria naevia_Silvered Antbird/XC229389.mp3
train,Sclateria naevia_Silvered Antbird,../../Datasets/BirdClef/features/Sclateria naevia_Silvered Antbird/XC505147.npy,../../Datasets/BirdClef/audio/Sclateria naevia_Silvered Antbird/XC505147.mp3
train,Sclateria naevia_Silvered Antbird,../../Datasets/BirdClef/features/Sclateria naevia_Silvered Antbird/XC88598.npy,../../Datasets/BirdClef/audio/Sclateria naevia_Silvered Antbird/XC88598.mp3
train,Sclateria naevia_Silvered Antbird,../../Datasets/BirdClef/features/Sclateria naevia_Silvered Antbird/XC10507.npy,../../Datasets/BirdClef/audio/Sclateria naevia_Silvered Antbird/XC10507.mp3
train,Sclateria naevia_Silvered Antbird,../../Datasets/BirdClef/features/Sclateria naevia_Silvered Antbird/XC401277.npy,../../Datasets/BirdClef/audio/Sclateria naevia_Silvered Antbird/XC401277.mp3
train,Sclerurus caudacutus_Black-tailed Leaftosser,../../Datasets/BirdClef/features/Sclerurus caudacutus_Black-tailed Leaftosser/XC23767.npy,../../Datasets/BirdClef/audio/Sclerurus caudacutus_Black-tailed Leaftosser/XC23767.mp3
train,Sclerurus caudacutus_Black-tailed Leaftosser,../../Datasets/BirdClef/features/Sclerurus caudacutus_Black-tailed Leaftosser/XC39129.npy,../../Datasets/BirdClef/audio/Sclerurus caudacutus_Black-tailed Leaftosser/XC39129.mp3
train,Sclerurus caudacutus_Black-tailed Leaftosser,../../Datasets/BirdClef/features/Sclerurus caudacutus_Black-tailed Leaftosser/XC65202.npy,../../Datasets/BirdClef/audio/Sclerurus caudacutus_Black-tailed Leaftosser/XC65202.mp3
train,Sclerurus caudacutus_Black-tailed Leaftosser,../../Datasets/BirdClef/features/Sclerurus caudacutus_Black-tailed Leaftosser/XC94839.npy,../../Datasets/BirdClef/audio/Sclerurus caudacutus_Black-tailed Leaftosser/XC94839.mp3
train,Sclerurus caudacutus_Black-tailed Leaftosser,../../Datasets/BirdClef/features/Sclerurus caudacutus_Black-tailed Leaftosser/XC276479.npy,../../Datasets/BirdClef/audio/Sclerurus caudacutus_Black-tailed Leaftosser/XC276479.mp3
train,Scolopax minor_American Woodcock,../../Datasets/BirdClef/features/Scolopax minor_American Woodcock/XC99969.npy,../../Datasets/BirdClef/audio/Scolopax minor_American Woodcock/XC99969.mp3
train,Scolopax minor_American Woodcock,../../Datasets/BirdClef/features/Scolopax minor_American Woodcock/XC31012.npy,../../Datasets/BirdClef/audio/Scolopax minor_American Woodcock/XC31012.mp3
train,Scolopax minor_American Woodcock,../../Datasets/BirdClef/features/Scolopax minor_American Woodcock/XC134501.npy,../../Datasets/BirdClef/audio/Scolopax minor_American Woodcock/XC134501.mp3
train,Scolopax minor_American Woodcock,../../Datasets/BirdClef/features/Scolopax minor_American Woodcock/XC306856.npy,../../Datasets/BirdClef/audio/Scolopax minor_American Woodcock/XC306856.mp3
train,Scolopax minor_American Woodcock,../../Datasets/BirdClef/features/Scolopax minor_American Woodcock/XC272302.npy,../../Datasets/BirdClef/audio/Scolopax minor_American Woodcock/XC272302.mp3
train,Scolopax rusticola_Eurasian Woodcock,../../Datasets/BirdClef/features/Scolopax rusticola_Eurasian Woodcock/XC420679.npy,../../Datasets/BirdClef/audio/Scolopax rusticola_Eurasian Woodcock/XC420679.mp3
train,Scolopax rusticola_Eurasian Woodcock,../../Datasets/BirdClef/features/Scolopax rusticola_Eurasian Woodcock/XC319349.npy,../../Datasets/BirdClef/audio/Scolopax rusticola_Eurasian Woodcock/XC319349.mp3
train,Scolopax rusticola_Eurasian Woodcock,../../Datasets/BirdClef/features/Scolopax rusticola_Eurasian Woodcock/XC175248.npy,../../Datasets/BirdClef/audio/Scolopax rusticola_Eurasian Woodcock/XC175248.mp3
train,Scolopax rusticola_Eurasian Woodcock,../../Datasets/BirdClef/features/Scolopax rusticola_Eurasian Woodcock/XC345871.npy,../../Datasets/BirdClef/audio/Scolopax rusticola_Eurasian Woodcock/XC345871.mp3
train,Scolopax rusticola_Eurasian Woodcock,../../Datasets/BirdClef/features/Scolopax rusticola_Eurasian Woodcock/XC246567.npy,../../Datasets/BirdClef/audio/Scolopax rusticola_Eurasian Woodcock/XC246567.mp3
train,Seiurus aurocapilla_Ovenbird,../../Datasets/BirdClef/features/Seiurus aurocapilla_Ovenbird/XC418563.npy,../../Datasets/BirdClef/audio/Seiurus aurocapilla_Ovenbird/XC418563.mp3
train,Seiurus aurocapilla_Ovenbird,../../Datasets/BirdClef/features/Seiurus aurocapilla_Ovenbird/XC118066.npy,../../Datasets/BirdClef/audio/Seiurus aurocapilla_Ovenbird/XC118066.mp3
train,Seiurus aurocapilla_Ovenbird,../../Datasets/BirdClef/features/Seiurus aurocapilla_Ovenbird/XC100202.npy,../../Datasets/BirdClef/audio/Seiurus aurocapilla_Ovenbird/XC100202.mp3
train,Seiurus aurocapilla_Ovenbird,../../Datasets/BirdClef/features/Seiurus aurocapilla_Ovenbird/XC499565.npy,../../Datasets/BirdClef/audio/Seiurus aurocapilla_Ovenbird/XC499565.mp3
train,Seiurus aurocapilla_Ovenbird,../../Datasets/BirdClef/features/Seiurus aurocapilla_Ovenbird/XC100205.npy,../../Datasets/BirdClef/audio/Seiurus aurocapilla_Ovenbird/XC100205.mp3
train,Selasphorus platycercus_Broad-tailed Hummingbird,../../Datasets/BirdClef/features/Selasphorus platycercus_Broad-tailed Hummingbird/XC206008.npy,../../Datasets/BirdClef/audio/Selasphorus platycercus_Broad-tailed Hummingbird/XC206008.mp3
train,Selasphorus platycercus_Broad-tailed Hummingbird,../../Datasets/BirdClef/features/Selasphorus platycercus_Broad-tailed Hummingbird/XC132857.npy,../../Datasets/BirdClef/audio/Selasphorus platycercus_Broad-tailed Hummingbird/XC132857.mp3
train,Selasphorus platycercus_Broad-tailed Hummingbird,../../Datasets/BirdClef/features/Selasphorus platycercus_Broad-tailed Hummingbird/XC132902.npy,../../Datasets/BirdClef/audio/Selasphorus platycercus_Broad-tailed Hummingbird/XC132902.mp3
train,Selasphorus platycercus_Broad-tailed Hummingbird,../../Datasets/BirdClef/features/Selasphorus platycercus_Broad-tailed Hummingbird/XC132917.npy,../../Datasets/BirdClef/audio/Selasphorus platycercus_Broad-tailed Hummingbird/XC132917.mp3
train,Selasphorus platycercus_Broad-tailed Hummingbird,../../Datasets/BirdClef/features/Selasphorus platycercus_Broad-tailed Hummingbird/XC132847.npy,../../Datasets/BirdClef/audio/Selasphorus platycercus_Broad-tailed Hummingbird/XC132847.mp3
train,Selasphorus rufus_Rufous Hummingbird,../../Datasets/BirdClef/features/Selasphorus rufus_Rufous Hummingbird/XC133553.npy,../../Datasets/BirdClef/audio/Selasphorus rufus_Rufous Hummingbird/XC133553.mp3
train,Selasphorus rufus_Rufous Hummingbird,../../Datasets/BirdClef/features/Selasphorus rufus_Rufous Hummingbird/XC398592.npy,../../Datasets/BirdClef/audio/Selasphorus rufus_Rufous Hummingbird/XC398592.mp3
train,Selasphorus rufus_Rufous Hummingbird,../../Datasets/BirdClef/features/Selasphorus rufus_Rufous Hummingbird/XC396301.npy,../../Datasets/BirdClef/audio/Selasphorus rufus_Rufous Hummingbird/XC396301.mp3
train,Selasphorus rufus_Rufous Hummingbird,../../Datasets/BirdClef/features/Selasphorus rufus_Rufous Hummingbird/XC133552.npy,../../Datasets/BirdClef/audio/Selasphorus rufus_Rufous Hummingbird/XC133552.mp3
train,Selasphorus rufus_Rufous Hummingbird,../../Datasets/BirdClef/features/Selasphorus rufus_Rufous Hummingbird/XC132945.npy,../../Datasets/BirdClef/audio/Selasphorus rufus_Rufous Hummingbird/XC132945.mp3
train,Selenidera reinwardtii_Golden-collared Toucanet,../../Datasets/BirdClef/features/Selenidera reinwardtii_Golden-collared Toucanet/XC309228.npy,../../Datasets/BirdClef/audio/Selenidera reinwardtii_Golden-collared Toucanet/XC309228.mp3
train,Selenidera reinwardtii_Golden-collared Toucanet,../../Datasets/BirdClef/features/Selenidera reinwardtii_Golden-collared Toucanet/XC355148.npy,../../Datasets/BirdClef/audio/Selenidera reinwardtii_Golden-collared Toucanet/XC355148.mp3
train,Selenidera reinwardtii_Golden-collared Toucanet,../../Datasets/BirdClef/features/Selenidera reinwardtii_Golden-collared Toucanet/XC64185.npy,../../Datasets/BirdClef/audio/Selenidera reinwardtii_Golden-collared Toucanet/XC64185.mp3
train,Selenidera reinwardtii_Golden-collared Toucanet,../../Datasets/BirdClef/features/Selenidera reinwardtii_Golden-collared Toucanet/XC334390.npy,../../Datasets/BirdClef/audio/Selenidera reinwardtii_Golden-collared Toucanet/XC334390.mp3
train,Selenidera reinwardtii_Golden-collared Toucanet,../../Datasets/BirdClef/features/Selenidera reinwardtii_Golden-collared Toucanet/XC127503.npy,../../Datasets/BirdClef/audio/Selenidera reinwardtii_Golden-collared Toucanet/XC127503.mp3
train,Serinus serinus_European Serin,../../Datasets/BirdClef/features/Serinus serinus_European Serin/XC74730.npy,../../Datasets/BirdClef/audio/Serinus serinus_European Serin/XC74730.mp3
train,Serinus serinus_European Serin,../../Datasets/BirdClef/features/Serinus serinus_European Serin/XC192092.npy,../../Datasets/BirdClef/audio/Serinus serinus_European Serin/XC192092.mp3
train,Serinus serinus_European Serin,../../Datasets/BirdClef/features/Serinus serinus_European Serin/XC490904.npy,../../Datasets/BirdClef/audio/Serinus serinus_European Serin/XC490904.mp3
train,Serinus serinus_European Serin,../../Datasets/BirdClef/features/Serinus serinus_European Serin/XC76882.npy,../../Datasets/BirdClef/audio/Serinus serinus_European Serin/XC76882.mp3
train,Serinus serinus_European Serin,../../Datasets/BirdClef/features/Serinus serinus_European Serin/XC140575.npy,../../Datasets/BirdClef/audio/Serinus serinus_European Serin/XC140575.mp3
train,Setopagis parvula_Little Nightjar,../../Datasets/BirdClef/features/Setopagis parvula_Little Nightjar/XC504464.npy,../../Datasets/BirdClef/audio/Setopagis parvula_Little Nightjar/XC504464.mp3
train,Setopagis parvula_Little Nightjar,../../Datasets/BirdClef/features/Setopagis parvula_Little Nightjar/XC288811.npy,../../Datasets/BirdClef/audio/Setopagis parvula_Little Nightjar/XC288811.mp3
train,Setopagis parvula_Little Nightjar,../../Datasets/BirdClef/features/Setopagis parvula_Little Nightjar/XC150831.npy,../../Datasets/BirdClef/audio/Setopagis parvula_Little Nightjar/XC150831.mp3
train,Setopagis parvula_Little Nightjar,../../Datasets/BirdClef/features/Setopagis parvula_Little Nightjar/XC113592.npy,../../Datasets/BirdClef/audio/Setopagis parvula_Little Nightjar/XC113592.mp3
train,Setopagis parvula_Little Nightjar,../../Datasets/BirdClef/features/Setopagis parvula_Little Nightjar/XC151469.npy,../../Datasets/BirdClef/audio/Setopagis parvula_Little Nightjar/XC151469.mp3
train,Setophaga citrina_Hooded Warbler,../../Datasets/BirdClef/features/Setophaga citrina_Hooded Warbler/XC377729.npy,../../Datasets/BirdClef/audio/Setophaga citrina_Hooded Warbler/XC377729.mp3
train,Setophaga citrina_Hooded Warbler,../../Datasets/BirdClef/features/Setophaga citrina_Hooded Warbler/XC111147.npy,../../Datasets/BirdClef/audio/Setophaga citrina_Hooded Warbler/XC111147.mp3
train,Setophaga citrina_Hooded Warbler,../../Datasets/BirdClef/features/Setophaga citrina_Hooded Warbler/XC76716.npy,../../Datasets/BirdClef/audio/Setophaga citrina_Hooded Warbler/XC76716.mp3
train,Setophaga citrina_Hooded Warbler,../../Datasets/BirdClef/features/Setophaga citrina_Hooded Warbler/XC66349.npy,../../Datasets/BirdClef/audio/Setophaga citrina_Hooded Warbler/XC66349.mp3
train,Setophaga citrina_Hooded Warbler,../../Datasets/BirdClef/features/Setophaga citrina_Hooded Warbler/XC232258.npy,../../Datasets/BirdClef/audio/Setophaga citrina_Hooded Warbler/XC232258.mp3
train,Setophaga coronata_Yellow-rumped Warbler,../../Datasets/BirdClef/features/Setophaga coronata_Yellow-rumped Warbler/XC135651.npy,../../Datasets/BirdClef/audio/Setophaga coronata_Yellow-rumped Warbler/XC135651.mp3
train,Setophaga coronata_Yellow-rumped Warbler,../../Datasets/BirdClef/features/Setophaga coronata_Yellow-rumped Warbler/XC188619.npy,../../Datasets/BirdClef/audio/Setophaga coronata_Yellow-rumped Warbler/XC188619.mp3
train,Setophaga coronata_Yellow-rumped Warbler,../../Datasets/BirdClef/features/Setophaga coronata_Yellow-rumped Warbler/XC291927.npy,../../Datasets/BirdClef/audio/Setophaga coronata_Yellow-rumped Warbler/XC291927.mp3
train,Setophaga coronata_Yellow-rumped Warbler,../../Datasets/BirdClef/features/Setophaga coronata_Yellow-rumped Warbler/XC183337.npy,../../Datasets/BirdClef/audio/Setophaga coronata_Yellow-rumped Warbler/XC183337.mp3
train,Setophaga coronata_Yellow-rumped Warbler,../../Datasets/BirdClef/features/Setophaga coronata_Yellow-rumped Warbler/XC415419.npy,../../Datasets/BirdClef/audio/Setophaga coronata_Yellow-rumped Warbler/XC415419.mp3
train,Setophaga discolor_Prairie Warbler,../../Datasets/BirdClef/features/Setophaga discolor_Prairie Warbler/XC146315.npy,../../Datasets/BirdClef/audio/Setophaga discolor_Prairie Warbler/XC146315.mp3
train,Setophaga discolor_Prairie Warbler,../../Datasets/BirdClef/features/Setophaga discolor_Prairie Warbler/XC197300.npy,../../Datasets/BirdClef/audio/Setophaga discolor_Prairie Warbler/XC197300.mp3
train,Setophaga discolor_Prairie Warbler,../../Datasets/BirdClef/features/Setophaga discolor_Prairie Warbler/XC33534.npy,../../Datasets/BirdClef/audio/Setophaga discolor_Prairie Warbler/XC33534.mp3
train,Setophaga discolor_Prairie Warbler,../../Datasets/BirdClef/features/Setophaga discolor_Prairie Warbler/XC247767.npy,../../Datasets/BirdClef/audio/Setophaga discolor_Prairie Warbler/XC247767.mp3
train,Setophaga discolor_Prairie Warbler,../../Datasets/BirdClef/features/Setophaga discolor_Prairie Warbler/XC77283.npy,../../Datasets/BirdClef/audio/Setophaga discolor_Prairie Warbler/XC77283.mp3
train,Setophaga fusca_Blackburnian Warbler,../../Datasets/BirdClef/features/Setophaga fusca_Blackburnian Warbler/XC78808.npy,../../Datasets/BirdClef/audio/Setophaga fusca_Blackburnian Warbler/XC78808.mp3
train,Setophaga fusca_Blackburnian Warbler,../../Datasets/BirdClef/features/Setophaga fusca_Blackburnian Warbler/XC31180.npy,../../Datasets/BirdClef/audio/Setophaga fusca_Blackburnian Warbler/XC31180.mp3
train,Setophaga fusca_Blackburnian Warbler,../../Datasets/BirdClef/features/Setophaga fusca_Blackburnian Warbler/XC101845.npy,../../Datasets/BirdClef/audio/Setophaga fusca_Blackburnian Warbler/XC101845.mp3
train,Setophaga fusca_Blackburnian Warbler,../../Datasets/BirdClef/features/Setophaga fusca_Blackburnian Warbler/XC158795.npy,../../Datasets/BirdClef/audio/Setophaga fusca_Blackburnian Warbler/XC158795.mp3
train,Setophaga fusca_Blackburnian Warbler,../../Datasets/BirdClef/features/Setophaga fusca_Blackburnian Warbler/XC222349.npy,../../Datasets/BirdClef/audio/Setophaga fusca_Blackburnian Warbler/XC222349.mp3
train,Setophaga magnolia_Magnolia Warbler,../../Datasets/BirdClef/features/Setophaga magnolia_Magnolia Warbler/XC349946.npy,../../Datasets/BirdClef/audio/Setophaga magnolia_Magnolia Warbler/XC349946.mp3
train,Setophaga magnolia_Magnolia Warbler,../../Datasets/BirdClef/features/Setophaga magnolia_Magnolia Warbler/XC173715.npy,../../Datasets/BirdClef/audio/Setophaga magnolia_Magnolia Warbler/XC173715.mp3
train,Setophaga magnolia_Magnolia Warbler,../../Datasets/BirdClef/features/Setophaga magnolia_Magnolia Warbler/XC265644.npy,../../Datasets/BirdClef/audio/Setophaga magnolia_Magnolia Warbler/XC265644.mp3
train,Setophaga magnolia_Magnolia Warbler,../../Datasets/BirdClef/features/Setophaga magnolia_Magnolia Warbler/XC177065.npy,../../Datasets/BirdClef/audio/Setophaga magnolia_Magnolia Warbler/XC177065.mp3
train,Setophaga magnolia_Magnolia Warbler,../../Datasets/BirdClef/features/Setophaga magnolia_Magnolia Warbler/XC197679.npy,../../Datasets/BirdClef/audio/Setophaga magnolia_Magnolia Warbler/XC197679.mp3
train,Setophaga nigrescens_Black-throated Gray Warbler,../../Datasets/BirdClef/features/Setophaga nigrescens_Black-throated Gray Warbler/XC364282.npy,../../Datasets/BirdClef/audio/Setophaga nigrescens_Black-throated Gray Warbler/XC364282.mp3
train,Setophaga nigrescens_Black-throated Gray Warbler,../../Datasets/BirdClef/features/Setophaga nigrescens_Black-throated Gray Warbler/XC375885.npy,../../Datasets/BirdClef/audio/Setophaga nigrescens_Black-throated Gray Warbler/XC375885.mp3
train,Setophaga nigrescens_Black-throated Gray Warbler,../../Datasets/BirdClef/features/Setophaga nigrescens_Black-throated Gray Warbler/XC104668.npy,../../Datasets/BirdClef/audio/Setophaga nigrescens_Black-throated Gray Warbler/XC104668.mp3
train,Setophaga nigrescens_Black-throated Gray Warbler,../../Datasets/BirdClef/features/Setophaga nigrescens_Black-throated Gray Warbler/XC412983.npy,../../Datasets/BirdClef/audio/Setophaga nigrescens_Black-throated Gray Warbler/XC412983.mp3
train,Setophaga nigrescens_Black-throated Gray Warbler,../../Datasets/BirdClef/features/Setophaga nigrescens_Black-throated Gray Warbler/XC103112.npy,../../Datasets/BirdClef/audio/Setophaga nigrescens_Black-throated Gray Warbler/XC103112.mp3
train,Setophaga palmarum_Palm Warbler,../../Datasets/BirdClef/features/Setophaga palmarum_Palm Warbler/XC318274.npy,../../Datasets/BirdClef/audio/Setophaga palmarum_Palm Warbler/XC318274.mp3
train,Setophaga palmarum_Palm Warbler,../../Datasets/BirdClef/features/Setophaga palmarum_Palm Warbler/XC189603.npy,../../Datasets/BirdClef/audio/Setophaga palmarum_Palm Warbler/XC189603.mp3
train,Setophaga palmarum_Palm Warbler,../../Datasets/BirdClef/features/Setophaga palmarum_Palm Warbler/XC405013.npy,../../Datasets/BirdClef/audio/Setophaga palmarum_Palm Warbler/XC405013.mp3
train,Setophaga palmarum_Palm Warbler,../../Datasets/BirdClef/features/Setophaga palmarum_Palm Warbler/XC239650.npy,../../Datasets/BirdClef/audio/Setophaga palmarum_Palm Warbler/XC239650.mp3
train,Setophaga palmarum_Palm Warbler,../../Datasets/BirdClef/features/Setophaga palmarum_Palm Warbler/XC179094.npy,../../Datasets/BirdClef/audio/Setophaga palmarum_Palm Warbler/XC179094.mp3
train,Setophaga pensylvanica_Chestnut-sided Warbler,../../Datasets/BirdClef/features/Setophaga pensylvanica_Chestnut-sided Warbler/XC195315.npy,../../Datasets/BirdClef/audio/Setophaga pensylvanica_Chestnut-sided Warbler/XC195315.mp3
train,Setophaga pensylvanica_Chestnut-sided Warbler,../../Datasets/BirdClef/features/Setophaga pensylvanica_Chestnut-sided Warbler/XC101661.npy,../../Datasets/BirdClef/audio/Setophaga pensylvanica_Chestnut-sided Warbler/XC101661.mp3
train,Setophaga pensylvanica_Chestnut-sided Warbler,../../Datasets/BirdClef/features/Setophaga pensylvanica_Chestnut-sided Warbler/XC52447.npy,../../Datasets/BirdClef/audio/Setophaga pensylvanica_Chestnut-sided Warbler/XC52447.mp3
train,Setophaga pensylvanica_Chestnut-sided Warbler,../../Datasets/BirdClef/features/Setophaga pensylvanica_Chestnut-sided Warbler/XC31038.npy,../../Datasets/BirdClef/audio/Setophaga pensylvanica_Chestnut-sided Warbler/XC31038.mp3
train,Setophaga pensylvanica_Chestnut-sided Warbler,../../Datasets/BirdClef/features/Setophaga pensylvanica_Chestnut-sided Warbler/XC321693.npy,../../Datasets/BirdClef/audio/Setophaga pensylvanica_Chestnut-sided Warbler/XC321693.mp3
train,Setophaga petechia_Yellow Warbler,../../Datasets/BirdClef/features/Setophaga petechia_Yellow Warbler/XC93387.npy,../../Datasets/BirdClef/audio/Setophaga petechia_Yellow Warbler/XC93387.mp3
train,Setophaga petechia_Yellow Warbler,../../Datasets/BirdClef/features/Setophaga petechia_Yellow Warbler/XC615.npy,../../Datasets/BirdClef/audio/Setophaga petechia_Yellow Warbler/XC615.mp3
train,Setophaga petechia_Yellow Warbler,../../Datasets/BirdClef/features/Setophaga petechia_Yellow Warbler/XC451089.npy,../../Datasets/BirdClef/audio/Setophaga petechia_Yellow Warbler/XC451089.mp3
train,Setophaga petechia_Yellow Warbler,../../Datasets/BirdClef/features/Setophaga petechia_Yellow Warbler/XC614.npy,../../Datasets/BirdClef/audio/Setophaga petechia_Yellow Warbler/XC614.mp3
train,Setophaga petechia_Yellow Warbler,../../Datasets/BirdClef/features/Setophaga petechia_Yellow Warbler/XC391250.npy,../../Datasets/BirdClef/audio/Setophaga petechia_Yellow Warbler/XC391250.mp3
train,Setophaga pinus_Pine Warbler,../../Datasets/BirdClef/features/Setophaga pinus_Pine Warbler/XC316727.npy,../../Datasets/BirdClef/audio/Setophaga pinus_Pine Warbler/XC316727.mp3
train,Setophaga pinus_Pine Warbler,../../Datasets/BirdClef/features/Setophaga pinus_Pine Warbler/XC131886.npy,../../Datasets/BirdClef/audio/Setophaga pinus_Pine Warbler/XC131886.mp3
train,Setophaga pinus_Pine Warbler,../../Datasets/BirdClef/features/Setophaga pinus_Pine Warbler/XC211128.npy,../../Datasets/BirdClef/audio/Setophaga pinus_Pine Warbler/XC211128.mp3
train,Setophaga pinus_Pine Warbler,../../Datasets/BirdClef/features/Setophaga pinus_Pine Warbler/XC308664.npy,../../Datasets/BirdClef/audio/Setophaga pinus_Pine Warbler/XC308664.mp3
train,Setophaga pinus_Pine Warbler,../../Datasets/BirdClef/features/Setophaga pinus_Pine Warbler/XC176264.npy,../../Datasets/BirdClef/audio/Setophaga pinus_Pine Warbler/XC176264.mp3
train,Setophaga ruticilla_American Redstart,../../Datasets/BirdClef/features/Setophaga ruticilla_American Redstart/XC177037.npy,../../Datasets/BirdClef/audio/Setophaga ruticilla_American Redstart/XC177037.mp3
train,Setophaga ruticilla_American Redstart,../../Datasets/BirdClef/features/Setophaga ruticilla_American Redstart/XC134496.npy,../../Datasets/BirdClef/audio/Setophaga ruticilla_American Redstart/XC134496.mp3
train,Setophaga ruticilla_American Redstart,../../Datasets/BirdClef/features/Setophaga ruticilla_American Redstart/XC179661.npy,../../Datasets/BirdClef/audio/Setophaga ruticilla_American Redstart/XC179661.mp3
train,Setophaga ruticilla_American Redstart,../../Datasets/BirdClef/features/Setophaga ruticilla_American Redstart/XC83543.npy,../../Datasets/BirdClef/audio/Setophaga ruticilla_American Redstart/XC83543.mp3
train,Setophaga ruticilla_American Redstart,../../Datasets/BirdClef/features/Setophaga ruticilla_American Redstart/XC205267.npy,../../Datasets/BirdClef/audio/Setophaga ruticilla_American Redstart/XC205267.mp3
train,Setophaga striata_Blackpoll Warbler,../../Datasets/BirdClef/features/Setophaga striata_Blackpoll Warbler/XC328702.npy,../../Datasets/BirdClef/audio/Setophaga striata_Blackpoll Warbler/XC328702.mp3
train,Setophaga striata_Blackpoll Warbler,../../Datasets/BirdClef/features/Setophaga striata_Blackpoll Warbler/XC78663.npy,../../Datasets/BirdClef/audio/Setophaga striata_Blackpoll Warbler/XC78663.mp3
train,Setophaga striata_Blackpoll Warbler,../../Datasets/BirdClef/features/Setophaga striata_Blackpoll Warbler/XC328703.npy,../../Datasets/BirdClef/audio/Setophaga striata_Blackpoll Warbler/XC328703.mp3
train,Setophaga striata_Blackpoll Warbler,../../Datasets/BirdClef/features/Setophaga striata_Blackpoll Warbler/XC467689.npy,../../Datasets/BirdClef/audio/Setophaga striata_Blackpoll Warbler/XC467689.mp3
train,Setophaga striata_Blackpoll Warbler,../../Datasets/BirdClef/features/Setophaga striata_Blackpoll Warbler/XC328794.npy,../../Datasets/BirdClef/audio/Setophaga striata_Blackpoll Warbler/XC328794.mp3
train,Setophaga virens_Black-throated Green Warbler,../../Datasets/BirdClef/features/Setophaga virens_Black-throated Green Warbler/XC190939.npy,../../Datasets/BirdClef/audio/Setophaga virens_Black-throated Green Warbler/XC190939.mp3
train,Setophaga virens_Black-throated Green Warbler,../../Datasets/BirdClef/features/Setophaga virens_Black-throated Green Warbler/XC158797.npy,../../Datasets/BirdClef/audio/Setophaga virens_Black-throated Green Warbler/XC158797.mp3
train,Setophaga virens_Black-throated Green Warbler,../../Datasets/BirdClef/features/Setophaga virens_Black-throated Green Warbler/XC371048.npy,../../Datasets/BirdClef/audio/Setophaga virens_Black-throated Green Warbler/XC371048.mp3
train,Setophaga virens_Black-throated Green Warbler,../../Datasets/BirdClef/features/Setophaga virens_Black-throated Green Warbler/XC103270.npy,../../Datasets/BirdClef/audio/Setophaga virens_Black-throated Green Warbler/XC103270.mp3
train,Setophaga virens_Black-throated Green Warbler,../../Datasets/BirdClef/features/Setophaga virens_Black-throated Green Warbler/XC135496.npy,../../Datasets/BirdClef/audio/Setophaga virens_Black-throated Green Warbler/XC135496.mp3
train,Sialia mexicana_Western Bluebird,../../Datasets/BirdClef/features/Sialia mexicana_Western Bluebird/XC12086.npy,../../Datasets/BirdClef/audio/Sialia mexicana_Western Bluebird/XC12086.mp3
train,Sialia mexicana_Western Bluebird,../../Datasets/BirdClef/features/Sialia mexicana_Western Bluebird/XC229710.npy,../../Datasets/BirdClef/audio/Sialia mexicana_Western Bluebird/XC229710.mp3
train,Sialia mexicana_Western Bluebird,../../Datasets/BirdClef/features/Sialia mexicana_Western Bluebird/XC420007.npy,../../Datasets/BirdClef/audio/Sialia mexicana_Western Bluebird/XC420007.mp3
train,Sialia mexicana_Western Bluebird,../../Datasets/BirdClef/features/Sialia mexicana_Western Bluebird/XC408654.npy,../../Datasets/BirdClef/audio/Sialia mexicana_Western Bluebird/XC408654.mp3
train,Sialia mexicana_Western Bluebird,../../Datasets/BirdClef/features/Sialia mexicana_Western Bluebird/XC347945.npy,../../Datasets/BirdClef/audio/Sialia mexicana_Western Bluebird/XC347945.mp3
train,Sialia sialis_Eastern Bluebird,../../Datasets/BirdClef/features/Sialia sialis_Eastern Bluebird/XC210868.npy,../../Datasets/BirdClef/audio/Sialia sialis_Eastern Bluebird/XC210868.mp3
train,Sialia sialis_Eastern Bluebird,../../Datasets/BirdClef/features/Sialia sialis_Eastern Bluebird/XC452141.npy,../../Datasets/BirdClef/audio/Sialia sialis_Eastern Bluebird/XC452141.mp3
train,Sialia sialis_Eastern Bluebird,../../Datasets/BirdClef/features/Sialia sialis_Eastern Bluebird/XC229712.npy,../../Datasets/BirdClef/audio/Sialia sialis_Eastern Bluebird/XC229712.mp3
train,Sialia sialis_Eastern Bluebird,../../Datasets/BirdClef/features/Sialia sialis_Eastern Bluebird/XC408999.npy,../../Datasets/BirdClef/audio/Sialia sialis_Eastern Bluebird/XC408999.mp3
train,Sialia sialis_Eastern Bluebird,../../Datasets/BirdClef/features/Sialia sialis_Eastern Bluebird/XC170554.npy,../../Datasets/BirdClef/audio/Sialia sialis_Eastern Bluebird/XC170554.mp3
train,Sicalis flaveola_Saffron Finch,../../Datasets/BirdClef/features/Sicalis flaveola_Saffron Finch/XC302294.npy,../../Datasets/BirdClef/audio/Sicalis flaveola_Saffron Finch/XC302294.mp3
train,Sicalis flaveola_Saffron Finch,../../Datasets/BirdClef/features/Sicalis flaveola_Saffron Finch/XC498067.npy,../../Datasets/BirdClef/audio/Sicalis flaveola_Saffron Finch/XC498067.mp3
train,Sicalis flaveola_Saffron Finch,../../Datasets/BirdClef/features/Sicalis flaveola_Saffron Finch/XC323517.npy,../../Datasets/BirdClef/audio/Sicalis flaveola_Saffron Finch/XC323517.mp3
train,Sicalis flaveola_Saffron Finch,../../Datasets/BirdClef/features/Sicalis flaveola_Saffron Finch/XC89094.npy,../../Datasets/BirdClef/audio/Sicalis flaveola_Saffron Finch/XC89094.mp3
train,Sicalis flaveola_Saffron Finch,../../Datasets/BirdClef/features/Sicalis flaveola_Saffron Finch/XC75694.npy,../../Datasets/BirdClef/audio/Sicalis flaveola_Saffron Finch/XC75694.mp3
train,Sitta canadensis_Red-breasted Nuthatch,../../Datasets/BirdClef/features/Sitta canadensis_Red-breasted Nuthatch/XC350757.npy,../../Datasets/BirdClef/audio/Sitta canadensis_Red-breasted Nuthatch/XC350757.mp3
train,Sitta canadensis_Red-breasted Nuthatch,../../Datasets/BirdClef/features/Sitta canadensis_Red-breasted Nuthatch/XC349777.npy,../../Datasets/BirdClef/audio/Sitta canadensis_Red-breasted Nuthatch/XC349777.mp3
train,Sitta canadensis_Red-breasted Nuthatch,../../Datasets/BirdClef/features/Sitta canadensis_Red-breasted Nuthatch/XC362113.npy,../../Datasets/BirdClef/audio/Sitta canadensis_Red-breasted Nuthatch/XC362113.mp3
train,Sitta canadensis_Red-breasted Nuthatch,../../Datasets/BirdClef/features/Sitta canadensis_Red-breasted Nuthatch/XC159737.npy,../../Datasets/BirdClef/audio/Sitta canadensis_Red-breasted Nuthatch/XC159737.mp3
train,Sitta canadensis_Red-breasted Nuthatch,../../Datasets/BirdClef/features/Sitta canadensis_Red-breasted Nuthatch/XC461299.npy,../../Datasets/BirdClef/audio/Sitta canadensis_Red-breasted Nuthatch/XC461299.mp3
train,Sitta carolinensis_White-breasted Nuthatch,../../Datasets/BirdClef/features/Sitta carolinensis_White-breasted Nuthatch/XC298753.npy,../../Datasets/BirdClef/audio/Sitta carolinensis_White-breasted Nuthatch/XC298753.mp3
train,Sitta carolinensis_White-breasted Nuthatch,../../Datasets/BirdClef/features/Sitta carolinensis_White-breasted Nuthatch/XC11635.npy,../../Datasets/BirdClef/audio/Sitta carolinensis_White-breasted Nuthatch/XC11635.mp3
train,Sitta carolinensis_White-breasted Nuthatch,../../Datasets/BirdClef/features/Sitta carolinensis_White-breasted Nuthatch/XC468235.npy,../../Datasets/BirdClef/audio/Sitta carolinensis_White-breasted Nuthatch/XC468235.mp3
train,Sitta carolinensis_White-breasted Nuthatch,../../Datasets/BirdClef/features/Sitta carolinensis_White-breasted Nuthatch/XC355010.npy,../../Datasets/BirdClef/audio/Sitta carolinensis_White-breasted Nuthatch/XC355010.mp3
train,Sitta carolinensis_White-breasted Nuthatch,../../Datasets/BirdClef/features/Sitta carolinensis_White-breasted Nuthatch/XC499967.npy,../../Datasets/BirdClef/audio/Sitta carolinensis_White-breasted Nuthatch/XC499967.mp3
train,Sitta europaea_Eurasian Nuthatch,../../Datasets/BirdClef/features/Sitta europaea_Eurasian Nuthatch/XC143975.npy,../../Datasets/BirdClef/audio/Sitta europaea_Eurasian Nuthatch/XC143975.mp3
train,Sitta europaea_Eurasian Nuthatch,../../Datasets/BirdClef/features/Sitta europaea_Eurasian Nuthatch/XC122178.npy,../../Datasets/BirdClef/audio/Sitta europaea_Eurasian Nuthatch/XC122178.mp3
train,Sitta europaea_Eurasian Nuthatch,../../Datasets/BirdClef/features/Sitta europaea_Eurasian Nuthatch/XC170179.npy,../../Datasets/BirdClef/audio/Sitta europaea_Eurasian Nuthatch/XC170179.mp3
train,Sitta europaea_Eurasian Nuthatch,../../Datasets/BirdClef/features/Sitta europaea_Eurasian Nuthatch/XC116413.npy,../../Datasets/BirdClef/audio/Sitta europaea_Eurasian Nuthatch/XC116413.mp3
train,Sitta europaea_Eurasian Nuthatch,../../Datasets/BirdClef/features/Sitta europaea_Eurasian Nuthatch/XC170636.npy,../../Datasets/BirdClef/audio/Sitta europaea_Eurasian Nuthatch/XC170636.mp3
train,Sitta pygmaea_Pygmy Nuthatch,../../Datasets/BirdClef/features/Sitta pygmaea_Pygmy Nuthatch/XC161390.npy,../../Datasets/BirdClef/audio/Sitta pygmaea_Pygmy Nuthatch/XC161390.mp3
train,Sitta pygmaea_Pygmy Nuthatch,../../Datasets/BirdClef/features/Sitta pygmaea_Pygmy Nuthatch/XC451192.npy,../../Datasets/BirdClef/audio/Sitta pygmaea_Pygmy Nuthatch/XC451192.mp3
train,Sitta pygmaea_Pygmy Nuthatch,../../Datasets/BirdClef/features/Sitta pygmaea_Pygmy Nuthatch/XC56902.npy,../../Datasets/BirdClef/audio/Sitta pygmaea_Pygmy Nuthatch/XC56902.mp3
train,Sitta pygmaea_Pygmy Nuthatch,../../Datasets/BirdClef/features/Sitta pygmaea_Pygmy Nuthatch/XC216640.npy,../../Datasets/BirdClef/audio/Sitta pygmaea_Pygmy Nuthatch/XC216640.mp3
train,Sitta pygmaea_Pygmy Nuthatch,../../Datasets/BirdClef/features/Sitta pygmaea_Pygmy Nuthatch/XC14881.npy,../../Datasets/BirdClef/audio/Sitta pygmaea_Pygmy Nuthatch/XC14881.mp3
train,Sittasomus griseicapillus_Olivaceous Woodcreeper,../../Datasets/BirdClef/features/Sittasomus griseicapillus_Olivaceous Woodcreeper/XC48905.npy,../../Datasets/BirdClef/audio/Sittasomus griseicapillus_Olivaceous Woodcreeper/XC48905.mp3
train,Sittasomus griseicapillus_Olivaceous Woodcreeper,../../Datasets/BirdClef/features/Sittasomus griseicapillus_Olivaceous Woodcreeper/XC27801.npy,../../Datasets/BirdClef/audio/Sittasomus griseicapillus_Olivaceous Woodcreeper/XC27801.mp3
train,Sittasomus griseicapillus_Olivaceous Woodcreeper,../../Datasets/BirdClef/features/Sittasomus griseicapillus_Olivaceous Woodcreeper/XC257225.npy,../../Datasets/BirdClef/audio/Sittasomus griseicapillus_Olivaceous Woodcreeper/XC257225.mp3
train,Sittasomus griseicapillus_Olivaceous Woodcreeper,../../Datasets/BirdClef/features/Sittasomus griseicapillus_Olivaceous Woodcreeper/XC328525.npy,../../Datasets/BirdClef/audio/Sittasomus griseicapillus_Olivaceous Woodcreeper/XC328525.mp3
train,Sittasomus griseicapillus_Olivaceous Woodcreeper,../../Datasets/BirdClef/features/Sittasomus griseicapillus_Olivaceous Woodcreeper/XC252306.npy,../../Datasets/BirdClef/audio/Sittasomus griseicapillus_Olivaceous Woodcreeper/XC252306.mp3
train,Spatula clypeata_Northern Shoveler,../../Datasets/BirdClef/features/Spatula clypeata_Northern Shoveler/XC471481.npy,../../Datasets/BirdClef/audio/Spatula clypeata_Northern Shoveler/XC471481.mp3
train,Spatula clypeata_Northern Shoveler,../../Datasets/BirdClef/features/Spatula clypeata_Northern Shoveler/XC368560.npy,../../Datasets/BirdClef/audio/Spatula clypeata_Northern Shoveler/XC368560.mp3
train,Spatula clypeata_Northern Shoveler,../../Datasets/BirdClef/features/Spatula clypeata_Northern Shoveler/XC371899.npy,../../Datasets/BirdClef/audio/Spatula clypeata_Northern Shoveler/XC371899.mp3
train,Spatula clypeata_Northern Shoveler,../../Datasets/BirdClef/features/Spatula clypeata_Northern Shoveler/XC407021.npy,../../Datasets/BirdClef/audio/Spatula clypeata_Northern Shoveler/XC407021.mp3
train,Spatula clypeata_Northern Shoveler,../../Datasets/BirdClef/features/Spatula clypeata_Northern Shoveler/XC95806.npy,../../Datasets/BirdClef/audio/Spatula clypeata_Northern Shoveler/XC95806.mp3
train,Spatula discors_Blue-winged Teal,../../Datasets/BirdClef/features/Spatula discors_Blue-winged Teal/XC160537.npy,../../Datasets/BirdClef/audio/Spatula discors_Blue-winged Teal/XC160537.mp3
train,Spatula discors_Blue-winged Teal,../../Datasets/BirdClef/features/Spatula discors_Blue-winged Teal/XC175547.npy,../../Datasets/BirdClef/audio/Spatula discors_Blue-winged Teal/XC175547.mp3
train,Spatula discors_Blue-winged Teal,../../Datasets/BirdClef/features/Spatula discors_Blue-winged Teal/XC52153.npy,../../Datasets/BirdClef/audio/Spatula discors_Blue-winged Teal/XC52153.mp3
train,Spatula discors_Blue-winged Teal,../../Datasets/BirdClef/features/Spatula discors_Blue-winged Teal/XC163734.npy,../../Datasets/BirdClef/audio/Spatula discors_Blue-winged Teal/XC163734.mp3
train,Spatula discors_Blue-winged Teal,../../Datasets/BirdClef/features/Spatula discors_Blue-winged Teal/XC302953.npy,../../Datasets/BirdClef/audio/Spatula discors_Blue-winged Teal/XC302953.mp3
train,Spatula querquedula_Garganey,../../Datasets/BirdClef/features/Spatula querquedula_Garganey/XC106957.npy,../../Datasets/BirdClef/audio/Spatula querquedula_Garganey/XC106957.mp3
train,Spatula querquedula_Garganey,../../Datasets/BirdClef/features/Spatula querquedula_Garganey/XC360227.npy,../../Datasets/BirdClef/audio/Spatula querquedula_Garganey/XC360227.mp3
train,Spatula querquedula_Garganey,../../Datasets/BirdClef/features/Spatula querquedula_Garganey/XC405991.npy,../../Datasets/BirdClef/audio/Spatula querquedula_Garganey/XC405991.mp3
train,Spatula querquedula_Garganey,../../Datasets/BirdClef/features/Spatula querquedula_Garganey/XC280941.npy,../../Datasets/BirdClef/audio/Spatula querquedula_Garganey/XC280941.mp3
train,Spatula querquedula_Garganey,../../Datasets/BirdClef/features/Spatula querquedula_Garganey/XC280943.npy,../../Datasets/BirdClef/audio/Spatula querquedula_Garganey/XC280943.mp3
train,Sphyrapicus varius_Yellow-bellied Sapsucker,../../Datasets/BirdClef/features/Sphyrapicus varius_Yellow-bellied Sapsucker/XC489128.npy,../../Datasets/BirdClef/audio/Sphyrapicus varius_Yellow-bellied Sapsucker/XC489128.mp3
train,Sphyrapicus varius_Yellow-bellied Sapsucker,../../Datasets/BirdClef/features/Sphyrapicus varius_Yellow-bellied Sapsucker/XC297560.npy,../../Datasets/BirdClef/audio/Sphyrapicus varius_Yellow-bellied Sapsucker/XC297560.mp3
train,Sphyrapicus varius_Yellow-bellied Sapsucker,../../Datasets/BirdClef/features/Sphyrapicus varius_Yellow-bellied Sapsucker/XC78062.npy,../../Datasets/BirdClef/audio/Sphyrapicus varius_Yellow-bellied Sapsucker/XC78062.mp3
train,Sphyrapicus varius_Yellow-bellied Sapsucker,../../Datasets/BirdClef/features/Sphyrapicus varius_Yellow-bellied Sapsucker/XC302918.npy,../../Datasets/BirdClef/audio/Sphyrapicus varius_Yellow-bellied Sapsucker/XC302918.mp3
train,Sphyrapicus varius_Yellow-bellied Sapsucker,../../Datasets/BirdClef/features/Sphyrapicus varius_Yellow-bellied Sapsucker/XC137670.npy,../../Datasets/BirdClef/audio/Sphyrapicus varius_Yellow-bellied Sapsucker/XC137670.mp3
train,Spinus pinus_Pine Siskin,../../Datasets/BirdClef/features/Spinus pinus_Pine Siskin/XC193948.npy,../../Datasets/BirdClef/audio/Spinus pinus_Pine Siskin/XC193948.mp3
train,Spinus pinus_Pine Siskin,../../Datasets/BirdClef/features/Spinus pinus_Pine Siskin/XC227404.npy,../../Datasets/BirdClef/audio/Spinus pinus_Pine Siskin/XC227404.mp3
train,Spinus pinus_Pine Siskin,../../Datasets/BirdClef/features/Spinus pinus_Pine Siskin/XC160149.npy,../../Datasets/BirdClef/audio/Spinus pinus_Pine Siskin/XC160149.mp3
train,Spinus pinus_Pine Siskin,../../Datasets/BirdClef/features/Spinus pinus_Pine Siskin/XC227385.npy,../../Datasets/BirdClef/audio/Spinus pinus_Pine Siskin/XC227385.mp3
train,Spinus pinus_Pine Siskin,../../Datasets/BirdClef/features/Spinus pinus_Pine Siskin/XC348823.npy,../../Datasets/BirdClef/audio/Spinus pinus_Pine Siskin/XC348823.mp3
train,Spinus psaltria_Lesser Goldfinch,../../Datasets/BirdClef/features/Spinus psaltria_Lesser Goldfinch/XC327512.npy,../../Datasets/BirdClef/audio/Spinus psaltria_Lesser Goldfinch/XC327512.mp3
train,Spinus psaltria_Lesser Goldfinch,../../Datasets/BirdClef/features/Spinus psaltria_Lesser Goldfinch/XC220453.npy,../../Datasets/BirdClef/audio/Spinus psaltria_Lesser Goldfinch/XC220453.mp3
train,Spinus psaltria_Lesser Goldfinch,../../Datasets/BirdClef/features/Spinus psaltria_Lesser Goldfinch/XC181097.npy,../../Datasets/BirdClef/audio/Spinus psaltria_Lesser Goldfinch/XC181097.mp3
train,Spinus psaltria_Lesser Goldfinch,../../Datasets/BirdClef/features/Spinus psaltria_Lesser Goldfinch/XC488245.npy,../../Datasets/BirdClef/audio/Spinus psaltria_Lesser Goldfinch/XC488245.mp3
train,Spinus psaltria_Lesser Goldfinch,../../Datasets/BirdClef/features/Spinus psaltria_Lesser Goldfinch/XC14040.npy,../../Datasets/BirdClef/audio/Spinus psaltria_Lesser Goldfinch/XC14040.mp3
train,Spinus spinus_Eurasian Siskin,../../Datasets/BirdClef/features/Spinus spinus_Eurasian Siskin/XC169738.npy,../../Datasets/BirdClef/audio/Spinus spinus_Eurasian Siskin/XC169738.mp3
train,Spinus spinus_Eurasian Siskin,../../Datasets/BirdClef/features/Spinus spinus_Eurasian Siskin/XC366719.npy,../../Datasets/BirdClef/audio/Spinus spinus_Eurasian Siskin/XC366719.mp3
train,Spinus spinus_Eurasian Siskin,../../Datasets/BirdClef/features/Spinus spinus_Eurasian Siskin/XC346376.npy,../../Datasets/BirdClef/audio/Spinus spinus_Eurasian Siskin/XC346376.mp3
train,Spinus spinus_Eurasian Siskin,../../Datasets/BirdClef/features/Spinus spinus_Eurasian Siskin/XC263921.npy,../../Datasets/BirdClef/audio/Spinus spinus_Eurasian Siskin/XC263921.mp3
train,Spinus spinus_Eurasian Siskin,../../Datasets/BirdClef/features/Spinus spinus_Eurasian Siskin/XC331078.npy,../../Datasets/BirdClef/audio/Spinus spinus_Eurasian Siskin/XC331078.mp3
train,Spinus tristis_American Goldfinch,../../Datasets/BirdClef/features/Spinus tristis_American Goldfinch/XC159209.npy,../../Datasets/BirdClef/audio/Spinus tristis_American Goldfinch/XC159209.mp3
train,Spinus tristis_American Goldfinch,../../Datasets/BirdClef/features/Spinus tristis_American Goldfinch/XC420842.npy,../../Datasets/BirdClef/audio/Spinus tristis_American Goldfinch/XC420842.mp3
train,Spinus tristis_American Goldfinch,../../Datasets/BirdClef/features/Spinus tristis_American Goldfinch/XC160788.npy,../../Datasets/BirdClef/audio/Spinus tristis_American Goldfinch/XC160788.mp3
train,Spinus tristis_American Goldfinch,../../Datasets/BirdClef/features/Spinus tristis_American Goldfinch/XC315299.npy,../../Datasets/BirdClef/audio/Spinus tristis_American Goldfinch/XC315299.mp3
train,Spinus tristis_American Goldfinch,../../Datasets/BirdClef/features/Spinus tristis_American Goldfinch/XC49047.npy,../../Datasets/BirdClef/audio/Spinus tristis_American Goldfinch/XC49047.mp3
train,Spizaetus ornatus_Ornate Hawk-Eagle,../../Datasets/BirdClef/features/Spizaetus ornatus_Ornate Hawk-Eagle/XC315582.npy,../../Datasets/BirdClef/audio/Spizaetus ornatus_Ornate Hawk-Eagle/XC315582.mp3
train,Spizaetus ornatus_Ornate Hawk-Eagle,../../Datasets/BirdClef/features/Spizaetus ornatus_Ornate Hawk-Eagle/XC257379.npy,../../Datasets/BirdClef/audio/Spizaetus ornatus_Ornate Hawk-Eagle/XC257379.mp3
train,Spizaetus ornatus_Ornate Hawk-Eagle,../../Datasets/BirdClef/features/Spizaetus ornatus_Ornate Hawk-Eagle/XC3967.npy,../../Datasets/BirdClef/audio/Spizaetus ornatus_Ornate Hawk-Eagle/XC3967.mp3
train,Spizaetus ornatus_Ornate Hawk-Eagle,../../Datasets/BirdClef/features/Spizaetus ornatus_Ornate Hawk-Eagle/XC306493.npy,../../Datasets/BirdClef/audio/Spizaetus ornatus_Ornate Hawk-Eagle/XC306493.mp3
train,Spizaetus ornatus_Ornate Hawk-Eagle,../../Datasets/BirdClef/features/Spizaetus ornatus_Ornate Hawk-Eagle/XC240046.npy,../../Datasets/BirdClef/audio/Spizaetus ornatus_Ornate Hawk-Eagle/XC240046.mp3
train,Spizaetus tyrannus_Black Hawk-Eagle,../../Datasets/BirdClef/features/Spizaetus tyrannus_Black Hawk-Eagle/XC51334.npy,../../Datasets/BirdClef/audio/Spizaetus tyrannus_Black Hawk-Eagle/XC51334.mp3
train,Spizaetus tyrannus_Black Hawk-Eagle,../../Datasets/BirdClef/features/Spizaetus tyrannus_Black Hawk-Eagle/XC132055.npy,../../Datasets/BirdClef/audio/Spizaetus tyrannus_Black Hawk-Eagle/XC132055.mp3
train,Spizaetus tyrannus_Black Hawk-Eagle,../../Datasets/BirdClef/features/Spizaetus tyrannus_Black Hawk-Eagle/XC229838.npy,../../Datasets/BirdClef/audio/Spizaetus tyrannus_Black Hawk-Eagle/XC229838.mp3
train,Spizaetus tyrannus_Black Hawk-Eagle,../../Datasets/BirdClef/features/Spizaetus tyrannus_Black Hawk-Eagle/XC59240.npy,../../Datasets/BirdClef/audio/Spizaetus tyrannus_Black Hawk-Eagle/XC59240.mp3
train,Spizaetus tyrannus_Black Hawk-Eagle,../../Datasets/BirdClef/features/Spizaetus tyrannus_Black Hawk-Eagle/XC237603.npy,../../Datasets/BirdClef/audio/Spizaetus tyrannus_Black Hawk-Eagle/XC237603.mp3
train,Spizella breweri_Brewer's Sparrow,../../Datasets/BirdClef/features/Spizella breweri_Brewer's Sparrow/XC147290.npy,../../Datasets/BirdClef/audio/Spizella breweri_Brewer's Sparrow/XC147290.mp3
train,Spizella breweri_Brewer's Sparrow,../../Datasets/BirdClef/features/Spizella breweri_Brewer's Sparrow/XC188668.npy,../../Datasets/BirdClef/audio/Spizella breweri_Brewer's Sparrow/XC188668.mp3
train,Spizella breweri_Brewer's Sparrow,../../Datasets/BirdClef/features/Spizella breweri_Brewer's Sparrow/XC483211.npy,../../Datasets/BirdClef/audio/Spizella breweri_Brewer's Sparrow/XC483211.mp3
train,Spizella breweri_Brewer's Sparrow,../../Datasets/BirdClef/features/Spizella breweri_Brewer's Sparrow/XC188128.npy,../../Datasets/BirdClef/audio/Spizella breweri_Brewer's Sparrow/XC188128.mp3
train,Spizella breweri_Brewer's Sparrow,../../Datasets/BirdClef/features/Spizella breweri_Brewer's Sparrow/XC125096.npy,../../Datasets/BirdClef/audio/Spizella breweri_Brewer's Sparrow/XC125096.mp3
train,Spizella passerina_Chipping Sparrow,../../Datasets/BirdClef/features/Spizella passerina_Chipping Sparrow/XC188824.npy,../../Datasets/BirdClef/audio/Spizella passerina_Chipping Sparrow/XC188824.mp3
train,Spizella passerina_Chipping Sparrow,../../Datasets/BirdClef/features/Spizella passerina_Chipping Sparrow/XC195560.npy,../../Datasets/BirdClef/audio/Spizella passerina_Chipping Sparrow/XC195560.mp3
train,Spizella passerina_Chipping Sparrow,../../Datasets/BirdClef/features/Spizella passerina_Chipping Sparrow/XC66021.npy,../../Datasets/BirdClef/audio/Spizella passerina_Chipping Sparrow/XC66021.mp3
train,Spizella passerina_Chipping Sparrow,../../Datasets/BirdClef/features/Spizella passerina_Chipping Sparrow/XC294364.npy,../../Datasets/BirdClef/audio/Spizella passerina_Chipping Sparrow/XC294364.mp3
train,Spizella passerina_Chipping Sparrow,../../Datasets/BirdClef/features/Spizella passerina_Chipping Sparrow/XC320440.npy,../../Datasets/BirdClef/audio/Spizella passerina_Chipping Sparrow/XC320440.mp3
train,Spizella pusilla_Field Sparrow,../../Datasets/BirdClef/features/Spizella pusilla_Field Sparrow/XC366697.npy,../../Datasets/BirdClef/audio/Spizella pusilla_Field Sparrow/XC366697.mp3
train,Spizella pusilla_Field Sparrow,../../Datasets/BirdClef/features/Spizella pusilla_Field Sparrow/XC124892.npy,../../Datasets/BirdClef/audio/Spizella pusilla_Field Sparrow/XC124892.mp3
train,Spizella pusilla_Field Sparrow,../../Datasets/BirdClef/features/Spizella pusilla_Field Sparrow/XC102971.npy,../../Datasets/BirdClef/audio/Spizella pusilla_Field Sparrow/XC102971.mp3
train,Spizella pusilla_Field Sparrow,../../Datasets/BirdClef/features/Spizella pusilla_Field Sparrow/XC322491.npy,../../Datasets/BirdClef/audio/Spizella pusilla_Field Sparrow/XC322491.mp3
train,Spizella pusilla_Field Sparrow,../../Datasets/BirdClef/features/Spizella pusilla_Field Sparrow/XC475036.npy,../../Datasets/BirdClef/audio/Spizella pusilla_Field Sparrow/XC475036.mp3
train,Spizelloides arborea_American Tree Sparrow,../../Datasets/BirdClef/features/Spizelloides arborea_American Tree Sparrow/XC342444.npy,../../Datasets/BirdClef/audio/Spizelloides arborea_American Tree Sparrow/XC342444.mp3
train,Spizelloides arborea_American Tree Sparrow,../../Datasets/BirdClef/features/Spizelloides arborea_American Tree Sparrow/XC209759.npy,../../Datasets/BirdClef/audio/Spizelloides arborea_American Tree Sparrow/XC209759.mp3
train,Spizelloides arborea_American Tree Sparrow,../../Datasets/BirdClef/features/Spizelloides arborea_American Tree Sparrow/XC210768.npy,../../Datasets/BirdClef/audio/Spizelloides arborea_American Tree Sparrow/XC210768.mp3
train,Spizelloides arborea_American Tree Sparrow,../../Datasets/BirdClef/features/Spizelloides arborea_American Tree Sparrow/XC306498.npy,../../Datasets/BirdClef/audio/Spizelloides arborea_American Tree Sparrow/XC306498.mp3
train,Spizelloides arborea_American Tree Sparrow,../../Datasets/BirdClef/features/Spizelloides arborea_American Tree Sparrow/XC142069.npy,../../Datasets/BirdClef/audio/Spizelloides arborea_American Tree Sparrow/XC142069.mp3
train,Sporophila angolensis_Chestnut-bellied Seed-Finch,../../Datasets/BirdClef/features/Sporophila angolensis_Chestnut-bellied Seed-Finch/XC63822.npy,../../Datasets/BirdClef/audio/Sporophila angolensis_Chestnut-bellied Seed-Finch/XC63822.mp3
train,Sporophila angolensis_Chestnut-bellied Seed-Finch,../../Datasets/BirdClef/features/Sporophila angolensis_Chestnut-bellied Seed-Finch/XC283000.npy,../../Datasets/BirdClef/audio/Sporophila angolensis_Chestnut-bellied Seed-Finch/XC283000.mp3
train,Sporophila angolensis_Chestnut-bellied Seed-Finch,../../Datasets/BirdClef/features/Sporophila angolensis_Chestnut-bellied Seed-Finch/XC227031.npy,../../Datasets/BirdClef/audio/Sporophila angolensis_Chestnut-bellied Seed-Finch/XC227031.mp3
train,Sporophila angolensis_Chestnut-bellied Seed-Finch,../../Datasets/BirdClef/features/Sporophila angolensis_Chestnut-bellied Seed-Finch/XC227034.npy,../../Datasets/BirdClef/audio/Sporophila angolensis_Chestnut-bellied Seed-Finch/XC227034.mp3
train,Sporophila angolensis_Chestnut-bellied Seed-Finch,../../Datasets/BirdClef/features/Sporophila angolensis_Chestnut-bellied Seed-Finch/XC174042.npy,../../Datasets/BirdClef/audio/Sporophila angolensis_Chestnut-bellied Seed-Finch/XC174042.mp3
train,Sporophila caerulescens_Double-collared Seedeater,../../Datasets/BirdClef/features/Sporophila caerulescens_Double-collared Seedeater/XC342668.npy,../../Datasets/BirdClef/audio/Sporophila caerulescens_Double-collared Seedeater/XC342668.mp3
train,Sporophila caerulescens_Double-collared Seedeater,../../Datasets/BirdClef/features/Sporophila caerulescens_Double-collared Seedeater/XC17478.npy,../../Datasets/BirdClef/audio/Sporophila caerulescens_Double-collared Seedeater/XC17478.mp3
train,Sporophila caerulescens_Double-collared Seedeater,../../Datasets/BirdClef/features/Sporophila caerulescens_Double-collared Seedeater/XC32292.npy,../../Datasets/BirdClef/audio/Sporophila caerulescens_Double-collared Seedeater/XC32292.mp3
train,Sporophila caerulescens_Double-collared Seedeater,../../Datasets/BirdClef/features/Sporophila caerulescens_Double-collared Seedeater/XC131413.npy,../../Datasets/BirdClef/audio/Sporophila caerulescens_Double-collared Seedeater/XC131413.mp3
train,Sporophila caerulescens_Double-collared Seedeater,../../Datasets/BirdClef/features/Sporophila caerulescens_Double-collared Seedeater/XC352283.npy,../../Datasets/BirdClef/audio/Sporophila caerulescens_Double-collared Seedeater/XC352283.mp3
train,Sporophila lineola_Lined Seedeater,../../Datasets/BirdClef/features/Sporophila lineola_Lined Seedeater/XC15445.npy,../../Datasets/BirdClef/audio/Sporophila lineola_Lined Seedeater/XC15445.mp3
train,Sporophila lineola_Lined Seedeater,../../Datasets/BirdClef/features/Sporophila lineola_Lined Seedeater/XC348121.npy,../../Datasets/BirdClef/audio/Sporophila lineola_Lined Seedeater/XC348121.mp3
train,Sporophila lineola_Lined Seedeater,../../Datasets/BirdClef/features/Sporophila lineola_Lined Seedeater/XC216111.npy,../../Datasets/BirdClef/audio/Sporophila lineola_Lined Seedeater/XC216111.mp3
train,Sporophila lineola_Lined Seedeater,../../Datasets/BirdClef/features/Sporophila lineola_Lined Seedeater/XC113883.npy,../../Datasets/BirdClef/audio/Sporophila lineola_Lined Seedeater/XC113883.mp3
train,Sporophila lineola_Lined Seedeater,../../Datasets/BirdClef/features/Sporophila lineola_Lined Seedeater/XC216130.npy,../../Datasets/BirdClef/audio/Sporophila lineola_Lined Seedeater/XC216130.mp3
train,Sporophila luctuosa_Black-and-white Seedeater,../../Datasets/BirdClef/features/Sporophila luctuosa_Black-and-white Seedeater/XC275148.npy,../../Datasets/BirdClef/audio/Sporophila luctuosa_Black-and-white Seedeater/XC275148.mp3
train,Sporophila luctuosa_Black-and-white Seedeater,../../Datasets/BirdClef/features/Sporophila luctuosa_Black-and-white Seedeater/XC93747.npy,../../Datasets/BirdClef/audio/Sporophila luctuosa_Black-and-white Seedeater/XC93747.mp3
train,Sporophila luctuosa_Black-and-white Seedeater,../../Datasets/BirdClef/features/Sporophila luctuosa_Black-and-white Seedeater/XC146562.npy,../../Datasets/BirdClef/audio/Sporophila luctuosa_Black-and-white Seedeater/XC146562.mp3
train,Sporophila luctuosa_Black-and-white Seedeater,../../Datasets/BirdClef/features/Sporophila luctuosa_Black-and-white Seedeater/XC251562.npy,../../Datasets/BirdClef/audio/Sporophila luctuosa_Black-and-white Seedeater/XC251562.mp3
train,Sporophila luctuosa_Black-and-white Seedeater,../../Datasets/BirdClef/features/Sporophila luctuosa_Black-and-white Seedeater/XC50449.npy,../../Datasets/BirdClef/audio/Sporophila luctuosa_Black-and-white Seedeater/XC50449.mp3
train,Sporophila schistacea_Slate-colored Seedeater,../../Datasets/BirdClef/features/Sporophila schistacea_Slate-colored Seedeater/XC424593.npy,../../Datasets/BirdClef/audio/Sporophila schistacea_Slate-colored Seedeater/XC424593.mp3
train,Sporophila schistacea_Slate-colored Seedeater,../../Datasets/BirdClef/features/Sporophila schistacea_Slate-colored Seedeater/XC386582.npy,../../Datasets/BirdClef/audio/Sporophila schistacea_Slate-colored Seedeater/XC386582.mp3
train,Sporophila schistacea_Slate-colored Seedeater,../../Datasets/BirdClef/features/Sporophila schistacea_Slate-colored Seedeater/XC309488.npy,../../Datasets/BirdClef/audio/Sporophila schistacea_Slate-colored Seedeater/XC309488.mp3
train,Sporophila schistacea_Slate-colored Seedeater,../../Datasets/BirdClef/features/Sporophila schistacea_Slate-colored Seedeater/XC233720.npy,../../Datasets/BirdClef/audio/Sporophila schistacea_Slate-colored Seedeater/XC233720.mp3
train,Sporophila schistacea_Slate-colored Seedeater,../../Datasets/BirdClef/features/Sporophila schistacea_Slate-colored Seedeater/XC420561.npy,../../Datasets/BirdClef/audio/Sporophila schistacea_Slate-colored Seedeater/XC420561.mp3
train,Stelgidopteryx ruficollis_Southern Rough-winged Swallow,../../Datasets/BirdClef/features/Stelgidopteryx ruficollis_Southern Rough-winged Swallow/XC230006.npy,../../Datasets/BirdClef/audio/Stelgidopteryx ruficollis_Southern Rough-winged Swallow/XC230006.mp3
train,Stelgidopteryx ruficollis_Southern Rough-winged Swallow,../../Datasets/BirdClef/features/Stelgidopteryx ruficollis_Southern Rough-winged Swallow/XC97281.npy,../../Datasets/BirdClef/audio/Stelgidopteryx ruficollis_Southern Rough-winged Swallow/XC97281.mp3
train,Stelgidopteryx ruficollis_Southern Rough-winged Swallow,../../Datasets/BirdClef/features/Stelgidopteryx ruficollis_Southern Rough-winged Swallow/XC4628.npy,../../Datasets/BirdClef/audio/Stelgidopteryx ruficollis_Southern Rough-winged Swallow/XC4628.mp3
train,Stelgidopteryx ruficollis_Southern Rough-winged Swallow,../../Datasets/BirdClef/features/Stelgidopteryx ruficollis_Southern Rough-winged Swallow/XC4629.npy,../../Datasets/BirdClef/audio/Stelgidopteryx ruficollis_Southern Rough-winged Swallow/XC4629.mp3
train,Stelgidopteryx ruficollis_Southern Rough-winged Swallow,../../Datasets/BirdClef/features/Stelgidopteryx ruficollis_Southern Rough-winged Swallow/XC259273.npy,../../Datasets/BirdClef/audio/Stelgidopteryx ruficollis_Southern Rough-winged Swallow/XC259273.mp3
train,Sterna hirundo_Common Tern,../../Datasets/BirdClef/features/Sterna hirundo_Common Tern/XC155759.npy,../../Datasets/BirdClef/audio/Sterna hirundo_Common Tern/XC155759.mp3
train,Sterna hirundo_Common Tern,../../Datasets/BirdClef/features/Sterna hirundo_Common Tern/XC356372.npy,../../Datasets/BirdClef/audio/Sterna hirundo_Common Tern/XC356372.mp3
train,Sterna hirundo_Common Tern,../../Datasets/BirdClef/features/Sterna hirundo_Common Tern/XC470189.npy,../../Datasets/BirdClef/audio/Sterna hirundo_Common Tern/XC470189.mp3
train,Sterna hirundo_Common Tern,../../Datasets/BirdClef/features/Sterna hirundo_Common Tern/XC380420.npy,../../Datasets/BirdClef/audio/Sterna hirundo_Common Tern/XC380420.mp3
train,Sterna hirundo_Common Tern,../../Datasets/BirdClef/features/Sterna hirundo_Common Tern/XC343115.npy,../../Datasets/BirdClef/audio/Sterna hirundo_Common Tern/XC343115.mp3
train,Streptopelia decaocto_Eurasian Collared-Dove,../../Datasets/BirdClef/features/Streptopelia decaocto_Eurasian Collared-Dove/XC459847.npy,../../Datasets/BirdClef/audio/Streptopelia decaocto_Eurasian Collared-Dove/XC459847.mp3
train,Streptopelia decaocto_Eurasian Collared-Dove,../../Datasets/BirdClef/features/Streptopelia decaocto_Eurasian Collared-Dove/XC355153.npy,../../Datasets/BirdClef/audio/Streptopelia decaocto_Eurasian Collared-Dove/XC355153.mp3
train,Streptopelia decaocto_Eurasian Collared-Dove,../../Datasets/BirdClef/features/Streptopelia decaocto_Eurasian Collared-Dove/XC487383.npy,../../Datasets/BirdClef/audio/Streptopelia decaocto_Eurasian Collared-Dove/XC487383.mp3
train,Streptopelia decaocto_Eurasian Collared-Dove,../../Datasets/BirdClef/features/Streptopelia decaocto_Eurasian Collared-Dove/XC407226.npy,../../Datasets/BirdClef/audio/Streptopelia decaocto_Eurasian Collared-Dove/XC407226.mp3
train,Streptopelia decaocto_Eurasian Collared-Dove,../../Datasets/BirdClef/features/Streptopelia decaocto_Eurasian Collared-Dove/XC133855.npy,../../Datasets/BirdClef/audio/Streptopelia decaocto_Eurasian Collared-Dove/XC133855.mp3
train,Streptopelia turtur_European Turtle-Dove,../../Datasets/BirdClef/features/Streptopelia turtur_European Turtle-Dove/XC253637.npy,../../Datasets/BirdClef/audio/Streptopelia turtur_European Turtle-Dove/XC253637.mp3
train,Streptopelia turtur_European Turtle-Dove,../../Datasets/BirdClef/features/Streptopelia turtur_European Turtle-Dove/XC252955.npy,../../Datasets/BirdClef/audio/Streptopelia turtur_European Turtle-Dove/XC252955.mp3
train,Streptopelia turtur_European Turtle-Dove,../../Datasets/BirdClef/features/Streptopelia turtur_European Turtle-Dove/XC278550.npy,../../Datasets/BirdClef/audio/Streptopelia turtur_European Turtle-Dove/XC278550.mp3
train,Streptopelia turtur_European Turtle-Dove,../../Datasets/BirdClef/features/Streptopelia turtur_European Turtle-Dove/XC233270.npy,../../Datasets/BirdClef/audio/Streptopelia turtur_European Turtle-Dove/XC233270.mp3
train,Streptopelia turtur_European Turtle-Dove,../../Datasets/BirdClef/features/Streptopelia turtur_European Turtle-Dove/XC37537.npy,../../Datasets/BirdClef/audio/Streptopelia turtur_European Turtle-Dove/XC37537.mp3
train,Streptoprocne zonaris_White-collared Swift,../../Datasets/BirdClef/features/Streptoprocne zonaris_White-collared Swift/XC85427.npy,../../Datasets/BirdClef/audio/Streptoprocne zonaris_White-collared Swift/XC85427.mp3
train,Streptoprocne zonaris_White-collared Swift,../../Datasets/BirdClef/features/Streptoprocne zonaris_White-collared Swift/XC325753.npy,../../Datasets/BirdClef/audio/Streptoprocne zonaris_White-collared Swift/XC325753.mp3
train,Streptoprocne zonaris_White-collared Swift,../../Datasets/BirdClef/features/Streptoprocne zonaris_White-collared Swift/XC176506.npy,../../Datasets/BirdClef/audio/Streptoprocne zonaris_White-collared Swift/XC176506.mp3
train,Streptoprocne zonaris_White-collared Swift,../../Datasets/BirdClef/features/Streptoprocne zonaris_White-collared Swift/XC230061.npy,../../Datasets/BirdClef/audio/Streptoprocne zonaris_White-collared Swift/XC230061.mp3
train,Streptoprocne zonaris_White-collared Swift,../../Datasets/BirdClef/features/Streptoprocne zonaris_White-collared Swift/XC61917.npy,../../Datasets/BirdClef/audio/Streptoprocne zonaris_White-collared Swift/XC61917.mp3
train,Sturnella magna_Eastern Meadowlark,../../Datasets/BirdClef/features/Sturnella magna_Eastern Meadowlark/XC406008.npy,../../Datasets/BirdClef/audio/Sturnella magna_Eastern Meadowlark/XC406008.mp3
train,Sturnella magna_Eastern Meadowlark,../../Datasets/BirdClef/features/Sturnella magna_Eastern Meadowlark/XC35386.npy,../../Datasets/BirdClef/audio/Sturnella magna_Eastern Meadowlark/XC35386.mp3
train,Sturnella magna_Eastern Meadowlark,../../Datasets/BirdClef/features/Sturnella magna_Eastern Meadowlark/XC54995.npy,../../Datasets/BirdClef/audio/Sturnella magna_Eastern Meadowlark/XC54995.mp3
train,Sturnella magna_Eastern Meadowlark,../../Datasets/BirdClef/features/Sturnella magna_Eastern Meadowlark/XC163989.npy,../../Datasets/BirdClef/audio/Sturnella magna_Eastern Meadowlark/XC163989.mp3
train,Sturnella magna_Eastern Meadowlark,../../Datasets/BirdClef/features/Sturnella magna_Eastern Meadowlark/XC84007.npy,../../Datasets/BirdClef/audio/Sturnella magna_Eastern Meadowlark/XC84007.mp3
train,Sturnella neglecta_Western Meadowlark,../../Datasets/BirdClef/features/Sturnella neglecta_Western Meadowlark/XC161773.npy,../../Datasets/BirdClef/audio/Sturnella neglecta_Western Meadowlark/XC161773.mp3
train,Sturnella neglecta_Western Meadowlark,../../Datasets/BirdClef/features/Sturnella neglecta_Western Meadowlark/XC65947.npy,../../Datasets/BirdClef/audio/Sturnella neglecta_Western Meadowlark/XC65947.mp3
train,Sturnella neglecta_Western Meadowlark,../../Datasets/BirdClef/features/Sturnella neglecta_Western Meadowlark/XC390106.npy,../../Datasets/BirdClef/audio/Sturnella neglecta_Western Meadowlark/XC390106.mp3
train,Sturnella neglecta_Western Meadowlark,../../Datasets/BirdClef/features/Sturnella neglecta_Western Meadowlark/XC500164.npy,../../Datasets/BirdClef/audio/Sturnella neglecta_Western Meadowlark/XC500164.mp3
train,Sturnella neglecta_Western Meadowlark,../../Datasets/BirdClef/features/Sturnella neglecta_Western Meadowlark/XC185139.npy,../../Datasets/BirdClef/audio/Sturnella neglecta_Western Meadowlark/XC185139.mp3
train,Sturnus vulgaris_European Starling,../../Datasets/BirdClef/features/Sturnus vulgaris_European Starling/XC240287.npy,../../Datasets/BirdClef/audio/Sturnus vulgaris_European Starling/XC240287.mp3
train,Sturnus vulgaris_European Starling,../../Datasets/BirdClef/features/Sturnus vulgaris_European Starling/XC213464.npy,../../Datasets/BirdClef/audio/Sturnus vulgaris_European Starling/XC213464.mp3
train,Sturnus vulgaris_European Starling,../../Datasets/BirdClef/features/Sturnus vulgaris_European Starling/XC27153.npy,../../Datasets/BirdClef/audio/Sturnus vulgaris_European Starling/XC27153.mp3
train,Sturnus vulgaris_European Starling,../../Datasets/BirdClef/features/Sturnus vulgaris_European Starling/XC102761.npy,../../Datasets/BirdClef/audio/Sturnus vulgaris_European Starling/XC102761.mp3
train,Sturnus vulgaris_European Starling,../../Datasets/BirdClef/features/Sturnus vulgaris_European Starling/XC306858.npy,../../Datasets/BirdClef/audio/Sturnus vulgaris_European Starling/XC306858.mp3
train,Sublegatus modestus_Southern Scrub-Flycatcher,../../Datasets/BirdClef/features/Sublegatus modestus_Southern Scrub-Flycatcher/XC95746.npy,../../Datasets/BirdClef/audio/Sublegatus modestus_Southern Scrub-Flycatcher/XC95746.mp3
train,Sublegatus modestus_Southern Scrub-Flycatcher,../../Datasets/BirdClef/features/Sublegatus modestus_Southern Scrub-Flycatcher/XC191370.npy,../../Datasets/BirdClef/audio/Sublegatus modestus_Southern Scrub-Flycatcher/XC191370.mp3
train,Sublegatus modestus_Southern Scrub-Flycatcher,../../Datasets/BirdClef/features/Sublegatus modestus_Southern Scrub-Flycatcher/XC273187.npy,../../Datasets/BirdClef/audio/Sublegatus modestus_Southern Scrub-Flycatcher/XC273187.mp3
train,Sublegatus modestus_Southern Scrub-Flycatcher,../../Datasets/BirdClef/features/Sublegatus modestus_Southern Scrub-Flycatcher/XC49688.npy,../../Datasets/BirdClef/audio/Sublegatus modestus_Southern Scrub-Flycatcher/XC49688.mp3
train,Sublegatus modestus_Southern Scrub-Flycatcher,../../Datasets/BirdClef/features/Sublegatus modestus_Southern Scrub-Flycatcher/XC273182.npy,../../Datasets/BirdClef/audio/Sublegatus modestus_Southern Scrub-Flycatcher/XC273182.mp3
train,Sylvia atricapilla_Eurasian Blackcap,../../Datasets/BirdClef/features/Sylvia atricapilla_Eurasian Blackcap/XC217234.npy,../../Datasets/BirdClef/audio/Sylvia atricapilla_Eurasian Blackcap/XC217234.mp3
train,Sylvia atricapilla_Eurasian Blackcap,../../Datasets/BirdClef/features/Sylvia atricapilla_Eurasian Blackcap/XC241427.npy,../../Datasets/BirdClef/audio/Sylvia atricapilla_Eurasian Blackcap/XC241427.mp3
train,Sylvia atricapilla_Eurasian Blackcap,../../Datasets/BirdClef/features/Sylvia atricapilla_Eurasian Blackcap/XC235844.npy,../../Datasets/BirdClef/audio/Sylvia atricapilla_Eurasian Blackcap/XC235844.mp3
train,Sylvia atricapilla_Eurasian Blackcap,../../Datasets/BirdClef/features/Sylvia atricapilla_Eurasian Blackcap/XC297646.npy,../../Datasets/BirdClef/audio/Sylvia atricapilla_Eurasian Blackcap/XC297646.mp3
train,Sylvia atricapilla_Eurasian Blackcap,../../Datasets/BirdClef/features/Sylvia atricapilla_Eurasian Blackcap/XC265844.npy,../../Datasets/BirdClef/audio/Sylvia atricapilla_Eurasian Blackcap/XC265844.mp3
train,Sylvia borin_Garden Warbler,../../Datasets/BirdClef/features/Sylvia borin_Garden Warbler/XC344136.npy,../../Datasets/BirdClef/audio/Sylvia borin_Garden Warbler/XC344136.mp3
train,Sylvia borin_Garden Warbler,../../Datasets/BirdClef/features/Sylvia borin_Garden Warbler/XC318800.npy,../../Datasets/BirdClef/audio/Sylvia borin_Garden Warbler/XC318800.mp3
train,Sylvia borin_Garden Warbler,../../Datasets/BirdClef/features/Sylvia borin_Garden Warbler/XC380242.npy,../../Datasets/BirdClef/audio/Sylvia borin_Garden Warbler/XC380242.mp3
train,Sylvia borin_Garden Warbler,../../Datasets/BirdClef/features/Sylvia borin_Garden Warbler/XC27131.npy,../../Datasets/BirdClef/audio/Sylvia borin_Garden Warbler/XC27131.mp3
train,Sylvia borin_Garden Warbler,../../Datasets/BirdClef/features/Sylvia borin_Garden Warbler/XC342326.npy,../../Datasets/BirdClef/audio/Sylvia borin_Garden Warbler/XC342326.mp3
train,Sylvia communis_Greater Whitethroat,../../Datasets/BirdClef/features/Sylvia communis_Greater Whitethroat/XC139556.npy,../../Datasets/BirdClef/audio/Sylvia communis_Greater Whitethroat/XC139556.mp3
train,Sylvia communis_Greater Whitethroat,../../Datasets/BirdClef/features/Sylvia communis_Greater Whitethroat/XC100956.npy,../../Datasets/BirdClef/audio/Sylvia communis_Greater Whitethroat/XC100956.mp3
train,Sylvia communis_Greater Whitethroat,../../Datasets/BirdClef/features/Sylvia communis_Greater Whitethroat/XC188719.npy,../../Datasets/BirdClef/audio/Sylvia communis_Greater Whitethroat/XC188719.mp3
train,Sylvia communis_Greater Whitethroat,../../Datasets/BirdClef/features/Sylvia communis_Greater Whitethroat/XC187754.npy,../../Datasets/BirdClef/audio/Sylvia communis_Greater Whitethroat/XC187754.mp3
train,Sylvia communis_Greater Whitethroat,../../Datasets/BirdClef/features/Sylvia communis_Greater Whitethroat/XC135521.npy,../../Datasets/BirdClef/audio/Sylvia communis_Greater Whitethroat/XC135521.mp3
train,Sylvia curruca_Lesser Whitethroat,../../Datasets/BirdClef/features/Sylvia curruca_Lesser Whitethroat/XC307874.npy,../../Datasets/BirdClef/audio/Sylvia curruca_Lesser Whitethroat/XC307874.mp3
train,Sylvia curruca_Lesser Whitethroat,../../Datasets/BirdClef/features/Sylvia curruca_Lesser Whitethroat/XC147106.npy,../../Datasets/BirdClef/audio/Sylvia curruca_Lesser Whitethroat/XC147106.mp3
train,Sylvia curruca_Lesser Whitethroat,../../Datasets/BirdClef/features/Sylvia curruca_Lesser Whitethroat/XC27140.npy,../../Datasets/BirdClef/audio/Sylvia curruca_Lesser Whitethroat/XC27140.mp3
train,Sylvia curruca_Lesser Whitethroat,../../Datasets/BirdClef/features/Sylvia curruca_Lesser Whitethroat/XC163451.npy,../../Datasets/BirdClef/audio/Sylvia curruca_Lesser Whitethroat/XC163451.mp3
train,Sylvia curruca_Lesser Whitethroat,../../Datasets/BirdClef/features/Sylvia curruca_Lesser Whitethroat/XC168912.npy,../../Datasets/BirdClef/audio/Sylvia curruca_Lesser Whitethroat/XC168912.mp3
train,Synallaxis albescens_Pale-breasted Spinetail,../../Datasets/BirdClef/features/Synallaxis albescens_Pale-breasted Spinetail/XC279245.npy,../../Datasets/BirdClef/audio/Synallaxis albescens_Pale-breasted Spinetail/XC279245.mp3
train,Synallaxis albescens_Pale-breasted Spinetail,../../Datasets/BirdClef/features/Synallaxis albescens_Pale-breasted Spinetail/XC420625.npy,../../Datasets/BirdClef/audio/Synallaxis albescens_Pale-breasted Spinetail/XC420625.mp3
train,Synallaxis albescens_Pale-breasted Spinetail,../../Datasets/BirdClef/features/Synallaxis albescens_Pale-breasted Spinetail/XC391585.npy,../../Datasets/BirdClef/audio/Synallaxis albescens_Pale-breasted Spinetail/XC391585.mp3
train,Synallaxis albescens_Pale-breasted Spinetail,../../Datasets/BirdClef/features/Synallaxis albescens_Pale-breasted Spinetail/XC353740.npy,../../Datasets/BirdClef/audio/Synallaxis albescens_Pale-breasted Spinetail/XC353740.mp3
train,Synallaxis albescens_Pale-breasted Spinetail,../../Datasets/BirdClef/features/Synallaxis albescens_Pale-breasted Spinetail/XC66029.npy,../../Datasets/BirdClef/audio/Synallaxis albescens_Pale-breasted Spinetail/XC66029.mp3
train,Synallaxis albigularis_Dark-breasted Spinetail,../../Datasets/BirdClef/features/Synallaxis albigularis_Dark-breasted Spinetail/XC106822.npy,../../Datasets/BirdClef/audio/Synallaxis albigularis_Dark-breasted Spinetail/XC106822.mp3
train,Synallaxis albigularis_Dark-breasted Spinetail,../../Datasets/BirdClef/features/Synallaxis albigularis_Dark-breasted Spinetail/XC30669.npy,../../Datasets/BirdClef/audio/Synallaxis albigularis_Dark-breasted Spinetail/XC30669.mp3
train,Synallaxis albigularis_Dark-breasted Spinetail,../../Datasets/BirdClef/features/Synallaxis albigularis_Dark-breasted Spinetail/XC230158.npy,../../Datasets/BirdClef/audio/Synallaxis albigularis_Dark-breasted Spinetail/XC230158.mp3
train,Synallaxis albigularis_Dark-breasted Spinetail,../../Datasets/BirdClef/features/Synallaxis albigularis_Dark-breasted Spinetail/XC260645.npy,../../Datasets/BirdClef/audio/Synallaxis albigularis_Dark-breasted Spinetail/XC260645.mp3
train,Synallaxis albigularis_Dark-breasted Spinetail,../../Datasets/BirdClef/features/Synallaxis albigularis_Dark-breasted Spinetail/XC118626.npy,../../Datasets/BirdClef/audio/Synallaxis albigularis_Dark-breasted Spinetail/XC118626.mp3
train,Synallaxis gujanensis_Plain-crowned Spinetail,../../Datasets/BirdClef/features/Synallaxis gujanensis_Plain-crowned Spinetail/XC296727.npy,../../Datasets/BirdClef/audio/Synallaxis gujanensis_Plain-crowned Spinetail/XC296727.mp3
train,Synallaxis gujanensis_Plain-crowned Spinetail,../../Datasets/BirdClef/features/Synallaxis gujanensis_Plain-crowned Spinetail/XC424.npy,../../Datasets/BirdClef/audio/Synallaxis gujanensis_Plain-crowned Spinetail/XC424.mp3
train,Synallaxis gujanensis_Plain-crowned Spinetail,../../Datasets/BirdClef/features/Synallaxis gujanensis_Plain-crowned Spinetail/XC296710.npy,../../Datasets/BirdClef/audio/Synallaxis gujanensis_Plain-crowned Spinetail/XC296710.mp3
train,Synallaxis gujanensis_Plain-crowned Spinetail,../../Datasets/BirdClef/features/Synallaxis gujanensis_Plain-crowned Spinetail/XC230281.npy,../../Datasets/BirdClef/audio/Synallaxis gujanensis_Plain-crowned Spinetail/XC230281.mp3
train,Synallaxis gujanensis_Plain-crowned Spinetail,../../Datasets/BirdClef/features/Synallaxis gujanensis_Plain-crowned Spinetail/XC279483.npy,../../Datasets/BirdClef/audio/Synallaxis gujanensis_Plain-crowned Spinetail/XC279483.mp3
train,Synallaxis rutilans_Ruddy Spinetail,../../Datasets/BirdClef/features/Synallaxis rutilans_Ruddy Spinetail/XC22896.npy,../../Datasets/BirdClef/audio/Synallaxis rutilans_Ruddy Spinetail/XC22896.mp3
train,Synallaxis rutilans_Ruddy Spinetail,../../Datasets/BirdClef/features/Synallaxis rutilans_Ruddy Spinetail/XC258132.npy,../../Datasets/BirdClef/audio/Synallaxis rutilans_Ruddy Spinetail/XC258132.mp3
train,Synallaxis rutilans_Ruddy Spinetail,../../Datasets/BirdClef/features/Synallaxis rutilans_Ruddy Spinetail/XC388524.npy,../../Datasets/BirdClef/audio/Synallaxis rutilans_Ruddy Spinetail/XC388524.mp3
train,Synallaxis rutilans_Ruddy Spinetail,../../Datasets/BirdClef/features/Synallaxis rutilans_Ruddy Spinetail/XC69562.npy,../../Datasets/BirdClef/audio/Synallaxis rutilans_Ruddy Spinetail/XC69562.mp3
train,Synallaxis rutilans_Ruddy Spinetail,../../Datasets/BirdClef/features/Synallaxis rutilans_Ruddy Spinetail/XC85587.npy,../../Datasets/BirdClef/audio/Synallaxis rutilans_Ruddy Spinetail/XC85587.mp3
train,Syndactyla ucayalae_Peruvian Recurvebill,../../Datasets/BirdClef/features/Syndactyla ucayalae_Peruvian Recurvebill/XC12036.npy,../../Datasets/BirdClef/audio/Syndactyla ucayalae_Peruvian Recurvebill/XC12036.mp3
train,Syndactyla ucayalae_Peruvian Recurvebill,../../Datasets/BirdClef/features/Syndactyla ucayalae_Peruvian Recurvebill/XC122761.npy,../../Datasets/BirdClef/audio/Syndactyla ucayalae_Peruvian Recurvebill/XC122761.mp3
train,Syndactyla ucayalae_Peruvian Recurvebill,../../Datasets/BirdClef/features/Syndactyla ucayalae_Peruvian Recurvebill/XC676.npy,../../Datasets/BirdClef/audio/Syndactyla ucayalae_Peruvian Recurvebill/XC676.mp3
train,Syndactyla ucayalae_Peruvian Recurvebill,../../Datasets/BirdClef/features/Syndactyla ucayalae_Peruvian Recurvebill/XC12078.npy,../../Datasets/BirdClef/audio/Syndactyla ucayalae_Peruvian Recurvebill/XC12078.mp3
train,Syndactyla ucayalae_Peruvian Recurvebill,../../Datasets/BirdClef/features/Syndactyla ucayalae_Peruvian Recurvebill/XC303108.npy,../../Datasets/BirdClef/audio/Syndactyla ucayalae_Peruvian Recurvebill/XC303108.mp3
train,Tachybaptus dominicus_Least Grebe,../../Datasets/BirdClef/features/Tachybaptus dominicus_Least Grebe/XC15442.npy,../../Datasets/BirdClef/audio/Tachybaptus dominicus_Least Grebe/XC15442.mp3
train,Tachybaptus dominicus_Least Grebe,../../Datasets/BirdClef/features/Tachybaptus dominicus_Least Grebe/XC54077.npy,../../Datasets/BirdClef/audio/Tachybaptus dominicus_Least Grebe/XC54077.mp3
train,Tachybaptus dominicus_Least Grebe,../../Datasets/BirdClef/features/Tachybaptus dominicus_Least Grebe/XC385290.npy,../../Datasets/BirdClef/audio/Tachybaptus dominicus_Least Grebe/XC385290.mp3
train,Tachybaptus dominicus_Least Grebe,../../Datasets/BirdClef/features/Tachybaptus dominicus_Least Grebe/XC161320.npy,../../Datasets/BirdClef/audio/Tachybaptus dominicus_Least Grebe/XC161320.mp3
train,Tachybaptus dominicus_Least Grebe,../../Datasets/BirdClef/features/Tachybaptus dominicus_Least Grebe/XC45663.npy,../../Datasets/BirdClef/audio/Tachybaptus dominicus_Least Grebe/XC45663.mp3
train,Tachybaptus ruficollis_Little Grebe,../../Datasets/BirdClef/features/Tachybaptus ruficollis_Little Grebe/XC326376.npy,../../Datasets/BirdClef/audio/Tachybaptus ruficollis_Little Grebe/XC326376.mp3
train,Tachybaptus ruficollis_Little Grebe,../../Datasets/BirdClef/features/Tachybaptus ruficollis_Little Grebe/XC439449.npy,../../Datasets/BirdClef/audio/Tachybaptus ruficollis_Little Grebe/XC439449.mp3
train,Tachybaptus ruficollis_Little Grebe,../../Datasets/BirdClef/features/Tachybaptus ruficollis_Little Grebe/XC300737.npy,../../Datasets/BirdClef/audio/Tachybaptus ruficollis_Little Grebe/XC300737.mp3
train,Tachybaptus ruficollis_Little Grebe,../../Datasets/BirdClef/features/Tachybaptus ruficollis_Little Grebe/XC419196.npy,../../Datasets/BirdClef/audio/Tachybaptus ruficollis_Little Grebe/XC419196.mp3
train,Tachybaptus ruficollis_Little Grebe,../../Datasets/BirdClef/features/Tachybaptus ruficollis_Little Grebe/XC356385.npy,../../Datasets/BirdClef/audio/Tachybaptus ruficollis_Little Grebe/XC356385.mp3
train,Tachycineta bicolor_Tree Swallow,../../Datasets/BirdClef/features/Tachycineta bicolor_Tree Swallow/XC163175.npy,../../Datasets/BirdClef/audio/Tachycineta bicolor_Tree Swallow/XC163175.mp3
train,Tachycineta bicolor_Tree Swallow,../../Datasets/BirdClef/features/Tachycineta bicolor_Tree Swallow/XC350895.npy,../../Datasets/BirdClef/audio/Tachycineta bicolor_Tree Swallow/XC350895.mp3
train,Tachycineta bicolor_Tree Swallow,../../Datasets/BirdClef/features/Tachycineta bicolor_Tree Swallow/XC115820.npy,../../Datasets/BirdClef/audio/Tachycineta bicolor_Tree Swallow/XC115820.mp3
train,Tachycineta bicolor_Tree Swallow,../../Datasets/BirdClef/features/Tachycineta bicolor_Tree Swallow/XC134156.npy,../../Datasets/BirdClef/audio/Tachycineta bicolor_Tree Swallow/XC134156.mp3
train,Tachycineta bicolor_Tree Swallow,../../Datasets/BirdClef/features/Tachycineta bicolor_Tree Swallow/XC176986.npy,../../Datasets/BirdClef/audio/Tachycineta bicolor_Tree Swallow/XC176986.mp3
train,Tachycineta thalassina_Violet-green Swallow,../../Datasets/BirdClef/features/Tachycineta thalassina_Violet-green Swallow/XC323142.npy,../../Datasets/BirdClef/audio/Tachycineta thalassina_Violet-green Swallow/XC323142.mp3
train,Tachycineta thalassina_Violet-green Swallow,../../Datasets/BirdClef/features/Tachycineta thalassina_Violet-green Swallow/XC323141.npy,../../Datasets/BirdClef/audio/Tachycineta thalassina_Violet-green Swallow/XC323141.mp3
train,Tachycineta thalassina_Violet-green Swallow,../../Datasets/BirdClef/features/Tachycineta thalassina_Violet-green Swallow/XC189629.npy,../../Datasets/BirdClef/audio/Tachycineta thalassina_Violet-green Swallow/XC189629.mp3
train,Tachycineta thalassina_Violet-green Swallow,../../Datasets/BirdClef/features/Tachycineta thalassina_Violet-green Swallow/XC13809.npy,../../Datasets/BirdClef/audio/Tachycineta thalassina_Violet-green Swallow/XC13809.mp3
train,Tachycineta thalassina_Violet-green Swallow,../../Datasets/BirdClef/features/Tachycineta thalassina_Violet-green Swallow/XC348951.npy,../../Datasets/BirdClef/audio/Tachycineta thalassina_Violet-green Swallow/XC348951.mp3
train,Tachyphonus luctuosus_White-shouldered Tanager,../../Datasets/BirdClef/features/Tachyphonus luctuosus_White-shouldered Tanager/XC487002.npy,../../Datasets/BirdClef/audio/Tachyphonus luctuosus_White-shouldered Tanager/XC487002.mp3
train,Tachyphonus luctuosus_White-shouldered Tanager,../../Datasets/BirdClef/features/Tachyphonus luctuosus_White-shouldered Tanager/XC460336.npy,../../Datasets/BirdClef/audio/Tachyphonus luctuosus_White-shouldered Tanager/XC460336.mp3
train,Tachyphonus luctuosus_White-shouldered Tanager,../../Datasets/BirdClef/features/Tachyphonus luctuosus_White-shouldered Tanager/XC261239.npy,../../Datasets/BirdClef/audio/Tachyphonus luctuosus_White-shouldered Tanager/XC261239.mp3
train,Tachyphonus luctuosus_White-shouldered Tanager,../../Datasets/BirdClef/features/Tachyphonus luctuosus_White-shouldered Tanager/XC389872.npy,../../Datasets/BirdClef/audio/Tachyphonus luctuosus_White-shouldered Tanager/XC389872.mp3
train,Tachyphonus luctuosus_White-shouldered Tanager,../../Datasets/BirdClef/features/Tachyphonus luctuosus_White-shouldered Tanager/XC108693.npy,../../Datasets/BirdClef/audio/Tachyphonus luctuosus_White-shouldered Tanager/XC108693.mp3
train,Tadorna tadorna_Common Shelduck,../../Datasets/BirdClef/features/Tadorna tadorna_Common Shelduck/XC393107.npy,../../Datasets/BirdClef/audio/Tadorna tadorna_Common Shelduck/XC393107.mp3
train,Tadorna tadorna_Common Shelduck,../../Datasets/BirdClef/features/Tadorna tadorna_Common Shelduck/XC448906.npy,../../Datasets/BirdClef/audio/Tadorna tadorna_Common Shelduck/XC448906.mp3
train,Tadorna tadorna_Common Shelduck,../../Datasets/BirdClef/features/Tadorna tadorna_Common Shelduck/XC133843.npy,../../Datasets/BirdClef/audio/Tadorna tadorna_Common Shelduck/XC133843.mp3
train,Tadorna tadorna_Common Shelduck,../../Datasets/BirdClef/features/Tadorna tadorna_Common Shelduck/XC234287.npy,../../Datasets/BirdClef/audio/Tadorna tadorna_Common Shelduck/XC234287.mp3
train,Tadorna tadorna_Common Shelduck,../../Datasets/BirdClef/features/Tadorna tadorna_Common Shelduck/XC466466.npy,../../Datasets/BirdClef/audio/Tadorna tadorna_Common Shelduck/XC466466.mp3
train,Tangara chilensis_Paradise Tanager,../../Datasets/BirdClef/features/Tangara chilensis_Paradise Tanager/XC215282.npy,../../Datasets/BirdClef/audio/Tangara chilensis_Paradise Tanager/XC215282.mp3
train,Tangara chilensis_Paradise Tanager,../../Datasets/BirdClef/features/Tangara chilensis_Paradise Tanager/XC296671.npy,../../Datasets/BirdClef/audio/Tangara chilensis_Paradise Tanager/XC296671.mp3
train,Tangara chilensis_Paradise Tanager,../../Datasets/BirdClef/features/Tangara chilensis_Paradise Tanager/XC74201.npy,../../Datasets/BirdClef/audio/Tangara chilensis_Paradise Tanager/XC74201.mp3
train,Tangara chilensis_Paradise Tanager,../../Datasets/BirdClef/features/Tangara chilensis_Paradise Tanager/XC442012.npy,../../Datasets/BirdClef/audio/Tangara chilensis_Paradise Tanager/XC442012.mp3
train,Tangara chilensis_Paradise Tanager,../../Datasets/BirdClef/features/Tangara chilensis_Paradise Tanager/XC91085.npy,../../Datasets/BirdClef/audio/Tangara chilensis_Paradise Tanager/XC91085.mp3
train,Tangara gyrola_Bay-headed Tanager,../../Datasets/BirdClef/features/Tangara gyrola_Bay-headed Tanager/XC263003.npy,../../Datasets/BirdClef/audio/Tangara gyrola_Bay-headed Tanager/XC263003.mp3
train,Tangara gyrola_Bay-headed Tanager,../../Datasets/BirdClef/features/Tangara gyrola_Bay-headed Tanager/XC449148.npy,../../Datasets/BirdClef/audio/Tangara gyrola_Bay-headed Tanager/XC449148.mp3
train,Tangara gyrola_Bay-headed Tanager,../../Datasets/BirdClef/features/Tangara gyrola_Bay-headed Tanager/XC259649.npy,../../Datasets/BirdClef/audio/Tangara gyrola_Bay-headed Tanager/XC259649.mp3
train,Tangara gyrola_Bay-headed Tanager,../../Datasets/BirdClef/features/Tangara gyrola_Bay-headed Tanager/XC236193.npy,../../Datasets/BirdClef/audio/Tangara gyrola_Bay-headed Tanager/XC236193.mp3
train,Tangara gyrola_Bay-headed Tanager,../../Datasets/BirdClef/features/Tangara gyrola_Bay-headed Tanager/XC99579.npy,../../Datasets/BirdClef/audio/Tangara gyrola_Bay-headed Tanager/XC99579.mp3
train,Tapera naevia_Striped Cuckoo,../../Datasets/BirdClef/features/Tapera naevia_Striped Cuckoo/XC239075.npy,../../Datasets/BirdClef/audio/Tapera naevia_Striped Cuckoo/XC239075.mp3
train,Tapera naevia_Striped Cuckoo,../../Datasets/BirdClef/features/Tapera naevia_Striped Cuckoo/XC239074.npy,../../Datasets/BirdClef/audio/Tapera naevia_Striped Cuckoo/XC239074.mp3
train,Tapera naevia_Striped Cuckoo,../../Datasets/BirdClef/features/Tapera naevia_Striped Cuckoo/XC251597.npy,../../Datasets/BirdClef/audio/Tapera naevia_Striped Cuckoo/XC251597.mp3
train,Tapera naevia_Striped Cuckoo,../../Datasets/BirdClef/features/Tapera naevia_Striped Cuckoo/XC200615.npy,../../Datasets/BirdClef/audio/Tapera naevia_Striped Cuckoo/XC200615.mp3
train,Tapera naevia_Striped Cuckoo,../../Datasets/BirdClef/features/Tapera naevia_Striped Cuckoo/XC113862.npy,../../Datasets/BirdClef/audio/Tapera naevia_Striped Cuckoo/XC113862.mp3
train,Taraba major_Great Antshrike,../../Datasets/BirdClef/features/Taraba major_Great Antshrike/XC288556.npy,../../Datasets/BirdClef/audio/Taraba major_Great Antshrike/XC288556.mp3
train,Taraba major_Great Antshrike,../../Datasets/BirdClef/features/Taraba major_Great Antshrike/XC148305.npy,../../Datasets/BirdClef/audio/Taraba major_Great Antshrike/XC148305.mp3
train,Taraba major_Great Antshrike,../../Datasets/BirdClef/features/Taraba major_Great Antshrike/XC105340.npy,../../Datasets/BirdClef/audio/Taraba major_Great Antshrike/XC105340.mp3
train,Taraba major_Great Antshrike,../../Datasets/BirdClef/features/Taraba major_Great Antshrike/XC388556.npy,../../Datasets/BirdClef/audio/Taraba major_Great Antshrike/XC388556.mp3
train,Taraba major_Great Antshrike,../../Datasets/BirdClef/features/Taraba major_Great Antshrike/XC118887.npy,../../Datasets/BirdClef/audio/Taraba major_Great Antshrike/XC118887.mp3
train,Terenotriccus erythrurus_Ruddy-tailed Flycatcher,../../Datasets/BirdClef/features/Terenotriccus erythrurus_Ruddy-tailed Flycatcher/XC492255.npy,../../Datasets/BirdClef/audio/Terenotriccus erythrurus_Ruddy-tailed Flycatcher/XC492255.mp3
train,Terenotriccus erythrurus_Ruddy-tailed Flycatcher,../../Datasets/BirdClef/features/Terenotriccus erythrurus_Ruddy-tailed Flycatcher/XC64236.npy,../../Datasets/BirdClef/audio/Terenotriccus erythrurus_Ruddy-tailed Flycatcher/XC64236.mp3
train,Terenotriccus erythrurus_Ruddy-tailed Flycatcher,../../Datasets/BirdClef/features/Terenotriccus erythrurus_Ruddy-tailed Flycatcher/XC3253.npy,../../Datasets/BirdClef/audio/Terenotriccus erythrurus_Ruddy-tailed Flycatcher/XC3253.mp3
train,Terenotriccus erythrurus_Ruddy-tailed Flycatcher,../../Datasets/BirdClef/features/Terenotriccus erythrurus_Ruddy-tailed Flycatcher/XC74212.npy,../../Datasets/BirdClef/audio/Terenotriccus erythrurus_Ruddy-tailed Flycatcher/XC74212.mp3
train,Terenotriccus erythrurus_Ruddy-tailed Flycatcher,../../Datasets/BirdClef/features/Terenotriccus erythrurus_Ruddy-tailed Flycatcher/XC276555.npy,../../Datasets/BirdClef/audio/Terenotriccus erythrurus_Ruddy-tailed Flycatcher/XC276555.mp3
train,Tersina viridis_Swallow Tanager,../../Datasets/BirdClef/features/Tersina viridis_Swallow Tanager/XC58343.npy,../../Datasets/BirdClef/audio/Tersina viridis_Swallow Tanager/XC58343.mp3
train,Tersina viridis_Swallow Tanager,../../Datasets/BirdClef/features/Tersina viridis_Swallow Tanager/XC303454.npy,../../Datasets/BirdClef/audio/Tersina viridis_Swallow Tanager/XC303454.mp3
train,Tersina viridis_Swallow Tanager,../../Datasets/BirdClef/features/Tersina viridis_Swallow Tanager/XC108690.npy,../../Datasets/BirdClef/audio/Tersina viridis_Swallow Tanager/XC108690.mp3
train,Tersina viridis_Swallow Tanager,../../Datasets/BirdClef/features/Tersina viridis_Swallow Tanager/XC119348.npy,../../Datasets/BirdClef/audio/Tersina viridis_Swallow Tanager/XC119348.mp3
train,Tersina viridis_Swallow Tanager,../../Datasets/BirdClef/features/Tersina viridis_Swallow Tanager/XC26147.npy,../../Datasets/BirdClef/audio/Tersina viridis_Swallow Tanager/XC26147.mp3
train,Thamnomanes ardesiacus_Dusky-throated Antshrike,../../Datasets/BirdClef/features/Thamnomanes ardesiacus_Dusky-throated Antshrike/XC77011.npy,../../Datasets/BirdClef/audio/Thamnomanes ardesiacus_Dusky-throated Antshrike/XC77011.mp3
train,Thamnomanes ardesiacus_Dusky-throated Antshrike,../../Datasets/BirdClef/features/Thamnomanes ardesiacus_Dusky-throated Antshrike/XC360958.npy,../../Datasets/BirdClef/audio/Thamnomanes ardesiacus_Dusky-throated Antshrike/XC360958.mp3
train,Thamnomanes ardesiacus_Dusky-throated Antshrike,../../Datasets/BirdClef/features/Thamnomanes ardesiacus_Dusky-throated Antshrike/XC64240.npy,../../Datasets/BirdClef/audio/Thamnomanes ardesiacus_Dusky-throated Antshrike/XC64240.mp3
train,Thamnomanes ardesiacus_Dusky-throated Antshrike,../../Datasets/BirdClef/features/Thamnomanes ardesiacus_Dusky-throated Antshrike/XC61367.npy,../../Datasets/BirdClef/audio/Thamnomanes ardesiacus_Dusky-throated Antshrike/XC61367.mp3
train,Thamnomanes ardesiacus_Dusky-throated Antshrike,../../Datasets/BirdClef/features/Thamnomanes ardesiacus_Dusky-throated Antshrike/XC77012.npy,../../Datasets/BirdClef/audio/Thamnomanes ardesiacus_Dusky-throated Antshrike/XC77012.mp3
train,Thamnomanes schistogynus_Bluish-slate Antshrike,../../Datasets/BirdClef/features/Thamnomanes schistogynus_Bluish-slate Antshrike/XC66680.npy,../../Datasets/BirdClef/audio/Thamnomanes schistogynus_Bluish-slate Antshrike/XC66680.mp3
train,Thamnomanes schistogynus_Bluish-slate Antshrike,../../Datasets/BirdClef/features/Thamnomanes schistogynus_Bluish-slate Antshrike/XC263520.npy,../../Datasets/BirdClef/audio/Thamnomanes schistogynus_Bluish-slate Antshrike/XC263520.mp3
train,Thamnomanes schistogynus_Bluish-slate Antshrike,../../Datasets/BirdClef/features/Thamnomanes schistogynus_Bluish-slate Antshrike/XC2854.npy,../../Datasets/BirdClef/audio/Thamnomanes schistogynus_Bluish-slate Antshrike/XC2854.mp3
train,Thamnomanes schistogynus_Bluish-slate Antshrike,../../Datasets/BirdClef/features/Thamnomanes schistogynus_Bluish-slate Antshrike/XC88063.npy,../../Datasets/BirdClef/audio/Thamnomanes schistogynus_Bluish-slate Antshrike/XC88063.mp3
train,Thamnomanes schistogynus_Bluish-slate Antshrike,../../Datasets/BirdClef/features/Thamnomanes schistogynus_Bluish-slate Antshrike/XC355168.npy,../../Datasets/BirdClef/audio/Thamnomanes schistogynus_Bluish-slate Antshrike/XC355168.mp3
train,Thamnophilus aethiops_White-shouldered Antshrike,../../Datasets/BirdClef/features/Thamnophilus aethiops_White-shouldered Antshrike/XC230664.npy,../../Datasets/BirdClef/audio/Thamnophilus aethiops_White-shouldered Antshrike/XC230664.mp3
train,Thamnophilus aethiops_White-shouldered Antshrike,../../Datasets/BirdClef/features/Thamnophilus aethiops_White-shouldered Antshrike/XC276559.npy,../../Datasets/BirdClef/audio/Thamnophilus aethiops_White-shouldered Antshrike/XC276559.mp3
train,Thamnophilus aethiops_White-shouldered Antshrike,../../Datasets/BirdClef/features/Thamnophilus aethiops_White-shouldered Antshrike/XC230662.npy,../../Datasets/BirdClef/audio/Thamnophilus aethiops_White-shouldered Antshrike/XC230662.mp3
train,Thamnophilus aethiops_White-shouldered Antshrike,../../Datasets/BirdClef/features/Thamnophilus aethiops_White-shouldered Antshrike/XC495720.npy,../../Datasets/BirdClef/audio/Thamnophilus aethiops_White-shouldered Antshrike/XC495720.mp3
train,Thamnophilus aethiops_White-shouldered Antshrike,../../Datasets/BirdClef/features/Thamnophilus aethiops_White-shouldered Antshrike/XC64251.npy,../../Datasets/BirdClef/audio/Thamnophilus aethiops_White-shouldered Antshrike/XC64251.mp3
train,Thamnophilus amazonicus_Amazonian Antshrike,../../Datasets/BirdClef/features/Thamnophilus amazonicus_Amazonian Antshrike/XC129860.npy,../../Datasets/BirdClef/audio/Thamnophilus amazonicus_Amazonian Antshrike/XC129860.mp3
train,Thamnophilus amazonicus_Amazonian Antshrike,../../Datasets/BirdClef/features/Thamnophilus amazonicus_Amazonian Antshrike/XC147220.npy,../../Datasets/BirdClef/audio/Thamnophilus amazonicus_Amazonian Antshrike/XC147220.mp3
train,Thamnophilus amazonicus_Amazonian Antshrike,../../Datasets/BirdClef/features/Thamnophilus amazonicus_Amazonian Antshrike/XC230674.npy,../../Datasets/BirdClef/audio/Thamnophilus amazonicus_Amazonian Antshrike/XC230674.mp3
train,Thamnophilus amazonicus_Amazonian Antshrike,../../Datasets/BirdClef/features/Thamnophilus amazonicus_Amazonian Antshrike/XC64254.npy,../../Datasets/BirdClef/audio/Thamnophilus amazonicus_Amazonian Antshrike/XC64254.mp3
train,Thamnophilus amazonicus_Amazonian Antshrike,../../Datasets/BirdClef/features/Thamnophilus amazonicus_Amazonian Antshrike/XC275025.npy,../../Datasets/BirdClef/audio/Thamnophilus amazonicus_Amazonian Antshrike/XC275025.mp3
train,Thamnophilus doliatus_Barred Antshrike,../../Datasets/BirdClef/features/Thamnophilus doliatus_Barred Antshrike/XC459559.npy,../../Datasets/BirdClef/audio/Thamnophilus doliatus_Barred Antshrike/XC459559.mp3
train,Thamnophilus doliatus_Barred Antshrike,../../Datasets/BirdClef/features/Thamnophilus doliatus_Barred Antshrike/XC230714.npy,../../Datasets/BirdClef/audio/Thamnophilus doliatus_Barred Antshrike/XC230714.mp3
train,Thamnophilus doliatus_Barred Antshrike,../../Datasets/BirdClef/features/Thamnophilus doliatus_Barred Antshrike/XC349736.npy,../../Datasets/BirdClef/audio/Thamnophilus doliatus_Barred Antshrike/XC349736.mp3
train,Thamnophilus doliatus_Barred Antshrike,../../Datasets/BirdClef/features/Thamnophilus doliatus_Barred Antshrike/XC354908.npy,../../Datasets/BirdClef/audio/Thamnophilus doliatus_Barred Antshrike/XC354908.mp3
train,Thamnophilus doliatus_Barred Antshrike,../../Datasets/BirdClef/features/Thamnophilus doliatus_Barred Antshrike/XC248769.npy,../../Datasets/BirdClef/audio/Thamnophilus doliatus_Barred Antshrike/XC248769.mp3
train,Thamnophilus schistaceus_Plain-winged Antshrike,../../Datasets/BirdClef/features/Thamnophilus schistaceus_Plain-winged Antshrike/XC400645.npy,../../Datasets/BirdClef/audio/Thamnophilus schistaceus_Plain-winged Antshrike/XC400645.mp3
train,Thamnophilus schistaceus_Plain-winged Antshrike,../../Datasets/BirdClef/features/Thamnophilus schistaceus_Plain-winged Antshrike/XC119493.npy,../../Datasets/BirdClef/audio/Thamnophilus schistaceus_Plain-winged Antshrike/XC119493.mp3
train,Thamnophilus schistaceus_Plain-winged Antshrike,../../Datasets/BirdClef/features/Thamnophilus schistaceus_Plain-winged Antshrike/XC484115.npy,../../Datasets/BirdClef/audio/Thamnophilus schistaceus_Plain-winged Antshrike/XC484115.mp3
train,Thamnophilus schistaceus_Plain-winged Antshrike,../../Datasets/BirdClef/features/Thamnophilus schistaceus_Plain-winged Antshrike/XC487464.npy,../../Datasets/BirdClef/audio/Thamnophilus schistaceus_Plain-winged Antshrike/XC487464.mp3
train,Thamnophilus schistaceus_Plain-winged Antshrike,../../Datasets/BirdClef/features/Thamnophilus schistaceus_Plain-winged Antshrike/XC10470.npy,../../Datasets/BirdClef/audio/Thamnophilus schistaceus_Plain-winged Antshrike/XC10470.mp3
train,Thlypopsis sordida_Orange-headed Tanager,../../Datasets/BirdClef/features/Thlypopsis sordida_Orange-headed Tanager/XC95005.npy,../../Datasets/BirdClef/audio/Thlypopsis sordida_Orange-headed Tanager/XC95005.mp3
train,Thlypopsis sordida_Orange-headed Tanager,../../Datasets/BirdClef/features/Thlypopsis sordida_Orange-headed Tanager/XC342568.npy,../../Datasets/BirdClef/audio/Thlypopsis sordida_Orange-headed Tanager/XC342568.mp3
train,Thlypopsis sordida_Orange-headed Tanager,../../Datasets/BirdClef/features/Thlypopsis sordida_Orange-headed Tanager/XC454583.npy,../../Datasets/BirdClef/audio/Thlypopsis sordida_Orange-headed Tanager/XC454583.mp3
train,Thlypopsis sordida_Orange-headed Tanager,../../Datasets/BirdClef/features/Thlypopsis sordida_Orange-headed Tanager/XC426213.npy,../../Datasets/BirdClef/audio/Thlypopsis sordida_Orange-headed Tanager/XC426213.mp3
train,Thlypopsis sordida_Orange-headed Tanager,../../Datasets/BirdClef/features/Thlypopsis sordida_Orange-headed Tanager/XC212423.npy,../../Datasets/BirdClef/audio/Thlypopsis sordida_Orange-headed Tanager/XC212423.mp3
train,Thraupis episcopus_Blue-gray Tanager,../../Datasets/BirdClef/features/Thraupis episcopus_Blue-gray Tanager/XC437154.npy,../../Datasets/BirdClef/audio/Thraupis episcopus_Blue-gray Tanager/XC437154.mp3
train,Thraupis episcopus_Blue-gray Tanager,../../Datasets/BirdClef/features/Thraupis episcopus_Blue-gray Tanager/XC199962.npy,../../Datasets/BirdClef/audio/Thraupis episcopus_Blue-gray Tanager/XC199962.mp3
train,Thraupis episcopus_Blue-gray Tanager,../../Datasets/BirdClef/features/Thraupis episcopus_Blue-gray Tanager/XC163745.npy,../../Datasets/BirdClef/audio/Thraupis episcopus_Blue-gray Tanager/XC163745.mp3
train,Thraupis episcopus_Blue-gray Tanager,../../Datasets/BirdClef/features/Thraupis episcopus_Blue-gray Tanager/XC259685.npy,../../Datasets/BirdClef/audio/Thraupis episcopus_Blue-gray Tanager/XC259685.mp3
train,Thraupis episcopus_Blue-gray Tanager,../../Datasets/BirdClef/features/Thraupis episcopus_Blue-gray Tanager/XC259684.npy,../../Datasets/BirdClef/audio/Thraupis episcopus_Blue-gray Tanager/XC259684.mp3
train,Thraupis palmarum_Palm Tanager,../../Datasets/BirdClef/features/Thraupis palmarum_Palm Tanager/XC275642.npy,../../Datasets/BirdClef/audio/Thraupis palmarum_Palm Tanager/XC275642.mp3
train,Thraupis palmarum_Palm Tanager,../../Datasets/BirdClef/features/Thraupis palmarum_Palm Tanager/XC3296.npy,../../Datasets/BirdClef/audio/Thraupis palmarum_Palm Tanager/XC3296.mp3
train,Thraupis palmarum_Palm Tanager,../../Datasets/BirdClef/features/Thraupis palmarum_Palm Tanager/XC64265.npy,../../Datasets/BirdClef/audio/Thraupis palmarum_Palm Tanager/XC64265.mp3
train,Thraupis palmarum_Palm Tanager,../../Datasets/BirdClef/features/Thraupis palmarum_Palm Tanager/XC15700.npy,../../Datasets/BirdClef/audio/Thraupis palmarum_Palm Tanager/XC15700.mp3
train,Thraupis palmarum_Palm Tanager,../../Datasets/BirdClef/features/Thraupis palmarum_Palm Tanager/XC377199.npy,../../Datasets/BirdClef/audio/Thraupis palmarum_Palm Tanager/XC377199.mp3
train,Thryomanes bewickii_Bewick's Wren,../../Datasets/BirdClef/features/Thryomanes bewickii_Bewick's Wren/XC163209.npy,../../Datasets/BirdClef/audio/Thryomanes bewickii_Bewick's Wren/XC163209.mp3
train,Thryomanes bewickii_Bewick's Wren,../../Datasets/BirdClef/features/Thryomanes bewickii_Bewick's Wren/XC351041.npy,../../Datasets/BirdClef/audio/Thryomanes bewickii_Bewick's Wren/XC351041.mp3
train,Thryomanes bewickii_Bewick's Wren,../../Datasets/BirdClef/features/Thryomanes bewickii_Bewick's Wren/XC34804.npy,../../Datasets/BirdClef/audio/Thryomanes bewickii_Bewick's Wren/XC34804.mp3
train,Thryomanes bewickii_Bewick's Wren,../../Datasets/BirdClef/features/Thryomanes bewickii_Bewick's Wren/XC18046.npy,../../Datasets/BirdClef/audio/Thryomanes bewickii_Bewick's Wren/XC18046.mp3
train,Thryomanes bewickii_Bewick's Wren,../../Datasets/BirdClef/features/Thryomanes bewickii_Bewick's Wren/XC408453.npy,../../Datasets/BirdClef/audio/Thryomanes bewickii_Bewick's Wren/XC408453.mp3
train,Thryothorus ludovicianus_Carolina Wren,../../Datasets/BirdClef/features/Thryothorus ludovicianus_Carolina Wren/XC255711.npy,../../Datasets/BirdClef/audio/Thryothorus ludovicianus_Carolina Wren/XC255711.mp3
train,Thryothorus ludovicianus_Carolina Wren,../../Datasets/BirdClef/features/Thryothorus ludovicianus_Carolina Wren/XC363525.npy,../../Datasets/BirdClef/audio/Thryothorus ludovicianus_Carolina Wren/XC363525.mp3
train,Thryothorus ludovicianus_Carolina Wren,../../Datasets/BirdClef/features/Thryothorus ludovicianus_Carolina Wren/XC84243.npy,../../Datasets/BirdClef/audio/Thryothorus ludovicianus_Carolina Wren/XC84243.mp3
train,Thryothorus ludovicianus_Carolina Wren,../../Datasets/BirdClef/features/Thryothorus ludovicianus_Carolina Wren/XC145774.npy,../../Datasets/BirdClef/audio/Thryothorus ludovicianus_Carolina Wren/XC145774.mp3
train,Thryothorus ludovicianus_Carolina Wren,../../Datasets/BirdClef/features/Thryothorus ludovicianus_Carolina Wren/XC384609.npy,../../Datasets/BirdClef/audio/Thryothorus ludovicianus_Carolina Wren/XC384609.mp3
train,Tigrisoma lineatum_Rufescent Tiger-Heron,../../Datasets/BirdClef/features/Tigrisoma lineatum_Rufescent Tiger-Heron/XC117947.npy,../../Datasets/BirdClef/audio/Tigrisoma lineatum_Rufescent Tiger-Heron/XC117947.mp3
train,Tigrisoma lineatum_Rufescent Tiger-Heron,../../Datasets/BirdClef/features/Tigrisoma lineatum_Rufescent Tiger-Heron/XC176913.npy,../../Datasets/BirdClef/audio/Tigrisoma lineatum_Rufescent Tiger-Heron/XC176913.mp3
train,Tigrisoma lineatum_Rufescent Tiger-Heron,../../Datasets/BirdClef/features/Tigrisoma lineatum_Rufescent Tiger-Heron/XC300937.npy,../../Datasets/BirdClef/audio/Tigrisoma lineatum_Rufescent Tiger-Heron/XC300937.mp3
train,Tigrisoma lineatum_Rufescent Tiger-Heron,../../Datasets/BirdClef/features/Tigrisoma lineatum_Rufescent Tiger-Heron/XC257301.npy,../../Datasets/BirdClef/audio/Tigrisoma lineatum_Rufescent Tiger-Heron/XC257301.mp3
train,Tigrisoma lineatum_Rufescent Tiger-Heron,../../Datasets/BirdClef/features/Tigrisoma lineatum_Rufescent Tiger-Heron/XC496105.npy,../../Datasets/BirdClef/audio/Tigrisoma lineatum_Rufescent Tiger-Heron/XC496105.mp3
train,Tinamus major_Great Tinamou,../../Datasets/BirdClef/features/Tinamus major_Great Tinamou/XC441801.npy,../../Datasets/BirdClef/audio/Tinamus major_Great Tinamou/XC441801.mp3
train,Tinamus major_Great Tinamou,../../Datasets/BirdClef/features/Tinamus major_Great Tinamou/XC371531.npy,../../Datasets/BirdClef/audio/Tinamus major_Great Tinamou/XC371531.mp3
train,Tinamus major_Great Tinamou,../../Datasets/BirdClef/features/Tinamus major_Great Tinamou/XC231245.npy,../../Datasets/BirdClef/audio/Tinamus major_Great Tinamou/XC231245.mp3
train,Tinamus major_Great Tinamou,../../Datasets/BirdClef/features/Tinamus major_Great Tinamou/XC231240.npy,../../Datasets/BirdClef/audio/Tinamus major_Great Tinamou/XC231240.mp3
train,Tinamus major_Great Tinamou,../../Datasets/BirdClef/features/Tinamus major_Great Tinamou/XC256978.npy,../../Datasets/BirdClef/audio/Tinamus major_Great Tinamou/XC256978.mp3
train,Tityra cayana_Black-tailed Tityra,../../Datasets/BirdClef/features/Tityra cayana_Black-tailed Tityra/XC476030.npy,../../Datasets/BirdClef/audio/Tityra cayana_Black-tailed Tityra/XC476030.mp3
train,Tityra cayana_Black-tailed Tityra,../../Datasets/BirdClef/features/Tityra cayana_Black-tailed Tityra/XC419471.npy,../../Datasets/BirdClef/audio/Tityra cayana_Black-tailed Tityra/XC419471.mp3
train,Tityra cayana_Black-tailed Tityra,../../Datasets/BirdClef/features/Tityra cayana_Black-tailed Tityra/XC304868.npy,../../Datasets/BirdClef/audio/Tityra cayana_Black-tailed Tityra/XC304868.mp3
train,Tityra cayana_Black-tailed Tityra,../../Datasets/BirdClef/features/Tityra cayana_Black-tailed Tityra/XC201859.npy,../../Datasets/BirdClef/audio/Tityra cayana_Black-tailed Tityra/XC201859.mp3
train,Tityra cayana_Black-tailed Tityra,../../Datasets/BirdClef/features/Tityra cayana_Black-tailed Tityra/XC428027.npy,../../Datasets/BirdClef/audio/Tityra cayana_Black-tailed Tityra/XC428027.mp3
train,Tityra semifasciata_Masked Tityra,../../Datasets/BirdClef/features/Tityra semifasciata_Masked Tityra/XC1020.npy,../../Datasets/BirdClef/audio/Tityra semifasciata_Masked Tityra/XC1020.mp3
train,Tityra semifasciata_Masked Tityra,../../Datasets/BirdClef/features/Tityra semifasciata_Masked Tityra/XC231268.npy,../../Datasets/BirdClef/audio/Tityra semifasciata_Masked Tityra/XC231268.mp3
train,Tityra semifasciata_Masked Tityra,../../Datasets/BirdClef/features/Tityra semifasciata_Masked Tityra/XC501172.npy,../../Datasets/BirdClef/audio/Tityra semifasciata_Masked Tityra/XC501172.mp3
train,Tityra semifasciata_Masked Tityra,../../Datasets/BirdClef/features/Tityra semifasciata_Masked Tityra/XC75313.npy,../../Datasets/BirdClef/audio/Tityra semifasciata_Masked Tityra/XC75313.mp3
train,Tityra semifasciata_Masked Tityra,../../Datasets/BirdClef/features/Tityra semifasciata_Masked Tityra/XC351614.npy,../../Datasets/BirdClef/audio/Tityra semifasciata_Masked Tityra/XC351614.mp3
train,Todirostrum chrysocrotaphum_Yellow-browed Tody-Flycatcher,../../Datasets/BirdClef/features/Todirostrum chrysocrotaphum_Yellow-browed Tody-Flycatcher/XC203216.npy,../../Datasets/BirdClef/audio/Todirostrum chrysocrotaphum_Yellow-browed Tody-Flycatcher/XC203216.mp3
train,Todirostrum chrysocrotaphum_Yellow-browed Tody-Flycatcher,../../Datasets/BirdClef/features/Todirostrum chrysocrotaphum_Yellow-browed Tody-Flycatcher/XC249923.npy,../../Datasets/BirdClef/audio/Todirostrum chrysocrotaphum_Yellow-browed Tody-Flycatcher/XC249923.mp3
train,Todirostrum chrysocrotaphum_Yellow-browed Tody-Flycatcher,../../Datasets/BirdClef/features/Todirostrum chrysocrotaphum_Yellow-browed Tody-Flycatcher/XC493803.npy,../../Datasets/BirdClef/audio/Todirostrum chrysocrotaphum_Yellow-browed Tody-Flycatcher/XC493803.mp3
train,Todirostrum chrysocrotaphum_Yellow-browed Tody-Flycatcher,../../Datasets/BirdClef/features/Todirostrum chrysocrotaphum_Yellow-browed Tody-Flycatcher/XC258793.npy,../../Datasets/BirdClef/audio/Todirostrum chrysocrotaphum_Yellow-browed Tody-Flycatcher/XC258793.mp3
train,Todirostrum chrysocrotaphum_Yellow-browed Tody-Flycatcher,../../Datasets/BirdClef/features/Todirostrum chrysocrotaphum_Yellow-browed Tody-Flycatcher/XC74277.npy,../../Datasets/BirdClef/audio/Todirostrum chrysocrotaphum_Yellow-browed Tody-Flycatcher/XC74277.mp3
train,Tolmomyias assimilis_Yellow-margined Flycatcher,../../Datasets/BirdClef/features/Tolmomyias assimilis_Yellow-margined Flycatcher/XC9251.npy,../../Datasets/BirdClef/audio/Tolmomyias assimilis_Yellow-margined Flycatcher/XC9251.mp3
train,Tolmomyias assimilis_Yellow-margined Flycatcher,../../Datasets/BirdClef/features/Tolmomyias assimilis_Yellow-margined Flycatcher/XC463233.npy,../../Datasets/BirdClef/audio/Tolmomyias assimilis_Yellow-margined Flycatcher/XC463233.mp3
train,Tolmomyias assimilis_Yellow-margined Flycatcher,../../Datasets/BirdClef/features/Tolmomyias assimilis_Yellow-margined Flycatcher/XC168673.npy,../../Datasets/BirdClef/audio/Tolmomyias assimilis_Yellow-margined Flycatcher/XC168673.mp3
train,Tolmomyias assimilis_Yellow-margined Flycatcher,../../Datasets/BirdClef/features/Tolmomyias assimilis_Yellow-margined Flycatcher/XC258822.npy,../../Datasets/BirdClef/audio/Tolmomyias assimilis_Yellow-margined Flycatcher/XC258822.mp3
train,Tolmomyias assimilis_Yellow-margined Flycatcher,../../Datasets/BirdClef/features/Tolmomyias assimilis_Yellow-margined Flycatcher/XC428094.npy,../../Datasets/BirdClef/audio/Tolmomyias assimilis_Yellow-margined Flycatcher/XC428094.mp3
train,Tolmomyias flaviventris_Yellow-breasted Flycatcher,../../Datasets/BirdClef/features/Tolmomyias flaviventris_Yellow-breasted Flycatcher/XC127866.npy,../../Datasets/BirdClef/audio/Tolmomyias flaviventris_Yellow-breasted Flycatcher/XC127866.mp3
train,Tolmomyias flaviventris_Yellow-breasted Flycatcher,../../Datasets/BirdClef/features/Tolmomyias flaviventris_Yellow-breasted Flycatcher/XC292850.npy,../../Datasets/BirdClef/audio/Tolmomyias flaviventris_Yellow-breasted Flycatcher/XC292850.mp3
train,Tolmomyias flaviventris_Yellow-breasted Flycatcher,../../Datasets/BirdClef/features/Tolmomyias flaviventris_Yellow-breasted Flycatcher/XC419567.npy,../../Datasets/BirdClef/audio/Tolmomyias flaviventris_Yellow-breasted Flycatcher/XC419567.mp3
train,Tolmomyias flaviventris_Yellow-breasted Flycatcher,../../Datasets/BirdClef/features/Tolmomyias flaviventris_Yellow-breasted Flycatcher/XC102644.npy,../../Datasets/BirdClef/audio/Tolmomyias flaviventris_Yellow-breasted Flycatcher/XC102644.mp3
train,Tolmomyias flaviventris_Yellow-breasted Flycatcher,../../Datasets/BirdClef/features/Tolmomyias flaviventris_Yellow-breasted Flycatcher/XC283889.npy,../../Datasets/BirdClef/audio/Tolmomyias flaviventris_Yellow-breasted Flycatcher/XC283889.mp3
train,Tolmomyias poliocephalus_Gray-crowned Flycatcher,../../Datasets/BirdClef/features/Tolmomyias poliocephalus_Gray-crowned Flycatcher/XC97746.npy,../../Datasets/BirdClef/audio/Tolmomyias poliocephalus_Gray-crowned Flycatcher/XC97746.mp3
train,Tolmomyias poliocephalus_Gray-crowned Flycatcher,../../Datasets/BirdClef/features/Tolmomyias poliocephalus_Gray-crowned Flycatcher/XC283334.npy,../../Datasets/BirdClef/audio/Tolmomyias poliocephalus_Gray-crowned Flycatcher/XC283334.mp3
train,Tolmomyias poliocephalus_Gray-crowned Flycatcher,../../Datasets/BirdClef/features/Tolmomyias poliocephalus_Gray-crowned Flycatcher/XC249091.npy,../../Datasets/BirdClef/audio/Tolmomyias poliocephalus_Gray-crowned Flycatcher/XC249091.mp3
train,Tolmomyias poliocephalus_Gray-crowned Flycatcher,../../Datasets/BirdClef/features/Tolmomyias poliocephalus_Gray-crowned Flycatcher/XC231412.npy,../../Datasets/BirdClef/audio/Tolmomyias poliocephalus_Gray-crowned Flycatcher/XC231412.mp3
train,Tolmomyias poliocephalus_Gray-crowned Flycatcher,../../Datasets/BirdClef/features/Tolmomyias poliocephalus_Gray-crowned Flycatcher/XC258826.npy,../../Datasets/BirdClef/audio/Tolmomyias poliocephalus_Gray-crowned Flycatcher/XC258826.mp3
train,Tolmomyias sulphurescens_Yellow-olive Flycatcher,../../Datasets/BirdClef/features/Tolmomyias sulphurescens_Yellow-olive Flycatcher/XC408478.npy,../../Datasets/BirdClef/audio/Tolmomyias sulphurescens_Yellow-olive Flycatcher/XC408478.mp3
train,Tolmomyias sulphurescens_Yellow-olive Flycatcher,../../Datasets/BirdClef/features/Tolmomyias sulphurescens_Yellow-olive Flycatcher/XC316093.npy,../../Datasets/BirdClef/audio/Tolmomyias sulphurescens_Yellow-olive Flycatcher/XC316093.mp3
train,Tolmomyias sulphurescens_Yellow-olive Flycatcher,../../Datasets/BirdClef/features/Tolmomyias sulphurescens_Yellow-olive Flycatcher/XC256132.npy,../../Datasets/BirdClef/audio/Tolmomyias sulphurescens_Yellow-olive Flycatcher/XC256132.mp3
train,Tolmomyias sulphurescens_Yellow-olive Flycatcher,../../Datasets/BirdClef/features/Tolmomyias sulphurescens_Yellow-olive Flycatcher/XC179689.npy,../../Datasets/BirdClef/audio/Tolmomyias sulphurescens_Yellow-olive Flycatcher/XC179689.mp3
train,Tolmomyias sulphurescens_Yellow-olive Flycatcher,../../Datasets/BirdClef/features/Tolmomyias sulphurescens_Yellow-olive Flycatcher/XC402633.npy,../../Datasets/BirdClef/audio/Tolmomyias sulphurescens_Yellow-olive Flycatcher/XC402633.mp3
train,Toxostoma rufum_Brown Thrasher,../../Datasets/BirdClef/features/Toxostoma rufum_Brown Thrasher/XC20554.npy,../../Datasets/BirdClef/audio/Toxostoma rufum_Brown Thrasher/XC20554.mp3
train,Toxostoma rufum_Brown Thrasher,../../Datasets/BirdClef/features/Toxostoma rufum_Brown Thrasher/XC318456.npy,../../Datasets/BirdClef/audio/Toxostoma rufum_Brown Thrasher/XC318456.mp3
train,Toxostoma rufum_Brown Thrasher,../../Datasets/BirdClef/features/Toxostoma rufum_Brown Thrasher/XC367193.npy,../../Datasets/BirdClef/audio/Toxostoma rufum_Brown Thrasher/XC367193.mp3
train,Toxostoma rufum_Brown Thrasher,../../Datasets/BirdClef/features/Toxostoma rufum_Brown Thrasher/XC243993.npy,../../Datasets/BirdClef/audio/Toxostoma rufum_Brown Thrasher/XC243993.mp3
train,Toxostoma rufum_Brown Thrasher,../../Datasets/BirdClef/features/Toxostoma rufum_Brown Thrasher/XC13182.npy,../../Datasets/BirdClef/audio/Toxostoma rufum_Brown Thrasher/XC13182.mp3
train,Tringa erythropus_Spotted Redshank,../../Datasets/BirdClef/features/Tringa erythropus_Spotted Redshank/XC25869.npy,../../Datasets/BirdClef/audio/Tringa erythropus_Spotted Redshank/XC25869.mp3
train,Tringa erythropus_Spotted Redshank,../../Datasets/BirdClef/features/Tringa erythropus_Spotted Redshank/XC181668.npy,../../Datasets/BirdClef/audio/Tringa erythropus_Spotted Redshank/XC181668.mp3
train,Tringa erythropus_Spotted Redshank,../../Datasets/BirdClef/features/Tringa erythropus_Spotted Redshank/XC385097.npy,../../Datasets/BirdClef/audio/Tringa erythropus_Spotted Redshank/XC385097.mp3
train,Tringa erythropus_Spotted Redshank,../../Datasets/BirdClef/features/Tringa erythropus_Spotted Redshank/XC281141.npy,../../Datasets/BirdClef/audio/Tringa erythropus_Spotted Redshank/XC281141.mp3
train,Tringa erythropus_Spotted Redshank,../../Datasets/BirdClef/features/Tringa erythropus_Spotted Redshank/XC484261.npy,../../Datasets/BirdClef/audio/Tringa erythropus_Spotted Redshank/XC484261.mp3
train,Tringa flavipes_Lesser Yellowlegs,../../Datasets/BirdClef/features/Tringa flavipes_Lesser Yellowlegs/XC47271.npy,../../Datasets/BirdClef/audio/Tringa flavipes_Lesser Yellowlegs/XC47271.mp3
train,Tringa flavipes_Lesser Yellowlegs,../../Datasets/BirdClef/features/Tringa flavipes_Lesser Yellowlegs/XC161328.npy,../../Datasets/BirdClef/audio/Tringa flavipes_Lesser Yellowlegs/XC161328.mp3
train,Tringa flavipes_Lesser Yellowlegs,../../Datasets/BirdClef/features/Tringa flavipes_Lesser Yellowlegs/XC147746.npy,../../Datasets/BirdClef/audio/Tringa flavipes_Lesser Yellowlegs/XC147746.mp3
train,Tringa flavipes_Lesser Yellowlegs,../../Datasets/BirdClef/features/Tringa flavipes_Lesser Yellowlegs/XC176524.npy,../../Datasets/BirdClef/audio/Tringa flavipes_Lesser Yellowlegs/XC176524.mp3
train,Tringa flavipes_Lesser Yellowlegs,../../Datasets/BirdClef/features/Tringa flavipes_Lesser Yellowlegs/XC488341.npy,../../Datasets/BirdClef/audio/Tringa flavipes_Lesser Yellowlegs/XC488341.mp3
train,Tringa glareola_Wood Sandpiper,../../Datasets/BirdClef/features/Tringa glareola_Wood Sandpiper/XC146704.npy,../../Datasets/BirdClef/audio/Tringa glareola_Wood Sandpiper/XC146704.mp3
train,Tringa glareola_Wood Sandpiper,../../Datasets/BirdClef/features/Tringa glareola_Wood Sandpiper/XC110776.npy,../../Datasets/BirdClef/audio/Tringa glareola_Wood Sandpiper/XC110776.mp3
train,Tringa glareola_Wood Sandpiper,../../Datasets/BirdClef/features/Tringa glareola_Wood Sandpiper/XC432437.npy,../../Datasets/BirdClef/audio/Tringa glareola_Wood Sandpiper/XC432437.mp3
train,Tringa glareola_Wood Sandpiper,../../Datasets/BirdClef/features/Tringa glareola_Wood Sandpiper/XC381831.npy,../../Datasets/BirdClef/audio/Tringa glareola_Wood Sandpiper/XC381831.mp3
train,Tringa glareola_Wood Sandpiper,../../Datasets/BirdClef/features/Tringa glareola_Wood Sandpiper/XC281151.npy,../../Datasets/BirdClef/audio/Tringa glareola_Wood Sandpiper/XC281151.mp3
train,Tringa melanoleuca_Greater Yellowlegs,../../Datasets/BirdClef/features/Tringa melanoleuca_Greater Yellowlegs/XC257504.npy,../../Datasets/BirdClef/audio/Tringa melanoleuca_Greater Yellowlegs/XC257504.mp3
train,Tringa melanoleuca_Greater Yellowlegs,../../Datasets/BirdClef/features/Tringa melanoleuca_Greater Yellowlegs/XC173786.npy,../../Datasets/BirdClef/audio/Tringa melanoleuca_Greater Yellowlegs/XC173786.mp3
train,Tringa melanoleuca_Greater Yellowlegs,../../Datasets/BirdClef/features/Tringa melanoleuca_Greater Yellowlegs/XC32493.npy,../../Datasets/BirdClef/audio/Tringa melanoleuca_Greater Yellowlegs/XC32493.mp3
train,Tringa melanoleuca_Greater Yellowlegs,../../Datasets/BirdClef/features/Tringa melanoleuca_Greater Yellowlegs/XC453231.npy,../../Datasets/BirdClef/audio/Tringa melanoleuca_Greater Yellowlegs/XC453231.mp3
train,Tringa melanoleuca_Greater Yellowlegs,../../Datasets/BirdClef/features/Tringa melanoleuca_Greater Yellowlegs/XC449579.npy,../../Datasets/BirdClef/audio/Tringa melanoleuca_Greater Yellowlegs/XC449579.mp3
train,Tringa nebularia_Common Greenshank,../../Datasets/BirdClef/features/Tringa nebularia_Common Greenshank/XC368104.npy,../../Datasets/BirdClef/audio/Tringa nebularia_Common Greenshank/XC368104.mp3
train,Tringa nebularia_Common Greenshank,../../Datasets/BirdClef/features/Tringa nebularia_Common Greenshank/XC347221.npy,../../Datasets/BirdClef/audio/Tringa nebularia_Common Greenshank/XC347221.mp3
train,Tringa nebularia_Common Greenshank,../../Datasets/BirdClef/features/Tringa nebularia_Common Greenshank/XC395340.npy,../../Datasets/BirdClef/audio/Tringa nebularia_Common Greenshank/XC395340.mp3
train,Tringa nebularia_Common Greenshank,../../Datasets/BirdClef/features/Tringa nebularia_Common Greenshank/XC58586.npy,../../Datasets/BirdClef/audio/Tringa nebularia_Common Greenshank/XC58586.mp3
train,Tringa nebularia_Common Greenshank,../../Datasets/BirdClef/features/Tringa nebularia_Common Greenshank/XC36385.npy,../../Datasets/BirdClef/audio/Tringa nebularia_Common Greenshank/XC36385.mp3
train,Tringa ochropus_Green Sandpiper,../../Datasets/BirdClef/features/Tringa ochropus_Green Sandpiper/XC471898.npy,../../Datasets/BirdClef/audio/Tringa ochropus_Green Sandpiper/XC471898.mp3
train,Tringa ochropus_Green Sandpiper,../../Datasets/BirdClef/features/Tringa ochropus_Green Sandpiper/XC27073.npy,../../Datasets/BirdClef/audio/Tringa ochropus_Green Sandpiper/XC27073.mp3
train,Tringa ochropus_Green Sandpiper,../../Datasets/BirdClef/features/Tringa ochropus_Green Sandpiper/XC484270.npy,../../Datasets/BirdClef/audio/Tringa ochropus_Green Sandpiper/XC484270.mp3
train,Tringa ochropus_Green Sandpiper,../../Datasets/BirdClef/features/Tringa ochropus_Green Sandpiper/XC37505.npy,../../Datasets/BirdClef/audio/Tringa ochropus_Green Sandpiper/XC37505.mp3
train,Tringa ochropus_Green Sandpiper,../../Datasets/BirdClef/features/Tringa ochropus_Green Sandpiper/XC396622.npy,../../Datasets/BirdClef/audio/Tringa ochropus_Green Sandpiper/XC396622.mp3
train,Tringa solitaria_Solitary Sandpiper,../../Datasets/BirdClef/features/Tringa solitaria_Solitary Sandpiper/XC231537.npy,../../Datasets/BirdClef/audio/Tringa solitaria_Solitary Sandpiper/XC231537.mp3
train,Tringa solitaria_Solitary Sandpiper,../../Datasets/BirdClef/features/Tringa solitaria_Solitary Sandpiper/XC498723.npy,../../Datasets/BirdClef/audio/Tringa solitaria_Solitary Sandpiper/XC498723.mp3
train,Tringa solitaria_Solitary Sandpiper,../../Datasets/BirdClef/features/Tringa solitaria_Solitary Sandpiper/XC277116.npy,../../Datasets/BirdClef/audio/Tringa solitaria_Solitary Sandpiper/XC277116.mp3
train,Tringa solitaria_Solitary Sandpiper,../../Datasets/BirdClef/features/Tringa solitaria_Solitary Sandpiper/XC460565.npy,../../Datasets/BirdClef/audio/Tringa solitaria_Solitary Sandpiper/XC460565.mp3
train,Tringa solitaria_Solitary Sandpiper,../../Datasets/BirdClef/features/Tringa solitaria_Solitary Sandpiper/XC192721.npy,../../Datasets/BirdClef/audio/Tringa solitaria_Solitary Sandpiper/XC192721.mp3
train,Troglodytes aedon_House Wren,../../Datasets/BirdClef/features/Troglodytes aedon_House Wren/XC263719.npy,../../Datasets/BirdClef/audio/Troglodytes aedon_House Wren/XC263719.mp3
train,Troglodytes aedon_House Wren,../../Datasets/BirdClef/features/Troglodytes aedon_House Wren/XC259364.npy,../../Datasets/BirdClef/audio/Troglodytes aedon_House Wren/XC259364.mp3
train,Troglodytes aedon_House Wren,../../Datasets/BirdClef/features/Troglodytes aedon_House Wren/XC101570.npy,../../Datasets/BirdClef/audio/Troglodytes aedon_House Wren/XC101570.mp3
train,Troglodytes aedon_House Wren,../../Datasets/BirdClef/features/Troglodytes aedon_House Wren/XC206066.npy,../../Datasets/BirdClef/audio/Troglodytes aedon_House Wren/XC206066.mp3
train,Troglodytes aedon_House Wren,../../Datasets/BirdClef/features/Troglodytes aedon_House Wren/XC169194.npy,../../Datasets/BirdClef/audio/Troglodytes aedon_House Wren/XC169194.mp3
train,Troglodytes troglodytes_Eurasian Wren,../../Datasets/BirdClef/features/Troglodytes troglodytes_Eurasian Wren/XC143104.npy,../../Datasets/BirdClef/audio/Troglodytes troglodytes_Eurasian Wren/XC143104.mp3
train,Troglodytes troglodytes_Eurasian Wren,../../Datasets/BirdClef/features/Troglodytes troglodytes_Eurasian Wren/XC212568.npy,../../Datasets/BirdClef/audio/Troglodytes troglodytes_Eurasian Wren/XC212568.mp3
train,Troglodytes troglodytes_Eurasian Wren,../../Datasets/BirdClef/features/Troglodytes troglodytes_Eurasian Wren/XC234925.npy,../../Datasets/BirdClef/audio/Troglodytes troglodytes_Eurasian Wren/XC234925.mp3
train,Troglodytes troglodytes_Eurasian Wren,../../Datasets/BirdClef/features/Troglodytes troglodytes_Eurasian Wren/XC163679.npy,../../Datasets/BirdClef/audio/Troglodytes troglodytes_Eurasian Wren/XC163679.mp3
train,Troglodytes troglodytes_Eurasian Wren,../../Datasets/BirdClef/features/Troglodytes troglodytes_Eurasian Wren/XC234922.npy,../../Datasets/BirdClef/audio/Troglodytes troglodytes_Eurasian Wren/XC234922.mp3
train,Trogon collaris_Collared Trogon,../../Datasets/BirdClef/features/Trogon collaris_Collared Trogon/XC124587.npy,../../Datasets/BirdClef/audio/Trogon collaris_Collared Trogon/XC124587.mp3
train,Trogon collaris_Collared Trogon,../../Datasets/BirdClef/features/Trogon collaris_Collared Trogon/XC239115.npy,../../Datasets/BirdClef/audio/Trogon collaris_Collared Trogon/XC239115.mp3
train,Trogon collaris_Collared Trogon,../../Datasets/BirdClef/features/Trogon collaris_Collared Trogon/XC335083.npy,../../Datasets/BirdClef/audio/Trogon collaris_Collared Trogon/XC335083.mp3
train,Trogon collaris_Collared Trogon,../../Datasets/BirdClef/features/Trogon collaris_Collared Trogon/XC43094.npy,../../Datasets/BirdClef/audio/Trogon collaris_Collared Trogon/XC43094.mp3
train,Trogon collaris_Collared Trogon,../../Datasets/BirdClef/features/Trogon collaris_Collared Trogon/XC462002.npy,../../Datasets/BirdClef/audio/Trogon collaris_Collared Trogon/XC462002.mp3
train,Trogon curucui_Blue-crowned Trogon,../../Datasets/BirdClef/features/Trogon curucui_Blue-crowned Trogon/XC9624.npy,../../Datasets/BirdClef/audio/Trogon curucui_Blue-crowned Trogon/XC9624.mp3
train,Trogon curucui_Blue-crowned Trogon,../../Datasets/BirdClef/features/Trogon curucui_Blue-crowned Trogon/XC392067.npy,../../Datasets/BirdClef/audio/Trogon curucui_Blue-crowned Trogon/XC392067.mp3
train,Trogon curucui_Blue-crowned Trogon,../../Datasets/BirdClef/features/Trogon curucui_Blue-crowned Trogon/XC2219.npy,../../Datasets/BirdClef/audio/Trogon curucui_Blue-crowned Trogon/XC2219.mp3
train,Trogon curucui_Blue-crowned Trogon,../../Datasets/BirdClef/features/Trogon curucui_Blue-crowned Trogon/XC212445.npy,../../Datasets/BirdClef/audio/Trogon curucui_Blue-crowned Trogon/XC212445.mp3
train,Trogon curucui_Blue-crowned Trogon,../../Datasets/BirdClef/features/Trogon curucui_Blue-crowned Trogon/XC483064.npy,../../Datasets/BirdClef/audio/Trogon curucui_Blue-crowned Trogon/XC483064.mp3
train,Trogon melanurus_Black-tailed Trogon,../../Datasets/BirdClef/features/Trogon melanurus_Black-tailed Trogon/XC86893.npy,../../Datasets/BirdClef/audio/Trogon melanurus_Black-tailed Trogon/XC86893.mp3
train,Trogon melanurus_Black-tailed Trogon,../../Datasets/BirdClef/features/Trogon melanurus_Black-tailed Trogon/XC39138.npy,../../Datasets/BirdClef/audio/Trogon melanurus_Black-tailed Trogon/XC39138.mp3
train,Trogon melanurus_Black-tailed Trogon,../../Datasets/BirdClef/features/Trogon melanurus_Black-tailed Trogon/XC1754.npy,../../Datasets/BirdClef/audio/Trogon melanurus_Black-tailed Trogon/XC1754.mp3
train,Trogon melanurus_Black-tailed Trogon,../../Datasets/BirdClef/features/Trogon melanurus_Black-tailed Trogon/XC232934.npy,../../Datasets/BirdClef/audio/Trogon melanurus_Black-tailed Trogon/XC232934.mp3
train,Trogon melanurus_Black-tailed Trogon,../../Datasets/BirdClef/features/Trogon melanurus_Black-tailed Trogon/XC57983.npy,../../Datasets/BirdClef/audio/Trogon melanurus_Black-tailed Trogon/XC57983.mp3
train,Trogon ramonianus_Amazonian Trogon,../../Datasets/BirdClef/features/Trogon ramonianus_Amazonian Trogon/XC231731.npy,../../Datasets/BirdClef/audio/Trogon ramonianus_Amazonian Trogon/XC231731.mp3
train,Trogon ramonianus_Amazonian Trogon,../../Datasets/BirdClef/features/Trogon ramonianus_Amazonian Trogon/XC257902.npy,../../Datasets/BirdClef/audio/Trogon ramonianus_Amazonian Trogon/XC257902.mp3
train,Trogon ramonianus_Amazonian Trogon,../../Datasets/BirdClef/features/Trogon ramonianus_Amazonian Trogon/XC86895.npy,../../Datasets/BirdClef/audio/Trogon ramonianus_Amazonian Trogon/XC86895.mp3
train,Trogon ramonianus_Amazonian Trogon,../../Datasets/BirdClef/features/Trogon ramonianus_Amazonian Trogon/XC47979.npy,../../Datasets/BirdClef/audio/Trogon ramonianus_Amazonian Trogon/XC47979.mp3
train,Trogon ramonianus_Amazonian Trogon,../../Datasets/BirdClef/features/Trogon ramonianus_Amazonian Trogon/XC169409.npy,../../Datasets/BirdClef/audio/Trogon ramonianus_Amazonian Trogon/XC169409.mp3
train,Trogon viridis_Green-backed Trogon,../../Datasets/BirdClef/features/Trogon viridis_Green-backed Trogon/XC469327.npy,../../Datasets/BirdClef/audio/Trogon viridis_Green-backed Trogon/XC469327.mp3
train,Trogon viridis_Green-backed Trogon,../../Datasets/BirdClef/features/Trogon viridis_Green-backed Trogon/XC108513.npy,../../Datasets/BirdClef/audio/Trogon viridis_Green-backed Trogon/XC108513.mp3
train,Trogon viridis_Green-backed Trogon,../../Datasets/BirdClef/features/Trogon viridis_Green-backed Trogon/XC36454.npy,../../Datasets/BirdClef/audio/Trogon viridis_Green-backed Trogon/XC36454.mp3
train,Trogon viridis_Green-backed Trogon,../../Datasets/BirdClef/features/Trogon viridis_Green-backed Trogon/XC428113.npy,../../Datasets/BirdClef/audio/Trogon viridis_Green-backed Trogon/XC428113.mp3
train,Trogon viridis_Green-backed Trogon,../../Datasets/BirdClef/features/Trogon viridis_Green-backed Trogon/XC257891.npy,../../Datasets/BirdClef/audio/Trogon viridis_Green-backed Trogon/XC257891.mp3
train,Tunchiornis ochraceiceps_Tawny-crowned Greenlet,../../Datasets/BirdClef/features/Tunchiornis ochraceiceps_Tawny-crowned Greenlet/XC453862.npy,../../Datasets/BirdClef/audio/Tunchiornis ochraceiceps_Tawny-crowned Greenlet/XC453862.mp3
train,Tunchiornis ochraceiceps_Tawny-crowned Greenlet,../../Datasets/BirdClef/features/Tunchiornis ochraceiceps_Tawny-crowned Greenlet/XC224389.npy,../../Datasets/BirdClef/audio/Tunchiornis ochraceiceps_Tawny-crowned Greenlet/XC224389.mp3
train,Tunchiornis ochraceiceps_Tawny-crowned Greenlet,../../Datasets/BirdClef/features/Tunchiornis ochraceiceps_Tawny-crowned Greenlet/XC439205.npy,../../Datasets/BirdClef/audio/Tunchiornis ochraceiceps_Tawny-crowned Greenlet/XC439205.mp3
train,Tunchiornis ochraceiceps_Tawny-crowned Greenlet,../../Datasets/BirdClef/features/Tunchiornis ochraceiceps_Tawny-crowned Greenlet/XC224386.npy,../../Datasets/BirdClef/audio/Tunchiornis ochraceiceps_Tawny-crowned Greenlet/XC224386.mp3
train,Tunchiornis ochraceiceps_Tawny-crowned Greenlet,../../Datasets/BirdClef/features/Tunchiornis ochraceiceps_Tawny-crowned Greenlet/XC488699.npy,../../Datasets/BirdClef/audio/Tunchiornis ochraceiceps_Tawny-crowned Greenlet/XC488699.mp3
train,Turdus albicollis_White-necked Thrush,../../Datasets/BirdClef/features/Turdus albicollis_White-necked Thrush/XC243707.npy,../../Datasets/BirdClef/audio/Turdus albicollis_White-necked Thrush/XC243707.mp3
train,Turdus albicollis_White-necked Thrush,../../Datasets/BirdClef/features/Turdus albicollis_White-necked Thrush/XC150419.npy,../../Datasets/BirdClef/audio/Turdus albicollis_White-necked Thrush/XC150419.mp3
train,Turdus albicollis_White-necked Thrush,../../Datasets/BirdClef/features/Turdus albicollis_White-necked Thrush/XC271752.npy,../../Datasets/BirdClef/audio/Turdus albicollis_White-necked Thrush/XC271752.mp3
train,Turdus albicollis_White-necked Thrush,../../Datasets/BirdClef/features/Turdus albicollis_White-necked Thrush/XC231777.npy,../../Datasets/BirdClef/audio/Turdus albicollis_White-necked Thrush/XC231777.mp3
train,Turdus albicollis_White-necked Thrush,../../Datasets/BirdClef/features/Turdus albicollis_White-necked Thrush/XC176880.npy,../../Datasets/BirdClef/audio/Turdus albicollis_White-necked Thrush/XC176880.mp3
train,Turdus amaurochalinus_Creamy-bellied Thrush,../../Datasets/BirdClef/features/Turdus amaurochalinus_Creamy-bellied Thrush/XC52186.npy,../../Datasets/BirdClef/audio/Turdus amaurochalinus_Creamy-bellied Thrush/XC52186.mp3
train,Turdus amaurochalinus_Creamy-bellied Thrush,../../Datasets/BirdClef/features/Turdus amaurochalinus_Creamy-bellied Thrush/XC7389.npy,../../Datasets/BirdClef/audio/Turdus amaurochalinus_Creamy-bellied Thrush/XC7389.mp3
train,Turdus amaurochalinus_Creamy-bellied Thrush,../../Datasets/BirdClef/features/Turdus amaurochalinus_Creamy-bellied Thrush/XC38097.npy,../../Datasets/BirdClef/audio/Turdus amaurochalinus_Creamy-bellied Thrush/XC38097.mp3
train,Turdus amaurochalinus_Creamy-bellied Thrush,../../Datasets/BirdClef/features/Turdus amaurochalinus_Creamy-bellied Thrush/XC118517.npy,../../Datasets/BirdClef/audio/Turdus amaurochalinus_Creamy-bellied Thrush/XC118517.mp3
train,Turdus amaurochalinus_Creamy-bellied Thrush,../../Datasets/BirdClef/features/Turdus amaurochalinus_Creamy-bellied Thrush/XC463102.npy,../../Datasets/BirdClef/audio/Turdus amaurochalinus_Creamy-bellied Thrush/XC463102.mp3
train,Turdus hauxwelli_Hauxwell's Thrush,../../Datasets/BirdClef/features/Turdus hauxwelli_Hauxwell's Thrush/XC259220.npy,../../Datasets/BirdClef/audio/Turdus hauxwelli_Hauxwell's Thrush/XC259220.mp3
train,Turdus hauxwelli_Hauxwell's Thrush,../../Datasets/BirdClef/features/Turdus hauxwelli_Hauxwell's Thrush/XC157982.npy,../../Datasets/BirdClef/audio/Turdus hauxwelli_Hauxwell's Thrush/XC157982.mp3
train,Turdus hauxwelli_Hauxwell's Thrush,../../Datasets/BirdClef/features/Turdus hauxwelli_Hauxwell's Thrush/XC203444.npy,../../Datasets/BirdClef/audio/Turdus hauxwelli_Hauxwell's Thrush/XC203444.mp3
train,Turdus hauxwelli_Hauxwell's Thrush,../../Datasets/BirdClef/features/Turdus hauxwelli_Hauxwell's Thrush/XC14121.npy,../../Datasets/BirdClef/audio/Turdus hauxwelli_Hauxwell's Thrush/XC14121.mp3
train,Turdus hauxwelli_Hauxwell's Thrush,../../Datasets/BirdClef/features/Turdus hauxwelli_Hauxwell's Thrush/XC47932.npy,../../Datasets/BirdClef/audio/Turdus hauxwelli_Hauxwell's Thrush/XC47932.mp3
train,Turdus ignobilis_Black-billed Thrush,../../Datasets/BirdClef/features/Turdus ignobilis_Black-billed Thrush/XC259210.npy,../../Datasets/BirdClef/audio/Turdus ignobilis_Black-billed Thrush/XC259210.mp3
train,Turdus ignobilis_Black-billed Thrush,../../Datasets/BirdClef/features/Turdus ignobilis_Black-billed Thrush/XC483052.npy,../../Datasets/BirdClef/audio/Turdus ignobilis_Black-billed Thrush/XC483052.mp3
train,Turdus ignobilis_Black-billed Thrush,../../Datasets/BirdClef/features/Turdus ignobilis_Black-billed Thrush/XC374574.npy,../../Datasets/BirdClef/audio/Turdus ignobilis_Black-billed Thrush/XC374574.mp3
train,Turdus ignobilis_Black-billed Thrush,../../Datasets/BirdClef/features/Turdus ignobilis_Black-billed Thrush/XC498044.npy,../../Datasets/BirdClef/audio/Turdus ignobilis_Black-billed Thrush/XC498044.mp3
train,Turdus ignobilis_Black-billed Thrush,../../Datasets/BirdClef/features/Turdus ignobilis_Black-billed Thrush/XC446949.npy,../../Datasets/BirdClef/audio/Turdus ignobilis_Black-billed Thrush/XC446949.mp3
train,Turdus iliacus_Redwing,../../Datasets/BirdClef/features/Turdus iliacus_Redwing/XC432934.npy,../../Datasets/BirdClef/audio/Turdus iliacus_Redwing/XC432934.mp3
train,Turdus iliacus_Redwing,../../Datasets/BirdClef/features/Turdus iliacus_Redwing/XC342811.npy,../../Datasets/BirdClef/audio/Turdus iliacus_Redwing/XC342811.mp3
train,Turdus iliacus_Redwing,../../Datasets/BirdClef/features/Turdus iliacus_Redwing/XC361210.npy,../../Datasets/BirdClef/audio/Turdus iliacus_Redwing/XC361210.mp3
train,Turdus iliacus_Redwing,../../Datasets/BirdClef/features/Turdus iliacus_Redwing/XC252336.npy,../../Datasets/BirdClef/audio/Turdus iliacus_Redwing/XC252336.mp3
train,Turdus iliacus_Redwing,../../Datasets/BirdClef/features/Turdus iliacus_Redwing/XC27965.npy,../../Datasets/BirdClef/audio/Turdus iliacus_Redwing/XC27965.mp3
train,Turdus lawrencii_Lawrence's Thrush,../../Datasets/BirdClef/features/Turdus lawrencii_Lawrence's Thrush/XC191676.npy,../../Datasets/BirdClef/audio/Turdus lawrencii_Lawrence's Thrush/XC191676.mp3
train,Turdus lawrencii_Lawrence's Thrush,../../Datasets/BirdClef/features/Turdus lawrencii_Lawrence's Thrush/XC202132.npy,../../Datasets/BirdClef/audio/Turdus lawrencii_Lawrence's Thrush/XC202132.mp3
train,Turdus lawrencii_Lawrence's Thrush,../../Datasets/BirdClef/features/Turdus lawrencii_Lawrence's Thrush/XC370068.npy,../../Datasets/BirdClef/audio/Turdus lawrencii_Lawrence's Thrush/XC370068.mp3
train,Turdus lawrencii_Lawrence's Thrush,../../Datasets/BirdClef/features/Turdus lawrencii_Lawrence's Thrush/XC64349.npy,../../Datasets/BirdClef/audio/Turdus lawrencii_Lawrence's Thrush/XC64349.mp3
train,Turdus lawrencii_Lawrence's Thrush,../../Datasets/BirdClef/features/Turdus lawrencii_Lawrence's Thrush/XC264781.npy,../../Datasets/BirdClef/audio/Turdus lawrencii_Lawrence's Thrush/XC264781.mp3
train,Turdus merula_Eurasian Blackbird,../../Datasets/BirdClef/features/Turdus merula_Eurasian Blackbird/XC423919.npy,../../Datasets/BirdClef/audio/Turdus merula_Eurasian Blackbird/XC423919.mp3
train,Turdus merula_Eurasian Blackbird,../../Datasets/BirdClef/features/Turdus merula_Eurasian Blackbird/XC360512.npy,../../Datasets/BirdClef/audio/Turdus merula_Eurasian Blackbird/XC360512.mp3
train,Turdus merula_Eurasian Blackbird,../../Datasets/BirdClef/features/Turdus merula_Eurasian Blackbird/XC391414.npy,../../Datasets/BirdClef/audio/Turdus merula_Eurasian Blackbird/XC391414.mp3
train,Turdus merula_Eurasian Blackbird,../../Datasets/BirdClef/features/Turdus merula_Eurasian Blackbird/XC461856.npy,../../Datasets/BirdClef/audio/Turdus merula_Eurasian Blackbird/XC461856.mp3
train,Turdus merula_Eurasian Blackbird,../../Datasets/BirdClef/features/Turdus merula_Eurasian Blackbird/XC415825.npy,../../Datasets/BirdClef/audio/Turdus merula_Eurasian Blackbird/XC415825.mp3
train,Turdus migratorius_American Robin,../../Datasets/BirdClef/features/Turdus migratorius_American Robin/XC171727.npy,../../Datasets/BirdClef/audio/Turdus migratorius_American Robin/XC171727.mp3
train,Turdus migratorius_American Robin,../../Datasets/BirdClef/features/Turdus migratorius_American Robin/XC408817.npy,../../Datasets/BirdClef/audio/Turdus migratorius_American Robin/XC408817.mp3
train,Turdus migratorius_American Robin,../../Datasets/BirdClef/features/Turdus migratorius_American Robin/XC423449.npy,../../Datasets/BirdClef/audio/Turdus migratorius_American Robin/XC423449.mp3
train,Turdus migratorius_American Robin,../../Datasets/BirdClef/features/Turdus migratorius_American Robin/XC322822.npy,../../Datasets/BirdClef/audio/Turdus migratorius_American Robin/XC322822.mp3
train,Turdus migratorius_American Robin,../../Datasets/BirdClef/features/Turdus migratorius_American Robin/XC189058.npy,../../Datasets/BirdClef/audio/Turdus migratorius_American Robin/XC189058.mp3
train,Turdus philomelos_Song Thrush,../../Datasets/BirdClef/features/Turdus philomelos_Song Thrush/XC179569.npy,../../Datasets/BirdClef/audio/Turdus philomelos_Song Thrush/XC179569.mp3
train,Turdus philomelos_Song Thrush,../../Datasets/BirdClef/features/Turdus philomelos_Song Thrush/XC298606.npy,../../Datasets/BirdClef/audio/Turdus philomelos_Song Thrush/XC298606.mp3
train,Turdus philomelos_Song Thrush,../../Datasets/BirdClef/features/Turdus philomelos_Song Thrush/XC143133.npy,../../Datasets/BirdClef/audio/Turdus philomelos_Song Thrush/XC143133.mp3
train,Turdus philomelos_Song Thrush,../../Datasets/BirdClef/features/Turdus philomelos_Song Thrush/XC252982.npy,../../Datasets/BirdClef/audio/Turdus philomelos_Song Thrush/XC252982.mp3
train,Turdus philomelos_Song Thrush,../../Datasets/BirdClef/features/Turdus philomelos_Song Thrush/XC162218.npy,../../Datasets/BirdClef/audio/Turdus philomelos_Song Thrush/XC162218.mp3
train,Turdus pilaris_Fieldfare,../../Datasets/BirdClef/features/Turdus pilaris_Fieldfare/XC346466.npy,../../Datasets/BirdClef/audio/Turdus pilaris_Fieldfare/XC346466.mp3
train,Turdus pilaris_Fieldfare,../../Datasets/BirdClef/features/Turdus pilaris_Fieldfare/XC209479.npy,../../Datasets/BirdClef/audio/Turdus pilaris_Fieldfare/XC209479.mp3
train,Turdus pilaris_Fieldfare,../../Datasets/BirdClef/features/Turdus pilaris_Fieldfare/XC100966.npy,../../Datasets/BirdClef/audio/Turdus pilaris_Fieldfare/XC100966.mp3
train,Turdus pilaris_Fieldfare,../../Datasets/BirdClef/features/Turdus pilaris_Fieldfare/XC26989.npy,../../Datasets/BirdClef/audio/Turdus pilaris_Fieldfare/XC26989.mp3
train,Turdus pilaris_Fieldfare,../../Datasets/BirdClef/features/Turdus pilaris_Fieldfare/XC236541.npy,../../Datasets/BirdClef/audio/Turdus pilaris_Fieldfare/XC236541.mp3
train,Turdus viscivorus_Mistle Thrush,../../Datasets/BirdClef/features/Turdus viscivorus_Mistle Thrush/XC480607.npy,../../Datasets/BirdClef/audio/Turdus viscivorus_Mistle Thrush/XC480607.mp3
train,Turdus viscivorus_Mistle Thrush,../../Datasets/BirdClef/features/Turdus viscivorus_Mistle Thrush/XC167163.npy,../../Datasets/BirdClef/audio/Turdus viscivorus_Mistle Thrush/XC167163.mp3
train,Turdus viscivorus_Mistle Thrush,../../Datasets/BirdClef/features/Turdus viscivorus_Mistle Thrush/XC383724.npy,../../Datasets/BirdClef/audio/Turdus viscivorus_Mistle Thrush/XC383724.mp3
train,Turdus viscivorus_Mistle Thrush,../../Datasets/BirdClef/features/Turdus viscivorus_Mistle Thrush/XC162215.npy,../../Datasets/BirdClef/audio/Turdus viscivorus_Mistle Thrush/XC162215.mp3
train,Turdus viscivorus_Mistle Thrush,../../Datasets/BirdClef/features/Turdus viscivorus_Mistle Thrush/XC482914.npy,../../Datasets/BirdClef/audio/Turdus viscivorus_Mistle Thrush/XC482914.mp3
train,Tyranneutes stolzmanni_Dwarf Tyrant-Manakin,../../Datasets/BirdClef/features/Tyranneutes stolzmanni_Dwarf Tyrant-Manakin/XC338691.npy,../../Datasets/BirdClef/audio/Tyranneutes stolzmanni_Dwarf Tyrant-Manakin/XC338691.mp3
train,Tyranneutes stolzmanni_Dwarf Tyrant-Manakin,../../Datasets/BirdClef/features/Tyranneutes stolzmanni_Dwarf Tyrant-Manakin/XC198773.npy,../../Datasets/BirdClef/audio/Tyranneutes stolzmanni_Dwarf Tyrant-Manakin/XC198773.mp3
train,Tyranneutes stolzmanni_Dwarf Tyrant-Manakin,../../Datasets/BirdClef/features/Tyranneutes stolzmanni_Dwarf Tyrant-Manakin/XC8531.npy,../../Datasets/BirdClef/audio/Tyranneutes stolzmanni_Dwarf Tyrant-Manakin/XC8531.mp3
train,Tyranneutes stolzmanni_Dwarf Tyrant-Manakin,../../Datasets/BirdClef/features/Tyranneutes stolzmanni_Dwarf Tyrant-Manakin/XC64358.npy,../../Datasets/BirdClef/audio/Tyranneutes stolzmanni_Dwarf Tyrant-Manakin/XC64358.mp3
train,Tyranneutes stolzmanni_Dwarf Tyrant-Manakin,../../Datasets/BirdClef/features/Tyranneutes stolzmanni_Dwarf Tyrant-Manakin/XC403448.npy,../../Datasets/BirdClef/audio/Tyranneutes stolzmanni_Dwarf Tyrant-Manakin/XC403448.mp3
train,Tyrannopsis sulphurea_Sulphury Flycatcher,../../Datasets/BirdClef/features/Tyrannopsis sulphurea_Sulphury Flycatcher/XC478241.npy,../../Datasets/BirdClef/audio/Tyrannopsis sulphurea_Sulphury Flycatcher/XC478241.mp3
train,Tyrannopsis sulphurea_Sulphury Flycatcher,../../Datasets/BirdClef/features/Tyrannopsis sulphurea_Sulphury Flycatcher/XC187775.npy,../../Datasets/BirdClef/audio/Tyrannopsis sulphurea_Sulphury Flycatcher/XC187775.mp3
train,Tyrannopsis sulphurea_Sulphury Flycatcher,../../Datasets/BirdClef/features/Tyrannopsis sulphurea_Sulphury Flycatcher/XC64139.npy,../../Datasets/BirdClef/audio/Tyrannopsis sulphurea_Sulphury Flycatcher/XC64139.mp3
train,Tyrannopsis sulphurea_Sulphury Flycatcher,../../Datasets/BirdClef/features/Tyrannopsis sulphurea_Sulphury Flycatcher/XC259034.npy,../../Datasets/BirdClef/audio/Tyrannopsis sulphurea_Sulphury Flycatcher/XC259034.mp3
train,Tyrannopsis sulphurea_Sulphury Flycatcher,../../Datasets/BirdClef/features/Tyrannopsis sulphurea_Sulphury Flycatcher/XC494066.npy,../../Datasets/BirdClef/audio/Tyrannopsis sulphurea_Sulphury Flycatcher/XC494066.mp3
train,Tyrannulus elatus_Yellow-crowned Tyrannulet,../../Datasets/BirdClef/features/Tyrannulus elatus_Yellow-crowned Tyrannulet/XC432937.npy,../../Datasets/BirdClef/audio/Tyrannulus elatus_Yellow-crowned Tyrannulet/XC432937.mp3
train,Tyrannulus elatus_Yellow-crowned Tyrannulet,../../Datasets/BirdClef/features/Tyrannulus elatus_Yellow-crowned Tyrannulet/XC419794.npy,../../Datasets/BirdClef/audio/Tyrannulus elatus_Yellow-crowned Tyrannulet/XC419794.mp3
train,Tyrannulus elatus_Yellow-crowned Tyrannulet,../../Datasets/BirdClef/features/Tyrannulus elatus_Yellow-crowned Tyrannulet/XC275422.npy,../../Datasets/BirdClef/audio/Tyrannulus elatus_Yellow-crowned Tyrannulet/XC275422.mp3
train,Tyrannulus elatus_Yellow-crowned Tyrannulet,../../Datasets/BirdClef/features/Tyrannulus elatus_Yellow-crowned Tyrannulet/XC415892.npy,../../Datasets/BirdClef/audio/Tyrannulus elatus_Yellow-crowned Tyrannulet/XC415892.mp3
train,Tyrannulus elatus_Yellow-crowned Tyrannulet,../../Datasets/BirdClef/features/Tyrannulus elatus_Yellow-crowned Tyrannulet/XC150043.npy,../../Datasets/BirdClef/audio/Tyrannulus elatus_Yellow-crowned Tyrannulet/XC150043.mp3
train,Tyrannus melancholicus_Tropical Kingbird,../../Datasets/BirdClef/features/Tyrannus melancholicus_Tropical Kingbird/XC124260.npy,../../Datasets/BirdClef/audio/Tyrannus melancholicus_Tropical Kingbird/XC124260.mp3
train,Tyrannus melancholicus_Tropical Kingbird,../../Datasets/BirdClef/features/Tyrannus melancholicus_Tropical Kingbird/XC292420.npy,../../Datasets/BirdClef/audio/Tyrannus melancholicus_Tropical Kingbird/XC292420.mp3
train,Tyrannus melancholicus_Tropical Kingbird,../../Datasets/BirdClef/features/Tyrannus melancholicus_Tropical Kingbird/XC93244.npy,../../Datasets/BirdClef/audio/Tyrannus melancholicus_Tropical Kingbird/XC93244.mp3
train,Tyrannus melancholicus_Tropical Kingbird,../../Datasets/BirdClef/features/Tyrannus melancholicus_Tropical Kingbird/XC137689.npy,../../Datasets/BirdClef/audio/Tyrannus melancholicus_Tropical Kingbird/XC137689.mp3
train,Tyrannus melancholicus_Tropical Kingbird,../../Datasets/BirdClef/features/Tyrannus melancholicus_Tropical Kingbird/XC259037.npy,../../Datasets/BirdClef/audio/Tyrannus melancholicus_Tropical Kingbird/XC259037.mp3
train,Tyrannus savana_Fork-tailed Flycatcher,../../Datasets/BirdClef/features/Tyrannus savana_Fork-tailed Flycatcher/XC244972.npy,../../Datasets/BirdClef/audio/Tyrannus savana_Fork-tailed Flycatcher/XC244972.mp3
train,Tyrannus savana_Fork-tailed Flycatcher,../../Datasets/BirdClef/features/Tyrannus savana_Fork-tailed Flycatcher/XC46722.npy,../../Datasets/BirdClef/audio/Tyrannus savana_Fork-tailed Flycatcher/XC46722.mp3
train,Tyrannus savana_Fork-tailed Flycatcher,../../Datasets/BirdClef/features/Tyrannus savana_Fork-tailed Flycatcher/XC112746.npy,../../Datasets/BirdClef/audio/Tyrannus savana_Fork-tailed Flycatcher/XC112746.mp3
train,Tyrannus savana_Fork-tailed Flycatcher,../../Datasets/BirdClef/features/Tyrannus savana_Fork-tailed Flycatcher/XC82492.npy,../../Datasets/BirdClef/audio/Tyrannus savana_Fork-tailed Flycatcher/XC82492.mp3
train,Tyrannus savana_Fork-tailed Flycatcher,../../Datasets/BirdClef/features/Tyrannus savana_Fork-tailed Flycatcher/XC173379.npy,../../Datasets/BirdClef/audio/Tyrannus savana_Fork-tailed Flycatcher/XC173379.mp3
train,Tyrannus tyrannus_Eastern Kingbird,../../Datasets/BirdClef/features/Tyrannus tyrannus_Eastern Kingbird/XC325748.npy,../../Datasets/BirdClef/audio/Tyrannus tyrannus_Eastern Kingbird/XC325748.mp3
train,Tyrannus tyrannus_Eastern Kingbird,../../Datasets/BirdClef/features/Tyrannus tyrannus_Eastern Kingbird/XC132650.npy,../../Datasets/BirdClef/audio/Tyrannus tyrannus_Eastern Kingbird/XC132650.mp3
train,Tyrannus tyrannus_Eastern Kingbird,../../Datasets/BirdClef/features/Tyrannus tyrannus_Eastern Kingbird/XC145786.npy,../../Datasets/BirdClef/audio/Tyrannus tyrannus_Eastern Kingbird/XC145786.mp3
train,Tyrannus tyrannus_Eastern Kingbird,../../Datasets/BirdClef/features/Tyrannus tyrannus_Eastern Kingbird/XC177974.npy,../../Datasets/BirdClef/audio/Tyrannus tyrannus_Eastern Kingbird/XC177974.mp3
train,Tyrannus tyrannus_Eastern Kingbird,../../Datasets/BirdClef/features/Tyrannus tyrannus_Eastern Kingbird/XC134632.npy,../../Datasets/BirdClef/audio/Tyrannus tyrannus_Eastern Kingbird/XC134632.mp3
train,Tyrannus verticalis_Western Kingbird,../../Datasets/BirdClef/features/Tyrannus verticalis_Western Kingbird/XC161764.npy,../../Datasets/BirdClef/audio/Tyrannus verticalis_Western Kingbird/XC161764.mp3
train,Tyrannus verticalis_Western Kingbird,../../Datasets/BirdClef/features/Tyrannus verticalis_Western Kingbird/XC270232.npy,../../Datasets/BirdClef/audio/Tyrannus verticalis_Western Kingbird/XC270232.mp3
train,Tyrannus verticalis_Western Kingbird,../../Datasets/BirdClef/features/Tyrannus verticalis_Western Kingbird/XC265365.npy,../../Datasets/BirdClef/audio/Tyrannus verticalis_Western Kingbird/XC265365.mp3
train,Tyrannus verticalis_Western Kingbird,../../Datasets/BirdClef/features/Tyrannus verticalis_Western Kingbird/XC316516.npy,../../Datasets/BirdClef/audio/Tyrannus verticalis_Western Kingbird/XC316516.mp3
train,Tyrannus verticalis_Western Kingbird,../../Datasets/BirdClef/features/Tyrannus verticalis_Western Kingbird/XC305386.npy,../../Datasets/BirdClef/audio/Tyrannus verticalis_Western Kingbird/XC305386.mp3
train,Tyto alba_Barn Owl,../../Datasets/BirdClef/features/Tyto alba_Barn Owl/XC341229.npy,../../Datasets/BirdClef/audio/Tyto alba_Barn Owl/XC341229.mp3
train,Tyto alba_Barn Owl,../../Datasets/BirdClef/features/Tyto alba_Barn Owl/XC487373.npy,../../Datasets/BirdClef/audio/Tyto alba_Barn Owl/XC487373.mp3
train,Tyto alba_Barn Owl,../../Datasets/BirdClef/features/Tyto alba_Barn Owl/XC388102.npy,../../Datasets/BirdClef/audio/Tyto alba_Barn Owl/XC388102.mp3
train,Tyto alba_Barn Owl,../../Datasets/BirdClef/features/Tyto alba_Barn Owl/XC29787.npy,../../Datasets/BirdClef/audio/Tyto alba_Barn Owl/XC29787.mp3
train,Tyto alba_Barn Owl,../../Datasets/BirdClef/features/Tyto alba_Barn Owl/XC388122.npy,../../Datasets/BirdClef/audio/Tyto alba_Barn Owl/XC388122.mp3
train,Vanellus chilensis_Southern Lapwing,../../Datasets/BirdClef/features/Vanellus chilensis_Southern Lapwing/XC47967.npy,../../Datasets/BirdClef/audio/Vanellus chilensis_Southern Lapwing/XC47967.mp3
train,Vanellus chilensis_Southern Lapwing,../../Datasets/BirdClef/features/Vanellus chilensis_Southern Lapwing/XC270226.npy,../../Datasets/BirdClef/audio/Vanellus chilensis_Southern Lapwing/XC270226.mp3
train,Vanellus chilensis_Southern Lapwing,../../Datasets/BirdClef/features/Vanellus chilensis_Southern Lapwing/XC374154.npy,../../Datasets/BirdClef/audio/Vanellus chilensis_Southern Lapwing/XC374154.mp3
train,Vanellus chilensis_Southern Lapwing,../../Datasets/BirdClef/features/Vanellus chilensis_Southern Lapwing/XC435797.npy,../../Datasets/BirdClef/audio/Vanellus chilensis_Southern Lapwing/XC435797.mp3
train,Vanellus chilensis_Southern Lapwing,../../Datasets/BirdClef/features/Vanellus chilensis_Southern Lapwing/XC144740.npy,../../Datasets/BirdClef/audio/Vanellus chilensis_Southern Lapwing/XC144740.mp3
train,Vanellus vanellus_Northern Lapwing,../../Datasets/BirdClef/features/Vanellus vanellus_Northern Lapwing/XC317763.npy,../../Datasets/BirdClef/audio/Vanellus vanellus_Northern Lapwing/XC317763.mp3
train,Vanellus vanellus_Northern Lapwing,../../Datasets/BirdClef/features/Vanellus vanellus_Northern Lapwing/XC297286.npy,../../Datasets/BirdClef/audio/Vanellus vanellus_Northern Lapwing/XC297286.mp3
train,Vanellus vanellus_Northern Lapwing,../../Datasets/BirdClef/features/Vanellus vanellus_Northern Lapwing/XC281083.npy,../../Datasets/BirdClef/audio/Vanellus vanellus_Northern Lapwing/XC281083.mp3
train,Vanellus vanellus_Northern Lapwing,../../Datasets/BirdClef/features/Vanellus vanellus_Northern Lapwing/XC247696.npy,../../Datasets/BirdClef/audio/Vanellus vanellus_Northern Lapwing/XC247696.mp3
train,Vanellus vanellus_Northern Lapwing,../../Datasets/BirdClef/features/Vanellus vanellus_Northern Lapwing/XC358616.npy,../../Datasets/BirdClef/audio/Vanellus vanellus_Northern Lapwing/XC358616.mp3
train,Vermivora cyanoptera_Blue-winged Warbler,../../Datasets/BirdClef/features/Vermivora cyanoptera_Blue-winged Warbler/XC101664.npy,../../Datasets/BirdClef/audio/Vermivora cyanoptera_Blue-winged Warbler/XC101664.mp3
train,Vermivora cyanoptera_Blue-winged Warbler,../../Datasets/BirdClef/features/Vermivora cyanoptera_Blue-winged Warbler/XC469578.npy,../../Datasets/BirdClef/audio/Vermivora cyanoptera_Blue-winged Warbler/XC469578.mp3
train,Vermivora cyanoptera_Blue-winged Warbler,../../Datasets/BirdClef/features/Vermivora cyanoptera_Blue-winged Warbler/XC420886.npy,../../Datasets/BirdClef/audio/Vermivora cyanoptera_Blue-winged Warbler/XC420886.mp3
train,Vermivora cyanoptera_Blue-winged Warbler,../../Datasets/BirdClef/features/Vermivora cyanoptera_Blue-winged Warbler/XC444716.npy,../../Datasets/BirdClef/audio/Vermivora cyanoptera_Blue-winged Warbler/XC444716.mp3
train,Vermivora cyanoptera_Blue-winged Warbler,../../Datasets/BirdClef/features/Vermivora cyanoptera_Blue-winged Warbler/XC205952.npy,../../Datasets/BirdClef/audio/Vermivora cyanoptera_Blue-winged Warbler/XC205952.mp3
train,Vireo cassinii_Cassin's Vireo,../../Datasets/BirdClef/features/Vireo cassinii_Cassin's Vireo/XC72272.npy,../../Datasets/BirdClef/audio/Vireo cassinii_Cassin's Vireo/XC72272.mp3
train,Vireo cassinii_Cassin's Vireo,../../Datasets/BirdClef/features/Vireo cassinii_Cassin's Vireo/XC418224.npy,../../Datasets/BirdClef/audio/Vireo cassinii_Cassin's Vireo/XC418224.mp3
train,Vireo cassinii_Cassin's Vireo,../../Datasets/BirdClef/features/Vireo cassinii_Cassin's Vireo/XC269951.npy,../../Datasets/BirdClef/audio/Vireo cassinii_Cassin's Vireo/XC269951.mp3
train,Vireo cassinii_Cassin's Vireo,../../Datasets/BirdClef/features/Vireo cassinii_Cassin's Vireo/XC283560.npy,../../Datasets/BirdClef/audio/Vireo cassinii_Cassin's Vireo/XC283560.mp3
train,Vireo cassinii_Cassin's Vireo,../../Datasets/BirdClef/features/Vireo cassinii_Cassin's Vireo/XC418112.npy,../../Datasets/BirdClef/audio/Vireo cassinii_Cassin's Vireo/XC418112.mp3
train,Vireo chivi_Chivi Vireo,../../Datasets/BirdClef/features/Vireo chivi_Chivi Vireo/XC355891.npy,../../Datasets/BirdClef/audio/Vireo chivi_Chivi Vireo/XC355891.mp3
train,Vireo chivi_Chivi Vireo,../../Datasets/BirdClef/features/Vireo chivi_Chivi Vireo/XC415525.npy,../../Datasets/BirdClef/audio/Vireo chivi_Chivi Vireo/XC415525.mp3
train,Vireo chivi_Chivi Vireo,../../Datasets/BirdClef/features/Vireo chivi_Chivi Vireo/XC247510.npy,../../Datasets/BirdClef/audio/Vireo chivi_Chivi Vireo/XC247510.mp3
train,Vireo chivi_Chivi Vireo,../../Datasets/BirdClef/features/Vireo chivi_Chivi Vireo/XC2099.npy,../../Datasets/BirdClef/audio/Vireo chivi_Chivi Vireo/XC2099.mp3
train,Vireo chivi_Chivi Vireo,../../Datasets/BirdClef/features/Vireo chivi_Chivi Vireo/XC82501.npy,../../Datasets/BirdClef/audio/Vireo chivi_Chivi Vireo/XC82501.mp3
train,Vireo flavifrons_Yellow-throated Vireo,../../Datasets/BirdClef/features/Vireo flavifrons_Yellow-throated Vireo/XC138160.npy,../../Datasets/BirdClef/audio/Vireo flavifrons_Yellow-throated Vireo/XC138160.mp3
train,Vireo flavifrons_Yellow-throated Vireo,../../Datasets/BirdClef/features/Vireo flavifrons_Yellow-throated Vireo/XC500348.npy,../../Datasets/BirdClef/audio/Vireo flavifrons_Yellow-throated Vireo/XC500348.mp3
train,Vireo flavifrons_Yellow-throated Vireo,../../Datasets/BirdClef/features/Vireo flavifrons_Yellow-throated Vireo/XC418325.npy,../../Datasets/BirdClef/audio/Vireo flavifrons_Yellow-throated Vireo/XC418325.mp3
train,Vireo flavifrons_Yellow-throated Vireo,../../Datasets/BirdClef/features/Vireo flavifrons_Yellow-throated Vireo/XC417990.npy,../../Datasets/BirdClef/audio/Vireo flavifrons_Yellow-throated Vireo/XC417990.mp3
train,Vireo flavifrons_Yellow-throated Vireo,../../Datasets/BirdClef/features/Vireo flavifrons_Yellow-throated Vireo/XC177383.npy,../../Datasets/BirdClef/audio/Vireo flavifrons_Yellow-throated Vireo/XC177383.mp3
train,Vireo flavoviridis_Yellow-green Vireo,../../Datasets/BirdClef/features/Vireo flavoviridis_Yellow-green Vireo/XC419955.npy,../../Datasets/BirdClef/audio/Vireo flavoviridis_Yellow-green Vireo/XC419955.mp3
train,Vireo flavoviridis_Yellow-green Vireo,../../Datasets/BirdClef/features/Vireo flavoviridis_Yellow-green Vireo/XC11096.npy,../../Datasets/BirdClef/audio/Vireo flavoviridis_Yellow-green Vireo/XC11096.mp3
train,Vireo flavoviridis_Yellow-green Vireo,../../Datasets/BirdClef/features/Vireo flavoviridis_Yellow-green Vireo/XC149652.npy,../../Datasets/BirdClef/audio/Vireo flavoviridis_Yellow-green Vireo/XC149652.mp3
train,Vireo flavoviridis_Yellow-green Vireo,../../Datasets/BirdClef/features/Vireo flavoviridis_Yellow-green Vireo/XC28870.npy,../../Datasets/BirdClef/audio/Vireo flavoviridis_Yellow-green Vireo/XC28870.mp3
train,Vireo flavoviridis_Yellow-green Vireo,../../Datasets/BirdClef/features/Vireo flavoviridis_Yellow-green Vireo/XC254512.npy,../../Datasets/BirdClef/audio/Vireo flavoviridis_Yellow-green Vireo/XC254512.mp3
train,Vireo gilvus_Warbling Vireo,../../Datasets/BirdClef/features/Vireo gilvus_Warbling Vireo/XC182708.npy,../../Datasets/BirdClef/audio/Vireo gilvus_Warbling Vireo/XC182708.mp3
train,Vireo gilvus_Warbling Vireo,../../Datasets/BirdClef/features/Vireo gilvus_Warbling Vireo/XC132925.npy,../../Datasets/BirdClef/audio/Vireo gilvus_Warbling Vireo/XC132925.mp3
train,Vireo gilvus_Warbling Vireo,../../Datasets/BirdClef/features/Vireo gilvus_Warbling Vireo/XC105673.npy,../../Datasets/BirdClef/audio/Vireo gilvus_Warbling Vireo/XC105673.mp3
train,Vireo gilvus_Warbling Vireo,../../Datasets/BirdClef/features/Vireo gilvus_Warbling Vireo/XC192521.npy,../../Datasets/BirdClef/audio/Vireo gilvus_Warbling Vireo/XC192521.mp3
train,Vireo gilvus_Warbling Vireo,../../Datasets/BirdClef/features/Vireo gilvus_Warbling Vireo/XC102969.npy,../../Datasets/BirdClef/audio/Vireo gilvus_Warbling Vireo/XC102969.mp3
train,Vireo olivaceus_Red-eyed Vireo,../../Datasets/BirdClef/features/Vireo olivaceus_Red-eyed Vireo/XC327668.npy,../../Datasets/BirdClef/audio/Vireo olivaceus_Red-eyed Vireo/XC327668.mp3
train,Vireo olivaceus_Red-eyed Vireo,../../Datasets/BirdClef/features/Vireo olivaceus_Red-eyed Vireo/XC139569.npy,../../Datasets/BirdClef/audio/Vireo olivaceus_Red-eyed Vireo/XC139569.mp3
train,Vireo olivaceus_Red-eyed Vireo,../../Datasets/BirdClef/features/Vireo olivaceus_Red-eyed Vireo/XC244570.npy,../../Datasets/BirdClef/audio/Vireo olivaceus_Red-eyed Vireo/XC244570.mp3
train,Vireo olivaceus_Red-eyed Vireo,../../Datasets/BirdClef/features/Vireo olivaceus_Red-eyed Vireo/XC319706.npy,../../Datasets/BirdClef/audio/Vireo olivaceus_Red-eyed Vireo/XC319706.mp3
train,Vireo olivaceus_Red-eyed Vireo,../../Datasets/BirdClef/features/Vireo olivaceus_Red-eyed Vireo/XC375051.npy,../../Datasets/BirdClef/audio/Vireo olivaceus_Red-eyed Vireo/XC375051.mp3
train,Vireo plumbeus_Plumbeous Vireo,../../Datasets/BirdClef/features/Vireo plumbeus_Plumbeous Vireo/XC318955.npy,../../Datasets/BirdClef/audio/Vireo plumbeus_Plumbeous Vireo/XC318955.mp3
train,Vireo plumbeus_Plumbeous Vireo,../../Datasets/BirdClef/features/Vireo plumbeus_Plumbeous Vireo/XC384178.npy,../../Datasets/BirdClef/audio/Vireo plumbeus_Plumbeous Vireo/XC384178.mp3
train,Vireo plumbeus_Plumbeous Vireo,../../Datasets/BirdClef/features/Vireo plumbeus_Plumbeous Vireo/XC269523.npy,../../Datasets/BirdClef/audio/Vireo plumbeus_Plumbeous Vireo/XC269523.mp3
train,Vireo plumbeus_Plumbeous Vireo,../../Datasets/BirdClef/features/Vireo plumbeus_Plumbeous Vireo/XC424055.npy,../../Datasets/BirdClef/audio/Vireo plumbeus_Plumbeous Vireo/XC424055.mp3
train,Vireo plumbeus_Plumbeous Vireo,../../Datasets/BirdClef/features/Vireo plumbeus_Plumbeous Vireo/XC317094.npy,../../Datasets/BirdClef/audio/Vireo plumbeus_Plumbeous Vireo/XC317094.mp3
train,Vireo solitarius_Blue-headed Vireo,../../Datasets/BirdClef/features/Vireo solitarius_Blue-headed Vireo/XC291919.npy,../../Datasets/BirdClef/audio/Vireo solitarius_Blue-headed Vireo/XC291919.mp3
train,Vireo solitarius_Blue-headed Vireo,../../Datasets/BirdClef/features/Vireo solitarius_Blue-headed Vireo/XC380122.npy,../../Datasets/BirdClef/audio/Vireo solitarius_Blue-headed Vireo/XC380122.mp3
train,Vireo solitarius_Blue-headed Vireo,../../Datasets/BirdClef/features/Vireo solitarius_Blue-headed Vireo/XC294126.npy,../../Datasets/BirdClef/audio/Vireo solitarius_Blue-headed Vireo/XC294126.mp3
train,Vireo solitarius_Blue-headed Vireo,../../Datasets/BirdClef/features/Vireo solitarius_Blue-headed Vireo/XC165325.npy,../../Datasets/BirdClef/audio/Vireo solitarius_Blue-headed Vireo/XC165325.mp3
train,Vireo solitarius_Blue-headed Vireo,../../Datasets/BirdClef/features/Vireo solitarius_Blue-headed Vireo/XC407644.npy,../../Datasets/BirdClef/audio/Vireo solitarius_Blue-headed Vireo/XC407644.mp3
train,Vireolanius leucotis_Slaty-capped Shrike-Vireo,../../Datasets/BirdClef/features/Vireolanius leucotis_Slaty-capped Shrike-Vireo/XC59340.npy,../../Datasets/BirdClef/audio/Vireolanius leucotis_Slaty-capped Shrike-Vireo/XC59340.mp3
train,Vireolanius leucotis_Slaty-capped Shrike-Vireo,../../Datasets/BirdClef/features/Vireolanius leucotis_Slaty-capped Shrike-Vireo/XC180574.npy,../../Datasets/BirdClef/audio/Vireolanius leucotis_Slaty-capped Shrike-Vireo/XC180574.mp3
train,Vireolanius leucotis_Slaty-capped Shrike-Vireo,../../Datasets/BirdClef/features/Vireolanius leucotis_Slaty-capped Shrike-Vireo/XC14767.npy,../../Datasets/BirdClef/audio/Vireolanius leucotis_Slaty-capped Shrike-Vireo/XC14767.mp3
train,Vireolanius leucotis_Slaty-capped Shrike-Vireo,../../Datasets/BirdClef/features/Vireolanius leucotis_Slaty-capped Shrike-Vireo/XC232205.npy,../../Datasets/BirdClef/audio/Vireolanius leucotis_Slaty-capped Shrike-Vireo/XC232205.mp3
train,Vireolanius leucotis_Slaty-capped Shrike-Vireo,../../Datasets/BirdClef/features/Vireolanius leucotis_Slaty-capped Shrike-Vireo/XC128159.npy,../../Datasets/BirdClef/audio/Vireolanius leucotis_Slaty-capped Shrike-Vireo/XC128159.mp3
train,Volatinia jacarina_Blue-black Grassquit,../../Datasets/BirdClef/features/Volatinia jacarina_Blue-black Grassquit/XC287549.npy,../../Datasets/BirdClef/audio/Volatinia jacarina_Blue-black Grassquit/XC287549.mp3
train,Volatinia jacarina_Blue-black Grassquit,../../Datasets/BirdClef/features/Volatinia jacarina_Blue-black Grassquit/XC374930.npy,../../Datasets/BirdClef/audio/Volatinia jacarina_Blue-black Grassquit/XC374930.mp3
train,Volatinia jacarina_Blue-black Grassquit,../../Datasets/BirdClef/features/Volatinia jacarina_Blue-black Grassquit/XC428141.npy,../../Datasets/BirdClef/audio/Volatinia jacarina_Blue-black Grassquit/XC428141.mp3
train,Volatinia jacarina_Blue-black Grassquit,../../Datasets/BirdClef/features/Volatinia jacarina_Blue-black Grassquit/XC422201.npy,../../Datasets/BirdClef/audio/Volatinia jacarina_Blue-black Grassquit/XC422201.mp3
train,Volatinia jacarina_Blue-black Grassquit,../../Datasets/BirdClef/features/Volatinia jacarina_Blue-black Grassquit/XC232238.npy,../../Datasets/BirdClef/audio/Volatinia jacarina_Blue-black Grassquit/XC232238.mp3
train,Willisornis poecilinotus_Common Scale-backed Antbird,../../Datasets/BirdClef/features/Willisornis poecilinotus_Common Scale-backed Antbird/XC437949.npy,../../Datasets/BirdClef/audio/Willisornis poecilinotus_Common Scale-backed Antbird/XC437949.mp3
train,Willisornis poecilinotus_Common Scale-backed Antbird,../../Datasets/BirdClef/features/Willisornis poecilinotus_Common Scale-backed Antbird/XC8074.npy,../../Datasets/BirdClef/audio/Willisornis poecilinotus_Common Scale-backed Antbird/XC8074.mp3
train,Willisornis poecilinotus_Common Scale-backed Antbird,../../Datasets/BirdClef/features/Willisornis poecilinotus_Common Scale-backed Antbird/XC333575.npy,../../Datasets/BirdClef/audio/Willisornis poecilinotus_Common Scale-backed Antbird/XC333575.mp3
train,Willisornis poecilinotus_Common Scale-backed Antbird,../../Datasets/BirdClef/features/Willisornis poecilinotus_Common Scale-backed Antbird/XC296670.npy,../../Datasets/BirdClef/audio/Willisornis poecilinotus_Common Scale-backed Antbird/XC296670.mp3
train,Willisornis poecilinotus_Common Scale-backed Antbird,../../Datasets/BirdClef/features/Willisornis poecilinotus_Common Scale-backed Antbird/XC90348.npy,../../Datasets/BirdClef/audio/Willisornis poecilinotus_Common Scale-backed Antbird/XC90348.mp3
train,Xanthocephalus xanthocephalus_Yellow-headed Blackbird,../../Datasets/BirdClef/features/Xanthocephalus xanthocephalus_Yellow-headed Blackbird/XC142630.npy,../../Datasets/BirdClef/audio/Xanthocephalus xanthocephalus_Yellow-headed Blackbird/XC142630.mp3
train,Xanthocephalus xanthocephalus_Yellow-headed Blackbird,../../Datasets/BirdClef/features/Xanthocephalus xanthocephalus_Yellow-headed Blackbird/XC149215.npy,../../Datasets/BirdClef/audio/Xanthocephalus xanthocephalus_Yellow-headed Blackbird/XC149215.mp3
train,Xanthocephalus xanthocephalus_Yellow-headed Blackbird,../../Datasets/BirdClef/features/Xanthocephalus xanthocephalus_Yellow-headed Blackbird/XC352728.npy,../../Datasets/BirdClef/audio/Xanthocephalus xanthocephalus_Yellow-headed Blackbird/XC352728.mp3
train,Xanthocephalus xanthocephalus_Yellow-headed Blackbird,../../Datasets/BirdClef/features/Xanthocephalus xanthocephalus_Yellow-headed Blackbird/XC355545.npy,../../Datasets/BirdClef/audio/Xanthocephalus xanthocephalus_Yellow-headed Blackbird/XC355545.mp3
train,Xanthocephalus xanthocephalus_Yellow-headed Blackbird,../../Datasets/BirdClef/features/Xanthocephalus xanthocephalus_Yellow-headed Blackbird/XC110084.npy,../../Datasets/BirdClef/audio/Xanthocephalus xanthocephalus_Yellow-headed Blackbird/XC110084.mp3
train,Xenops minutus_Plain Xenops,../../Datasets/BirdClef/features/Xenops minutus_Plain Xenops/XC232281.npy,../../Datasets/BirdClef/audio/Xenops minutus_Plain Xenops/XC232281.mp3
train,Xenops minutus_Plain Xenops,../../Datasets/BirdClef/features/Xenops minutus_Plain Xenops/XC203181.npy,../../Datasets/BirdClef/audio/Xenops minutus_Plain Xenops/XC203181.mp3
train,Xenops minutus_Plain Xenops,../../Datasets/BirdClef/features/Xenops minutus_Plain Xenops/XC263383.npy,../../Datasets/BirdClef/audio/Xenops minutus_Plain Xenops/XC263383.mp3
train,Xenops minutus_Plain Xenops,../../Datasets/BirdClef/features/Xenops minutus_Plain Xenops/XC422748.npy,../../Datasets/BirdClef/audio/Xenops minutus_Plain Xenops/XC422748.mp3
train,Xenops minutus_Plain Xenops,../../Datasets/BirdClef/features/Xenops minutus_Plain Xenops/XC46983.npy,../../Datasets/BirdClef/audio/Xenops minutus_Plain Xenops/XC46983.mp3
train,Xenops rutilans_Streaked Xenops,../../Datasets/BirdClef/features/Xenops rutilans_Streaked Xenops/XC341135.npy,../../Datasets/BirdClef/audio/Xenops rutilans_Streaked Xenops/XC341135.mp3
train,Xenops rutilans_Streaked Xenops,../../Datasets/BirdClef/features/Xenops rutilans_Streaked Xenops/XC251767.npy,../../Datasets/BirdClef/audio/Xenops rutilans_Streaked Xenops/XC251767.mp3
train,Xenops rutilans_Streaked Xenops,../../Datasets/BirdClef/features/Xenops rutilans_Streaked Xenops/XC274844.npy,../../Datasets/BirdClef/audio/Xenops rutilans_Streaked Xenops/XC274844.mp3
train,Xenops rutilans_Streaked Xenops,../../Datasets/BirdClef/features/Xenops rutilans_Streaked Xenops/XC188276.npy,../../Datasets/BirdClef/audio/Xenops rutilans_Streaked Xenops/XC188276.mp3
train,Xenops rutilans_Streaked Xenops,../../Datasets/BirdClef/features/Xenops rutilans_Streaked Xenops/XC299678.npy,../../Datasets/BirdClef/audio/Xenops rutilans_Streaked Xenops/XC299678.mp3
train,Xiphocolaptes promeropirhynchus_Strong-billed Woodcreeper,../../Datasets/BirdClef/features/Xiphocolaptes promeropirhynchus_Strong-billed Woodcreeper/XC258284.npy,../../Datasets/BirdClef/audio/Xiphocolaptes promeropirhynchus_Strong-billed Woodcreeper/XC258284.mp3
train,Xiphocolaptes promeropirhynchus_Strong-billed Woodcreeper,../../Datasets/BirdClef/features/Xiphocolaptes promeropirhynchus_Strong-billed Woodcreeper/XC18056.npy,../../Datasets/BirdClef/audio/Xiphocolaptes promeropirhynchus_Strong-billed Woodcreeper/XC18056.mp3
train,Xiphocolaptes promeropirhynchus_Strong-billed Woodcreeper,../../Datasets/BirdClef/features/Xiphocolaptes promeropirhynchus_Strong-billed Woodcreeper/XC236264.npy,../../Datasets/BirdClef/audio/Xiphocolaptes promeropirhynchus_Strong-billed Woodcreeper/XC236264.mp3
train,Xiphocolaptes promeropirhynchus_Strong-billed Woodcreeper,../../Datasets/BirdClef/features/Xiphocolaptes promeropirhynchus_Strong-billed Woodcreeper/XC13148.npy,../../Datasets/BirdClef/audio/Xiphocolaptes promeropirhynchus_Strong-billed Woodcreeper/XC13148.mp3
train,Xiphocolaptes promeropirhynchus_Strong-billed Woodcreeper,../../Datasets/BirdClef/features/Xiphocolaptes promeropirhynchus_Strong-billed Woodcreeper/XC232348.npy,../../Datasets/BirdClef/audio/Xiphocolaptes promeropirhynchus_Strong-billed Woodcreeper/XC232348.mp3
train,Xiphorhynchus elegans_Elegant Woodcreeper,../../Datasets/BirdClef/features/Xiphorhynchus elegans_Elegant Woodcreeper/XC436532.npy,../../Datasets/BirdClef/audio/Xiphorhynchus elegans_Elegant Woodcreeper/XC436532.mp3
train,Xiphorhynchus elegans_Elegant Woodcreeper,../../Datasets/BirdClef/features/Xiphorhynchus elegans_Elegant Woodcreeper/XC232359.npy,../../Datasets/BirdClef/audio/Xiphorhynchus elegans_Elegant Woodcreeper/XC232359.mp3
train,Xiphorhynchus elegans_Elegant Woodcreeper,../../Datasets/BirdClef/features/Xiphorhynchus elegans_Elegant Woodcreeper/XC232363.npy,../../Datasets/BirdClef/audio/Xiphorhynchus elegans_Elegant Woodcreeper/XC232363.mp3
train,Xiphorhynchus elegans_Elegant Woodcreeper,../../Datasets/BirdClef/features/Xiphorhynchus elegans_Elegant Woodcreeper/XC64397.npy,../../Datasets/BirdClef/audio/Xiphorhynchus elegans_Elegant Woodcreeper/XC64397.mp3
train,Xiphorhynchus elegans_Elegant Woodcreeper,../../Datasets/BirdClef/features/Xiphorhynchus elegans_Elegant Woodcreeper/XC249864.npy,../../Datasets/BirdClef/audio/Xiphorhynchus elegans_Elegant Woodcreeper/XC249864.mp3
train,Xiphorhynchus guttatus_Buff-throated Woodcreeper,../../Datasets/BirdClef/features/Xiphorhynchus guttatus_Buff-throated Woodcreeper/XC232405.npy,../../Datasets/BirdClef/audio/Xiphorhynchus guttatus_Buff-throated Woodcreeper/XC232405.mp3
train,Xiphorhynchus guttatus_Buff-throated Woodcreeper,../../Datasets/BirdClef/features/Xiphorhynchus guttatus_Buff-throated Woodcreeper/XC232400.npy,../../Datasets/BirdClef/audio/Xiphorhynchus guttatus_Buff-throated Woodcreeper/XC232400.mp3
train,Xiphorhynchus guttatus_Buff-throated Woodcreeper,../../Datasets/BirdClef/features/Xiphorhynchus guttatus_Buff-throated Woodcreeper/XC232387.npy,../../Datasets/BirdClef/audio/Xiphorhynchus guttatus_Buff-throated Woodcreeper/XC232387.mp3
train,Xiphorhynchus guttatus_Buff-throated Woodcreeper,../../Datasets/BirdClef/features/Xiphorhynchus guttatus_Buff-throated Woodcreeper/XC499902.npy,../../Datasets/BirdClef/audio/Xiphorhynchus guttatus_Buff-throated Woodcreeper/XC499902.mp3
train,Xiphorhynchus guttatus_Buff-throated Woodcreeper,../../Datasets/BirdClef/features/Xiphorhynchus guttatus_Buff-throated Woodcreeper/XC2279.npy,../../Datasets/BirdClef/audio/Xiphorhynchus guttatus_Buff-throated Woodcreeper/XC2279.mp3
train,Xiphorhynchus obsoletus_Striped Woodcreeper,../../Datasets/BirdClef/features/Xiphorhynchus obsoletus_Striped Woodcreeper/XC10702.npy,../../Datasets/BirdClef/audio/Xiphorhynchus obsoletus_Striped Woodcreeper/XC10702.mp3
train,Xiphorhynchus obsoletus_Striped Woodcreeper,../../Datasets/BirdClef/features/Xiphorhynchus obsoletus_Striped Woodcreeper/XC258294.npy,../../Datasets/BirdClef/audio/Xiphorhynchus obsoletus_Striped Woodcreeper/XC258294.mp3
train,Xiphorhynchus obsoletus_Striped Woodcreeper,../../Datasets/BirdClef/features/Xiphorhynchus obsoletus_Striped Woodcreeper/XC244912.npy,../../Datasets/BirdClef/audio/Xiphorhynchus obsoletus_Striped Woodcreeper/XC244912.mp3
train,Xiphorhynchus obsoletus_Striped Woodcreeper,../../Datasets/BirdClef/features/Xiphorhynchus obsoletus_Striped Woodcreeper/XC47977.npy,../../Datasets/BirdClef/audio/Xiphorhynchus obsoletus_Striped Woodcreeper/XC47977.mp3
train,Xiphorhynchus obsoletus_Striped Woodcreeper,../../Datasets/BirdClef/features/Xiphorhynchus obsoletus_Striped Woodcreeper/XC94868.npy,../../Datasets/BirdClef/audio/Xiphorhynchus obsoletus_Striped Woodcreeper/XC94868.mp3
train,Zebrilus undulatus_Zigzag Heron,../../Datasets/BirdClef/features/Zebrilus undulatus_Zigzag Heron/XC29417.npy,../../Datasets/BirdClef/audio/Zebrilus undulatus_Zigzag Heron/XC29417.mp3
train,Zebrilus undulatus_Zigzag Heron,../../Datasets/BirdClef/features/Zebrilus undulatus_Zigzag Heron/XC175487.npy,../../Datasets/BirdClef/audio/Zebrilus undulatus_Zigzag Heron/XC175487.mp3
train,Zebrilus undulatus_Zigzag Heron,../../Datasets/BirdClef/features/Zebrilus undulatus_Zigzag Heron/XC257296.npy,../../Datasets/BirdClef/audio/Zebrilus undulatus_Zigzag Heron/XC257296.mp3
train,Zebrilus undulatus_Zigzag Heron,../../Datasets/BirdClef/features/Zebrilus undulatus_Zigzag Heron/XC102399.npy,../../Datasets/BirdClef/audio/Zebrilus undulatus_Zigzag Heron/XC102399.mp3
train,Zebrilus undulatus_Zigzag Heron,../../Datasets/BirdClef/features/Zebrilus undulatus_Zigzag Heron/XC218121.npy,../../Datasets/BirdClef/audio/Zebrilus undulatus_Zigzag Heron/XC218121.mp3
train,Zenaida macroura_Mourning Dove,../../Datasets/BirdClef/features/Zenaida macroura_Mourning Dove/XC71560.npy,../../Datasets/BirdClef/audio/Zenaida macroura_Mourning Dove/XC71560.mp3
train,Zenaida macroura_Mourning Dove,../../Datasets/BirdClef/features/Zenaida macroura_Mourning Dove/XC440853.npy,../../Datasets/BirdClef/audio/Zenaida macroura_Mourning Dove/XC440853.mp3
train,Zenaida macroura_Mourning Dove,../../Datasets/BirdClef/features/Zenaida macroura_Mourning Dove/XC153648.npy,../../Datasets/BirdClef/audio/Zenaida macroura_Mourning Dove/XC153648.mp3
train,Zenaida macroura_Mourning Dove,../../Datasets/BirdClef/features/Zenaida macroura_Mourning Dove/XC459335.npy,../../Datasets/BirdClef/audio/Zenaida macroura_Mourning Dove/XC459335.mp3
train,Zenaida macroura_Mourning Dove,../../Datasets/BirdClef/features/Zenaida macroura_Mourning Dove/XC268205.npy,../../Datasets/BirdClef/audio/Zenaida macroura_Mourning Dove/XC268205.mp3
train,Zimmerius gracilipes_Slender-footed Tyrannulet,../../Datasets/BirdClef/features/Zimmerius gracilipes_Slender-footed Tyrannulet/XC232584.npy,../../Datasets/BirdClef/audio/Zimmerius gracilipes_Slender-footed Tyrannulet/XC232584.mp3
train,Zimmerius gracilipes_Slender-footed Tyrannulet,../../Datasets/BirdClef/features/Zimmerius gracilipes_Slender-footed Tyrannulet/XC2341.npy,../../Datasets/BirdClef/audio/Zimmerius gracilipes_Slender-footed Tyrannulet/XC2341.mp3
train,Zimmerius gracilipes_Slender-footed Tyrannulet,../../Datasets/BirdClef/features/Zimmerius gracilipes_Slender-footed Tyrannulet/XC248702.npy,../../Datasets/BirdClef/audio/Zimmerius gracilipes_Slender-footed Tyrannulet/XC248702.mp3
train,Zimmerius gracilipes_Slender-footed Tyrannulet,../../Datasets/BirdClef/features/Zimmerius gracilipes_Slender-footed Tyrannulet/XC264660.npy,../../Datasets/BirdClef/audio/Zimmerius gracilipes_Slender-footed Tyrannulet/XC264660.mp3
train,Zimmerius gracilipes_Slender-footed Tyrannulet,../../Datasets/BirdClef/features/Zimmerius gracilipes_Slender-footed Tyrannulet/XC258668.npy,../../Datasets/BirdClef/audio/Zimmerius gracilipes_Slender-footed Tyrannulet/XC258668.mp3
train,Zonotrichia albicollis_White-throated Sparrow,../../Datasets/BirdClef/features/Zonotrichia albicollis_White-throated Sparrow/XC113097.npy,../../Datasets/BirdClef/audio/Zonotrichia albicollis_White-throated Sparrow/XC113097.mp3
train,Zonotrichia albicollis_White-throated Sparrow,../../Datasets/BirdClef/features/Zonotrichia albicollis_White-throated Sparrow/XC159948.npy,../../Datasets/BirdClef/audio/Zonotrichia albicollis_White-throated Sparrow/XC159948.mp3
train,Zonotrichia albicollis_White-throated Sparrow,../../Datasets/BirdClef/features/Zonotrichia albicollis_White-throated Sparrow/XC52450.npy,../../Datasets/BirdClef/audio/Zonotrichia albicollis_White-throated Sparrow/XC52450.mp3
train,Zonotrichia albicollis_White-throated Sparrow,../../Datasets/BirdClef/features/Zonotrichia albicollis_White-throated Sparrow/XC339648.npy,../../Datasets/BirdClef/audio/Zonotrichia albicollis_White-throated Sparrow/XC339648.mp3
train,Zonotrichia albicollis_White-throated Sparrow,../../Datasets/BirdClef/features/Zonotrichia albicollis_White-throated Sparrow/XC340725.npy,../../Datasets/BirdClef/audio/Zonotrichia albicollis_White-throated Sparrow/XC340725.mp3
train,Zonotrichia atricapilla_Golden-crowned Sparrow,../../Datasets/BirdClef/features/Zonotrichia atricapilla_Golden-crowned Sparrow/XC354817.npy,../../Datasets/BirdClef/audio/Zonotrichia atricapilla_Golden-crowned Sparrow/XC354817.mp3
train,Zonotrichia atricapilla_Golden-crowned Sparrow,../../Datasets/BirdClef/features/Zonotrichia atricapilla_Golden-crowned Sparrow/XC431962.npy,../../Datasets/BirdClef/audio/Zonotrichia atricapilla_Golden-crowned Sparrow/XC431962.mp3
train,Zonotrichia atricapilla_Golden-crowned Sparrow,../../Datasets/BirdClef/features/Zonotrichia atricapilla_Golden-crowned Sparrow/XC194115.npy,../../Datasets/BirdClef/audio/Zonotrichia atricapilla_Golden-crowned Sparrow/XC194115.mp3
train,Zonotrichia atricapilla_Golden-crowned Sparrow,../../Datasets/BirdClef/features/Zonotrichia atricapilla_Golden-crowned Sparrow/XC187300.npy,../../Datasets/BirdClef/audio/Zonotrichia atricapilla_Golden-crowned Sparrow/XC187300.mp3
train,Zonotrichia atricapilla_Golden-crowned Sparrow,../../Datasets/BirdClef/features/Zonotrichia atricapilla_Golden-crowned Sparrow/XC192827.npy,../../Datasets/BirdClef/audio/Zonotrichia atricapilla_Golden-crowned Sparrow/XC192827.mp3
train,Zonotrichia leucophrys_White-crowned Sparrow,../../Datasets/BirdClef/features/Zonotrichia leucophrys_White-crowned Sparrow/XC14294.npy,../../Datasets/BirdClef/audio/Zonotrichia leucophrys_White-crowned Sparrow/XC14294.mp3
train,Zonotrichia leucophrys_White-crowned Sparrow,../../Datasets/BirdClef/features/Zonotrichia leucophrys_White-crowned Sparrow/XC111735.npy,../../Datasets/BirdClef/audio/Zonotrichia leucophrys_White-crowned Sparrow/XC111735.mp3
train,Zonotrichia leucophrys_White-crowned Sparrow,../../Datasets/BirdClef/features/Zonotrichia leucophrys_White-crowned Sparrow/XC283471.npy,../../Datasets/BirdClef/audio/Zonotrichia leucophrys_White-crowned Sparrow/XC283471.mp3
train,Zonotrichia leucophrys_White-crowned Sparrow,../../Datasets/BirdClef/features/Zonotrichia leucophrys_White-crowned Sparrow/XC486018.npy,../../Datasets/BirdClef/audio/Zonotrichia leucophrys_White-crowned Sparrow/XC486018.mp3
train,Zonotrichia leucophrys_White-crowned Sparrow,../../Datasets/BirdClef/features/Zonotrichia leucophrys_White-crowned Sparrow/XC283422.npy,../../Datasets/BirdClef/audio/Zonotrichia leucophrys_White-crowned Sparrow/XC283422.mp3
