split,class_name,npy_path,wav_path
train,Acanthis flammea_Common Redpoll,../../Datasets/BirdClef/features/Acanthis flammea_Common Redpoll/XC216985.npy,../../Datasets/BirdClef/audio/Acanthis flammea_Common Redpoll/XC216985.mp3
train,Acanthis flammea_Common Redpoll,../../Datasets/BirdClef/features/Acanthis flammea_Common Redpoll/XC218773.npy,../../Datasets/BirdClef/audio/Acanthis flammea_Common Redpoll/XC218773.mp3
train,Acanthis flammea_Common Redpoll,../../Datasets/BirdClef/features/Acanthis flammea_Common Redpoll/XC144148.npy,../../Datasets/BirdClef/audio/Acanthis flammea_Common Redpoll/XC144148.mp3
train,Acanthis flammea_Common Redpoll,../../Datasets/BirdClef/features/Acanthis flammea_Common Redpoll/XC489922.npy,../../Datasets/BirdClef/audio/Acanthis flammea_Common Redpoll/XC489922.mp3
train,Acanthis flammea_Common Redpoll,../../Datasets/BirdClef/features/Acanthis flammea_Common Redpoll/XC437867.npy,../../Datasets/BirdClef/audio/Acanthis flammea_Common Redpoll/XC437867.mp3
train,Accipiter cooperii_Cooper's Hawk,../../Datasets/BirdClef/features/Accipiter cooperii_Cooper's Hawk/XC179499.npy,../../Datasets/BirdClef/audio/Accipiter cooperii_Cooper's Hawk/XC179499.mp3
train,Accipiter cooperii_Cooper's Hawk,../../Datasets/BirdClef/features/Accipiter cooperii_Cooper's Hawk/XC177264.npy,../../Datasets/BirdClef/audio/Accipiter cooperii_Cooper's Hawk/XC177264.mp3
train,Accipiter cooperii_Cooper's Hawk,../../Datasets/BirdClef/features/Accipiter cooperii_Cooper's Hawk/XC161891.npy,../../Datasets/BirdClef/audio/Accipiter cooperii_Cooper's Hawk/XC161891.mp3
train,Accipiter cooperii_Cooper's Hawk,../../Datasets/BirdClef/features/Accipiter cooperii_Cooper's Hawk/XC54303.npy,../../Datasets/BirdClef/audio/Accipiter cooperii_Cooper's Hawk/XC54303.mp3
train,Accipiter cooperii_Cooper's Hawk,../../Datasets/BirdClef/features/Accipiter cooperii_Cooper's Hawk/XC113375.npy,../../Datasets/BirdClef/audio/Accipiter cooperii_Cooper's Hawk/XC113375.mp3
train,Accipiter gentilis_Northern Goshawk,../../Datasets/BirdClef/features/Accipiter gentilis_Northern Goshawk/XC331689.npy,../../Datasets/BirdClef/audio/Accipiter gentilis_Northern Goshawk/XC331689.mp3
train,Accipiter gentilis_Northern Goshawk,../../Datasets/BirdClef/features/Accipiter gentilis_Northern Goshawk/XC405652.npy,../../Datasets/BirdClef/audio/Accipiter gentilis_Northern Goshawk/XC405652.mp3
train,Accipiter gentilis_Northern Goshawk,../../Datasets/BirdClef/features/Accipiter gentilis_Northern Goshawk/XC425339.npy,../../Datasets/BirdClef/audio/Accipiter gentilis_Northern Goshawk/XC425339.mp3
train,Accipiter gentilis_Northern Goshawk,../../Datasets/BirdClef/features/Accipiter gentilis_Northern Goshawk/XC426223.npy,../../Datasets/BirdClef/audio/Accipiter gentilis_Northern Goshawk/XC426223.mp3
train,Accipiter gentilis_Northern Goshawk,../../Datasets/BirdClef/features/Accipiter gentilis_Northern Goshawk/XC425918.npy,../../Datasets/BirdClef/audio/Accipiter gentilis_Northern Goshawk/XC425918.mp3
train,Accipiter nisus_Eurasian Sparrowhawk,../../Datasets/BirdClef/features/Accipiter nisus_Eurasian Sparrowhawk/XC143459.npy,../../Datasets/BirdClef/audio/Accipiter nisus_Eurasian Sparrowhawk/XC143459.mp3
train,Accipiter nisus_Eurasian Sparrowhawk,../../Datasets/BirdClef/features/Accipiter nisus_Eurasian Sparrowhawk/XC482657.npy,../../Datasets/BirdClef/audio/Accipiter nisus_Eurasian Sparrowhawk/XC482657.mp3
train,Accipiter nisus_Eurasian Sparrowhawk,../../Datasets/BirdClef/features/Accipiter nisus_Eurasian Sparrowhawk/XC369014.npy,../../Datasets/BirdClef/audio/Accipiter nisus_Eurasian Sparrowhawk/XC369014.mp3
train,Accipiter nisus_Eurasian Sparrowhawk,../../Datasets/BirdClef/features/Accipiter nisus_Eurasian Sparrowhawk/XC394618.npy,../../Datasets/BirdClef/audio/Accipiter nisus_Eurasian Sparrowhawk/XC394618.mp3
train,Accipiter nisus_Eurasian Sparrowhawk,../../Datasets/BirdClef/features/Accipiter nisus_Eurasian Sparrowhawk/XC362158.npy,../../Datasets/BirdClef/audio/Accipiter nisus_Eurasian Sparrowhawk/XC362158.mp3
train,Acrocephalus arundinaceus_Great Reed Warbler,../../Datasets/BirdClef/features/Acrocephalus arundinaceus_Great Reed Warbler/XC264000.npy,../../Datasets/BirdClef/audio/Acrocephalus arundinaceus_Great Reed Warbler/XC264000.mp3
train,Acrocephalus arundinaceus_Great Reed Warbler,../../Datasets/BirdClef/features/Acrocephalus arundinaceus_Great Reed Warbler/XC134613.npy,../../Datasets/BirdClef/audio/Acrocephalus arundinaceus_Great Reed Warbler/XC134613.mp3
train,Acrocephalus arundinaceus_Great Reed Warbler,../../Datasets/BirdClef/features/Acrocephalus arundinaceus_Great Reed Warbler/XC35334.npy,../../Datasets/BirdClef/audio/Acrocephalus arundinaceus_Great Reed Warbler/XC35334.mp3
train,Acrocephalus arundinaceus_Great Reed Warbler,../../Datasets/BirdClef/features/Acrocephalus arundinaceus_Great Reed Warbler/XC347289.npy,../../Datasets/BirdClef/audio/Acrocephalus arundinaceus_Great Reed Warbler/XC347289.mp3
train,Acrocephalus arundinaceus_Great Reed Warbler,../../Datasets/BirdClef/features/Acrocephalus arundinaceus_Great Reed Warbler/XC180757.npy,../../Datasets/BirdClef/audio/Acrocephalus arundinaceus_Great Reed Warbler/XC180757.mp3
train,Acrocephalus scirpaceus_Eurasian Reed Warbler,../../Datasets/BirdClef/features/Acrocephalus scirpaceus_Eurasian Reed Warbler/XC27123.npy,../../Datasets/BirdClef/audio/Acrocephalus scirpaceus_Eurasian Reed Warbler/XC27123.mp3
train,Acrocephalus scirpaceus_Eurasian Reed Warbler,../../Datasets/BirdClef/features/Acrocephalus scirpaceus_Eurasian Reed Warbler/XC292056.npy,../../Datasets/BirdClef/audio/Acrocephalus scirpaceus_Eurasian Reed Warbler/XC292056.mp3
train,Acrocephalus scirpaceus_Eurasian Reed Warbler,../../Datasets/BirdClef/features/Acrocephalus scirpaceus_Eurasian Reed Warbler/XC265057.npy,../../Datasets/BirdClef/audio/Acrocephalus scirpaceus_Eurasian Reed Warbler/XC265057.mp3
train,Acrocephalus scirpaceus_Eurasian Reed Warbler,../../Datasets/BirdClef/features/Acrocephalus scirpaceus_Eurasian Reed Warbler/XC150552.npy,../../Datasets/BirdClef/audio/Acrocephalus scirpaceus_Eurasian Reed Warbler/XC150552.mp3
train,Acrocephalus scirpaceus_Eurasian Reed Warbler,../../Datasets/BirdClef/features/Acrocephalus scirpaceus_Eurasian Reed Warbler/XC341947.npy,../../Datasets/BirdClef/audio/Acrocephalus scirpaceus_Eurasian Reed Warbler/XC341947.mp3
train,Actitis hypoleucos_Common Sandpiper,../../Datasets/BirdClef/features/Actitis hypoleucos_Common Sandpiper/XC442156.npy,../../Datasets/BirdClef/audio/Actitis hypoleucos_Common Sandpiper/XC442156.mp3
train,Actitis hypoleucos_Common Sandpiper,../../Datasets/BirdClef/features/Actitis hypoleucos_Common Sandpiper/XC489387.npy,../../Datasets/BirdClef/audio/Actitis hypoleucos_Common Sandpiper/XC489387.mp3
train,Actitis hypoleucos_Common Sandpiper,../../Datasets/BirdClef/features/Actitis hypoleucos_Common Sandpiper/XC123893.npy,../../Datasets/BirdClef/audio/Actitis hypoleucos_Common Sandpiper/XC123893.mp3
train,Actitis hypoleucos_Common Sandpiper,../../Datasets/BirdClef/features/Actitis hypoleucos_Common Sandpiper/XC434829.npy,../../Datasets/BirdClef/audio/Actitis hypoleucos_Common Sandpiper/XC434829.mp3
train,Actitis hypoleucos_Common Sandpiper,../../Datasets/BirdClef/features/Actitis hypoleucos_Common Sandpiper/XC493128.npy,../../Datasets/BirdClef/audio/Actitis hypoleucos_Common Sandpiper/XC493128.mp3
train,Actitis macularius_Spotted Sandpiper,../../Datasets/BirdClef/features/Actitis macularius_Spotted Sandpiper/XC139725.npy,../../Datasets/BirdClef/audio/Actitis macularius_Spotted Sandpiper/XC139725.mp3
train,Actitis macularius_Spotted Sandpiper,../../Datasets/BirdClef/features/Actitis macularius_Spotted Sandpiper/XC257517.npy,../../Datasets/BirdClef/audio/Actitis macularius_Spotted Sandpiper/XC257517.mp3
train,Actitis macularius_Spotted Sandpiper,../../Datasets/BirdClef/features/Actitis macularius_Spotted Sandpiper/XC153624.npy,../../Datasets/BirdClef/audio/Actitis macularius_Spotted Sandpiper/XC153624.mp3
train,Actitis macularius_Spotted Sandpiper,../../Datasets/BirdClef/features/Actitis macularius_Spotted Sandpiper/XC480225.npy,../../Datasets/BirdClef/audio/Actitis macularius_Spotted Sandpiper/XC480225.mp3
train,Actitis macularius_Spotted Sandpiper,../../Datasets/BirdClef/features/Actitis macularius_Spotted Sandpiper/XC287590.npy,../../Datasets/BirdClef/audio/Actitis macularius_Spotted Sandpiper/XC287590.mp3
train,Aegithalos caudatus_Long-tailed Tit,../../Datasets/BirdClef/features/Aegithalos caudatus_Long-tailed Tit/XC338562.npy,../../Datasets/BirdClef/audio/Aegithalos caudatus_Long-tailed Tit/XC338562.mp3
train,Aegithalos caudatus_Long-tailed Tit,../../Datasets/BirdClef/features/Aegithalos caudatus_Long-tailed Tit/XC339778.npy,../../Datasets/BirdClef/audio/Aegithalos caudatus_Long-tailed Tit/XC339778.mp3
train,Aegithalos caudatus_Long-tailed Tit,../../Datasets/BirdClef/features/Aegithalos caudatus_Long-tailed Tit/XC298012.npy,../../Datasets/BirdClef/audio/Aegithalos caudatus_Long-tailed Tit/XC298012.mp3
train,Aegithalos caudatus_Long-tailed Tit,../../Datasets/BirdClef/features/Aegithalos caudatus_Long-tailed Tit/XC215028.npy,../../Datasets/BirdClef/audio/Aegithalos caudatus_Long-tailed Tit/XC215028.mp3
train,Aegithalos caudatus_Long-tailed Tit,../../Datasets/BirdClef/features/Aegithalos caudatus_Long-tailed Tit/XC200547.npy,../../Datasets/BirdClef/audio/Aegithalos caudatus_Long-tailed Tit/XC200547.mp3
train,Agelaius phoeniceus_Red-winged Blackbird,../../Datasets/BirdClef/features/Agelaius phoeniceus_Red-winged Blackbird/XC192705.npy,../../Datasets/BirdClef/audio/Agelaius phoeniceus_Red-winged Blackbird/XC192705.mp3
train,Agelaius phoeniceus_Red-winged Blackbird,../../Datasets/BirdClef/features/Agelaius phoeniceus_Red-winged Blackbird/XC358702.npy,../../Datasets/BirdClef/audio/Agelaius phoeniceus_Red-winged Blackbird/XC358702.mp3
train,Agelaius phoeniceus_Red-winged Blackbird,../../Datasets/BirdClef/features/Agelaius phoeniceus_Red-winged Blackbird/XC160709.npy,../../Datasets/BirdClef/audio/Agelaius phoeniceus_Red-winged Blackbird/XC160709.mp3
train,Agelaius phoeniceus_Red-winged Blackbird,../../Datasets/BirdClef/features/Agelaius phoeniceus_Red-winged Blackbird/XC137659.npy,../../Datasets/BirdClef/audio/Agelaius phoeniceus_Red-winged Blackbird/XC137659.mp3
train,Agelaius phoeniceus_Red-winged Blackbird,../../Datasets/BirdClef/features/Agelaius phoeniceus_Red-winged Blackbird/XC253363.npy,../../Datasets/BirdClef/audio/Agelaius phoeniceus_Red-winged Blackbird/XC253363.mp3
train,Aix galericulata_Mandarin Duck,../../Datasets/BirdClef/features/Aix galericulata_Mandarin Duck/XC116225.npy,../../Datasets/BirdClef/audio/Aix galericulata_Mandarin Duck/XC116225.mp3
train,Aix galericulata_Mandarin Duck,../../Datasets/BirdClef/features/Aix galericulata_Mandarin Duck/XC411026.npy,../../Datasets/BirdClef/audio/Aix galericulata_Mandarin Duck/XC411026.mp3
train,Aix galericulata_Mandarin Duck,../../Datasets/BirdClef/features/Aix galericulata_Mandarin Duck/XC389998.npy,../../Datasets/BirdClef/audio/Aix galericulata_Mandarin Duck/XC389998.mp3
train,Aix galericulata_Mandarin Duck,../../Datasets/BirdClef/features/Aix galericulata_Mandarin Duck/XC357999.npy,../../Datasets/BirdClef/audio/Aix galericulata_Mandarin Duck/XC357999.mp3
train,Aix galericulata_Mandarin Duck,../../Datasets/BirdClef/features/Aix galericulata_Mandarin Duck/XC234180.npy,../../Datasets/BirdClef/audio/Aix galericulata_Mandarin Duck/XC234180.mp3
train,Aix sponsa_Wood Duck,../../Datasets/BirdClef/features/Aix sponsa_Wood Duck/XC170061.npy,../../Datasets/BirdClef/audio/Aix sponsa_Wood Duck/XC170061.mp3
train,Aix sponsa_Wood Duck,../../Datasets/BirdClef/features/Aix sponsa_Wood Duck/XC389582.npy,../../Datasets/BirdClef/audio/Aix sponsa_Wood Duck/XC389582.mp3
train,Aix sponsa_Wood Duck,../../Datasets/BirdClef/features/Aix sponsa_Wood Duck/XC94641.npy,../../Datasets/BirdClef/audio/Aix sponsa_Wood Duck/XC94641.mp3
train,Aix sponsa_Wood Duck,../../Datasets/BirdClef/features/Aix sponsa_Wood Duck/XC379663.npy,../../Datasets/BirdClef/audio/Aix sponsa_Wood Duck/XC379663.mp3
train,Aix sponsa_Wood Duck,../../Datasets/BirdClef/features/Aix sponsa_Wood Duck/XC75643.npy,../../Datasets/BirdClef/audio/Aix sponsa_Wood Duck/XC75643.mp3
train,Akletos goeldii_Goeldi's Antbird,../../Datasets/BirdClef/features/Akletos goeldii_Goeldi's Antbird/XC424950.npy,../../Datasets/BirdClef/audio/Akletos goeldii_Goeldi's Antbird/XC424950.mp3
train,Akletos goeldii_Goeldi's Antbird,../../Datasets/BirdClef/features/Akletos goeldii_Goeldi's Antbird/XC131116.npy,../../Datasets/BirdClef/audio/Akletos goeldii_Goeldi's Antbird/XC131116.mp3
train,Akletos goeldii_Goeldi's Antbird,../../Datasets/BirdClef/features/Akletos goeldii_Goeldi's Antbird/XC14063.npy,../../Datasets/BirdClef/audio/Akletos goeldii_Goeldi's Antbird/XC14063.mp3
train,Akletos goeldii_Goeldi's Antbird,../../Datasets/BirdClef/features/Akletos goeldii_Goeldi's Antbird/XC474893.npy,../../Datasets/BirdClef/audio/Akletos goeldii_Goeldi's Antbird/XC474893.mp3
train,Akletos goeldii_Goeldi's Antbird,../../Datasets/BirdClef/features/Akletos goeldii_Goeldi's Antbird/XC98427.npy,../../Datasets/BirdClef/audio/Akletos goeldii_Goeldi's Antbird/XC98427.mp3
train,Alauda arvensis_Eurasian Skylark,../../Datasets/BirdClef/features/Alauda arvensis_Eurasian Skylark/XC131647.npy,../../Datasets/BirdClef/audio/Alauda arvensis_Eurasian Skylark/XC131647.mp3
train,Alauda arvensis_Eurasian Skylark,../../Datasets/BirdClef/features/Alauda arvensis_Eurasian Skylark/XC138225.npy,../../Datasets/BirdClef/audio/Alauda arvensis_Eurasian Skylark/XC138225.mp3
train,Alauda arvensis_Eurasian Skylark,../../Datasets/BirdClef/features/Alauda arvensis_Eurasian Skylark/XC485691.npy,../../Datasets/BirdClef/audio/Alauda arvensis_Eurasian Skylark/XC485691.mp3
train,Alauda arvensis_Eurasian Skylark,../../Datasets/BirdClef/features/Alauda arvensis_Eurasian Skylark/XC52383.npy,../../Datasets/BirdClef/audio/Alauda arvensis_Eurasian Skylark/XC52383.mp3
train,Alauda arvensis_Eurasian Skylark,../../Datasets/BirdClef/features/Alauda arvensis_Eurasian Skylark/XC467668.npy,../../Datasets/BirdClef/audio/Alauda arvensis_Eurasian Skylark/XC467668.mp3
train,Alcedo atthis_Common Kingfisher,../../Datasets/BirdClef/features/Alcedo atthis_Common Kingfisher/XC195602.npy,../../Datasets/BirdClef/audio/Alcedo atthis_Common Kingfisher/XC195602.mp3
train,Alcedo atthis_Common Kingfisher,../../Datasets/BirdClef/features/Alcedo atthis_Common Kingfisher/XC379987.npy,../../Datasets/BirdClef/audio/Alcedo atthis_Common Kingfisher/XC379987.mp3
train,Alcedo atthis_Common Kingfisher,../../Datasets/BirdClef/features/Alcedo atthis_Common Kingfisher/XC428404.npy,../../Datasets/BirdClef/audio/Alcedo atthis_Common Kingfisher/XC428404.mp3
train,Alcedo atthis_Common Kingfisher,../../Datasets/BirdClef/features/Alcedo atthis_Common Kingfisher/XC185467.npy,../../Datasets/BirdClef/audio/Alcedo atthis_Common Kingfisher/XC185467.mp3
train,Alcedo atthis_Common Kingfisher,../../Datasets/BirdClef/features/Alcedo atthis_Common Kingfisher/XC503772.npy,../../Datasets/BirdClef/audio/Alcedo atthis_Common Kingfisher/XC503772.mp3
train,Alopochen aegyptiaca_Egyptian Goose,../../Datasets/BirdClef/features/Alopochen aegyptiaca_Egyptian Goose/XC474526.npy,../../Datasets/BirdClef/audio/Alopochen aegyptiaca_Egyptian Goose/XC474526.mp3
train,Alopochen aegyptiaca_Egyptian Goose,../../Datasets/BirdClef/features/Alopochen aegyptiaca_Egyptian Goose/XC277066.npy,../../Datasets/BirdClef/audio/Alopochen aegyptiaca_Egyptian Goose/XC277066.mp3
train,Alopochen aegyptiaca_Egyptian Goose,../../Datasets/BirdClef/features/Alopochen aegyptiaca_Egyptian Goose/XC104211.npy,../../Datasets/BirdClef/audio/Alopochen aegyptiaca_Egyptian Goose/XC104211.mp3
train,Alopochen aegyptiaca_Egyptian Goose,../../Datasets/BirdClef/features/Alopochen aegyptiaca_Egyptian Goose/XC277062.npy,../../Datasets/BirdClef/audio/Alopochen aegyptiaca_Egyptian Goose/XC277062.mp3
train,Alopochen aegyptiaca_Egyptian Goose,../../Datasets/BirdClef/features/Alopochen aegyptiaca_Egyptian Goose/XC217210.npy,../../Datasets/BirdClef/audio/Alopochen aegyptiaca_Egyptian Goose/XC217210.mp3
train,Amazona farinosa_Mealy Parrot,../../Datasets/BirdClef/features/Amazona farinosa_Mealy Parrot/XC108682.npy,../../Datasets/BirdClef/audio/Amazona farinosa_Mealy Parrot/XC108682.mp3
train,Amazona farinosa_Mealy Parrot,../../Datasets/BirdClef/features/Amazona farinosa_Mealy Parrot/XC291907.npy,../../Datasets/BirdClef/audio/Amazona farinosa_Mealy Parrot/XC291907.mp3
train,Amazona farinosa_Mealy Parrot,../../Datasets/BirdClef/features/Amazona farinosa_Mealy Parrot/XC119485.npy,../../Datasets/BirdClef/audio/Amazona farinosa_Mealy Parrot/XC119485.mp3
train,Amazona farinosa_Mealy Parrot,../../Datasets/BirdClef/features/Amazona farinosa_Mealy Parrot/XC113214.npy,../../Datasets/BirdClef/audio/Amazona farinosa_Mealy Parrot/XC113214.mp3
train,Amazona farinosa_Mealy Parrot,../../Datasets/BirdClef/features/Amazona farinosa_Mealy Parrot/XC261621.npy,../../Datasets/BirdClef/audio/Amazona farinosa_Mealy Parrot/XC261621.mp3
train,Amazona ochrocephala_Yellow-crowned Parrot,../../Datasets/BirdClef/features/Amazona ochrocephala_Yellow-crowned Parrot/XC127940.npy,../../Datasets/BirdClef/audio/Amazona ochrocephala_Yellow-crowned Parrot/XC127940.mp3
train,Amazona ochrocephala_Yellow-crowned Parrot,../../Datasets/BirdClef/features/Amazona ochrocephala_Yellow-crowned Parrot/XC54665.npy,../../Datasets/BirdClef/audio/Amazona ochrocephala_Yellow-crowned Parrot/XC54665.mp3
train,Amazona ochrocephala_Yellow-crowned Parrot,../../Datasets/BirdClef/features/Amazona ochrocephala_Yellow-crowned Parrot/XC288831.npy,../../Datasets/BirdClef/audio/Amazona ochrocephala_Yellow-crowned Parrot/XC288831.mp3
train,Amazona ochrocephala_Yellow-crowned Parrot,../../Datasets/BirdClef/features/Amazona ochrocephala_Yellow-crowned Parrot/XC465869.npy,../../Datasets/BirdClef/audio/Amazona ochrocephala_Yellow-crowned Parrot/XC465869.mp3
train,Amazona ochrocephala_Yellow-crowned Parrot,../../Datasets/BirdClef/features/Amazona ochrocephala_Yellow-crowned Parrot/XC14834.npy,../../Datasets/BirdClef/audio/Amazona ochrocephala_Yellow-crowned Parrot/XC14834.mp3
train,Ammodramus aurifrons_Yellow-browed Sparrow,../../Datasets/BirdClef/features/Ammodramus aurifrons_Yellow-browed Sparrow/XC144307.npy,../../Datasets/BirdClef/audio/Ammodramus aurifrons_Yellow-browed Sparrow/XC144307.mp3
train,Ammodramus aurifrons_Yellow-browed Sparrow,../../Datasets/BirdClef/features/Ammodramus aurifrons_Yellow-browed Sparrow/XC244819.npy,../../Datasets/BirdClef/audio/Ammodramus aurifrons_Yellow-browed Sparrow/XC244819.mp3
train,Ammodramus aurifrons_Yellow-browed Sparrow,../../Datasets/BirdClef/features/Ammodramus aurifrons_Yellow-browed Sparrow/XC218439.npy,../../Datasets/BirdClef/audio/Ammodramus aurifrons_Yellow-browed Sparrow/XC218439.mp3
train,Ammodramus aurifrons_Yellow-browed Sparrow,../../Datasets/BirdClef/features/Ammodramus aurifrons_Yellow-browed Sparrow/XC441897.npy,../../Datasets/BirdClef/audio/Ammodramus aurifrons_Yellow-browed Sparrow/XC441897.mp3
train,Ammodramus aurifrons_Yellow-browed Sparrow,../../Datasets/BirdClef/features/Ammodramus aurifrons_Yellow-browed Sparrow/XC345196.npy,../../Datasets/BirdClef/audio/Ammodramus aurifrons_Yellow-browed Sparrow/XC345196.mp3
train,Ammodramus humeralis_Grassland Sparrow,../../Datasets/BirdClef/features/Ammodramus humeralis_Grassland Sparrow/XC457249.npy,../../Datasets/BirdClef/audio/Ammodramus humeralis_Grassland Sparrow/XC457249.mp3
train,Ammodramus humeralis_Grassland Sparrow,../../Datasets/BirdClef/features/Ammodramus humeralis_Grassland Sparrow/XC127943.npy,../../Datasets/BirdClef/audio/Ammodramus humeralis_Grassland Sparrow/XC127943.mp3
train,Ammodramus humeralis_Grassland Sparrow,../../Datasets/BirdClef/features/Ammodramus humeralis_Grassland Sparrow/XC272847.npy,../../Datasets/BirdClef/audio/Ammodramus humeralis_Grassland Sparrow/XC272847.mp3
train,Ammodramus humeralis_Grassland Sparrow,../../Datasets/BirdClef/features/Ammodramus humeralis_Grassland Sparrow/XC82744.npy,../../Datasets/BirdClef/audio/Ammodramus humeralis_Grassland Sparrow/XC82744.mp3
train,Ammodramus humeralis_Grassland Sparrow,../../Datasets/BirdClef/features/Ammodramus humeralis_Grassland Sparrow/XC50179.npy,../../Datasets/BirdClef/audio/Ammodramus humeralis_Grassland Sparrow/XC50179.mp3
train,Amphispiza bilineata_Black-throated Sparrow,../../Datasets/BirdClef/features/Amphispiza bilineata_Black-throated Sparrow/XC111303.npy,../../Datasets/BirdClef/audio/Amphispiza bilineata_Black-throated Sparrow/XC111303.mp3
train,Amphispiza bilineata_Black-throated Sparrow,../../Datasets/BirdClef/features/Amphispiza bilineata_Black-throated Sparrow/XC111319.npy,../../Datasets/BirdClef/audio/Amphispiza bilineata_Black-throated Sparrow/XC111319.mp3
train,Amphispiza bilineata_Black-throated Sparrow,../../Datasets/BirdClef/features/Amphispiza bilineata_Black-throated Sparrow/XC111296.npy,../../Datasets/BirdClef/audio/Amphispiza bilineata_Black-throated Sparrow/XC111296.mp3
train,Amphispiza bilineata_Black-throated Sparrow,../../Datasets/BirdClef/features/Amphispiza bilineata_Black-throated Sparrow/XC282761.npy,../../Datasets/BirdClef/audio/Amphispiza bilineata_Black-throated Sparrow/XC282761.mp3
train,Amphispiza bilineata_Black-throated Sparrow,../../Datasets/BirdClef/features/Amphispiza bilineata_Black-throated Sparrow/XC322623.npy,../../Datasets/BirdClef/audio/Amphispiza bilineata_Black-throated Sparrow/XC322623.mp3
train,Anas acuta_Northern Pintail,../../Datasets/BirdClef/features/Anas acuta_Northern Pintail/XC354706.npy,../../Datasets/BirdClef/audio/Anas acuta_Northern Pintail/XC354706.mp3
train,Anas acuta_Northern Pintail,../../Datasets/BirdClef/features/Anas acuta_Northern Pintail/XC280940.npy,../../Datasets/BirdClef/audio/Anas acuta_Northern Pintail/XC280940.mp3
train,Anas acuta_Northern Pintail,../../Datasets/BirdClef/features/Anas acuta_Northern Pintail/XC479156.npy,../../Datasets/BirdClef/audio/Anas acuta_Northern Pintail/XC479156.mp3
train,Anas acuta_Northern Pintail,../../Datasets/BirdClef/features/Anas acuta_Northern Pintail/XC266787.npy,../../Datasets/BirdClef/audio/Anas acuta_Northern Pintail/XC266787.mp3
train,Anas acuta_Northern Pintail,../../Datasets/BirdClef/features/Anas acuta_Northern Pintail/XC70569.npy,../../Datasets/BirdClef/audio/Anas acuta_Northern Pintail/XC70569.mp3
train,Anas crecca_Green-winged Teal,../../Datasets/BirdClef/features/Anas crecca_Green-winged Teal/XC288931.npy,../../Datasets/BirdClef/audio/Anas crecca_Green-winged Teal/XC288931.mp3
train,Anas crecca_Green-winged Teal,../../Datasets/BirdClef/features/Anas crecca_Green-winged Teal/XC403075.npy,../../Datasets/BirdClef/audio/Anas crecca_Green-winged Teal/XC403075.mp3
train,Anas crecca_Green-winged Teal,../../Datasets/BirdClef/features/Anas crecca_Green-winged Teal/XC197026.npy,../../Datasets/BirdClef/audio/Anas crecca_Green-winged Teal/XC197026.mp3
train,Anas crecca_Green-winged Teal,../../Datasets/BirdClef/features/Anas crecca_Green-winged Teal/XC362389.npy,../../Datasets/BirdClef/audio/Anas crecca_Green-winged Teal/XC362389.mp3
train,Anas crecca_Green-winged Teal,../../Datasets/BirdClef/features/Anas crecca_Green-winged Teal/XC365480.npy,../../Datasets/BirdClef/audio/Anas crecca_Green-winged Teal/XC365480.mp3
train,Anas platyrhynchos_Mallard,../../Datasets/BirdClef/features/Anas platyrhynchos_Mallard/XC170678.npy,../../Datasets/BirdClef/audio/Anas platyrhynchos_Mallard/XC170678.mp3
train,Anas platyrhynchos_Mallard,../../Datasets/BirdClef/features/Anas platyrhynchos_Mallard/XC380220.npy,../../Datasets/BirdClef/audio/Anas platyrhynchos_Mallard/XC380220.mp3
train,Anas platyrhynchos_Mallard,../../Datasets/BirdClef/features/Anas platyrhynchos_Mallard/XC62258.npy,../../Datasets/BirdClef/audio/Anas platyrhynchos_Mallard/XC62258.mp3
train,Anas platyrhynchos_Mallard,../../Datasets/BirdClef/features/Anas platyrhynchos_Mallard/XC29280.npy,../../Datasets/BirdClef/audio/Anas platyrhynchos_Mallard/XC29280.mp3
train,Anas platyrhynchos_Mallard,../../Datasets/BirdClef/features/Anas platyrhynchos_Mallard/XC449061.npy,../../Datasets/BirdClef/audio/Anas platyrhynchos_Mallard/XC449061.mp3
train,Anhima cornuta_Horned Screamer,../../Datasets/BirdClef/features/Anhima cornuta_Horned Screamer/XC301350.npy,../../Datasets/BirdClef/audio/Anhima cornuta_Horned Screamer/XC301350.mp3
train,Anhima cornuta_Horned Screamer,../../Datasets/BirdClef/features/Anhima cornuta_Horned Screamer/XC296578.npy,../../Datasets/BirdClef/audio/Anhima cornuta_Horned Screamer/XC296578.mp3
train,Anhima cornuta_Horned Screamer,../../Datasets/BirdClef/features/Anhima cornuta_Horned Screamer/XC218589.npy,../../Datasets/BirdClef/audio/Anhima cornuta_Horned Screamer/XC218589.mp3
train,Anhima cornuta_Horned Screamer,../../Datasets/BirdClef/features/Anhima cornuta_Horned Screamer/XC257265.npy,../../Datasets/BirdClef/audio/Anhima cornuta_Horned Screamer/XC257265.mp3
train,Anhima cornuta_Horned Screamer,../../Datasets/BirdClef/features/Anhima cornuta_Horned Screamer/XC108978.npy,../../Datasets/BirdClef/audio/Anhima cornuta_Horned Screamer/XC108978.mp3
train,Anser albifrons_Greater White-fronted Goose,../../Datasets/BirdClef/features/Anser albifrons_Greater White-fronted Goose/XC160497.npy,../../Datasets/BirdClef/audio/Anser albifrons_Greater White-fronted Goose/XC160497.mp3
train,Anser albifrons_Greater White-fronted Goose,../../Datasets/BirdClef/features/Anser albifrons_Greater White-fronted Goose/XC128870.npy,../../Datasets/BirdClef/audio/Anser albifrons_Greater White-fronted Goose/XC128870.mp3
train,Anser albifrons_Greater White-fronted Goose,../../Datasets/BirdClef/features/Anser albifrons_Greater White-fronted Goose/XC42013.npy,../../Datasets/BirdClef/audio/Anser albifrons_Greater White-fronted Goose/XC42013.mp3
train,Anser albifrons_Greater White-fronted Goose,../../Datasets/BirdClef/features/Anser albifrons_Greater White-fronted Goose/XC391466.npy,../../Datasets/BirdClef/audio/Anser albifrons_Greater White-fronted Goose/XC391466.mp3
train,Anser albifrons_Greater White-fronted Goose,../../Datasets/BirdClef/features/Anser albifrons_Greater White-fronted Goose/XC165716.npy,../../Datasets/BirdClef/audio/Anser albifrons_Greater White-fronted Goose/XC165716.mp3
train,Anser anser_Graylag Goose,../../Datasets/BirdClef/features/Anser anser_Graylag Goose/XC434115.npy,../../Datasets/BirdClef/audio/Anser anser_Graylag Goose/XC434115.mp3
train,Anser anser_Graylag Goose,../../Datasets/BirdClef/features/Anser anser_Graylag Goose/XC463138.npy,../../Datasets/BirdClef/audio/Anser anser_Graylag Goose/XC463138.mp3
train,Anser anser_Graylag Goose,../../Datasets/BirdClef/features/Anser anser_Graylag Goose/XC70747.npy,../../Datasets/BirdClef/audio/Anser anser_Graylag Goose/XC70747.mp3
train,Anser anser_Graylag Goose,../../Datasets/BirdClef/features/Anser anser_Graylag Goose/XC382555.npy,../../Datasets/BirdClef/audio/Anser anser_Graylag Goose/XC382555.mp3
train,Anser anser_Graylag Goose,../../Datasets/BirdClef/features/Anser anser_Graylag Goose/XC280884.npy,../../Datasets/BirdClef/audio/Anser anser_Graylag Goose/XC280884.mp3
train,Anser caerulescens_Snow Goose,../../Datasets/BirdClef/features/Anser caerulescens_Snow Goose/XC406205.npy,../../Datasets/BirdClef/audio/Anser caerulescens_Snow Goose/XC406205.mp3
train,Anser caerulescens_Snow Goose,../../Datasets/BirdClef/features/Anser caerulescens_Snow Goose/XC503109.npy,../../Datasets/BirdClef/audio/Anser caerulescens_Snow Goose/XC503109.mp3
train,Anser caerulescens_Snow Goose,../../Datasets/BirdClef/features/Anser caerulescens_Snow Goose/XC503108.npy,../../Datasets/BirdClef/audio/Anser caerulescens_Snow Goose/XC503108.mp3
train,Anser caerulescens_Snow Goose,../../Datasets/BirdClef/features/Anser caerulescens_Snow Goose/XC357944.npy,../../Datasets/BirdClef/audio/Anser caerulescens_Snow Goose/XC357944.mp3
train,Anser caerulescens_Snow Goose,../../Datasets/BirdClef/features/Anser caerulescens_Snow Goose/XC458915.npy,../../Datasets/BirdClef/audio/Anser caerulescens_Snow Goose/XC458915.mp3
train,Anthus pratensis_Meadow Pipit,../../Datasets/BirdClef/features/Anthus pratensis_Meadow Pipit/XC234790.npy,../../Datasets/BirdClef/audio/Anthus pratensis_Meadow Pipit/XC234790.mp3
train,Anthus pratensis_Meadow Pipit,../../Datasets/BirdClef/features/Anthus pratensis_Meadow Pipit/XC150293.npy,../../Datasets/BirdClef/audio/Anthus pratensis_Meadow Pipit/XC150293.mp3
train,Anthus pratensis_Meadow Pipit,../../Datasets/BirdClef/features/Anthus pratensis_Meadow Pipit/XC281344.npy,../../Datasets/BirdClef/audio/Anthus pratensis_Meadow Pipit/XC281344.mp3
train,Anthus pratensis_Meadow Pipit,../../Datasets/BirdClef/features/Anthus pratensis_Meadow Pipit/XC151263.npy,../../Datasets/BirdClef/audio/Anthus pratensis_Meadow Pipit/XC151263.mp3
train,Anthus pratensis_Meadow Pipit,../../Datasets/BirdClef/features/Anthus pratensis_Meadow Pipit/XC27011.npy,../../Datasets/BirdClef/audio/Anthus pratensis_Meadow Pipit/XC27011.mp3
train,Anthus rubescens_American Pipit,../../Datasets/BirdClef/features/Anthus rubescens_American Pipit/XC358683.npy,../../Datasets/BirdClef/audio/Anthus rubescens_American Pipit/XC358683.mp3
train,Anthus rubescens_American Pipit,../../Datasets/BirdClef/features/Anthus rubescens_American Pipit/XC14085.npy,../../Datasets/BirdClef/audio/Anthus rubescens_American Pipit/XC14085.mp3
train,Anthus rubescens_American Pipit,../../Datasets/BirdClef/features/Anthus rubescens_American Pipit/XC464205.npy,../../Datasets/BirdClef/audio/Anthus rubescens_American Pipit/XC464205.mp3
train,Anthus rubescens_American Pipit,../../Datasets/BirdClef/features/Anthus rubescens_American Pipit/XC51412.npy,../../Datasets/BirdClef/audio/Anthus rubescens_American Pipit/XC51412.mp3
train,Anthus rubescens_American Pipit,../../Datasets/BirdClef/features/Anthus rubescens_American Pipit/XC144540.npy,../../Datasets/BirdClef/audio/Anthus rubescens_American Pipit/XC144540.mp3
train,Anthus trivialis_Tree Pipit,../../Datasets/BirdClef/features/Anthus trivialis_Tree Pipit/XC363642.npy,../../Datasets/BirdClef/audio/Anthus trivialis_Tree Pipit/XC363642.mp3
train,Anthus trivialis_Tree Pipit,../../Datasets/BirdClef/features/Anthus trivialis_Tree Pipit/XC290110.npy,../../Datasets/BirdClef/audio/Anthus trivialis_Tree Pipit/XC290110.mp3
train,Anthus trivialis_Tree Pipit,../../Datasets/BirdClef/features/Anthus trivialis_Tree Pipit/XC394982.npy,../../Datasets/BirdClef/audio/Anthus trivialis_Tree Pipit/XC394982.mp3
train,Anthus trivialis_Tree Pipit,../../Datasets/BirdClef/features/Anthus trivialis_Tree Pipit/XC148530.npy,../../Datasets/BirdClef/audio/Anthus trivialis_Tree Pipit/XC148530.mp3
train,Anthus trivialis_Tree Pipit,../../Datasets/BirdClef/features/Anthus trivialis_Tree Pipit/XC103406.npy,../../Datasets/BirdClef/audio/Anthus trivialis_Tree Pipit/XC103406.mp3
train,Anurolimnas castaneiceps_Chestnut-headed Crake,../../Datasets/BirdClef/features/Anurolimnas castaneiceps_Chestnut-headed Crake/XC180648.npy,../../Datasets/BirdClef/audio/Anurolimnas castaneiceps_Chestnut-headed Crake/XC180648.mp3
train,Anurolimnas castaneiceps_Chestnut-headed Crake,../../Datasets/BirdClef/features/Anurolimnas castaneiceps_Chestnut-headed Crake/XC270593.npy,../../Datasets/BirdClef/audio/Anurolimnas castaneiceps_Chestnut-headed Crake/XC270593.mp3
train,Anurolimnas castaneiceps_Chestnut-headed Crake,../../Datasets/BirdClef/features/Anurolimnas castaneiceps_Chestnut-headed Crake/XC377760.npy,../../Datasets/BirdClef/audio/Anurolimnas castaneiceps_Chestnut-headed Crake/XC377760.mp3
train,Anurolimnas castaneiceps_Chestnut-headed Crake,../../Datasets/BirdClef/features/Anurolimnas castaneiceps_Chestnut-headed Crake/XC151870.npy,../../Datasets/BirdClef/audio/Anurolimnas castaneiceps_Chestnut-headed Crake/XC151870.mp3
train,Anurolimnas castaneiceps_Chestnut-headed Crake,../../Datasets/BirdClef/features/Anurolimnas castaneiceps_Chestnut-headed Crake/XC98049.npy,../../Datasets/BirdClef/audio/Anurolimnas castaneiceps_Chestnut-headed Crake/XC98049.mp3
train,Aphelocoma californica_California Scrub-Jay,../../Datasets/BirdClef/features/Aphelocoma californica_California Scrub-Jay/XC105725.npy,../../Datasets/BirdClef/audio/Aphelocoma californica_California Scrub-Jay/XC105725.mp3
train,Aphelocoma californica_California Scrub-Jay,../../Datasets/BirdClef/features/Aphelocoma californica_California Scrub-Jay/XC270240.npy,../../Datasets/BirdClef/audio/Aphelocoma californica_California Scrub-Jay/XC270240.mp3
train,Aphelocoma californica_California Scrub-Jay,../../Datasets/BirdClef/features/Aphelocoma californica_California Scrub-Jay/XC332646.npy,../../Datasets/BirdClef/audio/Aphelocoma californica_California Scrub-Jay/XC332646.mp3
train,Aphelocoma californica_California Scrub-Jay,../../Datasets/BirdClef/features/Aphelocoma californica_California Scrub-Jay/XC355524.npy,../../Datasets/BirdClef/audio/Aphelocoma californica_California Scrub-Jay/XC355524.mp3
train,Aphelocoma californica_California Scrub-Jay,../../Datasets/BirdClef/features/Aphelocoma californica_California Scrub-Jay/XC454467.npy,../../Datasets/BirdClef/audio/Aphelocoma californica_California Scrub-Jay/XC454467.mp3
train,Aphelocoma woodhouseii_Woodhouse's Scrub-Jay,../../Datasets/BirdClef/features/Aphelocoma woodhouseii_Woodhouse's Scrub-Jay/XC141561.npy,../../Datasets/BirdClef/audio/Aphelocoma woodhouseii_Woodhouse's Scrub-Jay/XC141561.mp3
train,Aphelocoma woodhouseii_Woodhouse's Scrub-Jay,../../Datasets/BirdClef/features/Aphelocoma woodhouseii_Woodhouse's Scrub-Jay/XC358503.npy,../../Datasets/BirdClef/audio/Aphelocoma woodhouseii_Woodhouse's Scrub-Jay/XC358503.mp3
train,Aphelocoma woodhouseii_Woodhouse's Scrub-Jay,../../Datasets/BirdClef/features/Aphelocoma woodhouseii_Woodhouse's Scrub-Jay/XC180751.npy,../../Datasets/BirdClef/audio/Aphelocoma woodhouseii_Woodhouse's Scrub-Jay/XC180751.mp3
train,Aphelocoma woodhouseii_Woodhouse's Scrub-Jay,../../Datasets/BirdClef/features/Aphelocoma woodhouseii_Woodhouse's Scrub-Jay/XC488669.npy,../../Datasets/BirdClef/audio/Aphelocoma woodhouseii_Woodhouse's Scrub-Jay/XC488669.mp3
train,Aphelocoma woodhouseii_Woodhouse's Scrub-Jay,../../Datasets/BirdClef/features/Aphelocoma woodhouseii_Woodhouse's Scrub-Jay/XC333569.npy,../../Datasets/BirdClef/audio/Aphelocoma woodhouseii_Woodhouse's Scrub-Jay/XC333569.mp3
train,Apus apus_Common Swift,../../Datasets/BirdClef/features/Apus apus_Common Swift/XC139551.npy,../../Datasets/BirdClef/audio/Apus apus_Common Swift/XC139551.mp3
train,Apus apus_Common Swift,../../Datasets/BirdClef/features/Apus apus_Common Swift/XC105698.npy,../../Datasets/BirdClef/audio/Apus apus_Common Swift/XC105698.mp3
train,Apus apus_Common Swift,../../Datasets/BirdClef/features/Apus apus_Common Swift/XC376918.npy,../../Datasets/BirdClef/audio/Apus apus_Common Swift/XC376918.mp3
train,Apus apus_Common Swift,../../Datasets/BirdClef/features/Apus apus_Common Swift/XC376921.npy,../../Datasets/BirdClef/audio/Apus apus_Common Swift/XC376921.mp3
train,Apus apus_Common Swift,../../Datasets/BirdClef/features/Apus apus_Common Swift/XC376920.npy,../../Datasets/BirdClef/audio/Apus apus_Common Swift/XC376920.mp3
train,Ara ararauna_Blue-and-yellow Macaw,../../Datasets/BirdClef/features/Ara ararauna_Blue-and-yellow Macaw/XC377866.npy,../../Datasets/BirdClef/audio/Ara ararauna_Blue-and-yellow Macaw/XC377866.mp3
train,Ara ararauna_Blue-and-yellow Macaw,../../Datasets/BirdClef/features/Ara ararauna_Blue-and-yellow Macaw/XC270597.npy,../../Datasets/BirdClef/audio/Ara ararauna_Blue-and-yellow Macaw/XC270597.mp3
train,Ara ararauna_Blue-and-yellow Macaw,../../Datasets/BirdClef/features/Ara ararauna_Blue-and-yellow Macaw/XC53360.npy,../../Datasets/BirdClef/audio/Ara ararauna_Blue-and-yellow Macaw/XC53360.mp3
train,Ara ararauna_Blue-and-yellow Macaw,../../Datasets/BirdClef/features/Ara ararauna_Blue-and-yellow Macaw/XC429294.npy,../../Datasets/BirdClef/audio/Ara ararauna_Blue-and-yellow Macaw/XC429294.mp3
train,Ara ararauna_Blue-and-yellow Macaw,../../Datasets/BirdClef/features/Ara ararauna_Blue-and-yellow Macaw/XC174023.npy,../../Datasets/BirdClef/audio/Ara ararauna_Blue-and-yellow Macaw/XC174023.mp3
train,Ara chloropterus_Red-and-green Macaw,../../Datasets/BirdClef/features/Ara chloropterus_Red-and-green Macaw/XC462330.npy,../../Datasets/BirdClef/audio/Ara chloropterus_Red-and-green Macaw/XC462330.mp3
train,Ara chloropterus_Red-and-green Macaw,../../Datasets/BirdClef/features/Ara chloropterus_Red-and-green Macaw/XC445508.npy,../../Datasets/BirdClef/audio/Ara chloropterus_Red-and-green Macaw/XC445508.mp3
train,Ara chloropterus_Red-and-green Macaw,../../Datasets/BirdClef/features/Ara chloropterus_Red-and-green Macaw/XC145814.npy,../../Datasets/BirdClef/audio/Ara chloropterus_Red-and-green Macaw/XC145814.mp3
train,Ara chloropterus_Red-and-green Macaw,../../Datasets/BirdClef/features/Ara chloropterus_Red-and-green Macaw/XC453598.npy,../../Datasets/BirdClef/audio/Ara chloropterus_Red-and-green Macaw/XC453598.mp3
train,Ara chloropterus_Red-and-green Macaw,../../Datasets/BirdClef/features/Ara chloropterus_Red-and-green Macaw/XC11262.npy,../../Datasets/BirdClef/audio/Ara chloropterus_Red-and-green Macaw/XC11262.mp3
train,Ara macao_Scarlet Macaw,../../Datasets/BirdClef/features/Ara macao_Scarlet Macaw/XC130359.npy,../../Datasets/BirdClef/audio/Ara macao_Scarlet Macaw/XC130359.mp3
train,Ara macao_Scarlet Macaw,../../Datasets/BirdClef/features/Ara macao_Scarlet Macaw/XC70219.npy,../../Datasets/BirdClef/audio/Ara macao_Scarlet Macaw/XC70219.mp3
train,Ara macao_Scarlet Macaw,../../Datasets/BirdClef/features/Ara macao_Scarlet Macaw/XC84898.npy,../../Datasets/BirdClef/audio/Ara macao_Scarlet Macaw/XC84898.mp3
train,Ara macao_Scarlet Macaw,../../Datasets/BirdClef/features/Ara macao_Scarlet Macaw/XC374502.npy,../../Datasets/BirdClef/audio/Ara macao_Scarlet Macaw/XC374502.mp3
train,Ara macao_Scarlet Macaw,../../Datasets/BirdClef/features/Ara macao_Scarlet Macaw/XC371399.npy,../../Datasets/BirdClef/audio/Ara macao_Scarlet Macaw/XC371399.mp3
train,Ara severus_Chestnut-fronted Macaw,../../Datasets/BirdClef/features/Ara severus_Chestnut-fronted Macaw/XC244186.npy,../../Datasets/BirdClef/audio/Ara severus_Chestnut-fronted Macaw/XC244186.mp3
train,Ara severus_Chestnut-fronted Macaw,../../Datasets/BirdClef/features/Ara severus_Chestnut-fronted Macaw/XC218933.npy,../../Datasets/BirdClef/audio/Ara severus_Chestnut-fronted Macaw/XC218933.mp3
train,Ara severus_Chestnut-fronted Macaw,../../Datasets/BirdClef/features/Ara severus_Chestnut-fronted Macaw/XC119166.npy,../../Datasets/BirdClef/audio/Ara severus_Chestnut-fronted Macaw/XC119166.mp3
train,Ara severus_Chestnut-fronted Macaw,../../Datasets/BirdClef/features/Ara severus_Chestnut-fronted Macaw/XC148294.npy,../../Datasets/BirdClef/audio/Ara severus_Chestnut-fronted Macaw/XC148294.mp3
train,Ara severus_Chestnut-fronted Macaw,../../Datasets/BirdClef/features/Ara severus_Chestnut-fronted Macaw/XC67631.npy,../../Datasets/BirdClef/audio/Ara severus_Chestnut-fronted Macaw/XC67631.mp3
train,Aramides cajaneus_Gray-cowled Wood-Rail,../../Datasets/BirdClef/features/Aramides cajaneus_Gray-cowled Wood-Rail/XC421612.npy,../../Datasets/BirdClef/audio/Aramides cajaneus_Gray-cowled Wood-Rail/XC421612.mp3
train,Aramides cajaneus_Gray-cowled Wood-Rail,../../Datasets/BirdClef/features/Aramides cajaneus_Gray-cowled Wood-Rail/XC2996.npy,../../Datasets/BirdClef/audio/Aramides cajaneus_Gray-cowled Wood-Rail/XC2996.mp3
train,Aramides cajaneus_Gray-cowled Wood-Rail,../../Datasets/BirdClef/features/Aramides cajaneus_Gray-cowled Wood-Rail/XC8226.npy,../../Datasets/BirdClef/audio/Aramides cajaneus_Gray-cowled Wood-Rail/XC8226.mp3
train,Aramides cajaneus_Gray-cowled Wood-Rail,../../Datasets/BirdClef/features/Aramides cajaneus_Gray-cowled Wood-Rail/XC165374.npy,../../Datasets/BirdClef/audio/Aramides cajaneus_Gray-cowled Wood-Rail/XC165374.mp3
train,Aramides cajaneus_Gray-cowled Wood-Rail,../../Datasets/BirdClef/features/Aramides cajaneus_Gray-cowled Wood-Rail/XC218949.npy,../../Datasets/BirdClef/audio/Aramides cajaneus_Gray-cowled Wood-Rail/XC218949.mp3
train,Aramus guarauna_Limpkin,../../Datasets/BirdClef/features/Aramus guarauna_Limpkin/XC61712.npy,../../Datasets/BirdClef/audio/Aramus guarauna_Limpkin/XC61712.mp3
train,Aramus guarauna_Limpkin,../../Datasets/BirdClef/features/Aramus guarauna_Limpkin/XC374613.npy,../../Datasets/BirdClef/audio/Aramus guarauna_Limpkin/XC374613.mp3
train,Aramus guarauna_Limpkin,../../Datasets/BirdClef/features/Aramus guarauna_Limpkin/XC343340.npy,../../Datasets/BirdClef/audio/Aramus guarauna_Limpkin/XC343340.mp3
train,Aramus guarauna_Limpkin,../../Datasets/BirdClef/features/Aramus guarauna_Limpkin/XC51504.npy,../../Datasets/BirdClef/audio/Aramus guarauna_Limpkin/XC51504.mp3
train,Aramus guarauna_Limpkin,../../Datasets/BirdClef/features/Aramus guarauna_Limpkin/XC351558.npy,../../Datasets/BirdClef/audio/Aramus guarauna_Limpkin/XC351558.mp3
train,Aratinga weddellii_Dusky-headed Parakeet,../../Datasets/BirdClef/features/Aratinga weddellii_Dusky-headed Parakeet/XC435635.npy,../../Datasets/BirdClef/audio/Aratinga weddellii_Dusky-headed Parakeet/XC435635.mp3
train,Aratinga weddellii_Dusky-headed Parakeet,../../Datasets/BirdClef/features/Aratinga weddellii_Dusky-headed Parakeet/XC477759.npy,../../Datasets/BirdClef/audio/Aratinga weddellii_Dusky-headed Parakeet/XC477759.mp3
train,Aratinga weddellii_Dusky-headed Parakeet,../../Datasets/BirdClef/features/Aratinga weddellii_Dusky-headed Parakeet/XC238013.npy,../../Datasets/BirdClef/audio/Aratinga weddellii_Dusky-headed Parakeet/XC238013.mp3
train,Aratinga weddellii_Dusky-headed Parakeet,../../Datasets/BirdClef/features/Aratinga weddellii_Dusky-headed Parakeet/XC238014.npy,../../Datasets/BirdClef/audio/Aratinga weddellii_Dusky-headed Parakeet/XC238014.mp3
train,Aratinga weddellii_Dusky-headed Parakeet,../../Datasets/BirdClef/features/Aratinga weddellii_Dusky-headed Parakeet/XC427087.npy,../../Datasets/BirdClef/audio/Aratinga weddellii_Dusky-headed Parakeet/XC427087.mp3
train,Archilochus alexandri_Black-chinned Hummingbird,../../Datasets/BirdClef/features/Archilochus alexandri_Black-chinned Hummingbird/XC132282.npy,../../Datasets/BirdClef/audio/Archilochus alexandri_Black-chinned Hummingbird/XC132282.mp3
train,Archilochus alexandri_Black-chinned Hummingbird,../../Datasets/BirdClef/features/Archilochus alexandri_Black-chinned Hummingbird/XC104902.npy,../../Datasets/BirdClef/audio/Archilochus alexandri_Black-chinned Hummingbird/XC104902.mp3
train,Archilochus alexandri_Black-chinned Hummingbird,../../Datasets/BirdClef/features/Archilochus alexandri_Black-chinned Hummingbird/XC141441.npy,../../Datasets/BirdClef/audio/Archilochus alexandri_Black-chinned Hummingbird/XC141441.mp3
train,Archilochus alexandri_Black-chinned Hummingbird,../../Datasets/BirdClef/features/Archilochus alexandri_Black-chinned Hummingbird/XC75511.npy,../../Datasets/BirdClef/audio/Archilochus alexandri_Black-chinned Hummingbird/XC75511.mp3
train,Archilochus alexandri_Black-chinned Hummingbird,../../Datasets/BirdClef/features/Archilochus alexandri_Black-chinned Hummingbird/XC132355.npy,../../Datasets/BirdClef/audio/Archilochus alexandri_Black-chinned Hummingbird/XC132355.mp3
train,Ardea alba_Great Egret,../../Datasets/BirdClef/features/Ardea alba_Great Egret/XC161275.npy,../../Datasets/BirdClef/audio/Ardea alba_Great Egret/XC161275.mp3
train,Ardea alba_Great Egret,../../Datasets/BirdClef/features/Ardea alba_Great Egret/XC135970.npy,../../Datasets/BirdClef/audio/Ardea alba_Great Egret/XC135970.mp3
train,Ardea alba_Great Egret,../../Datasets/BirdClef/features/Ardea alba_Great Egret/XC492399.npy,../../Datasets/BirdClef/audio/Ardea alba_Great Egret/XC492399.mp3
train,Ardea alba_Great Egret,../../Datasets/BirdClef/features/Ardea alba_Great Egret/XC158114.npy,../../Datasets/BirdClef/audio/Ardea alba_Great Egret/XC158114.mp3
train,Ardea alba_Great Egret,../../Datasets/BirdClef/features/Ardea alba_Great Egret/XC219024.npy,../../Datasets/BirdClef/audio/Ardea alba_Great Egret/XC219024.mp3
train,Ardea cinerea_Gray Heron,../../Datasets/BirdClef/features/Ardea cinerea_Gray Heron/XC432922.npy,../../Datasets/BirdClef/audio/Ardea cinerea_Gray Heron/XC432922.mp3
train,Ardea cinerea_Gray Heron,../../Datasets/BirdClef/features/Ardea cinerea_Gray Heron/XC41188.npy,../../Datasets/BirdClef/audio/Ardea cinerea_Gray Heron/XC41188.mp3
train,Ardea cinerea_Gray Heron,../../Datasets/BirdClef/features/Ardea cinerea_Gray Heron/XC489441.npy,../../Datasets/BirdClef/audio/Ardea cinerea_Gray Heron/XC489441.mp3
train,Ardea cinerea_Gray Heron,../../Datasets/BirdClef/features/Ardea cinerea_Gray Heron/XC497244.npy,../../Datasets/BirdClef/audio/Ardea cinerea_Gray Heron/XC497244.mp3
train,Ardea cinerea_Gray Heron,../../Datasets/BirdClef/features/Ardea cinerea_Gray Heron/XC367529.npy,../../Datasets/BirdClef/audio/Ardea cinerea_Gray Heron/XC367529.mp3
train,Ardea herodias_Great Blue Heron,../../Datasets/BirdClef/features/Ardea herodias_Great Blue Heron/XC155021.npy,../../Datasets/BirdClef/audio/Ardea herodias_Great Blue Heron/XC155021.mp3
train,Ardea herodias_Great Blue Heron,../../Datasets/BirdClef/features/Ardea herodias_Great Blue Heron/XC167841.npy,../../Datasets/BirdClef/audio/Ardea herodias_Great Blue Heron/XC167841.mp3
train,Ardea herodias_Great Blue Heron,../../Datasets/BirdClef/features/Ardea herodias_Great Blue Heron/XC196154.npy,../../Datasets/BirdClef/audio/Ardea herodias_Great Blue Heron/XC196154.mp3
train,Ardea herodias_Great Blue Heron,../../Datasets/BirdClef/features/Ardea herodias_Great Blue Heron/XC503107.npy,../../Datasets/BirdClef/audio/Ardea herodias_Great Blue Heron/XC503107.mp3
train,Ardea herodias_Great Blue Heron,../../Datasets/BirdClef/features/Ardea herodias_Great Blue Heron/XC478243.npy,../../Datasets/BirdClef/audio/Ardea herodias_Great Blue Heron/XC478243.mp3
train,Arremon taciturnus_Pectoral Sparrow,../../Datasets/BirdClef/features/Arremon taciturnus_Pectoral Sparrow/XC457583.npy,../../Datasets/BirdClef/audio/Arremon taciturnus_Pectoral Sparrow/XC457583.mp3
train,Arremon taciturnus_Pectoral Sparrow,../../Datasets/BirdClef/features/Arremon taciturnus_Pectoral Sparrow/XC94778.npy,../../Datasets/BirdClef/audio/Arremon taciturnus_Pectoral Sparrow/XC94778.mp3
train,Arremon taciturnus_Pectoral Sparrow,../../Datasets/BirdClef/features/Arremon taciturnus_Pectoral Sparrow/XC99819.npy,../../Datasets/BirdClef/audio/Arremon taciturnus_Pectoral Sparrow/XC99819.mp3
train,Arremon taciturnus_Pectoral Sparrow,../../Datasets/BirdClef/features/Arremon taciturnus_Pectoral Sparrow/XC287921.npy,../../Datasets/BirdClef/audio/Arremon taciturnus_Pectoral Sparrow/XC287921.mp3
train,Arremon taciturnus_Pectoral Sparrow,../../Datasets/BirdClef/features/Arremon taciturnus_Pectoral Sparrow/XC286589.npy,../../Datasets/BirdClef/audio/Arremon taciturnus_Pectoral Sparrow/XC286589.mp3
train,Artemisiospiza belli_Bell's Sparrow,../../Datasets/BirdClef/features/Artemisiospiza belli_Bell's Sparrow/XC233389.npy,../../Datasets/BirdClef/audio/Artemisiospiza belli_Bell's Sparrow/XC233389.mp3
train,Artemisiospiza belli_Bell's Sparrow,../../Datasets/BirdClef/features/Artemisiospiza belli_Bell's Sparrow/XC125564.npy,../../Datasets/BirdClef/audio/Artemisiospiza belli_Bell's Sparrow/XC125564.mp3
train,Artemisiospiza belli_Bell's Sparrow,../../Datasets/BirdClef/features/Artemisiospiza belli_Bell's Sparrow/XC72202.npy,../../Datasets/BirdClef/audio/Artemisiospiza belli_Bell's Sparrow/XC72202.mp3
train,Artemisiospiza belli_Bell's Sparrow,../../Datasets/BirdClef/features/Artemisiospiza belli_Bell's Sparrow/XC418235.npy,../../Datasets/BirdClef/audio/Artemisiospiza belli_Bell's Sparrow/XC418235.mp3
train,Artemisiospiza belli_Bell's Sparrow,../../Datasets/BirdClef/features/Artemisiospiza belli_Bell's Sparrow/XC167606.npy,../../Datasets/BirdClef/audio/Artemisiospiza belli_Bell's Sparrow/XC167606.mp3
train,Asio clamator_Striped Owl,../../Datasets/BirdClef/features/Asio clamator_Striped Owl/XC60574.npy,../../Datasets/BirdClef/audio/Asio clamator_Striped Owl/XC60574.mp3
train,Asio clamator_Striped Owl,../../Datasets/BirdClef/features/Asio clamator_Striped Owl/XC256329.npy,../../Datasets/BirdClef/audio/Asio clamator_Striped Owl/XC256329.mp3
train,Asio clamator_Striped Owl,../../Datasets/BirdClef/features/Asio clamator_Striped Owl/XC5688.npy,../../Datasets/BirdClef/audio/Asio clamator_Striped Owl/XC5688.mp3
train,Asio clamator_Striped Owl,../../Datasets/BirdClef/features/Asio clamator_Striped Owl/XC387656.npy,../../Datasets/BirdClef/audio/Asio clamator_Striped Owl/XC387656.mp3
train,Asio clamator_Striped Owl,../../Datasets/BirdClef/features/Asio clamator_Striped Owl/XC455024.npy,../../Datasets/BirdClef/audio/Asio clamator_Striped Owl/XC455024.mp3
train,Asio flammeus_Short-eared Owl,../../Datasets/BirdClef/features/Asio flammeus_Short-eared Owl/XC295378.npy,../../Datasets/BirdClef/audio/Asio flammeus_Short-eared Owl/XC295378.mp3
train,Asio flammeus_Short-eared Owl,../../Datasets/BirdClef/features/Asio flammeus_Short-eared Owl/XC46334.npy,../../Datasets/BirdClef/audio/Asio flammeus_Short-eared Owl/XC46334.mp3
train,Asio flammeus_Short-eared Owl,../../Datasets/BirdClef/features/Asio flammeus_Short-eared Owl/XC233305.npy,../../Datasets/BirdClef/audio/Asio flammeus_Short-eared Owl/XC233305.mp3
train,Asio flammeus_Short-eared Owl,../../Datasets/BirdClef/features/Asio flammeus_Short-eared Owl/XC450493.npy,../../Datasets/BirdClef/audio/Asio flammeus_Short-eared Owl/XC450493.mp3
train,Asio flammeus_Short-eared Owl,../../Datasets/BirdClef/features/Asio flammeus_Short-eared Owl/XC413537.npy,../../Datasets/BirdClef/audio/Asio flammeus_Short-eared Owl/XC413537.mp3
train,Athene cunicularia_Burrowing Owl,../../Datasets/BirdClef/features/Athene cunicularia_Burrowing Owl/XC114726.npy,../../Datasets/BirdClef/audio/Athene cunicularia_Burrowing Owl/XC114726.mp3
train,Athene cunicularia_Burrowing Owl,../../Datasets/BirdClef/features/Athene cunicularia_Burrowing Owl/XC296318.npy,../../Datasets/BirdClef/audio/Athene cunicularia_Burrowing Owl/XC296318.mp3
train,Athene cunicularia_Burrowing Owl,../../Datasets/BirdClef/features/Athene cunicularia_Burrowing Owl/XC496767.npy,../../Datasets/BirdClef/audio/Athene cunicularia_Burrowing Owl/XC496767.mp3
train,Athene cunicularia_Burrowing Owl,../../Datasets/BirdClef/features/Athene cunicularia_Burrowing Owl/XC51615.npy,../../Datasets/BirdClef/audio/Athene cunicularia_Burrowing Owl/XC51615.mp3
train,Athene cunicularia_Burrowing Owl,../../Datasets/BirdClef/features/Athene cunicularia_Burrowing Owl/XC24304.npy,../../Datasets/BirdClef/audio/Athene cunicularia_Burrowing Owl/XC24304.mp3
train,Attila bolivianus_Dull-capped Attila,../../Datasets/BirdClef/features/Attila bolivianus_Dull-capped Attila/XC66581.npy,../../Datasets/BirdClef/audio/Attila bolivianus_Dull-capped Attila/XC66581.mp3
train,Attila bolivianus_Dull-capped Attila,../../Datasets/BirdClef/features/Attila bolivianus_Dull-capped Attila/XC9539.npy,../../Datasets/BirdClef/audio/Attila bolivianus_Dull-capped Attila/XC9539.mp3
train,Attila bolivianus_Dull-capped Attila,../../Datasets/BirdClef/features/Attila bolivianus_Dull-capped Attila/XC474752.npy,../../Datasets/BirdClef/audio/Attila bolivianus_Dull-capped Attila/XC474752.mp3
train,Attila bolivianus_Dull-capped Attila,../../Datasets/BirdClef/features/Attila bolivianus_Dull-capped Attila/XC346340.npy,../../Datasets/BirdClef/audio/Attila bolivianus_Dull-capped Attila/XC346340.mp3
train,Attila bolivianus_Dull-capped Attila,../../Datasets/BirdClef/features/Attila bolivianus_Dull-capped Attila/XC219281.npy,../../Datasets/BirdClef/audio/Attila bolivianus_Dull-capped Attila/XC219281.mp3
train,Attila spadiceus_Bright-rumped Attila,../../Datasets/BirdClef/features/Attila spadiceus_Bright-rumped Attila/XC31820.npy,../../Datasets/BirdClef/audio/Attila spadiceus_Bright-rumped Attila/XC31820.mp3
train,Attila spadiceus_Bright-rumped Attila,../../Datasets/BirdClef/features/Attila spadiceus_Bright-rumped Attila/XC118586.npy,../../Datasets/BirdClef/audio/Attila spadiceus_Bright-rumped Attila/XC118586.mp3
train,Attila spadiceus_Bright-rumped Attila,../../Datasets/BirdClef/features/Attila spadiceus_Bright-rumped Attila/XC125635.npy,../../Datasets/BirdClef/audio/Attila spadiceus_Bright-rumped Attila/XC125635.mp3
train,Attila spadiceus_Bright-rumped Attila,../../Datasets/BirdClef/features/Attila spadiceus_Bright-rumped Attila/XC27761.npy,../../Datasets/BirdClef/audio/Attila spadiceus_Bright-rumped Attila/XC27761.mp3
train,Attila spadiceus_Bright-rumped Attila,../../Datasets/BirdClef/features/Attila spadiceus_Bright-rumped Attila/XC262232.npy,../../Datasets/BirdClef/audio/Attila spadiceus_Bright-rumped Attila/XC262232.mp3
train,Aulacorhynchus albivitta_Southern Emerald-Toucanet,../../Datasets/BirdClef/features/Aulacorhynchus albivitta_Southern Emerald-Toucanet/XC257999.npy,../../Datasets/BirdClef/audio/Aulacorhynchus albivitta_Southern Emerald-Toucanet/XC257999.mp3
train,Aulacorhynchus albivitta_Southern Emerald-Toucanet,../../Datasets/BirdClef/features/Aulacorhynchus albivitta_Southern Emerald-Toucanet/XC101603.npy,../../Datasets/BirdClef/audio/Aulacorhynchus albivitta_Southern Emerald-Toucanet/XC101603.mp3
train,Aulacorhynchus albivitta_Southern Emerald-Toucanet,../../Datasets/BirdClef/features/Aulacorhynchus albivitta_Southern Emerald-Toucanet/XC59628.npy,../../Datasets/BirdClef/audio/Aulacorhynchus albivitta_Southern Emerald-Toucanet/XC59628.mp3
train,Aulacorhynchus albivitta_Southern Emerald-Toucanet,../../Datasets/BirdClef/features/Aulacorhynchus albivitta_Southern Emerald-Toucanet/XC260586.npy,../../Datasets/BirdClef/audio/Aulacorhynchus albivitta_Southern Emerald-Toucanet/XC260586.mp3
train,Aulacorhynchus albivitta_Southern Emerald-Toucanet,../../Datasets/BirdClef/features/Aulacorhynchus albivitta_Southern Emerald-Toucanet/XC52684.npy,../../Datasets/BirdClef/audio/Aulacorhynchus albivitta_Southern Emerald-Toucanet/XC52684.mp3
train,Automolus infuscatus_Olive-backed Foliage-gleaner,../../Datasets/BirdClef/features/Automolus infuscatus_Olive-backed Foliage-gleaner/XC14251.npy,../../Datasets/BirdClef/audio/Automolus infuscatus_Olive-backed Foliage-gleaner/XC14251.mp3
train,Automolus infuscatus_Olive-backed Foliage-gleaner,../../Datasets/BirdClef/features/Automolus infuscatus_Olive-backed Foliage-gleaner/XC10324.npy,../../Datasets/BirdClef/audio/Automolus infuscatus_Olive-backed Foliage-gleaner/XC10324.mp3
train,Automolus infuscatus_Olive-backed Foliage-gleaner,../../Datasets/BirdClef/features/Automolus infuscatus_Olive-backed Foliage-gleaner/XC249058.npy,../../Datasets/BirdClef/audio/Automolus infuscatus_Olive-backed Foliage-gleaner/XC249058.mp3
train,Automolus infuscatus_Olive-backed Foliage-gleaner,../../Datasets/BirdClef/features/Automolus infuscatus_Olive-backed Foliage-gleaner/XC44211.npy,../../Datasets/BirdClef/audio/Automolus infuscatus_Olive-backed Foliage-gleaner/XC44211.mp3
train,Automolus infuscatus_Olive-backed Foliage-gleaner,../../Datasets/BirdClef/features/Automolus infuscatus_Olive-backed Foliage-gleaner/XC248817.npy,../../Datasets/BirdClef/audio/Automolus infuscatus_Olive-backed Foliage-gleaner/XC248817.mp3
train,Automolus ochrolaemus_Buff-throated Foliage-gleaner,../../Datasets/BirdClef/features/Automolus ochrolaemus_Buff-throated Foliage-gleaner/XC180558.npy,../../Datasets/BirdClef/audio/Automolus ochrolaemus_Buff-throated Foliage-gleaner/XC180558.mp3
train,Automolus ochrolaemus_Buff-throated Foliage-gleaner,../../Datasets/BirdClef/features/Automolus ochrolaemus_Buff-throated Foliage-gleaner/XC370615.npy,../../Datasets/BirdClef/audio/Automolus ochrolaemus_Buff-throated Foliage-gleaner/XC370615.mp3
train,Automolus ochrolaemus_Buff-throated Foliage-gleaner,../../Datasets/BirdClef/features/Automolus ochrolaemus_Buff-throated Foliage-gleaner/XC54405.npy,../../Datasets/BirdClef/audio/Automolus ochrolaemus_Buff-throated Foliage-gleaner/XC54405.mp3
train,Automolus ochrolaemus_Buff-throated Foliage-gleaner,../../Datasets/BirdClef/features/Automolus ochrolaemus_Buff-throated Foliage-gleaner/XC219457.npy,../../Datasets/BirdClef/audio/Automolus ochrolaemus_Buff-throated Foliage-gleaner/XC219457.mp3
train,Automolus ochrolaemus_Buff-throated Foliage-gleaner,../../Datasets/BirdClef/features/Automolus ochrolaemus_Buff-throated Foliage-gleaner/XC157576.npy,../../Datasets/BirdClef/audio/Automolus ochrolaemus_Buff-throated Foliage-gleaner/XC157576.mp3
train,Automolus rufipileatus_Chestnut-crowned Foliage-gleaner,../../Datasets/BirdClef/features/Automolus rufipileatus_Chestnut-crowned Foliage-gleaner/XC316507.npy,../../Datasets/BirdClef/audio/Automolus rufipileatus_Chestnut-crowned Foliage-gleaner/XC316507.mp3
train,Automolus rufipileatus_Chestnut-crowned Foliage-gleaner,../../Datasets/BirdClef/features/Automolus rufipileatus_Chestnut-crowned Foliage-gleaner/XC41513.npy,../../Datasets/BirdClef/audio/Automolus rufipileatus_Chestnut-crowned Foliage-gleaner/XC41513.mp3
train,Automolus rufipileatus_Chestnut-crowned Foliage-gleaner,../../Datasets/BirdClef/features/Automolus rufipileatus_Chestnut-crowned Foliage-gleaner/XC387589.npy,../../Datasets/BirdClef/audio/Automolus rufipileatus_Chestnut-crowned Foliage-gleaner/XC387589.mp3
train,Automolus rufipileatus_Chestnut-crowned Foliage-gleaner,../../Datasets/BirdClef/features/Automolus rufipileatus_Chestnut-crowned Foliage-gleaner/XC47904.npy,../../Datasets/BirdClef/audio/Automolus rufipileatus_Chestnut-crowned Foliage-gleaner/XC47904.mp3
train,Automolus rufipileatus_Chestnut-crowned Foliage-gleaner,../../Datasets/BirdClef/features/Automolus rufipileatus_Chestnut-crowned Foliage-gleaner/XC275770.npy,../../Datasets/BirdClef/audio/Automolus rufipileatus_Chestnut-crowned Foliage-gleaner/XC275770.mp3
train,Automolus subulatus_Striped Woodhaunter,../../Datasets/BirdClef/features/Automolus subulatus_Striped Woodhaunter/XC485471.npy,../../Datasets/BirdClef/audio/Automolus subulatus_Striped Woodhaunter/XC485471.mp3
train,Automolus subulatus_Striped Woodhaunter,../../Datasets/BirdClef/features/Automolus subulatus_Striped Woodhaunter/XC249180.npy,../../Datasets/BirdClef/audio/Automolus subulatus_Striped Woodhaunter/XC249180.mp3
train,Automolus subulatus_Striped Woodhaunter,../../Datasets/BirdClef/features/Automolus subulatus_Striped Woodhaunter/XC19088.npy,../../Datasets/BirdClef/audio/Automolus subulatus_Striped Woodhaunter/XC19088.mp3
train,Automolus subulatus_Striped Woodhaunter,../../Datasets/BirdClef/features/Automolus subulatus_Striped Woodhaunter/XC175008.npy,../../Datasets/BirdClef/audio/Automolus subulatus_Striped Woodhaunter/XC175008.mp3
train,Automolus subulatus_Striped Woodhaunter,../../Datasets/BirdClef/features/Automolus subulatus_Striped Woodhaunter/XC63549.npy,../../Datasets/BirdClef/audio/Automolus subulatus_Striped Woodhaunter/XC63549.mp3
train,Aythya ferina_Common Pochard,../../Datasets/BirdClef/features/Aythya ferina_Common Pochard/XC484892.npy,../../Datasets/BirdClef/audio/Aythya ferina_Common Pochard/XC484892.mp3
train,Aythya ferina_Common Pochard,../../Datasets/BirdClef/features/Aythya ferina_Common Pochard/XC478166.npy,../../Datasets/BirdClef/audio/Aythya ferina_Common Pochard/XC478166.mp3
train,Aythya ferina_Common Pochard,../../Datasets/BirdClef/features/Aythya ferina_Common Pochard/XC349108.npy,../../Datasets/BirdClef/audio/Aythya ferina_Common Pochard/XC349108.mp3
train,Aythya ferina_Common Pochard,../../Datasets/BirdClef/features/Aythya ferina_Common Pochard/XC414488.npy,../../Datasets/BirdClef/audio/Aythya ferina_Common Pochard/XC414488.mp3
train,Aythya ferina_Common Pochard,../../Datasets/BirdClef/features/Aythya ferina_Common Pochard/XC441241.npy,../../Datasets/BirdClef/audio/Aythya ferina_Common Pochard/XC441241.mp3
train,Aythya fuligula_Tufted Duck,../../Datasets/BirdClef/features/Aythya fuligula_Tufted Duck/XC35211.npy,../../Datasets/BirdClef/audio/Aythya fuligula_Tufted Duck/XC35211.mp3
train,Aythya fuligula_Tufted Duck,../../Datasets/BirdClef/features/Aythya fuligula_Tufted Duck/XC138253.npy,../../Datasets/BirdClef/audio/Aythya fuligula_Tufted Duck/XC138253.mp3
train,Aythya fuligula_Tufted Duck,../../Datasets/BirdClef/features/Aythya fuligula_Tufted Duck/XC25718.npy,../../Datasets/BirdClef/audio/Aythya fuligula_Tufted Duck/XC25718.mp3
train,Aythya fuligula_Tufted Duck,../../Datasets/BirdClef/features/Aythya fuligula_Tufted Duck/XC377999.npy,../../Datasets/BirdClef/audio/Aythya fuligula_Tufted Duck/XC377999.mp3
train,Aythya fuligula_Tufted Duck,../../Datasets/BirdClef/features/Aythya fuligula_Tufted Duck/XC243766.npy,../../Datasets/BirdClef/audio/Aythya fuligula_Tufted Duck/XC243766.mp3
train,Baeolophus bicolor_Tufted Titmouse,../../Datasets/BirdClef/features/Baeolophus bicolor_Tufted Titmouse/XC501232.npy,../../Datasets/BirdClef/audio/Baeolophus bicolor_Tufted Titmouse/XC501232.mp3
train,Baeolophus bicolor_Tufted Titmouse,../../Datasets/BirdClef/features/Baeolophus bicolor_Tufted Titmouse/XC469655.npy,../../Datasets/BirdClef/audio/Baeolophus bicolor_Tufted Titmouse/XC469655.mp3
train,Baeolophus bicolor_Tufted Titmouse,../../Datasets/BirdClef/features/Baeolophus bicolor_Tufted Titmouse/XC233656.npy,../../Datasets/BirdClef/audio/Baeolophus bicolor_Tufted Titmouse/XC233656.mp3
train,Baeolophus bicolor_Tufted Titmouse,../../Datasets/BirdClef/features/Baeolophus bicolor_Tufted Titmouse/XC15186.npy,../../Datasets/BirdClef/audio/Baeolophus bicolor_Tufted Titmouse/XC15186.mp3
train,Baeolophus bicolor_Tufted Titmouse,../../Datasets/BirdClef/features/Baeolophus bicolor_Tufted Titmouse/XC124762.npy,../../Datasets/BirdClef/audio/Baeolophus bicolor_Tufted Titmouse/XC124762.mp3
train,Baeolophus ridgwayi_Juniper Titmouse,../../Datasets/BirdClef/features/Baeolophus ridgwayi_Juniper Titmouse/XC323274.npy,../../Datasets/BirdClef/audio/Baeolophus ridgwayi_Juniper Titmouse/XC323274.mp3
train,Baeolophus ridgwayi_Juniper Titmouse,../../Datasets/BirdClef/features/Baeolophus ridgwayi_Juniper Titmouse/XC350896.npy,../../Datasets/BirdClef/audio/Baeolophus ridgwayi_Juniper Titmouse/XC350896.mp3
train,Baeolophus ridgwayi_Juniper Titmouse,../../Datasets/BirdClef/features/Baeolophus ridgwayi_Juniper Titmouse/XC235433.npy,../../Datasets/BirdClef/audio/Baeolophus ridgwayi_Juniper Titmouse/XC235433.mp3
train,Baeolophus ridgwayi_Juniper Titmouse,../../Datasets/BirdClef/features/Baeolophus ridgwayi_Juniper Titmouse/XC475325.npy,../../Datasets/BirdClef/audio/Baeolophus ridgwayi_Juniper Titmouse/XC475325.mp3
train,Baeolophus ridgwayi_Juniper Titmouse,../../Datasets/BirdClef/features/Baeolophus ridgwayi_Juniper Titmouse/XC293947.npy,../../Datasets/BirdClef/audio/Baeolophus ridgwayi_Juniper Titmouse/XC293947.mp3
train,Bartramia longicauda_Upland Sandpiper,../../Datasets/BirdClef/features/Bartramia longicauda_Upland Sandpiper/XC299689.npy,../../Datasets/BirdClef/audio/Bartramia longicauda_Upland Sandpiper/XC299689.mp3
train,Bartramia longicauda_Upland Sandpiper,../../Datasets/BirdClef/features/Bartramia longicauda_Upland Sandpiper/XC44110.npy,../../Datasets/BirdClef/audio/Bartramia longicauda_Upland Sandpiper/XC44110.mp3
train,Bartramia longicauda_Upland Sandpiper,../../Datasets/BirdClef/features/Bartramia longicauda_Upland Sandpiper/XC254691.npy,../../Datasets/BirdClef/audio/Bartramia longicauda_Upland Sandpiper/XC254691.mp3
train,Bartramia longicauda_Upland Sandpiper,../../Datasets/BirdClef/features/Bartramia longicauda_Upland Sandpiper/XC164525.npy,../../Datasets/BirdClef/audio/Bartramia longicauda_Upland Sandpiper/XC164525.mp3
train,Bartramia longicauda_Upland Sandpiper,../../Datasets/BirdClef/features/Bartramia longicauda_Upland Sandpiper/XC84928.npy,../../Datasets/BirdClef/audio/Bartramia longicauda_Upland Sandpiper/XC84928.mp3
train,Baryphthengus martii_Rufous Motmot,../../Datasets/BirdClef/features/Baryphthengus martii_Rufous Motmot/XC423586.npy,../../Datasets/BirdClef/audio/Baryphthengus martii_Rufous Motmot/XC423586.mp3
train,Baryphthengus martii_Rufous Motmot,../../Datasets/BirdClef/features/Baryphthengus martii_Rufous Motmot/XC13144.npy,../../Datasets/BirdClef/audio/Baryphthengus martii_Rufous Motmot/XC13144.mp3
train,Baryphthengus martii_Rufous Motmot,../../Datasets/BirdClef/features/Baryphthengus martii_Rufous Motmot/XC364004.npy,../../Datasets/BirdClef/audio/Baryphthengus martii_Rufous Motmot/XC364004.mp3
train,Baryphthengus martii_Rufous Motmot,../../Datasets/BirdClef/features/Baryphthengus martii_Rufous Motmot/XC238039.npy,../../Datasets/BirdClef/audio/Baryphthengus martii_Rufous Motmot/XC238039.mp3
train,Baryphthengus martii_Rufous Motmot,../../Datasets/BirdClef/features/Baryphthengus martii_Rufous Motmot/XC93638.npy,../../Datasets/BirdClef/audio/Baryphthengus martii_Rufous Motmot/XC93638.mp3
train,Berlepschia rikeri_Point-tailed Palmcreeper,../../Datasets/BirdClef/features/Berlepschia rikeri_Point-tailed Palmcreeper/XC375355.npy,../../Datasets/BirdClef/audio/Berlepschia rikeri_Point-tailed Palmcreeper/XC375355.mp3
train,Berlepschia rikeri_Point-tailed Palmcreeper,../../Datasets/BirdClef/features/Berlepschia rikeri_Point-tailed Palmcreeper/XC270613.npy,../../Datasets/BirdClef/audio/Berlepschia rikeri_Point-tailed Palmcreeper/XC270613.mp3
train,Berlepschia rikeri_Point-tailed Palmcreeper,../../Datasets/BirdClef/features/Berlepschia rikeri_Point-tailed Palmcreeper/XC415531.npy,../../Datasets/BirdClef/audio/Berlepschia rikeri_Point-tailed Palmcreeper/XC415531.mp3
train,Berlepschia rikeri_Point-tailed Palmcreeper,../../Datasets/BirdClef/features/Berlepschia rikeri_Point-tailed Palmcreeper/XC270612.npy,../../Datasets/BirdClef/audio/Berlepschia rikeri_Point-tailed Palmcreeper/XC270612.mp3
train,Berlepschia rikeri_Point-tailed Palmcreeper,../../Datasets/BirdClef/features/Berlepschia rikeri_Point-tailed Palmcreeper/XC427124.npy,../../Datasets/BirdClef/audio/Berlepschia rikeri_Point-tailed Palmcreeper/XC427124.mp3
train,Bombycilla cedrorum_Cedar Waxwing,../../Datasets/BirdClef/features/Bombycilla cedrorum_Cedar Waxwing/XC166089.npy,../../Datasets/BirdClef/audio/Bombycilla cedrorum_Cedar Waxwing/XC166089.mp3
train,Bombycilla cedrorum_Cedar Waxwing,../../Datasets/BirdClef/features/Bombycilla cedrorum_Cedar Waxwing/XC121796.npy,../../Datasets/BirdClef/audio/Bombycilla cedrorum_Cedar Waxwing/XC121796.mp3
train,Bombycilla cedrorum_Cedar Waxwing,../../Datasets/BirdClef/features/Bombycilla cedrorum_Cedar Waxwing/XC86508.npy,../../Datasets/BirdClef/audio/Bombycilla cedrorum_Cedar Waxwing/XC86508.mp3
train,Bombycilla cedrorum_Cedar Waxwing,../../Datasets/BirdClef/features/Bombycilla cedrorum_Cedar Waxwing/XC191446.npy,../../Datasets/BirdClef/audio/Bombycilla cedrorum_Cedar Waxwing/XC191446.mp3
train,Bombycilla cedrorum_Cedar Waxwing,../../Datasets/BirdClef/features/Bombycilla cedrorum_Cedar Waxwing/XC36559.npy,../../Datasets/BirdClef/audio/Bombycilla cedrorum_Cedar Waxwing/XC36559.mp3
train,Botaurus stellaris_Great Bittern,../../Datasets/BirdClef/features/Botaurus stellaris_Great Bittern/XC309607.npy,../../Datasets/BirdClef/audio/Botaurus stellaris_Great Bittern/XC309607.mp3
train,Botaurus stellaris_Great Bittern,../../Datasets/BirdClef/features/Botaurus stellaris_Great Bittern/XC502384.npy,../../Datasets/BirdClef/audio/Botaurus stellaris_Great Bittern/XC502384.mp3
train,Botaurus stellaris_Great Bittern,../../Datasets/BirdClef/features/Botaurus stellaris_Great Bittern/XC211869.npy,../../Datasets/BirdClef/audio/Botaurus stellaris_Great Bittern/XC211869.mp3
train,Botaurus stellaris_Great Bittern,../../Datasets/BirdClef/features/Botaurus stellaris_Great Bittern/XC184314.npy,../../Datasets/BirdClef/audio/Botaurus stellaris_Great Bittern/XC184314.mp3
train,Botaurus stellaris_Great Bittern,../../Datasets/BirdClef/features/Botaurus stellaris_Great Bittern/XC33716.npy,../../Datasets/BirdClef/audio/Botaurus stellaris_Great Bittern/XC33716.mp3
train,Branta canadensis_Canada Goose,../../Datasets/BirdClef/features/Branta canadensis_Canada Goose/XC301952.npy,../../Datasets/BirdClef/audio/Branta canadensis_Canada Goose/XC301952.mp3
train,Branta canadensis_Canada Goose,../../Datasets/BirdClef/features/Branta canadensis_Canada Goose/XC189381.npy,../../Datasets/BirdClef/audio/Branta canadensis_Canada Goose/XC189381.mp3
train,Branta canadensis_Canada Goose,../../Datasets/BirdClef/features/Branta canadensis_Canada Goose/XC94584.npy,../../Datasets/BirdClef/audio/Branta canadensis_Canada Goose/XC94584.mp3
train,Branta canadensis_Canada Goose,../../Datasets/BirdClef/features/Branta canadensis_Canada Goose/XC503596.npy,../../Datasets/BirdClef/audio/Branta canadensis_Canada Goose/XC503596.mp3
train,Branta canadensis_Canada Goose,../../Datasets/BirdClef/features/Branta canadensis_Canada Goose/XC280893.npy,../../Datasets/BirdClef/audio/Branta canadensis_Canada Goose/XC280893.mp3
train,Branta leucopsis_Barnacle Goose,../../Datasets/BirdClef/features/Branta leucopsis_Barnacle Goose/XC395480.npy,../../Datasets/BirdClef/audio/Branta leucopsis_Barnacle Goose/XC395480.mp3
train,Branta leucopsis_Barnacle Goose,../../Datasets/BirdClef/features/Branta leucopsis_Barnacle Goose/XC358460.npy,../../Datasets/BirdClef/audio/Branta leucopsis_Barnacle Goose/XC358460.mp3
train,Branta leucopsis_Barnacle Goose,../../Datasets/BirdClef/features/Branta leucopsis_Barnacle Goose/XC135974.npy,../../Datasets/BirdClef/audio/Branta leucopsis_Barnacle Goose/XC135974.mp3
train,Branta leucopsis_Barnacle Goose,../../Datasets/BirdClef/features/Branta leucopsis_Barnacle Goose/XC416173.npy,../../Datasets/BirdClef/audio/Branta leucopsis_Barnacle Goose/XC416173.mp3
train,Branta leucopsis_Barnacle Goose,../../Datasets/BirdClef/features/Branta leucopsis_Barnacle Goose/XC478994.npy,../../Datasets/BirdClef/audio/Branta leucopsis_Barnacle Goose/XC478994.mp3
train,Brotogeris cyanoptera_Cobalt-winged Parakeet,../../Datasets/BirdClef/features/Brotogeris cyanoptera_Cobalt-winged Parakeet/XC357632.npy,../../Datasets/BirdClef/audio/Brotogeris cyanoptera_Cobalt-winged Parakeet/XC357632.mp3
train,Brotogeris cyanoptera_Cobalt-winged Parakeet,../../Datasets/BirdClef/features/Brotogeris cyanoptera_Cobalt-winged Parakeet/XC257669.npy,../../Datasets/BirdClef/audio/Brotogeris cyanoptera_Cobalt-winged Parakeet/XC257669.mp3
train,Brotogeris cyanoptera_Cobalt-winged Parakeet,../../Datasets/BirdClef/features/Brotogeris cyanoptera_Cobalt-winged Parakeet/XC77217.npy,../../Datasets/BirdClef/audio/Brotogeris cyanoptera_Cobalt-winged Parakeet/XC77217.mp3
train,Brotogeris cyanoptera_Cobalt-winged Parakeet,../../Datasets/BirdClef/features/Brotogeris cyanoptera_Cobalt-winged Parakeet/XC17774.npy,../../Datasets/BirdClef/audio/Brotogeris cyanoptera_Cobalt-winged Parakeet/XC17774.mp3
train,Brotogeris cyanoptera_Cobalt-winged Parakeet,../../Datasets/BirdClef/features/Brotogeris cyanoptera_Cobalt-winged Parakeet/XC165461.npy,../../Datasets/BirdClef/audio/Brotogeris cyanoptera_Cobalt-winged Parakeet/XC165461.mp3
train,Bubo virginianus_Great Horned Owl,../../Datasets/BirdClef/features/Bubo virginianus_Great Horned Owl/XC221553.npy,../../Datasets/BirdClef/audio/Bubo virginianus_Great Horned Owl/XC221553.mp3
train,Bubo virginianus_Great Horned Owl,../../Datasets/BirdClef/features/Bubo virginianus_Great Horned Owl/XC386841.npy,../../Datasets/BirdClef/audio/Bubo virginianus_Great Horned Owl/XC386841.mp3
train,Bubo virginianus_Great Horned Owl,../../Datasets/BirdClef/features/Bubo virginianus_Great Horned Owl/XC368289.npy,../../Datasets/BirdClef/audio/Bubo virginianus_Great Horned Owl/XC368289.mp3
train,Bubo virginianus_Great Horned Owl,../../Datasets/BirdClef/features/Bubo virginianus_Great Horned Owl/XC476571.npy,../../Datasets/BirdClef/audio/Bubo virginianus_Great Horned Owl/XC476571.mp3
train,Bubo virginianus_Great Horned Owl,../../Datasets/BirdClef/features/Bubo virginianus_Great Horned Owl/XC391395.npy,../../Datasets/BirdClef/audio/Bubo virginianus_Great Horned Owl/XC391395.mp3
train,Bubulcus ibis_Cattle Egret,../../Datasets/BirdClef/features/Bubulcus ibis_Cattle Egret/XC418997.npy,../../Datasets/BirdClef/audio/Bubulcus ibis_Cattle Egret/XC418997.mp3
train,Bubulcus ibis_Cattle Egret,../../Datasets/BirdClef/features/Bubulcus ibis_Cattle Egret/XC458426.npy,../../Datasets/BirdClef/audio/Bubulcus ibis_Cattle Egret/XC458426.mp3
train,Bubulcus ibis_Cattle Egret,../../Datasets/BirdClef/features/Bubulcus ibis_Cattle Egret/XC311860.npy,../../Datasets/BirdClef/audio/Bubulcus ibis_Cattle Egret/XC311860.mp3
train,Bubulcus ibis_Cattle Egret,../../Datasets/BirdClef/features/Bubulcus ibis_Cattle Egret/XC154938.npy,../../Datasets/BirdClef/audio/Bubulcus ibis_Cattle Egret/XC154938.mp3
train,Bubulcus ibis_Cattle Egret,../../Datasets/BirdClef/features/Bubulcus ibis_Cattle Egret/XC143598.npy,../../Datasets/BirdClef/audio/Bubulcus ibis_Cattle Egret/XC143598.mp3
train,Bucephala clangula_Common Goldeneye,../../Datasets/BirdClef/features/Bucephala clangula_Common Goldeneye/XC435277.npy,../../Datasets/BirdClef/audio/Bucephala clangula_Common Goldeneye/XC435277.mp3
train,Bucephala clangula_Common Goldeneye,../../Datasets/BirdClef/features/Bucephala clangula_Common Goldeneye/XC110325.npy,../../Datasets/BirdClef/audio/Bucephala clangula_Common Goldeneye/XC110325.mp3
train,Bucephala clangula_Common Goldeneye,../../Datasets/BirdClef/features/Bucephala clangula_Common Goldeneye/XC169334.npy,../../Datasets/BirdClef/audio/Bucephala clangula_Common Goldeneye/XC169334.mp3
train,Bucephala clangula_Common Goldeneye,../../Datasets/BirdClef/features/Bucephala clangula_Common Goldeneye/XC187568.npy,../../Datasets/BirdClef/audio/Bucephala clangula_Common Goldeneye/XC187568.mp3
train,Bucephala clangula_Common Goldeneye,../../Datasets/BirdClef/features/Bucephala clangula_Common Goldeneye/XC297669.npy,../../Datasets/BirdClef/audio/Bucephala clangula_Common Goldeneye/XC297669.mp3
train,Busarellus nigricollis_Black-collared Hawk,../../Datasets/BirdClef/features/Busarellus nigricollis_Black-collared Hawk/XC455714.npy,../../Datasets/BirdClef/audio/Busarellus nigricollis_Black-collared Hawk/XC455714.mp3
train,Busarellus nigricollis_Black-collared Hawk,../../Datasets/BirdClef/features/Busarellus nigricollis_Black-collared Hawk/XC213666.npy,../../Datasets/BirdClef/audio/Busarellus nigricollis_Black-collared Hawk/XC213666.mp3
train,Busarellus nigricollis_Black-collared Hawk,../../Datasets/BirdClef/features/Busarellus nigricollis_Black-collared Hawk/XC119228.npy,../../Datasets/BirdClef/audio/Busarellus nigricollis_Black-collared Hawk/XC119228.mp3
train,Busarellus nigricollis_Black-collared Hawk,../../Datasets/BirdClef/features/Busarellus nigricollis_Black-collared Hawk/XC219845.npy,../../Datasets/BirdClef/audio/Busarellus nigricollis_Black-collared Hawk/XC219845.mp3
train,Busarellus nigricollis_Black-collared Hawk,../../Datasets/BirdClef/features/Busarellus nigricollis_Black-collared Hawk/XC260345.npy,../../Datasets/BirdClef/audio/Busarellus nigricollis_Black-collared Hawk/XC260345.mp3
train,Buteo buteo_Common Buzzard,../../Datasets/BirdClef/features/Buteo buteo_Common Buzzard/XC263210.npy,../../Datasets/BirdClef/audio/Buteo buteo_Common Buzzard/XC263210.mp3
train,Buteo buteo_Common Buzzard,../../Datasets/BirdClef/features/Buteo buteo_Common Buzzard/XC176604.npy,../../Datasets/BirdClef/audio/Buteo buteo_Common Buzzard/XC176604.mp3
train,Buteo buteo_Common Buzzard,../../Datasets/BirdClef/features/Buteo buteo_Common Buzzard/XC96435.npy,../../Datasets/BirdClef/audio/Buteo buteo_Common Buzzard/XC96435.mp3
train,Buteo buteo_Common Buzzard,../../Datasets/BirdClef/features/Buteo buteo_Common Buzzard/XC386948.npy,../../Datasets/BirdClef/audio/Buteo buteo_Common Buzzard/XC386948.mp3
train,Buteo buteo_Common Buzzard,../../Datasets/BirdClef/features/Buteo buteo_Common Buzzard/XC431324.npy,../../Datasets/BirdClef/audio/Buteo buteo_Common Buzzard/XC431324.mp3
train,Buteo jamaicensis_Red-tailed Hawk,../../Datasets/BirdClef/features/Buteo jamaicensis_Red-tailed Hawk/XC327633.npy,../../Datasets/BirdClef/audio/Buteo jamaicensis_Red-tailed Hawk/XC327633.mp3
train,Buteo jamaicensis_Red-tailed Hawk,../../Datasets/BirdClef/features/Buteo jamaicensis_Red-tailed Hawk/XC103624.npy,../../Datasets/BirdClef/audio/Buteo jamaicensis_Red-tailed Hawk/XC103624.mp3
train,Buteo jamaicensis_Red-tailed Hawk,../../Datasets/BirdClef/features/Buteo jamaicensis_Red-tailed Hawk/XC411391.npy,../../Datasets/BirdClef/audio/Buteo jamaicensis_Red-tailed Hawk/XC411391.mp3
train,Buteo jamaicensis_Red-tailed Hawk,../../Datasets/BirdClef/features/Buteo jamaicensis_Red-tailed Hawk/XC315561.npy,../../Datasets/BirdClef/audio/Buteo jamaicensis_Red-tailed Hawk/XC315561.mp3
train,Buteo jamaicensis_Red-tailed Hawk,../../Datasets/BirdClef/features/Buteo jamaicensis_Red-tailed Hawk/XC193227.npy,../../Datasets/BirdClef/audio/Buteo jamaicensis_Red-tailed Hawk/XC193227.mp3
train,Buteo lineatus_Red-shouldered Hawk,../../Datasets/BirdClef/features/Buteo lineatus_Red-shouldered Hawk/XC149526.npy,../../Datasets/BirdClef/audio/Buteo lineatus_Red-shouldered Hawk/XC149526.mp3
train,Buteo lineatus_Red-shouldered Hawk,../../Datasets/BirdClef/features/Buteo lineatus_Red-shouldered Hawk/XC475993.npy,../../Datasets/BirdClef/audio/Buteo lineatus_Red-shouldered Hawk/XC475993.mp3
train,Buteo lineatus_Red-shouldered Hawk,../../Datasets/BirdClef/features/Buteo lineatus_Red-shouldered Hawk/XC128893.npy,../../Datasets/BirdClef/audio/Buteo lineatus_Red-shouldered Hawk/XC128893.mp3
train,Buteo lineatus_Red-shouldered Hawk,../../Datasets/BirdClef/features/Buteo lineatus_Red-shouldered Hawk/XC149525.npy,../../Datasets/BirdClef/audio/Buteo lineatus_Red-shouldered Hawk/XC149525.mp3
train,Buteo lineatus_Red-shouldered Hawk,../../Datasets/BirdClef/features/Buteo lineatus_Red-shouldered Hawk/XC371692.npy,../../Datasets/BirdClef/audio/Buteo lineatus_Red-shouldered Hawk/XC371692.mp3
train,Buteo nitidus_Gray-lined Hawk,../../Datasets/BirdClef/features/Buteo nitidus_Gray-lined Hawk/XC117314.npy,../../Datasets/BirdClef/audio/Buteo nitidus_Gray-lined Hawk/XC117314.mp3
train,Buteo nitidus_Gray-lined Hawk,../../Datasets/BirdClef/features/Buteo nitidus_Gray-lined Hawk/XC275781.npy,../../Datasets/BirdClef/audio/Buteo nitidus_Gray-lined Hawk/XC275781.mp3
train,Buteo nitidus_Gray-lined Hawk,../../Datasets/BirdClef/features/Buteo nitidus_Gray-lined Hawk/XC250548.npy,../../Datasets/BirdClef/audio/Buteo nitidus_Gray-lined Hawk/XC250548.mp3
train,Buteo nitidus_Gray-lined Hawk,../../Datasets/BirdClef/features/Buteo nitidus_Gray-lined Hawk/XC398393.npy,../../Datasets/BirdClef/audio/Buteo nitidus_Gray-lined Hawk/XC398393.mp3
train,Buteo nitidus_Gray-lined Hawk,../../Datasets/BirdClef/features/Buteo nitidus_Gray-lined Hawk/XC53323.npy,../../Datasets/BirdClef/audio/Buteo nitidus_Gray-lined Hawk/XC53323.mp3
train,Buteo platypterus_Broad-winged Hawk,../../Datasets/BirdClef/features/Buteo platypterus_Broad-winged Hawk/XC197638.npy,../../Datasets/BirdClef/audio/Buteo platypterus_Broad-winged Hawk/XC197638.mp3
train,Buteo platypterus_Broad-winged Hawk,../../Datasets/BirdClef/features/Buteo platypterus_Broad-winged Hawk/XC293125.npy,../../Datasets/BirdClef/audio/Buteo platypterus_Broad-winged Hawk/XC293125.mp3
train,Buteo platypterus_Broad-winged Hawk,../../Datasets/BirdClef/features/Buteo platypterus_Broad-winged Hawk/XC217053.npy,../../Datasets/BirdClef/audio/Buteo platypterus_Broad-winged Hawk/XC217053.mp3
train,Buteo platypterus_Broad-winged Hawk,../../Datasets/BirdClef/features/Buteo platypterus_Broad-winged Hawk/XC427139.npy,../../Datasets/BirdClef/audio/Buteo platypterus_Broad-winged Hawk/XC427139.mp3
train,Buteo platypterus_Broad-winged Hawk,../../Datasets/BirdClef/features/Buteo platypterus_Broad-winged Hawk/XC78589.npy,../../Datasets/BirdClef/audio/Buteo platypterus_Broad-winged Hawk/XC78589.mp3
train,Buteogallus urubitinga_Great Black Hawk,../../Datasets/BirdClef/features/Buteogallus urubitinga_Great Black Hawk/XC50583.npy,../../Datasets/BirdClef/audio/Buteogallus urubitinga_Great Black Hawk/XC50583.mp3
train,Buteogallus urubitinga_Great Black Hawk,../../Datasets/BirdClef/features/Buteogallus urubitinga_Great Black Hawk/XC393364.npy,../../Datasets/BirdClef/audio/Buteogallus urubitinga_Great Black Hawk/XC393364.mp3
train,Buteogallus urubitinga_Great Black Hawk,../../Datasets/BirdClef/features/Buteogallus urubitinga_Great Black Hawk/XC288554.npy,../../Datasets/BirdClef/audio/Buteogallus urubitinga_Great Black Hawk/XC288554.mp3
train,Buteogallus urubitinga_Great Black Hawk,../../Datasets/BirdClef/features/Buteogallus urubitinga_Great Black Hawk/XC395452.npy,../../Datasets/BirdClef/audio/Buteogallus urubitinga_Great Black Hawk/XC395452.mp3
train,Buteogallus urubitinga_Great Black Hawk,../../Datasets/BirdClef/features/Buteogallus urubitinga_Great Black Hawk/XC192818.npy,../../Datasets/BirdClef/audio/Buteogallus urubitinga_Great Black Hawk/XC192818.mp3
train,Butorides striata_Striated Heron,../../Datasets/BirdClef/features/Butorides striata_Striated Heron/XC8656.npy,../../Datasets/BirdClef/audio/Butorides striata_Striated Heron/XC8656.mp3
train,Butorides striata_Striated Heron,../../Datasets/BirdClef/features/Butorides striata_Striated Heron/XC257320.npy,../../Datasets/BirdClef/audio/Butorides striata_Striated Heron/XC257320.mp3
train,Butorides striata_Striated Heron,../../Datasets/BirdClef/features/Butorides striata_Striated Heron/XC238073.npy,../../Datasets/BirdClef/audio/Butorides striata_Striated Heron/XC238073.mp3
train,Butorides striata_Striated Heron,../../Datasets/BirdClef/features/Butorides striata_Striated Heron/XC357918.npy,../../Datasets/BirdClef/audio/Butorides striata_Striated Heron/XC357918.mp3
train,Butorides striata_Striated Heron,../../Datasets/BirdClef/features/Butorides striata_Striated Heron/XC400859.npy,../../Datasets/BirdClef/audio/Butorides striata_Striated Heron/XC400859.mp3
train,Butorides virescens_Green Heron,../../Datasets/BirdClef/features/Butorides virescens_Green Heron/XC145693.npy,../../Datasets/BirdClef/audio/Butorides virescens_Green Heron/XC145693.mp3
train,Butorides virescens_Green Heron,../../Datasets/BirdClef/features/Butorides virescens_Green Heron/XC465629.npy,../../Datasets/BirdClef/audio/Butorides virescens_Green Heron/XC465629.mp3
train,Butorides virescens_Green Heron,../../Datasets/BirdClef/features/Butorides virescens_Green Heron/XC372645.npy,../../Datasets/BirdClef/audio/Butorides virescens_Green Heron/XC372645.mp3
train,Butorides virescens_Green Heron,../../Datasets/BirdClef/features/Butorides virescens_Green Heron/XC452516.npy,../../Datasets/BirdClef/audio/Butorides virescens_Green Heron/XC452516.mp3
train,Butorides virescens_Green Heron,../../Datasets/BirdClef/features/Butorides virescens_Green Heron/XC173640.npy,../../Datasets/BirdClef/audio/Butorides virescens_Green Heron/XC173640.mp3
train,Cacicus cela_Yellow-rumped Cacique,../../Datasets/BirdClef/features/Cacicus cela_Yellow-rumped Cacique/XC193652.npy,../../Datasets/BirdClef/audio/Cacicus cela_Yellow-rumped Cacique/XC193652.mp3
train,Cacicus cela_Yellow-rumped Cacique,../../Datasets/BirdClef/features/Cacicus cela_Yellow-rumped Cacique/XC47092.npy,../../Datasets/BirdClef/audio/Cacicus cela_Yellow-rumped Cacique/XC47092.mp3
train,Cacicus cela_Yellow-rumped Cacique,../../Datasets/BirdClef/features/Cacicus cela_Yellow-rumped Cacique/XC259955.npy,../../Datasets/BirdClef/audio/Cacicus cela_Yellow-rumped Cacique/XC259955.mp3
train,Cacicus cela_Yellow-rumped Cacique,../../Datasets/BirdClef/features/Cacicus cela_Yellow-rumped Cacique/XC168441.npy,../../Datasets/BirdClef/audio/Cacicus cela_Yellow-rumped Cacique/XC168441.mp3
train,Cacicus cela_Yellow-rumped Cacique,../../Datasets/BirdClef/features/Cacicus cela_Yellow-rumped Cacique/XC127210.npy,../../Datasets/BirdClef/audio/Cacicus cela_Yellow-rumped Cacique/XC127210.mp3
train,Cacicus haemorrhous_Red-rumped Cacique,../../Datasets/BirdClef/features/Cacicus haemorrhous_Red-rumped Cacique/XC131046.npy,../../Datasets/BirdClef/audio/Cacicus haemorrhous_Red-rumped Cacique/XC131046.mp3
train,Cacicus haemorrhous_Red-rumped Cacique,../../Datasets/BirdClef/features/Cacicus haemorrhous_Red-rumped Cacique/XC259968.npy,../../Datasets/BirdClef/audio/Cacicus haemorrhous_Red-rumped Cacique/XC259968.mp3
train,Cacicus haemorrhous_Red-rumped Cacique,../../Datasets/BirdClef/features/Cacicus haemorrhous_Red-rumped Cacique/XC420961.npy,../../Datasets/BirdClef/audio/Cacicus haemorrhous_Red-rumped Cacique/XC420961.mp3
train,Cacicus haemorrhous_Red-rumped Cacique,../../Datasets/BirdClef/features/Cacicus haemorrhous_Red-rumped Cacique/XC206762.npy,../../Datasets/BirdClef/audio/Cacicus haemorrhous_Red-rumped Cacique/XC206762.mp3
train,Cacicus haemorrhous_Red-rumped Cacique,../../Datasets/BirdClef/features/Cacicus haemorrhous_Red-rumped Cacique/XC289083.npy,../../Datasets/BirdClef/audio/Cacicus haemorrhous_Red-rumped Cacique/XC289083.mp3
train,Cacicus solitarius_Solitary Black Cacique,../../Datasets/BirdClef/features/Cacicus solitarius_Solitary Black Cacique/XC263022.npy,../../Datasets/BirdClef/audio/Cacicus solitarius_Solitary Black Cacique/XC263022.mp3
train,Cacicus solitarius_Solitary Black Cacique,../../Datasets/BirdClef/features/Cacicus solitarius_Solitary Black Cacique/XC15613.npy,../../Datasets/BirdClef/audio/Cacicus solitarius_Solitary Black Cacique/XC15613.mp3
train,Cacicus solitarius_Solitary Black Cacique,../../Datasets/BirdClef/features/Cacicus solitarius_Solitary Black Cacique/XC206728.npy,../../Datasets/BirdClef/audio/Cacicus solitarius_Solitary Black Cacique/XC206728.mp3
train,Cacicus solitarius_Solitary Black Cacique,../../Datasets/BirdClef/features/Cacicus solitarius_Solitary Black Cacique/XC407049.npy,../../Datasets/BirdClef/audio/Cacicus solitarius_Solitary Black Cacique/XC407049.mp3
train,Cacicus solitarius_Solitary Black Cacique,../../Datasets/BirdClef/features/Cacicus solitarius_Solitary Black Cacique/XC52813.npy,../../Datasets/BirdClef/audio/Cacicus solitarius_Solitary Black Cacique/XC52813.mp3
train,Calidris alpina_Dunlin,../../Datasets/BirdClef/features/Calidris alpina_Dunlin/XC112515.npy,../../Datasets/BirdClef/audio/Calidris alpina_Dunlin/XC112515.mp3
train,Calidris alpina_Dunlin,../../Datasets/BirdClef/features/Calidris alpina_Dunlin/XC64738.npy,../../Datasets/BirdClef/audio/Calidris alpina_Dunlin/XC64738.mp3
train,Calidris alpina_Dunlin,../../Datasets/BirdClef/features/Calidris alpina_Dunlin/XC141725.npy,../../Datasets/BirdClef/audio/Calidris alpina_Dunlin/XC141725.mp3
train,Calidris alpina_Dunlin,../../Datasets/BirdClef/features/Calidris alpina_Dunlin/XC141702.npy,../../Datasets/BirdClef/audio/Calidris alpina_Dunlin/XC141702.mp3
train,Calidris alpina_Dunlin,../../Datasets/BirdClef/features/Calidris alpina_Dunlin/XC481638.npy,../../Datasets/BirdClef/audio/Calidris alpina_Dunlin/XC481638.mp3
train,Calidris bairdii_Baird's Sandpiper,../../Datasets/BirdClef/features/Calidris bairdii_Baird's Sandpiper/XC491631.npy,../../Datasets/BirdClef/audio/Calidris bairdii_Baird's Sandpiper/XC491631.mp3
train,Calidris bairdii_Baird's Sandpiper,../../Datasets/BirdClef/features/Calidris bairdii_Baird's Sandpiper/XC491635.npy,../../Datasets/BirdClef/audio/Calidris bairdii_Baird's Sandpiper/XC491635.mp3
train,Calidris bairdii_Baird's Sandpiper,../../Datasets/BirdClef/features/Calidris bairdii_Baird's Sandpiper/XC449848.npy,../../Datasets/BirdClef/audio/Calidris bairdii_Baird's Sandpiper/XC449848.mp3
train,Calidris bairdii_Baird's Sandpiper,../../Datasets/BirdClef/features/Calidris bairdii_Baird's Sandpiper/XC32184.npy,../../Datasets/BirdClef/audio/Calidris bairdii_Baird's Sandpiper/XC32184.mp3
train,Calidris bairdii_Baird's Sandpiper,../../Datasets/BirdClef/features/Calidris bairdii_Baird's Sandpiper/XC238077.npy,../../Datasets/BirdClef/audio/Calidris bairdii_Baird's Sandpiper/XC238077.mp3
train,Calidris melanotos_Pectoral Sandpiper,../../Datasets/BirdClef/features/Calidris melanotos_Pectoral Sandpiper/XC406457.npy,../../Datasets/BirdClef/audio/Calidris melanotos_Pectoral Sandpiper/XC406457.mp3
train,Calidris melanotos_Pectoral Sandpiper,../../Datasets/BirdClef/features/Calidris melanotos_Pectoral Sandpiper/XC440690.npy,../../Datasets/BirdClef/audio/Calidris melanotos_Pectoral Sandpiper/XC440690.mp3
train,Calidris melanotos_Pectoral Sandpiper,../../Datasets/BirdClef/features/Calidris melanotos_Pectoral Sandpiper/XC139703.npy,../../Datasets/BirdClef/audio/Calidris melanotos_Pectoral Sandpiper/XC139703.mp3
train,Calidris melanotos_Pectoral Sandpiper,../../Datasets/BirdClef/features/Calidris melanotos_Pectoral Sandpiper/XC51884.npy,../../Datasets/BirdClef/audio/Calidris melanotos_Pectoral Sandpiper/XC51884.mp3
train,Calidris melanotos_Pectoral Sandpiper,../../Datasets/BirdClef/features/Calidris melanotos_Pectoral Sandpiper/XC406462.npy,../../Datasets/BirdClef/audio/Calidris melanotos_Pectoral Sandpiper/XC406462.mp3
train,Calidris minutilla_Least Sandpiper,../../Datasets/BirdClef/features/Calidris minutilla_Least Sandpiper/XC496351.npy,../../Datasets/BirdClef/audio/Calidris minutilla_Least Sandpiper/XC496351.mp3
train,Calidris minutilla_Least Sandpiper,../../Datasets/BirdClef/features/Calidris minutilla_Least Sandpiper/XC147355.npy,../../Datasets/BirdClef/audio/Calidris minutilla_Least Sandpiper/XC147355.mp3
train,Calidris minutilla_Least Sandpiper,../../Datasets/BirdClef/features/Calidris minutilla_Least Sandpiper/XC220056.npy,../../Datasets/BirdClef/audio/Calidris minutilla_Least Sandpiper/XC220056.mp3
train,Calidris minutilla_Least Sandpiper,../../Datasets/BirdClef/features/Calidris minutilla_Least Sandpiper/XC147359.npy,../../Datasets/BirdClef/audio/Calidris minutilla_Least Sandpiper/XC147359.mp3
train,Calidris minutilla_Least Sandpiper,../../Datasets/BirdClef/features/Calidris minutilla_Least Sandpiper/XC147354.npy,../../Datasets/BirdClef/audio/Calidris minutilla_Least Sandpiper/XC147354.mp3
train,Calidris pusilla_Semipalmated Sandpiper,../../Datasets/BirdClef/features/Calidris pusilla_Semipalmated Sandpiper/XC406423.npy,../../Datasets/BirdClef/audio/Calidris pusilla_Semipalmated Sandpiper/XC406423.mp3
train,Calidris pusilla_Semipalmated Sandpiper,../../Datasets/BirdClef/features/Calidris pusilla_Semipalmated Sandpiper/XC88803.npy,../../Datasets/BirdClef/audio/Calidris pusilla_Semipalmated Sandpiper/XC88803.mp3
train,Calidris pusilla_Semipalmated Sandpiper,../../Datasets/BirdClef/features/Calidris pusilla_Semipalmated Sandpiper/XC460718.npy,../../Datasets/BirdClef/audio/Calidris pusilla_Semipalmated Sandpiper/XC460718.mp3
train,Calidris pusilla_Semipalmated Sandpiper,../../Datasets/BirdClef/features/Calidris pusilla_Semipalmated Sandpiper/XC323089.npy,../../Datasets/BirdClef/audio/Calidris pusilla_Semipalmated Sandpiper/XC323089.mp3
train,Calidris pusilla_Semipalmated Sandpiper,../../Datasets/BirdClef/features/Calidris pusilla_Semipalmated Sandpiper/XC141734.npy,../../Datasets/BirdClef/audio/Calidris pusilla_Semipalmated Sandpiper/XC141734.mp3
train,Callipepla californica_California Quail,../../Datasets/BirdClef/features/Callipepla californica_California Quail/XC198565.npy,../../Datasets/BirdClef/audio/Callipepla californica_California Quail/XC198565.mp3
train,Callipepla californica_California Quail,../../Datasets/BirdClef/features/Callipepla californica_California Quail/XC466576.npy,../../Datasets/BirdClef/audio/Callipepla californica_California Quail/XC466576.mp3
train,Callipepla californica_California Quail,../../Datasets/BirdClef/features/Callipepla californica_California Quail/XC301764.npy,../../Datasets/BirdClef/audio/Callipepla californica_California Quail/XC301764.mp3
train,Callipepla californica_California Quail,../../Datasets/BirdClef/features/Callipepla californica_California Quail/XC299259.npy,../../Datasets/BirdClef/audio/Callipepla californica_California Quail/XC299259.mp3
train,Callipepla californica_California Quail,../../Datasets/BirdClef/features/Callipepla californica_California Quail/XC297460.npy,../../Datasets/BirdClef/audio/Callipepla californica_California Quail/XC297460.mp3
train,Calypte anna_Anna's Hummingbird,../../Datasets/BirdClef/features/Calypte anna_Anna's Hummingbird/XC42442.npy,../../Datasets/BirdClef/audio/Calypte anna_Anna's Hummingbird/XC42442.mp3
train,Calypte anna_Anna's Hummingbird,../../Datasets/BirdClef/features/Calypte anna_Anna's Hummingbird/XC493338.npy,../../Datasets/BirdClef/audio/Calypte anna_Anna's Hummingbird/XC493338.mp3
train,Calypte anna_Anna's Hummingbird,../../Datasets/BirdClef/features/Calypte anna_Anna's Hummingbird/XC160911.npy,../../Datasets/BirdClef/audio/Calypte anna_Anna's Hummingbird/XC160911.mp3
train,Calypte anna_Anna's Hummingbird,../../Datasets/BirdClef/features/Calypte anna_Anna's Hummingbird/XC80361.npy,../../Datasets/BirdClef/audio/Calypte anna_Anna's Hummingbird/XC80361.mp3
train,Calypte anna_Anna's Hummingbird,../../Datasets/BirdClef/features/Calypte anna_Anna's Hummingbird/XC408456.npy,../../Datasets/BirdClef/audio/Calypte anna_Anna's Hummingbird/XC408456.mp3
train,Campephilus melanoleucos_Crimson-crested Woodpecker,../../Datasets/BirdClef/features/Campephilus melanoleucos_Crimson-crested Woodpecker/XC235604.npy,../../Datasets/BirdClef/audio/Campephilus melanoleucos_Crimson-crested Woodpecker/XC235604.mp3
train,Campephilus melanoleucos_Crimson-crested Woodpecker,../../Datasets/BirdClef/features/Campephilus melanoleucos_Crimson-crested Woodpecker/XC12187.npy,../../Datasets/BirdClef/audio/Campephilus melanoleucos_Crimson-crested Woodpecker/XC12187.mp3
train,Campephilus melanoleucos_Crimson-crested Woodpecker,../../Datasets/BirdClef/features/Campephilus melanoleucos_Crimson-crested Woodpecker/XC1848.npy,../../Datasets/BirdClef/audio/Campephilus melanoleucos_Crimson-crested Woodpecker/XC1848.mp3
train,Campephilus melanoleucos_Crimson-crested Woodpecker,../../Datasets/BirdClef/features/Campephilus melanoleucos_Crimson-crested Woodpecker/XC493630.npy,../../Datasets/BirdClef/audio/Campephilus melanoleucos_Crimson-crested Woodpecker/XC493630.mp3
train,Campephilus melanoleucos_Crimson-crested Woodpecker,../../Datasets/BirdClef/features/Campephilus melanoleucos_Crimson-crested Woodpecker/XC305306.npy,../../Datasets/BirdClef/audio/Campephilus melanoleucos_Crimson-crested Woodpecker/XC305306.mp3
train,Campephilus rubricollis_Red-necked Woodpecker,../../Datasets/BirdClef/features/Campephilus rubricollis_Red-necked Woodpecker/XC220144.npy,../../Datasets/BirdClef/audio/Campephilus rubricollis_Red-necked Woodpecker/XC220144.mp3
train,Campephilus rubricollis_Red-necked Woodpecker,../../Datasets/BirdClef/features/Campephilus rubricollis_Red-necked Woodpecker/XC63216.npy,../../Datasets/BirdClef/audio/Campephilus rubricollis_Red-necked Woodpecker/XC63216.mp3
train,Campephilus rubricollis_Red-necked Woodpecker,../../Datasets/BirdClef/features/Campephilus rubricollis_Red-necked Woodpecker/XC274985.npy,../../Datasets/BirdClef/audio/Campephilus rubricollis_Red-necked Woodpecker/XC274985.mp3
train,Campephilus rubricollis_Red-necked Woodpecker,../../Datasets/BirdClef/features/Campephilus rubricollis_Red-necked Woodpecker/XC67838.npy,../../Datasets/BirdClef/audio/Campephilus rubricollis_Red-necked Woodpecker/XC67838.mp3
train,Campephilus rubricollis_Red-necked Woodpecker,../../Datasets/BirdClef/features/Campephilus rubricollis_Red-necked Woodpecker/XC271865.npy,../../Datasets/BirdClef/audio/Campephilus rubricollis_Red-necked Woodpecker/XC271865.mp3
train,Camptostoma obsoletum_Southern Beardless-Tyrannulet,../../Datasets/BirdClef/features/Camptostoma obsoletum_Southern Beardless-Tyrannulet/XC428321.npy,../../Datasets/BirdClef/audio/Camptostoma obsoletum_Southern Beardless-Tyrannulet/XC428321.mp3
train,Camptostoma obsoletum_Southern Beardless-Tyrannulet,../../Datasets/BirdClef/features/Camptostoma obsoletum_Southern Beardless-Tyrannulet/XC419306.npy,../../Datasets/BirdClef/audio/Camptostoma obsoletum_Southern Beardless-Tyrannulet/XC419306.mp3
train,Camptostoma obsoletum_Southern Beardless-Tyrannulet,../../Datasets/BirdClef/features/Camptostoma obsoletum_Southern Beardless-Tyrannulet/XC257091.npy,../../Datasets/BirdClef/audio/Camptostoma obsoletum_Southern Beardless-Tyrannulet/XC257091.mp3
train,Camptostoma obsoletum_Southern Beardless-Tyrannulet,../../Datasets/BirdClef/features/Camptostoma obsoletum_Southern Beardless-Tyrannulet/XC193223.npy,../../Datasets/BirdClef/audio/Camptostoma obsoletum_Southern Beardless-Tyrannulet/XC193223.mp3
train,Camptostoma obsoletum_Southern Beardless-Tyrannulet,../../Datasets/BirdClef/features/Camptostoma obsoletum_Southern Beardless-Tyrannulet/XC504846.npy,../../Datasets/BirdClef/audio/Camptostoma obsoletum_Southern Beardless-Tyrannulet/XC504846.mp3
train,Campylorhamphus trochilirostris_Red-billed Scythebill,../../Datasets/BirdClef/features/Campylorhamphus trochilirostris_Red-billed Scythebill/XC403682.npy,../../Datasets/BirdClef/audio/Campylorhamphus trochilirostris_Red-billed Scythebill/XC403682.mp3
train,Campylorhamphus trochilirostris_Red-billed Scythebill,../../Datasets/BirdClef/features/Campylorhamphus trochilirostris_Red-billed Scythebill/XC220226.npy,../../Datasets/BirdClef/audio/Campylorhamphus trochilirostris_Red-billed Scythebill/XC220226.mp3
train,Campylorhamphus trochilirostris_Red-billed Scythebill,../../Datasets/BirdClef/features/Campylorhamphus trochilirostris_Red-billed Scythebill/XC220217.npy,../../Datasets/BirdClef/audio/Campylorhamphus trochilirostris_Red-billed Scythebill/XC220217.mp3
train,Campylorhamphus trochilirostris_Red-billed Scythebill,../../Datasets/BirdClef/features/Campylorhamphus trochilirostris_Red-billed Scythebill/XC303093.npy,../../Datasets/BirdClef/audio/Campylorhamphus trochilirostris_Red-billed Scythebill/XC303093.mp3
train,Campylorhamphus trochilirostris_Red-billed Scythebill,../../Datasets/BirdClef/features/Campylorhamphus trochilirostris_Red-billed Scythebill/XC220227.npy,../../Datasets/BirdClef/audio/Campylorhamphus trochilirostris_Red-billed Scythebill/XC220227.mp3
train,Campylorhynchus brunneicapillus_Cactus Wren,../../Datasets/BirdClef/features/Campylorhynchus brunneicapillus_Cactus Wren/XC359385.npy,../../Datasets/BirdClef/audio/Campylorhynchus brunneicapillus_Cactus Wren/XC359385.mp3
train,Campylorhynchus brunneicapillus_Cactus Wren,../../Datasets/BirdClef/features/Campylorhynchus brunneicapillus_Cactus Wren/XC304426.npy,../../Datasets/BirdClef/audio/Campylorhynchus brunneicapillus_Cactus Wren/XC304426.mp3
train,Campylorhynchus brunneicapillus_Cactus Wren,../../Datasets/BirdClef/features/Campylorhynchus brunneicapillus_Cactus Wren/XC220231.npy,../../Datasets/BirdClef/audio/Campylorhynchus brunneicapillus_Cactus Wren/XC220231.mp3
train,Campylorhynchus brunneicapillus_Cactus Wren,../../Datasets/BirdClef/features/Campylorhynchus brunneicapillus_Cactus Wren/XC394387.npy,../../Datasets/BirdClef/audio/Campylorhynchus brunneicapillus_Cactus Wren/XC394387.mp3
train,Campylorhynchus brunneicapillus_Cactus Wren,../../Datasets/BirdClef/features/Campylorhynchus brunneicapillus_Cactus Wren/XC488233.npy,../../Datasets/BirdClef/audio/Campylorhynchus brunneicapillus_Cactus Wren/XC488233.mp3
train,Campylorhynchus turdinus_Thrush-like Wren,../../Datasets/BirdClef/features/Campylorhynchus turdinus_Thrush-like Wren/XC32948.npy,../../Datasets/BirdClef/audio/Campylorhynchus turdinus_Thrush-like Wren/XC32948.mp3
train,Campylorhynchus turdinus_Thrush-like Wren,../../Datasets/BirdClef/features/Campylorhynchus turdinus_Thrush-like Wren/XC196522.npy,../../Datasets/BirdClef/audio/Campylorhynchus turdinus_Thrush-like Wren/XC196522.mp3
train,Campylorhynchus turdinus_Thrush-like Wren,../../Datasets/BirdClef/features/Campylorhynchus turdinus_Thrush-like Wren/XC242306.npy,../../Datasets/BirdClef/audio/Campylorhynchus turdinus_Thrush-like Wren/XC242306.mp3
train,Campylorhynchus turdinus_Thrush-like Wren,../../Datasets/BirdClef/features/Campylorhynchus turdinus_Thrush-like Wren/XC259295.npy,../../Datasets/BirdClef/audio/Campylorhynchus turdinus_Thrush-like Wren/XC259295.mp3
train,Campylorhynchus turdinus_Thrush-like Wren,../../Datasets/BirdClef/features/Campylorhynchus turdinus_Thrush-like Wren/XC259296.npy,../../Datasets/BirdClef/audio/Campylorhynchus turdinus_Thrush-like Wren/XC259296.mp3
train,Cantorchilus leucotis_Buff-breasted Wren,../../Datasets/BirdClef/features/Cantorchilus leucotis_Buff-breasted Wren/XC438972.npy,../../Datasets/BirdClef/audio/Cantorchilus leucotis_Buff-breasted Wren/XC438972.mp3
train,Cantorchilus leucotis_Buff-breasted Wren,../../Datasets/BirdClef/features/Cantorchilus leucotis_Buff-breasted Wren/XC199016.npy,../../Datasets/BirdClef/audio/Cantorchilus leucotis_Buff-breasted Wren/XC199016.mp3
train,Cantorchilus leucotis_Buff-breasted Wren,../../Datasets/BirdClef/features/Cantorchilus leucotis_Buff-breasted Wren/XC211549.npy,../../Datasets/BirdClef/audio/Cantorchilus leucotis_Buff-breasted Wren/XC211549.mp3
train,Cantorchilus leucotis_Buff-breasted Wren,../../Datasets/BirdClef/features/Cantorchilus leucotis_Buff-breasted Wren/XC424616.npy,../../Datasets/BirdClef/audio/Cantorchilus leucotis_Buff-breasted Wren/XC424616.mp3
train,Cantorchilus leucotis_Buff-breasted Wren,../../Datasets/BirdClef/features/Cantorchilus leucotis_Buff-breasted Wren/XC211523.npy,../../Datasets/BirdClef/audio/Cantorchilus leucotis_Buff-breasted Wren/XC211523.mp3
train,Capsiempis flaveola_Yellow Tyrannulet,../../Datasets/BirdClef/features/Capsiempis flaveola_Yellow Tyrannulet/XC13487.npy,../../Datasets/BirdClef/audio/Capsiempis flaveola_Yellow Tyrannulet/XC13487.mp3
train,Capsiempis flaveola_Yellow Tyrannulet,../../Datasets/BirdClef/features/Capsiempis flaveola_Yellow Tyrannulet/XC220385.npy,../../Datasets/BirdClef/audio/Capsiempis flaveola_Yellow Tyrannulet/XC220385.mp3
train,Capsiempis flaveola_Yellow Tyrannulet,../../Datasets/BirdClef/features/Capsiempis flaveola_Yellow Tyrannulet/XC186101.npy,../../Datasets/BirdClef/audio/Capsiempis flaveola_Yellow Tyrannulet/XC186101.mp3
train,Capsiempis flaveola_Yellow Tyrannulet,../../Datasets/BirdClef/features/Capsiempis flaveola_Yellow Tyrannulet/XC205224.npy,../../Datasets/BirdClef/audio/Capsiempis flaveola_Yellow Tyrannulet/XC205224.mp3
train,Capsiempis flaveola_Yellow Tyrannulet,../../Datasets/BirdClef/features/Capsiempis flaveola_Yellow Tyrannulet/XC258759.npy,../../Datasets/BirdClef/audio/Capsiempis flaveola_Yellow Tyrannulet/XC258759.mp3
train,Caracara plancus_Southern Caracara,../../Datasets/BirdClef/features/Caracara plancus_Southern Caracara/XC32733.npy,../../Datasets/BirdClef/audio/Caracara plancus_Southern Caracara/XC32733.mp3
train,Caracara plancus_Southern Caracara,../../Datasets/BirdClef/features/Caracara plancus_Southern Caracara/XC384267.npy,../../Datasets/BirdClef/audio/Caracara plancus_Southern Caracara/XC384267.mp3
train,Caracara plancus_Southern Caracara,../../Datasets/BirdClef/features/Caracara plancus_Southern Caracara/XC373790.npy,../../Datasets/BirdClef/audio/Caracara plancus_Southern Caracara/XC373790.mp3
train,Caracara plancus_Southern Caracara,../../Datasets/BirdClef/features/Caracara plancus_Southern Caracara/XC89446.npy,../../Datasets/BirdClef/audio/Caracara plancus_Southern Caracara/XC89446.mp3
train,Caracara plancus_Southern Caracara,../../Datasets/BirdClef/features/Caracara plancus_Southern Caracara/XC50733.npy,../../Datasets/BirdClef/audio/Caracara plancus_Southern Caracara/XC50733.mp3
train,Cardellina pusilla_Wilson's Warbler,../../Datasets/BirdClef/features/Cardellina pusilla_Wilson's Warbler/XC412808.npy,../../Datasets/BirdClef/audio/Cardellina pusilla_Wilson's Warbler/XC412808.mp3
train,Cardellina pusilla_Wilson's Warbler,../../Datasets/BirdClef/features/Cardellina pusilla_Wilson's Warbler/XC370912.npy,../../Datasets/BirdClef/audio/Cardellina pusilla_Wilson's Warbler/XC370912.mp3
train,Cardellina pusilla_Wilson's Warbler,../../Datasets/BirdClef/features/Cardellina pusilla_Wilson's Warbler/XC412634.npy,../../Datasets/BirdClef/audio/Cardellina pusilla_Wilson's Warbler/XC412634.mp3
train,Cardellina pusilla_Wilson's Warbler,../../Datasets/BirdClef/features/Cardellina pusilla_Wilson's Warbler/XC36974.npy,../../Datasets/BirdClef/audio/Cardellina pusilla_Wilson's Warbler/XC36974.mp3
train,Cardellina pusilla_Wilson's Warbler,../../Datasets/BirdClef/features/Cardellina pusilla_Wilson's Warbler/XC406214.npy,../../Datasets/BirdClef/audio/Cardellina pusilla_Wilson's Warbler/XC406214.mp3
train,Cardinalis cardinalis_Northern Cardinal,../../Datasets/BirdClef/features/Cardinalis cardinalis_Northern Cardinal/XC383941.npy,../../Datasets/BirdClef/audio/Cardinalis cardinalis_Northern Cardinal/XC383941.mp3
train,Cardinalis cardinalis_Northern Cardinal,../../Datasets/BirdClef/features/Cardinalis cardinalis_Northern Cardinal/XC370880.npy,../../Datasets/BirdClef/audio/Cardinalis cardinalis_Northern Cardinal/XC370880.mp3
train,Cardinalis cardinalis_Northern Cardinal,../../Datasets/BirdClef/features/Cardinalis cardinalis_Northern Cardinal/XC18344.npy,../../Datasets/BirdClef/audio/Cardinalis cardinalis_Northern Cardinal/XC18344.mp3
train,Cardinalis cardinalis_Northern Cardinal,../../Datasets/BirdClef/features/Cardinalis cardinalis_Northern Cardinal/XC418321.npy,../../Datasets/BirdClef/audio/Cardinalis cardinalis_Northern Cardinal/XC418321.mp3
train,Cardinalis cardinalis_Northern Cardinal,../../Datasets/BirdClef/features/Cardinalis cardinalis_Northern Cardinal/XC452048.npy,../../Datasets/BirdClef/audio/Cardinalis cardinalis_Northern Cardinal/XC452048.mp3
train,Carduelis carduelis_European Goldfinch,../../Datasets/BirdClef/features/Carduelis carduelis_European Goldfinch/XC366113.npy,../../Datasets/BirdClef/audio/Carduelis carduelis_European Goldfinch/XC366113.mp3
train,Carduelis carduelis_European Goldfinch,../../Datasets/BirdClef/features/Carduelis carduelis_European Goldfinch/XC349911.npy,../../Datasets/BirdClef/audio/Carduelis carduelis_European Goldfinch/XC349911.mp3
train,Carduelis carduelis_European Goldfinch,../../Datasets/BirdClef/features/Carduelis carduelis_European Goldfinch/XC422656.npy,../../Datasets/BirdClef/audio/Carduelis carduelis_European Goldfinch/XC422656.mp3
train,Carduelis carduelis_European Goldfinch,../../Datasets/BirdClef/features/Carduelis carduelis_European Goldfinch/XC377430.npy,../../Datasets/BirdClef/audio/Carduelis carduelis_European Goldfinch/XC377430.mp3
train,Carduelis carduelis_European Goldfinch,../../Datasets/BirdClef/features/Carduelis carduelis_European Goldfinch/XC398731.npy,../../Datasets/BirdClef/audio/Carduelis carduelis_European Goldfinch/XC398731.mp3
train,Catharus fuscescens_Veery,../../Datasets/BirdClef/features/Catharus fuscescens_Veery/XC362634.npy,../../Datasets/BirdClef/audio/Catharus fuscescens_Veery/XC362634.mp3
train,Catharus fuscescens_Veery,../../Datasets/BirdClef/features/Catharus fuscescens_Veery/XC138306.npy,../../Datasets/BirdClef/audio/Catharus fuscescens_Veery/XC138306.mp3
train,Catharus fuscescens_Veery,../../Datasets/BirdClef/features/Catharus fuscescens_Veery/XC320423.npy,../../Datasets/BirdClef/audio/Catharus fuscescens_Veery/XC320423.mp3
train,Catharus fuscescens_Veery,../../Datasets/BirdClef/features/Catharus fuscescens_Veery/XC149630.npy,../../Datasets/BirdClef/audio/Catharus fuscescens_Veery/XC149630.mp3
train,Catharus fuscescens_Veery,../../Datasets/BirdClef/features/Catharus fuscescens_Veery/XC390770.npy,../../Datasets/BirdClef/audio/Catharus fuscescens_Veery/XC390770.mp3
train,Catharus guttatus_Hermit Thrush,../../Datasets/BirdClef/features/Catharus guttatus_Hermit Thrush/XC138247.npy,../../Datasets/BirdClef/audio/Catharus guttatus_Hermit Thrush/XC138247.mp3
train,Catharus guttatus_Hermit Thrush,../../Datasets/BirdClef/features/Catharus guttatus_Hermit Thrush/XC137542.npy,../../Datasets/BirdClef/audio/Catharus guttatus_Hermit Thrush/XC137542.mp3
train,Catharus guttatus_Hermit Thrush,../../Datasets/BirdClef/features/Catharus guttatus_Hermit Thrush/XC22067.npy,../../Datasets/BirdClef/audio/Catharus guttatus_Hermit Thrush/XC22067.mp3
train,Catharus guttatus_Hermit Thrush,../../Datasets/BirdClef/features/Catharus guttatus_Hermit Thrush/XC179314.npy,../../Datasets/BirdClef/audio/Catharus guttatus_Hermit Thrush/XC179314.mp3
train,Catharus guttatus_Hermit Thrush,../../Datasets/BirdClef/features/Catharus guttatus_Hermit Thrush/XC58683.npy,../../Datasets/BirdClef/audio/Catharus guttatus_Hermit Thrush/XC58683.mp3
train,Catharus ustulatus_Swainson's Thrush,../../Datasets/BirdClef/features/Catharus ustulatus_Swainson's Thrush/XC269027.npy,../../Datasets/BirdClef/audio/Catharus ustulatus_Swainson's Thrush/XC269027.mp3
train,Catharus ustulatus_Swainson's Thrush,../../Datasets/BirdClef/features/Catharus ustulatus_Swainson's Thrush/XC194219.npy,../../Datasets/BirdClef/audio/Catharus ustulatus_Swainson's Thrush/XC194219.mp3
train,Catharus ustulatus_Swainson's Thrush,../../Datasets/BirdClef/features/Catharus ustulatus_Swainson's Thrush/XC190931.npy,../../Datasets/BirdClef/audio/Catharus ustulatus_Swainson's Thrush/XC190931.mp3
train,Catharus ustulatus_Swainson's Thrush,../../Datasets/BirdClef/features/Catharus ustulatus_Swainson's Thrush/XC325253.npy,../../Datasets/BirdClef/audio/Catharus ustulatus_Swainson's Thrush/XC325253.mp3
train,Catharus ustulatus_Swainson's Thrush,../../Datasets/BirdClef/features/Catharus ustulatus_Swainson's Thrush/XC79578.npy,../../Datasets/BirdClef/audio/Catharus ustulatus_Swainson's Thrush/XC79578.mp3
train,Catherpes mexicanus_Canyon Wren,../../Datasets/BirdClef/features/Catherpes mexicanus_Canyon Wren/XC419037.npy,../../Datasets/BirdClef/audio/Catherpes mexicanus_Canyon Wren/XC419037.mp3
train,Catherpes mexicanus_Canyon Wren,../../Datasets/BirdClef/features/Catherpes mexicanus_Canyon Wren/XC318753.npy,../../Datasets/BirdClef/audio/Catherpes mexicanus_Canyon Wren/XC318753.mp3
train,Catherpes mexicanus_Canyon Wren,../../Datasets/BirdClef/features/Catherpes mexicanus_Canyon Wren/XC194508.npy,../../Datasets/BirdClef/audio/Catherpes mexicanus_Canyon Wren/XC194508.mp3
train,Catherpes mexicanus_Canyon Wren,../../Datasets/BirdClef/features/Catherpes mexicanus_Canyon Wren/XC341851.npy,../../Datasets/BirdClef/audio/Catherpes mexicanus_Canyon Wren/XC341851.mp3
train,Catherpes mexicanus_Canyon Wren,../../Datasets/BirdClef/features/Catherpes mexicanus_Canyon Wren/XC178526.npy,../../Datasets/BirdClef/audio/Catherpes mexicanus_Canyon Wren/XC178526.mp3
train,Celeus flavus_Cream-colored Woodpecker,../../Datasets/BirdClef/features/Celeus flavus_Cream-colored Woodpecker/XC87448.npy,../../Datasets/BirdClef/audio/Celeus flavus_Cream-colored Woodpecker/XC87448.mp3
train,Celeus flavus_Cream-colored Woodpecker,../../Datasets/BirdClef/features/Celeus flavus_Cream-colored Woodpecker/XC46240.npy,../../Datasets/BirdClef/audio/Celeus flavus_Cream-colored Woodpecker/XC46240.mp3
train,Celeus flavus_Cream-colored Woodpecker,../../Datasets/BirdClef/features/Celeus flavus_Cream-colored Woodpecker/XC330977.npy,../../Datasets/BirdClef/audio/Celeus flavus_Cream-colored Woodpecker/XC330977.mp3
train,Celeus flavus_Cream-colored Woodpecker,../../Datasets/BirdClef/features/Celeus flavus_Cream-colored Woodpecker/XC87447.npy,../../Datasets/BirdClef/audio/Celeus flavus_Cream-colored Woodpecker/XC87447.mp3
train,Celeus flavus_Cream-colored Woodpecker,../../Datasets/BirdClef/features/Celeus flavus_Cream-colored Woodpecker/XC369906.npy,../../Datasets/BirdClef/audio/Celeus flavus_Cream-colored Woodpecker/XC369906.mp3
train,Celeus grammicus_Scale-breasted Woodpecker,../../Datasets/BirdClef/features/Celeus grammicus_Scale-breasted Woodpecker/XC148391.npy,../../Datasets/BirdClef/audio/Celeus grammicus_Scale-breasted Woodpecker/XC148391.mp3
train,Celeus grammicus_Scale-breasted Woodpecker,../../Datasets/BirdClef/features/Celeus grammicus_Scale-breasted Woodpecker/XC452935.npy,../../Datasets/BirdClef/audio/Celeus grammicus_Scale-breasted Woodpecker/XC452935.mp3
train,Celeus grammicus_Scale-breasted Woodpecker,../../Datasets/BirdClef/features/Celeus grammicus_Scale-breasted Woodpecker/XC5723.npy,../../Datasets/BirdClef/audio/Celeus grammicus_Scale-breasted Woodpecker/XC5723.mp3
train,Celeus grammicus_Scale-breasted Woodpecker,../../Datasets/BirdClef/features/Celeus grammicus_Scale-breasted Woodpecker/XC199745.npy,../../Datasets/BirdClef/audio/Celeus grammicus_Scale-breasted Woodpecker/XC199745.mp3
train,Celeus grammicus_Scale-breasted Woodpecker,../../Datasets/BirdClef/features/Celeus grammicus_Scale-breasted Woodpecker/XC270638.npy,../../Datasets/BirdClef/audio/Celeus grammicus_Scale-breasted Woodpecker/XC270638.mp3
train,Celeus torquatus_Ringed Woodpecker,../../Datasets/BirdClef/features/Celeus torquatus_Ringed Woodpecker/XC423600.npy,../../Datasets/BirdClef/audio/Celeus torquatus_Ringed Woodpecker/XC423600.mp3
train,Celeus torquatus_Ringed Woodpecker,../../Datasets/BirdClef/features/Celeus torquatus_Ringed Woodpecker/XC171872.npy,../../Datasets/BirdClef/audio/Celeus torquatus_Ringed Woodpecker/XC171872.mp3
train,Celeus torquatus_Ringed Woodpecker,../../Datasets/BirdClef/features/Celeus torquatus_Ringed Woodpecker/XC39141.npy,../../Datasets/BirdClef/audio/Celeus torquatus_Ringed Woodpecker/XC39141.mp3
train,Celeus torquatus_Ringed Woodpecker,../../Datasets/BirdClef/features/Celeus torquatus_Ringed Woodpecker/XC272370.npy,../../Datasets/BirdClef/audio/Celeus torquatus_Ringed Woodpecker/XC272370.mp3
train,Celeus torquatus_Ringed Woodpecker,../../Datasets/BirdClef/features/Celeus torquatus_Ringed Woodpecker/XC220682.npy,../../Datasets/BirdClef/audio/Celeus torquatus_Ringed Woodpecker/XC220682.mp3
train,Ceratopipra rubrocapilla_Red-headed Manakin,../../Datasets/BirdClef/features/Ceratopipra rubrocapilla_Red-headed Manakin/XC320680.npy,../../Datasets/BirdClef/audio/Ceratopipra rubrocapilla_Red-headed Manakin/XC320680.mp3
train,Ceratopipra rubrocapilla_Red-headed Manakin,../../Datasets/BirdClef/features/Ceratopipra rubrocapilla_Red-headed Manakin/XC200108.npy,../../Datasets/BirdClef/audio/Ceratopipra rubrocapilla_Red-headed Manakin/XC200108.mp3
train,Ceratopipra rubrocapilla_Red-headed Manakin,../../Datasets/BirdClef/features/Ceratopipra rubrocapilla_Red-headed Manakin/XC409912.npy,../../Datasets/BirdClef/audio/Ceratopipra rubrocapilla_Red-headed Manakin/XC409912.mp3
train,Ceratopipra rubrocapilla_Red-headed Manakin,../../Datasets/BirdClef/features/Ceratopipra rubrocapilla_Red-headed Manakin/XC95466.npy,../../Datasets/BirdClef/audio/Ceratopipra rubrocapilla_Red-headed Manakin/XC95466.mp3
train,Ceratopipra rubrocapilla_Red-headed Manakin,../../Datasets/BirdClef/features/Ceratopipra rubrocapilla_Red-headed Manakin/XC289085.npy,../../Datasets/BirdClef/audio/Ceratopipra rubrocapilla_Red-headed Manakin/XC289085.mp3
train,Cercomacra cinerascens_Gray Antbird,../../Datasets/BirdClef/features/Cercomacra cinerascens_Gray Antbird/XC216510.npy,../../Datasets/BirdClef/audio/Cercomacra cinerascens_Gray Antbird/XC216510.mp3
train,Cercomacra cinerascens_Gray Antbird,../../Datasets/BirdClef/features/Cercomacra cinerascens_Gray Antbird/XC224965.npy,../../Datasets/BirdClef/audio/Cercomacra cinerascens_Gray Antbird/XC224965.mp3
train,Cercomacra cinerascens_Gray Antbird,../../Datasets/BirdClef/features/Cercomacra cinerascens_Gray Antbird/XC220700.npy,../../Datasets/BirdClef/audio/Cercomacra cinerascens_Gray Antbird/XC220700.mp3
train,Cercomacra cinerascens_Gray Antbird,../../Datasets/BirdClef/features/Cercomacra cinerascens_Gray Antbird/XC249903.npy,../../Datasets/BirdClef/audio/Cercomacra cinerascens_Gray Antbird/XC249903.mp3
train,Cercomacra cinerascens_Gray Antbird,../../Datasets/BirdClef/features/Cercomacra cinerascens_Gray Antbird/XC220704.npy,../../Datasets/BirdClef/audio/Cercomacra cinerascens_Gray Antbird/XC220704.mp3
train,Cercomacra manu_Manu Antbird,../../Datasets/BirdClef/features/Cercomacra manu_Manu Antbird/XC63247.npy,../../Datasets/BirdClef/audio/Cercomacra manu_Manu Antbird/XC63247.mp3
train,Cercomacra manu_Manu Antbird,../../Datasets/BirdClef/features/Cercomacra manu_Manu Antbird/XC220717.npy,../../Datasets/BirdClef/audio/Cercomacra manu_Manu Antbird/XC220717.mp3
train,Cercomacra manu_Manu Antbird,../../Datasets/BirdClef/features/Cercomacra manu_Manu Antbird/XC20954.npy,../../Datasets/BirdClef/audio/Cercomacra manu_Manu Antbird/XC20954.mp3
train,Cercomacra manu_Manu Antbird,../../Datasets/BirdClef/features/Cercomacra manu_Manu Antbird/XC29836.npy,../../Datasets/BirdClef/audio/Cercomacra manu_Manu Antbird/XC29836.mp3
train,Cercomacra manu_Manu Antbird,../../Datasets/BirdClef/features/Cercomacra manu_Manu Antbird/XC12033.npy,../../Datasets/BirdClef/audio/Cercomacra manu_Manu Antbird/XC12033.mp3
train,Cercomacroides fuscicauda_Riparian Antbird,../../Datasets/BirdClef/features/Cercomacroides fuscicauda_Riparian Antbird/XC22383.npy,../../Datasets/BirdClef/audio/Cercomacroides fuscicauda_Riparian Antbird/XC22383.mp3
train,Cercomacroides fuscicauda_Riparian Antbird,../../Datasets/BirdClef/features/Cercomacroides fuscicauda_Riparian Antbird/XC66586.npy,../../Datasets/BirdClef/audio/Cercomacroides fuscicauda_Riparian Antbird/XC66586.mp3
train,Cercomacroides fuscicauda_Riparian Antbird,../../Datasets/BirdClef/features/Cercomacroides fuscicauda_Riparian Antbird/XC436422.npy,../../Datasets/BirdClef/audio/Cercomacroides fuscicauda_Riparian Antbird/XC436422.mp3
train,Cercomacroides fuscicauda_Riparian Antbird,../../Datasets/BirdClef/features/Cercomacroides fuscicauda_Riparian Antbird/XC41537.npy,../../Datasets/BirdClef/audio/Cercomacroides fuscicauda_Riparian Antbird/XC41537.mp3
train,Cercomacroides fuscicauda_Riparian Antbird,../../Datasets/BirdClef/features/Cercomacroides fuscicauda_Riparian Antbird/XC47550.npy,../../Datasets/BirdClef/audio/Cercomacroides fuscicauda_Riparian Antbird/XC47550.mp3
train,Cercomacroides serva_Black Antbird,../../Datasets/BirdClef/features/Cercomacroides serva_Black Antbird/XC220755.npy,../../Datasets/BirdClef/audio/Cercomacroides serva_Black Antbird/XC220755.mp3
train,Cercomacroides serva_Black Antbird,../../Datasets/BirdClef/features/Cercomacroides serva_Black Antbird/XC249951.npy,../../Datasets/BirdClef/audio/Cercomacroides serva_Black Antbird/XC249951.mp3
train,Cercomacroides serva_Black Antbird,../../Datasets/BirdClef/features/Cercomacroides serva_Black Antbird/XC63255.npy,../../Datasets/BirdClef/audio/Cercomacroides serva_Black Antbird/XC63255.mp3
train,Cercomacroides serva_Black Antbird,../../Datasets/BirdClef/features/Cercomacroides serva_Black Antbird/XC220752.npy,../../Datasets/BirdClef/audio/Cercomacroides serva_Black Antbird/XC220752.mp3
train,Cercomacroides serva_Black Antbird,../../Datasets/BirdClef/features/Cercomacroides serva_Black Antbird/XC180306.npy,../../Datasets/BirdClef/audio/Cercomacroides serva_Black Antbird/XC180306.mp3
train,Certhia americana_Brown Creeper,../../Datasets/BirdClef/features/Certhia americana_Brown Creeper/XC121046.npy,../../Datasets/BirdClef/audio/Certhia americana_Brown Creeper/XC121046.mp3
train,Certhia americana_Brown Creeper,../../Datasets/BirdClef/features/Certhia americana_Brown Creeper/XC1367.npy,../../Datasets/BirdClef/audio/Certhia americana_Brown Creeper/XC1367.mp3
train,Certhia americana_Brown Creeper,../../Datasets/BirdClef/features/Certhia americana_Brown Creeper/XC122640.npy,../../Datasets/BirdClef/audio/Certhia americana_Brown Creeper/XC122640.mp3
train,Certhia americana_Brown Creeper,../../Datasets/BirdClef/features/Certhia americana_Brown Creeper/XC70721.npy,../../Datasets/BirdClef/audio/Certhia americana_Brown Creeper/XC70721.mp3
train,Certhia americana_Brown Creeper,../../Datasets/BirdClef/features/Certhia americana_Brown Creeper/XC105330.npy,../../Datasets/BirdClef/audio/Certhia americana_Brown Creeper/XC105330.mp3
train,Certhia brachydactyla_Short-toed Treecreeper,../../Datasets/BirdClef/features/Certhia brachydactyla_Short-toed Treecreeper/XC386949.npy,../../Datasets/BirdClef/audio/Certhia brachydactyla_Short-toed Treecreeper/XC386949.mp3
train,Certhia brachydactyla_Short-toed Treecreeper,../../Datasets/BirdClef/features/Certhia brachydactyla_Short-toed Treecreeper/XC457048.npy,../../Datasets/BirdClef/audio/Certhia brachydactyla_Short-toed Treecreeper/XC457048.mp3
train,Certhia brachydactyla_Short-toed Treecreeper,../../Datasets/BirdClef/features/Certhia brachydactyla_Short-toed Treecreeper/XC331786.npy,../../Datasets/BirdClef/audio/Certhia brachydactyla_Short-toed Treecreeper/XC331786.mp3
train,Certhia brachydactyla_Short-toed Treecreeper,../../Datasets/BirdClef/features/Certhia brachydactyla_Short-toed Treecreeper/XC309117.npy,../../Datasets/BirdClef/audio/Certhia brachydactyla_Short-toed Treecreeper/XC309117.mp3
train,Certhia brachydactyla_Short-toed Treecreeper,../../Datasets/BirdClef/features/Certhia brachydactyla_Short-toed Treecreeper/XC53734.npy,../../Datasets/BirdClef/audio/Certhia brachydactyla_Short-toed Treecreeper/XC53734.mp3
train,Certhia familiaris_Eurasian Treecreeper,../../Datasets/BirdClef/features/Certhia familiaris_Eurasian Treecreeper/XC332359.npy,../../Datasets/BirdClef/audio/Certhia familiaris_Eurasian Treecreeper/XC332359.mp3
train,Certhia familiaris_Eurasian Treecreeper,../../Datasets/BirdClef/features/Certhia familiaris_Eurasian Treecreeper/XC460918.npy,../../Datasets/BirdClef/audio/Certhia familiaris_Eurasian Treecreeper/XC460918.mp3
train,Certhia familiaris_Eurasian Treecreeper,../../Datasets/BirdClef/features/Certhia familiaris_Eurasian Treecreeper/XC487431.npy,../../Datasets/BirdClef/audio/Certhia familiaris_Eurasian Treecreeper/XC487431.mp3
train,Certhia familiaris_Eurasian Treecreeper,../../Datasets/BirdClef/features/Certhia familiaris_Eurasian Treecreeper/XC372177.npy,../../Datasets/BirdClef/audio/Certhia familiaris_Eurasian Treecreeper/XC372177.mp3
train,Certhia familiaris_Eurasian Treecreeper,../../Datasets/BirdClef/features/Certhia familiaris_Eurasian Treecreeper/XC394421.npy,../../Datasets/BirdClef/audio/Certhia familiaris_Eurasian Treecreeper/XC394421.mp3
train,Chaetura cinereiventris_Gray-rumped Swift,../../Datasets/BirdClef/features/Chaetura cinereiventris_Gray-rumped Swift/XC220834.npy,../../Datasets/BirdClef/audio/Chaetura cinereiventris_Gray-rumped Swift/XC220834.mp3
train,Chaetura cinereiventris_Gray-rumped Swift,../../Datasets/BirdClef/features/Chaetura cinereiventris_Gray-rumped Swift/XC117082.npy,../../Datasets/BirdClef/audio/Chaetura cinereiventris_Gray-rumped Swift/XC117082.mp3
train,Chaetura cinereiventris_Gray-rumped Swift,../../Datasets/BirdClef/features/Chaetura cinereiventris_Gray-rumped Swift/XC41902.npy,../../Datasets/BirdClef/audio/Chaetura cinereiventris_Gray-rumped Swift/XC41902.mp3
train,Chaetura cinereiventris_Gray-rumped Swift,../../Datasets/BirdClef/features/Chaetura cinereiventris_Gray-rumped Swift/XC11291.npy,../../Datasets/BirdClef/audio/Chaetura cinereiventris_Gray-rumped Swift/XC11291.mp3
train,Chaetura cinereiventris_Gray-rumped Swift,../../Datasets/BirdClef/features/Chaetura cinereiventris_Gray-rumped Swift/XC5419.npy,../../Datasets/BirdClef/audio/Chaetura cinereiventris_Gray-rumped Swift/XC5419.mp3
train,Charadrius dubius_Little Ringed Plover,../../Datasets/BirdClef/features/Charadrius dubius_Little Ringed Plover/XC318419.npy,../../Datasets/BirdClef/audio/Charadrius dubius_Little Ringed Plover/XC318419.mp3
train,Charadrius dubius_Little Ringed Plover,../../Datasets/BirdClef/features/Charadrius dubius_Little Ringed Plover/XC281059.npy,../../Datasets/BirdClef/audio/Charadrius dubius_Little Ringed Plover/XC281059.mp3
train,Charadrius dubius_Little Ringed Plover,../../Datasets/BirdClef/features/Charadrius dubius_Little Ringed Plover/XC281055.npy,../../Datasets/BirdClef/audio/Charadrius dubius_Little Ringed Plover/XC281055.mp3
train,Charadrius dubius_Little Ringed Plover,../../Datasets/BirdClef/features/Charadrius dubius_Little Ringed Plover/XC341979.npy,../../Datasets/BirdClef/audio/Charadrius dubius_Little Ringed Plover/XC341979.mp3
train,Charadrius dubius_Little Ringed Plover,../../Datasets/BirdClef/features/Charadrius dubius_Little Ringed Plover/XC139384.npy,../../Datasets/BirdClef/audio/Charadrius dubius_Little Ringed Plover/XC139384.mp3
train,Charadrius morinellus_Eurasian Dotterel,../../Datasets/BirdClef/features/Charadrius morinellus_Eurasian Dotterel/XC493798.npy,../../Datasets/BirdClef/audio/Charadrius morinellus_Eurasian Dotterel/XC493798.mp3
train,Charadrius morinellus_Eurasian Dotterel,../../Datasets/BirdClef/features/Charadrius morinellus_Eurasian Dotterel/XC156244.npy,../../Datasets/BirdClef/audio/Charadrius morinellus_Eurasian Dotterel/XC156244.mp3
train,Charadrius morinellus_Eurasian Dotterel,../../Datasets/BirdClef/features/Charadrius morinellus_Eurasian Dotterel/XC436492.npy,../../Datasets/BirdClef/audio/Charadrius morinellus_Eurasian Dotterel/XC436492.mp3
train,Charadrius morinellus_Eurasian Dotterel,../../Datasets/BirdClef/features/Charadrius morinellus_Eurasian Dotterel/XC284315.npy,../../Datasets/BirdClef/audio/Charadrius morinellus_Eurasian Dotterel/XC284315.mp3
train,Charadrius morinellus_Eurasian Dotterel,../../Datasets/BirdClef/features/Charadrius morinellus_Eurasian Dotterel/XC107053.npy,../../Datasets/BirdClef/audio/Charadrius morinellus_Eurasian Dotterel/XC107053.mp3
train,Charadrius semipalmatus_Semipalmated Plover,../../Datasets/BirdClef/features/Charadrius semipalmatus_Semipalmated Plover/XC460727.npy,../../Datasets/BirdClef/audio/Charadrius semipalmatus_Semipalmated Plover/XC460727.mp3
train,Charadrius semipalmatus_Semipalmated Plover,../../Datasets/BirdClef/features/Charadrius semipalmatus_Semipalmated Plover/XC257555.npy,../../Datasets/BirdClef/audio/Charadrius semipalmatus_Semipalmated Plover/XC257555.mp3
train,Charadrius semipalmatus_Semipalmated Plover,../../Datasets/BirdClef/features/Charadrius semipalmatus_Semipalmated Plover/XC494941.npy,../../Datasets/BirdClef/audio/Charadrius semipalmatus_Semipalmated Plover/XC494941.mp3
train,Charadrius semipalmatus_Semipalmated Plover,../../Datasets/BirdClef/features/Charadrius semipalmatus_Semipalmated Plover/XC44053.npy,../../Datasets/BirdClef/audio/Charadrius semipalmatus_Semipalmated Plover/XC44053.mp3
train,Charadrius semipalmatus_Semipalmated Plover,../../Datasets/BirdClef/features/Charadrius semipalmatus_Semipalmated Plover/XC104579.npy,../../Datasets/BirdClef/audio/Charadrius semipalmatus_Semipalmated Plover/XC104579.mp3
train,Charadrius vociferus_Killdeer,../../Datasets/BirdClef/features/Charadrius vociferus_Killdeer/XC322772.npy,../../Datasets/BirdClef/audio/Charadrius vociferus_Killdeer/XC322772.mp3
train,Charadrius vociferus_Killdeer,../../Datasets/BirdClef/features/Charadrius vociferus_Killdeer/XC169202.npy,../../Datasets/BirdClef/audio/Charadrius vociferus_Killdeer/XC169202.mp3
train,Charadrius vociferus_Killdeer,../../Datasets/BirdClef/features/Charadrius vociferus_Killdeer/XC128228.npy,../../Datasets/BirdClef/audio/Charadrius vociferus_Killdeer/XC128228.mp3
train,Charadrius vociferus_Killdeer,../../Datasets/BirdClef/features/Charadrius vociferus_Killdeer/XC251993.npy,../../Datasets/BirdClef/audio/Charadrius vociferus_Killdeer/XC251993.mp3
train,Charadrius vociferus_Killdeer,../../Datasets/BirdClef/features/Charadrius vociferus_Killdeer/XC177796.npy,../../Datasets/BirdClef/audio/Charadrius vociferus_Killdeer/XC177796.mp3
train,Chauna torquata_Southern Screamer,../../Datasets/BirdClef/features/Chauna torquata_Southern Screamer/XC61754.npy,../../Datasets/BirdClef/audio/Chauna torquata_Southern Screamer/XC61754.mp3
train,Chauna torquata_Southern Screamer,../../Datasets/BirdClef/features/Chauna torquata_Southern Screamer/XC51892.npy,../../Datasets/BirdClef/audio/Chauna torquata_Southern Screamer/XC51892.mp3
train,Chauna torquata_Southern Screamer,../../Datasets/BirdClef/features/Chauna torquata_Southern Screamer/XC50359.npy,../../Datasets/BirdClef/audio/Chauna torquata_Southern Screamer/XC50359.mp3
train,Chauna torquata_Southern Screamer,../../Datasets/BirdClef/features/Chauna torquata_Southern Screamer/XC149537.npy,../../Datasets/BirdClef/audio/Chauna torquata_Southern Screamer/XC149537.mp3
train,Chauna torquata_Southern Screamer,../../Datasets/BirdClef/features/Chauna torquata_Southern Screamer/XC181373.npy,../../Datasets/BirdClef/audio/Chauna torquata_Southern Screamer/XC181373.mp3
train,Chiroxiphia pareola_Blue-backed Manakin,../../Datasets/BirdClef/features/Chiroxiphia pareola_Blue-backed Manakin/XC220967.npy,../../Datasets/BirdClef/audio/Chiroxiphia pareola_Blue-backed Manakin/XC220967.mp3
train,Chiroxiphia pareola_Blue-backed Manakin,../../Datasets/BirdClef/features/Chiroxiphia pareola_Blue-backed Manakin/XC220960.npy,../../Datasets/BirdClef/audio/Chiroxiphia pareola_Blue-backed Manakin/XC220960.mp3
train,Chiroxiphia pareola_Blue-backed Manakin,../../Datasets/BirdClef/features/Chiroxiphia pareola_Blue-backed Manakin/XC197202.npy,../../Datasets/BirdClef/audio/Chiroxiphia pareola_Blue-backed Manakin/XC197202.mp3
train,Chiroxiphia pareola_Blue-backed Manakin,../../Datasets/BirdClef/features/Chiroxiphia pareola_Blue-backed Manakin/XC220962.npy,../../Datasets/BirdClef/audio/Chiroxiphia pareola_Blue-backed Manakin/XC220962.mp3
train,Chiroxiphia pareola_Blue-backed Manakin,../../Datasets/BirdClef/features/Chiroxiphia pareola_Blue-backed Manakin/XC94722.npy,../../Datasets/BirdClef/audio/Chiroxiphia pareola_Blue-backed Manakin/XC94722.mp3
train,Chloris chloris_European Greenfinch,../../Datasets/BirdClef/features/Chloris chloris_European Greenfinch/XC202316.npy,../../Datasets/BirdClef/audio/Chloris chloris_European Greenfinch/XC202316.mp3
train,Chloris chloris_European Greenfinch,../../Datasets/BirdClef/features/Chloris chloris_European Greenfinch/XC281764.npy,../../Datasets/BirdClef/audio/Chloris chloris_European Greenfinch/XC281764.mp3
train,Chloris chloris_European Greenfinch,../../Datasets/BirdClef/features/Chloris chloris_European Greenfinch/XC263904.npy,../../Datasets/BirdClef/audio/Chloris chloris_European Greenfinch/XC263904.mp3
train,Chloris chloris_European Greenfinch,../../Datasets/BirdClef/features/Chloris chloris_European Greenfinch/XC350661.npy,../../Datasets/BirdClef/audio/Chloris chloris_European Greenfinch/XC350661.mp3
train,Chloris chloris_European Greenfinch,../../Datasets/BirdClef/features/Chloris chloris_European Greenfinch/XC127741.npy,../../Datasets/BirdClef/audio/Chloris chloris_European Greenfinch/XC127741.mp3
train,Chloroceryle amazona_Amazon Kingfisher,../../Datasets/BirdClef/features/Chloroceryle amazona_Amazon Kingfisher/XC75713.npy,../../Datasets/BirdClef/audio/Chloroceryle amazona_Amazon Kingfisher/XC75713.mp3
train,Chloroceryle amazona_Amazon Kingfisher,../../Datasets/BirdClef/features/Chloroceryle amazona_Amazon Kingfisher/XC119209.npy,../../Datasets/BirdClef/audio/Chloroceryle amazona_Amazon Kingfisher/XC119209.mp3
train,Chloroceryle amazona_Amazon Kingfisher,../../Datasets/BirdClef/features/Chloroceryle amazona_Amazon Kingfisher/XC13492.npy,../../Datasets/BirdClef/audio/Chloroceryle amazona_Amazon Kingfisher/XC13492.mp3
train,Chloroceryle amazona_Amazon Kingfisher,../../Datasets/BirdClef/features/Chloroceryle amazona_Amazon Kingfisher/XC66016.npy,../../Datasets/BirdClef/audio/Chloroceryle amazona_Amazon Kingfisher/XC66016.mp3
train,Chloroceryle amazona_Amazon Kingfisher,../../Datasets/BirdClef/features/Chloroceryle amazona_Amazon Kingfisher/XC1881.npy,../../Datasets/BirdClef/audio/Chloroceryle amazona_Amazon Kingfisher/XC1881.mp3
train,Chloroceryle americana_Green Kingfisher,../../Datasets/BirdClef/features/Chloroceryle americana_Green Kingfisher/XC16351.npy,../../Datasets/BirdClef/audio/Chloroceryle americana_Green Kingfisher/XC16351.mp3
train,Chloroceryle americana_Green Kingfisher,../../Datasets/BirdClef/features/Chloroceryle americana_Green Kingfisher/XC238132.npy,../../Datasets/BirdClef/audio/Chloroceryle americana_Green Kingfisher/XC238132.mp3
train,Chloroceryle americana_Green Kingfisher,../../Datasets/BirdClef/features/Chloroceryle americana_Green Kingfisher/XC57591.npy,../../Datasets/BirdClef/audio/Chloroceryle americana_Green Kingfisher/XC57591.mp3
train,Chloroceryle americana_Green Kingfisher,../../Datasets/BirdClef/features/Chloroceryle americana_Green Kingfisher/XC257919.npy,../../Datasets/BirdClef/audio/Chloroceryle americana_Green Kingfisher/XC257919.mp3
train,Chloroceryle americana_Green Kingfisher,../../Datasets/BirdClef/features/Chloroceryle americana_Green Kingfisher/XC400952.npy,../../Datasets/BirdClef/audio/Chloroceryle americana_Green Kingfisher/XC400952.mp3
train,Chlorophonia cyanea_Blue-naped Chlorophonia,../../Datasets/BirdClef/features/Chlorophonia cyanea_Blue-naped Chlorophonia/XC299658.npy,../../Datasets/BirdClef/audio/Chlorophonia cyanea_Blue-naped Chlorophonia/XC299658.mp3
train,Chlorophonia cyanea_Blue-naped Chlorophonia,../../Datasets/BirdClef/features/Chlorophonia cyanea_Blue-naped Chlorophonia/XC174490.npy,../../Datasets/BirdClef/audio/Chlorophonia cyanea_Blue-naped Chlorophonia/XC174490.mp3
train,Chlorophonia cyanea_Blue-naped Chlorophonia,../../Datasets/BirdClef/features/Chlorophonia cyanea_Blue-naped Chlorophonia/XC250630.npy,../../Datasets/BirdClef/audio/Chlorophonia cyanea_Blue-naped Chlorophonia/XC250630.mp3
train,Chlorophonia cyanea_Blue-naped Chlorophonia,../../Datasets/BirdClef/features/Chlorophonia cyanea_Blue-naped Chlorophonia/XC158866.npy,../../Datasets/BirdClef/audio/Chlorophonia cyanea_Blue-naped Chlorophonia/XC158866.mp3
train,Chlorophonia cyanea_Blue-naped Chlorophonia,../../Datasets/BirdClef/features/Chlorophonia cyanea_Blue-naped Chlorophonia/XC264817.npy,../../Datasets/BirdClef/audio/Chlorophonia cyanea_Blue-naped Chlorophonia/XC264817.mp3
train,Chondestes grammacus_Lark Sparrow,../../Datasets/BirdClef/features/Chondestes grammacus_Lark Sparrow/XC58813.npy,../../Datasets/BirdClef/audio/Chondestes grammacus_Lark Sparrow/XC58813.mp3
train,Chondestes grammacus_Lark Sparrow,../../Datasets/BirdClef/features/Chondestes grammacus_Lark Sparrow/XC362272.npy,../../Datasets/BirdClef/audio/Chondestes grammacus_Lark Sparrow/XC362272.mp3
train,Chondestes grammacus_Lark Sparrow,../../Datasets/BirdClef/features/Chondestes grammacus_Lark Sparrow/XC72200.npy,../../Datasets/BirdClef/audio/Chondestes grammacus_Lark Sparrow/XC72200.mp3
train,Chondestes grammacus_Lark Sparrow,../../Datasets/BirdClef/features/Chondestes grammacus_Lark Sparrow/XC483018.npy,../../Datasets/BirdClef/audio/Chondestes grammacus_Lark Sparrow/XC483018.mp3
train,Chondestes grammacus_Lark Sparrow,../../Datasets/BirdClef/features/Chondestes grammacus_Lark Sparrow/XC313903.npy,../../Datasets/BirdClef/audio/Chondestes grammacus_Lark Sparrow/XC313903.mp3
train,Chordeiles acutipennis_Lesser Nighthawk,../../Datasets/BirdClef/features/Chordeiles acutipennis_Lesser Nighthawk/XC221060.npy,../../Datasets/BirdClef/audio/Chordeiles acutipennis_Lesser Nighthawk/XC221060.mp3
train,Chordeiles acutipennis_Lesser Nighthawk,../../Datasets/BirdClef/features/Chordeiles acutipennis_Lesser Nighthawk/XC109164.npy,../../Datasets/BirdClef/audio/Chordeiles acutipennis_Lesser Nighthawk/XC109164.mp3
train,Chordeiles acutipennis_Lesser Nighthawk,../../Datasets/BirdClef/features/Chordeiles acutipennis_Lesser Nighthawk/XC27726.npy,../../Datasets/BirdClef/audio/Chordeiles acutipennis_Lesser Nighthawk/XC27726.mp3
train,Chordeiles acutipennis_Lesser Nighthawk,../../Datasets/BirdClef/features/Chordeiles acutipennis_Lesser Nighthawk/XC272518.npy,../../Datasets/BirdClef/audio/Chordeiles acutipennis_Lesser Nighthawk/XC272518.mp3
train,Chordeiles acutipennis_Lesser Nighthawk,../../Datasets/BirdClef/features/Chordeiles acutipennis_Lesser Nighthawk/XC321958.npy,../../Datasets/BirdClef/audio/Chordeiles acutipennis_Lesser Nighthawk/XC321958.mp3
train,Chordeiles minor_Common Nighthawk,../../Datasets/BirdClef/features/Chordeiles minor_Common Nighthawk/XC308563.npy,../../Datasets/BirdClef/audio/Chordeiles minor_Common Nighthawk/XC308563.mp3
train,Chordeiles minor_Common Nighthawk,../../Datasets/BirdClef/features/Chordeiles minor_Common Nighthawk/XC186696.npy,../../Datasets/BirdClef/audio/Chordeiles minor_Common Nighthawk/XC186696.mp3
train,Chordeiles minor_Common Nighthawk,../../Datasets/BirdClef/features/Chordeiles minor_Common Nighthawk/XC385703.npy,../../Datasets/BirdClef/audio/Chordeiles minor_Common Nighthawk/XC385703.mp3
train,Chordeiles minor_Common Nighthawk,../../Datasets/BirdClef/features/Chordeiles minor_Common Nighthawk/XC75590.npy,../../Datasets/BirdClef/audio/Chordeiles minor_Common Nighthawk/XC75590.mp3
train,Chordeiles minor_Common Nighthawk,../../Datasets/BirdClef/features/Chordeiles minor_Common Nighthawk/XC221065.npy,../../Datasets/BirdClef/audio/Chordeiles minor_Common Nighthawk/XC221065.mp3
train,Chroicocephalus ridibundus_Black-headed Gull,../../Datasets/BirdClef/features/Chroicocephalus ridibundus_Black-headed Gull/XC401655.npy,../../Datasets/BirdClef/audio/Chroicocephalus ridibundus_Black-headed Gull/XC401655.mp3
train,Chroicocephalus ridibundus_Black-headed Gull,../../Datasets/BirdClef/features/Chroicocephalus ridibundus_Black-headed Gull/XC424328.npy,../../Datasets/BirdClef/audio/Chroicocephalus ridibundus_Black-headed Gull/XC424328.mp3
train,Chroicocephalus ridibundus_Black-headed Gull,../../Datasets/BirdClef/features/Chroicocephalus ridibundus_Black-headed Gull/XC143894.npy,../../Datasets/BirdClef/audio/Chroicocephalus ridibundus_Black-headed Gull/XC143894.mp3
train,Chroicocephalus ridibundus_Black-headed Gull,../../Datasets/BirdClef/features/Chroicocephalus ridibundus_Black-headed Gull/XC187087.npy,../../Datasets/BirdClef/audio/Chroicocephalus ridibundus_Black-headed Gull/XC187087.mp3
train,Chroicocephalus ridibundus_Black-headed Gull,../../Datasets/BirdClef/features/Chroicocephalus ridibundus_Black-headed Gull/XC183406.npy,../../Datasets/BirdClef/audio/Chroicocephalus ridibundus_Black-headed Gull/XC183406.mp3
train,Ciccaba huhula_Black-banded Owl,../../Datasets/BirdClef/features/Ciccaba huhula_Black-banded Owl/XC139976.npy,../../Datasets/BirdClef/audio/Ciccaba huhula_Black-banded Owl/XC139976.mp3
train,Ciccaba huhula_Black-banded Owl,../../Datasets/BirdClef/features/Ciccaba huhula_Black-banded Owl/XC72565.npy,../../Datasets/BirdClef/audio/Ciccaba huhula_Black-banded Owl/XC72565.mp3
train,Ciccaba huhula_Black-banded Owl,../../Datasets/BirdClef/features/Ciccaba huhula_Black-banded Owl/XC213234.npy,../../Datasets/BirdClef/audio/Ciccaba huhula_Black-banded Owl/XC213234.mp3
train,Ciccaba huhula_Black-banded Owl,../../Datasets/BirdClef/features/Ciccaba huhula_Black-banded Owl/XC217523.npy,../../Datasets/BirdClef/audio/Ciccaba huhula_Black-banded Owl/XC217523.mp3
train,Ciccaba huhula_Black-banded Owl,../../Datasets/BirdClef/features/Ciccaba huhula_Black-banded Owl/XC428571.npy,../../Datasets/BirdClef/audio/Ciccaba huhula_Black-banded Owl/XC428571.mp3
train,Ciccaba virgata_Mottled Owl,../../Datasets/BirdClef/features/Ciccaba virgata_Mottled Owl/XC16050.npy,../../Datasets/BirdClef/audio/Ciccaba virgata_Mottled Owl/XC16050.mp3
train,Ciccaba virgata_Mottled Owl,../../Datasets/BirdClef/features/Ciccaba virgata_Mottled Owl/XC358832.npy,../../Datasets/BirdClef/audio/Ciccaba virgata_Mottled Owl/XC358832.mp3
train,Ciccaba virgata_Mottled Owl,../../Datasets/BirdClef/features/Ciccaba virgata_Mottled Owl/XC230094.npy,../../Datasets/BirdClef/audio/Ciccaba virgata_Mottled Owl/XC230094.mp3
train,Ciccaba virgata_Mottled Owl,../../Datasets/BirdClef/features/Ciccaba virgata_Mottled Owl/XC469128.npy,../../Datasets/BirdClef/audio/Ciccaba virgata_Mottled Owl/XC469128.mp3
train,Ciccaba virgata_Mottled Owl,../../Datasets/BirdClef/features/Ciccaba virgata_Mottled Owl/XC3316.npy,../../Datasets/BirdClef/audio/Ciccaba virgata_Mottled Owl/XC3316.mp3
train,Ciconia ciconia_White Stork,../../Datasets/BirdClef/features/Ciconia ciconia_White Stork/XC416686.npy,../../Datasets/BirdClef/audio/Ciconia ciconia_White Stork/XC416686.mp3
train,Ciconia ciconia_White Stork,../../Datasets/BirdClef/features/Ciconia ciconia_White Stork/XC169478.npy,../../Datasets/BirdClef/audio/Ciconia ciconia_White Stork/XC169478.mp3
train,Ciconia ciconia_White Stork,../../Datasets/BirdClef/features/Ciconia ciconia_White Stork/XC241790.npy,../../Datasets/BirdClef/audio/Ciconia ciconia_White Stork/XC241790.mp3
train,Ciconia ciconia_White Stork,../../Datasets/BirdClef/features/Ciconia ciconia_White Stork/XC484719.npy,../../Datasets/BirdClef/audio/Ciconia ciconia_White Stork/XC484719.mp3
train,Ciconia ciconia_White Stork,../../Datasets/BirdClef/features/Ciconia ciconia_White Stork/XC372950.npy,../../Datasets/BirdClef/audio/Ciconia ciconia_White Stork/XC372950.mp3
train,Circus aeruginosus_Eurasian Marsh-Harrier,../../Datasets/BirdClef/features/Circus aeruginosus_Eurasian Marsh-Harrier/XC341264.npy,../../Datasets/BirdClef/audio/Circus aeruginosus_Eurasian Marsh-Harrier/XC341264.mp3
train,Circus aeruginosus_Eurasian Marsh-Harrier,../../Datasets/BirdClef/features/Circus aeruginosus_Eurasian Marsh-Harrier/XC331375.npy,../../Datasets/BirdClef/audio/Circus aeruginosus_Eurasian Marsh-Harrier/XC331375.mp3
train,Circus aeruginosus_Eurasian Marsh-Harrier,../../Datasets/BirdClef/features/Circus aeruginosus_Eurasian Marsh-Harrier/XC263710.npy,../../Datasets/BirdClef/audio/Circus aeruginosus_Eurasian Marsh-Harrier/XC263710.mp3
train,Circus aeruginosus_Eurasian Marsh-Harrier,../../Datasets/BirdClef/features/Circus aeruginosus_Eurasian Marsh-Harrier/XC467932.npy,../../Datasets/BirdClef/audio/Circus aeruginosus_Eurasian Marsh-Harrier/XC467932.mp3
train,Circus aeruginosus_Eurasian Marsh-Harrier,../../Datasets/BirdClef/features/Circus aeruginosus_Eurasian Marsh-Harrier/XC357371.npy,../../Datasets/BirdClef/audio/Circus aeruginosus_Eurasian Marsh-Harrier/XC357371.mp3
train,Cissopis leverianus_Magpie Tanager,../../Datasets/BirdClef/features/Cissopis leverianus_Magpie Tanager/XC3706.npy,../../Datasets/BirdClef/audio/Cissopis leverianus_Magpie Tanager/XC3706.mp3
train,Cissopis leverianus_Magpie Tanager,../../Datasets/BirdClef/features/Cissopis leverianus_Magpie Tanager/XC109369.npy,../../Datasets/BirdClef/audio/Cissopis leverianus_Magpie Tanager/XC109369.mp3
train,Cissopis leverianus_Magpie Tanager,../../Datasets/BirdClef/features/Cissopis leverianus_Magpie Tanager/XC215500.npy,../../Datasets/BirdClef/audio/Cissopis leverianus_Magpie Tanager/XC215500.mp3
train,Cissopis leverianus_Magpie Tanager,../../Datasets/BirdClef/features/Cissopis leverianus_Magpie Tanager/XC299606.npy,../../Datasets/BirdClef/audio/Cissopis leverianus_Magpie Tanager/XC299606.mp3
train,Cissopis leverianus_Magpie Tanager,../../Datasets/BirdClef/features/Cissopis leverianus_Magpie Tanager/XC58193.npy,../../Datasets/BirdClef/audio/Cissopis leverianus_Magpie Tanager/XC58193.mp3
train,Cistothorus palustris_Marsh Wren,../../Datasets/BirdClef/features/Cistothorus palustris_Marsh Wren/XC158975.npy,../../Datasets/BirdClef/audio/Cistothorus palustris_Marsh Wren/XC158975.mp3
train,Cistothorus palustris_Marsh Wren,../../Datasets/BirdClef/features/Cistothorus palustris_Marsh Wren/XC417865.npy,../../Datasets/BirdClef/audio/Cistothorus palustris_Marsh Wren/XC417865.mp3
train,Cistothorus palustris_Marsh Wren,../../Datasets/BirdClef/features/Cistothorus palustris_Marsh Wren/XC159791.npy,../../Datasets/BirdClef/audio/Cistothorus palustris_Marsh Wren/XC159791.mp3
train,Cistothorus palustris_Marsh Wren,../../Datasets/BirdClef/features/Cistothorus palustris_Marsh Wren/XC143795.npy,../../Datasets/BirdClef/audio/Cistothorus palustris_Marsh Wren/XC143795.mp3
train,Cistothorus palustris_Marsh Wren,../../Datasets/BirdClef/features/Cistothorus palustris_Marsh Wren/XC479937.npy,../../Datasets/BirdClef/audio/Cistothorus palustris_Marsh Wren/XC479937.mp3
train,Clangula hyemalis_Long-tailed Duck,../../Datasets/BirdClef/features/Clangula hyemalis_Long-tailed Duck/XC276941.npy,../../Datasets/BirdClef/audio/Clangula hyemalis_Long-tailed Duck/XC276941.mp3
train,Clangula hyemalis_Long-tailed Duck,../../Datasets/BirdClef/features/Clangula hyemalis_Long-tailed Duck/XC378341.npy,../../Datasets/BirdClef/audio/Clangula hyemalis_Long-tailed Duck/XC378341.mp3
train,Clangula hyemalis_Long-tailed Duck,../../Datasets/BirdClef/features/Clangula hyemalis_Long-tailed Duck/XC202053.npy,../../Datasets/BirdClef/audio/Clangula hyemalis_Long-tailed Duck/XC202053.mp3
train,Clangula hyemalis_Long-tailed Duck,../../Datasets/BirdClef/features/Clangula hyemalis_Long-tailed Duck/XC406365.npy,../../Datasets/BirdClef/audio/Clangula hyemalis_Long-tailed Duck/XC406365.mp3
train,Clangula hyemalis_Long-tailed Duck,../../Datasets/BirdClef/features/Clangula hyemalis_Long-tailed Duck/XC98720.npy,../../Datasets/BirdClef/audio/Clangula hyemalis_Long-tailed Duck/XC98720.mp3
train,Claravis pretiosa_Blue Ground Dove,../../Datasets/BirdClef/features/Claravis pretiosa_Blue Ground Dove/XC421360.npy,../../Datasets/BirdClef/audio/Claravis pretiosa_Blue Ground Dove/XC421360.mp3
train,Claravis pretiosa_Blue Ground Dove,../../Datasets/BirdClef/features/Claravis pretiosa_Blue Ground Dove/XC157566.npy,../../Datasets/BirdClef/audio/Claravis pretiosa_Blue Ground Dove/XC157566.mp3
train,Claravis pretiosa_Blue Ground Dove,../../Datasets/BirdClef/features/Claravis pretiosa_Blue Ground Dove/XC102150.npy,../../Datasets/BirdClef/audio/Claravis pretiosa_Blue Ground Dove/XC102150.mp3
train,Claravis pretiosa_Blue Ground Dove,../../Datasets/BirdClef/features/Claravis pretiosa_Blue Ground Dove/XC8103.npy,../../Datasets/BirdClef/audio/Claravis pretiosa_Blue Ground Dove/XC8103.mp3
train,Claravis pretiosa_Blue Ground Dove,../../Datasets/BirdClef/features/Claravis pretiosa_Blue Ground Dove/XC264414.npy,../../Datasets/BirdClef/audio/Claravis pretiosa_Blue Ground Dove/XC264414.mp3
train,Clibanornis rubiginosus_Ruddy Foliage-gleaner,../../Datasets/BirdClef/features/Clibanornis rubiginosus_Ruddy Foliage-gleaner/XC275769.npy,../../Datasets/BirdClef/audio/Clibanornis rubiginosus_Ruddy Foliage-gleaner/XC275769.mp3
train,Clibanornis rubiginosus_Ruddy Foliage-gleaner,../../Datasets/BirdClef/features/Clibanornis rubiginosus_Ruddy Foliage-gleaner/XC334181.npy,../../Datasets/BirdClef/audio/Clibanornis rubiginosus_Ruddy Foliage-gleaner/XC334181.mp3
train,Clibanornis rubiginosus_Ruddy Foliage-gleaner,../../Datasets/BirdClef/features/Clibanornis rubiginosus_Ruddy Foliage-gleaner/XC6575.npy,../../Datasets/BirdClef/audio/Clibanornis rubiginosus_Ruddy Foliage-gleaner/XC6575.mp3
train,Clibanornis rubiginosus_Ruddy Foliage-gleaner,../../Datasets/BirdClef/features/Clibanornis rubiginosus_Ruddy Foliage-gleaner/XC219489.npy,../../Datasets/BirdClef/audio/Clibanornis rubiginosus_Ruddy Foliage-gleaner/XC219489.mp3
train,Clibanornis rubiginosus_Ruddy Foliage-gleaner,../../Datasets/BirdClef/features/Clibanornis rubiginosus_Ruddy Foliage-gleaner/XC394829.npy,../../Datasets/BirdClef/audio/Clibanornis rubiginosus_Ruddy Foliage-gleaner/XC394829.mp3
train,Cnemotriccus fuscatus_Fuscous Flycatcher,../../Datasets/BirdClef/features/Cnemotriccus fuscatus_Fuscous Flycatcher/XC44058.npy,../../Datasets/BirdClef/audio/Cnemotriccus fuscatus_Fuscous Flycatcher/XC44058.mp3
train,Cnemotriccus fuscatus_Fuscous Flycatcher,../../Datasets/BirdClef/features/Cnemotriccus fuscatus_Fuscous Flycatcher/XC208288.npy,../../Datasets/BirdClef/audio/Cnemotriccus fuscatus_Fuscous Flycatcher/XC208288.mp3
train,Cnemotriccus fuscatus_Fuscous Flycatcher,../../Datasets/BirdClef/features/Cnemotriccus fuscatus_Fuscous Flycatcher/XC23686.npy,../../Datasets/BirdClef/audio/Cnemotriccus fuscatus_Fuscous Flycatcher/XC23686.mp3
train,Cnemotriccus fuscatus_Fuscous Flycatcher,../../Datasets/BirdClef/features/Cnemotriccus fuscatus_Fuscous Flycatcher/XC11428.npy,../../Datasets/BirdClef/audio/Cnemotriccus fuscatus_Fuscous Flycatcher/XC11428.mp3
train,Cnemotriccus fuscatus_Fuscous Flycatcher,../../Datasets/BirdClef/features/Cnemotriccus fuscatus_Fuscous Flycatcher/XC428344.npy,../../Datasets/BirdClef/audio/Cnemotriccus fuscatus_Fuscous Flycatcher/XC428344.mp3
train,Coccothraustes coccothraustes_Hawfinch,../../Datasets/BirdClef/features/Coccothraustes coccothraustes_Hawfinch/XC318310.npy,../../Datasets/BirdClef/audio/Coccothraustes coccothraustes_Hawfinch/XC318310.mp3
train,Coccothraustes coccothraustes_Hawfinch,../../Datasets/BirdClef/features/Coccothraustes coccothraustes_Hawfinch/XC361989.npy,../../Datasets/BirdClef/audio/Coccothraustes coccothraustes_Hawfinch/XC361989.mp3
train,Coccothraustes coccothraustes_Hawfinch,../../Datasets/BirdClef/features/Coccothraustes coccothraustes_Hawfinch/XC206301.npy,../../Datasets/BirdClef/audio/Coccothraustes coccothraustes_Hawfinch/XC206301.mp3
train,Coccothraustes coccothraustes_Hawfinch,../../Datasets/BirdClef/features/Coccothraustes coccothraustes_Hawfinch/XC458937.npy,../../Datasets/BirdClef/audio/Coccothraustes coccothraustes_Hawfinch/XC458937.mp3
train,Coccothraustes coccothraustes_Hawfinch,../../Datasets/BirdClef/features/Coccothraustes coccothraustes_Hawfinch/XC467667.npy,../../Datasets/BirdClef/audio/Coccothraustes coccothraustes_Hawfinch/XC467667.mp3
train,Coccycua minuta_Little Cuckoo,../../Datasets/BirdClef/features/Coccycua minuta_Little Cuckoo/XC5689.npy,../../Datasets/BirdClef/audio/Coccycua minuta_Little Cuckoo/XC5689.mp3
train,Coccycua minuta_Little Cuckoo,../../Datasets/BirdClef/features/Coccycua minuta_Little Cuckoo/XC463725.npy,../../Datasets/BirdClef/audio/Coccycua minuta_Little Cuckoo/XC463725.mp3
train,Coccycua minuta_Little Cuckoo,../../Datasets/BirdClef/features/Coccycua minuta_Little Cuckoo/XC257714.npy,../../Datasets/BirdClef/audio/Coccycua minuta_Little Cuckoo/XC257714.mp3
train,Coccycua minuta_Little Cuckoo,../../Datasets/BirdClef/features/Coccycua minuta_Little Cuckoo/XC364156.npy,../../Datasets/BirdClef/audio/Coccycua minuta_Little Cuckoo/XC364156.mp3
train,Coccycua minuta_Little Cuckoo,../../Datasets/BirdClef/features/Coccycua minuta_Little Cuckoo/XC257032.npy,../../Datasets/BirdClef/audio/Coccycua minuta_Little Cuckoo/XC257032.mp3
train,Coccyzus americanus_Yellow-billed Cuckoo,../../Datasets/BirdClef/features/Coccyzus americanus_Yellow-billed Cuckoo/XC102211.npy,../../Datasets/BirdClef/audio/Coccyzus americanus_Yellow-billed Cuckoo/XC102211.mp3
train,Coccyzus americanus_Yellow-billed Cuckoo,../../Datasets/BirdClef/features/Coccyzus americanus_Yellow-billed Cuckoo/XC100132.npy,../../Datasets/BirdClef/audio/Coccyzus americanus_Yellow-billed Cuckoo/XC100132.mp3
train,Coccyzus americanus_Yellow-billed Cuckoo,../../Datasets/BirdClef/features/Coccyzus americanus_Yellow-billed Cuckoo/XC502532.npy,../../Datasets/BirdClef/audio/Coccyzus americanus_Yellow-billed Cuckoo/XC502532.mp3
train,Coccyzus americanus_Yellow-billed Cuckoo,../../Datasets/BirdClef/features/Coccyzus americanus_Yellow-billed Cuckoo/XC7839.npy,../../Datasets/BirdClef/audio/Coccyzus americanus_Yellow-billed Cuckoo/XC7839.mp3
train,Coccyzus americanus_Yellow-billed Cuckoo,../../Datasets/BirdClef/features/Coccyzus americanus_Yellow-billed Cuckoo/XC254754.npy,../../Datasets/BirdClef/audio/Coccyzus americanus_Yellow-billed Cuckoo/XC254754.mp3
train,Coccyzus erythropthalmus_Black-billed Cuckoo,../../Datasets/BirdClef/features/Coccyzus erythropthalmus_Black-billed Cuckoo/XC152413.npy,../../Datasets/BirdClef/audio/Coccyzus erythropthalmus_Black-billed Cuckoo/XC152413.mp3
train,Coccyzus erythropthalmus_Black-billed Cuckoo,../../Datasets/BirdClef/features/Coccyzus erythropthalmus_Black-billed Cuckoo/XC157452.npy,../../Datasets/BirdClef/audio/Coccyzus erythropthalmus_Black-billed Cuckoo/XC157452.mp3
train,Coccyzus erythropthalmus_Black-billed Cuckoo,../../Datasets/BirdClef/features/Coccyzus erythropthalmus_Black-billed Cuckoo/XC183408.npy,../../Datasets/BirdClef/audio/Coccyzus erythropthalmus_Black-billed Cuckoo/XC183408.mp3
train,Coccyzus erythropthalmus_Black-billed Cuckoo,../../Datasets/BirdClef/features/Coccyzus erythropthalmus_Black-billed Cuckoo/XC319844.npy,../../Datasets/BirdClef/audio/Coccyzus erythropthalmus_Black-billed Cuckoo/XC319844.mp3
train,Coccyzus erythropthalmus_Black-billed Cuckoo,../../Datasets/BirdClef/features/Coccyzus erythropthalmus_Black-billed Cuckoo/XC179578.npy,../../Datasets/BirdClef/audio/Coccyzus erythropthalmus_Black-billed Cuckoo/XC179578.mp3
train,Coccyzus melacoryphus_Dark-billed Cuckoo,../../Datasets/BirdClef/features/Coccyzus melacoryphus_Dark-billed Cuckoo/XC446422.npy,../../Datasets/BirdClef/audio/Coccyzus melacoryphus_Dark-billed Cuckoo/XC446422.mp3
train,Coccyzus melacoryphus_Dark-billed Cuckoo,../../Datasets/BirdClef/features/Coccyzus melacoryphus_Dark-billed Cuckoo/XC221192.npy,../../Datasets/BirdClef/audio/Coccyzus melacoryphus_Dark-billed Cuckoo/XC221192.mp3
train,Coccyzus melacoryphus_Dark-billed Cuckoo,../../Datasets/BirdClef/features/Coccyzus melacoryphus_Dark-billed Cuckoo/XC422699.npy,../../Datasets/BirdClef/audio/Coccyzus melacoryphus_Dark-billed Cuckoo/XC422699.mp3
train,Coccyzus melacoryphus_Dark-billed Cuckoo,../../Datasets/BirdClef/features/Coccyzus melacoryphus_Dark-billed Cuckoo/XC451847.npy,../../Datasets/BirdClef/audio/Coccyzus melacoryphus_Dark-billed Cuckoo/XC451847.mp3
train,Coccyzus melacoryphus_Dark-billed Cuckoo,../../Datasets/BirdClef/features/Coccyzus melacoryphus_Dark-billed Cuckoo/XC221187.npy,../../Datasets/BirdClef/audio/Coccyzus melacoryphus_Dark-billed Cuckoo/XC221187.mp3
train,Coereba flaveola_Bananaquit,../../Datasets/BirdClef/features/Coereba flaveola_Bananaquit/XC157539.npy,../../Datasets/BirdClef/audio/Coereba flaveola_Bananaquit/XC157539.mp3
train,Coereba flaveola_Bananaquit,../../Datasets/BirdClef/features/Coereba flaveola_Bananaquit/XC38950.npy,../../Datasets/BirdClef/audio/Coereba flaveola_Bananaquit/XC38950.mp3
train,Coereba flaveola_Bananaquit,../../Datasets/BirdClef/features/Coereba flaveola_Bananaquit/XC175745.npy,../../Datasets/BirdClef/audio/Coereba flaveola_Bananaquit/XC175745.mp3
train,Coereba flaveola_Bananaquit,../../Datasets/BirdClef/features/Coereba flaveola_Bananaquit/XC197514.npy,../../Datasets/BirdClef/audio/Coereba flaveola_Bananaquit/XC197514.mp3
train,Coereba flaveola_Bananaquit,../../Datasets/BirdClef/features/Coereba flaveola_Bananaquit/XC56617.npy,../../Datasets/BirdClef/audio/Coereba flaveola_Bananaquit/XC56617.mp3
train,Colaptes auratus_Northern Flicker,../../Datasets/BirdClef/features/Colaptes auratus_Northern Flicker/XC14141.npy,../../Datasets/BirdClef/audio/Colaptes auratus_Northern Flicker/XC14141.mp3
train,Colaptes auratus_Northern Flicker,../../Datasets/BirdClef/features/Colaptes auratus_Northern Flicker/XC408276.npy,../../Datasets/BirdClef/audio/Colaptes auratus_Northern Flicker/XC408276.mp3
train,Colaptes auratus_Northern Flicker,../../Datasets/BirdClef/features/Colaptes auratus_Northern Flicker/XC13695.npy,../../Datasets/BirdClef/audio/Colaptes auratus_Northern Flicker/XC13695.mp3
train,Colaptes auratus_Northern Flicker,../../Datasets/BirdClef/features/Colaptes auratus_Northern Flicker/XC476943.npy,../../Datasets/BirdClef/audio/Colaptes auratus_Northern Flicker/XC476943.mp3
train,Colaptes auratus_Northern Flicker,../../Datasets/BirdClef/features/Colaptes auratus_Northern Flicker/XC307576.npy,../../Datasets/BirdClef/audio/Colaptes auratus_Northern Flicker/XC307576.mp3
train,Colibri coruscans_Sparkling Violetear,../../Datasets/BirdClef/features/Colibri coruscans_Sparkling Violetear/XC148356.npy,../../Datasets/BirdClef/audio/Colibri coruscans_Sparkling Violetear/XC148356.mp3
train,Colibri coruscans_Sparkling Violetear,../../Datasets/BirdClef/features/Colibri coruscans_Sparkling Violetear/XC154659.npy,../../Datasets/BirdClef/audio/Colibri coruscans_Sparkling Violetear/XC154659.mp3
train,Colibri coruscans_Sparkling Violetear,../../Datasets/BirdClef/features/Colibri coruscans_Sparkling Violetear/XC57255.npy,../../Datasets/BirdClef/audio/Colibri coruscans_Sparkling Violetear/XC57255.mp3
train,Colibri coruscans_Sparkling Violetear,../../Datasets/BirdClef/features/Colibri coruscans_Sparkling Violetear/XC498655.npy,../../Datasets/BirdClef/audio/Colibri coruscans_Sparkling Violetear/XC498655.mp3
train,Colibri coruscans_Sparkling Violetear,../../Datasets/BirdClef/features/Colibri coruscans_Sparkling Violetear/XC100872.npy,../../Datasets/BirdClef/audio/Colibri coruscans_Sparkling Violetear/XC100872.mp3
train,Colonia colonus_Long-tailed Tyrant,../../Datasets/BirdClef/features/Colonia colonus_Long-tailed Tyrant/XC221336.npy,../../Datasets/BirdClef/audio/Colonia colonus_Long-tailed Tyrant/XC221336.mp3
train,Colonia colonus_Long-tailed Tyrant,../../Datasets/BirdClef/features/Colonia colonus_Long-tailed Tyrant/XC66404.npy,../../Datasets/BirdClef/audio/Colonia colonus_Long-tailed Tyrant/XC66404.mp3
train,Colonia colonus_Long-tailed Tyrant,../../Datasets/BirdClef/features/Colonia colonus_Long-tailed Tyrant/XC18191.npy,../../Datasets/BirdClef/audio/Colonia colonus_Long-tailed Tyrant/XC18191.mp3
train,Colonia colonus_Long-tailed Tyrant,../../Datasets/BirdClef/features/Colonia colonus_Long-tailed Tyrant/XC11079.npy,../../Datasets/BirdClef/audio/Colonia colonus_Long-tailed Tyrant/XC11079.mp3
train,Colonia colonus_Long-tailed Tyrant,../../Datasets/BirdClef/features/Colonia colonus_Long-tailed Tyrant/XC22492.npy,../../Datasets/BirdClef/audio/Colonia colonus_Long-tailed Tyrant/XC22492.mp3
train,Columba livia_Rock Pigeon,../../Datasets/BirdClef/features/Columba livia_Rock Pigeon/XC488175.npy,../../Datasets/BirdClef/audio/Columba livia_Rock Pigeon/XC488175.mp3
train,Columba livia_Rock Pigeon,../../Datasets/BirdClef/features/Columba livia_Rock Pigeon/XC270097.npy,../../Datasets/BirdClef/audio/Columba livia_Rock Pigeon/XC270097.mp3
train,Columba livia_Rock Pigeon,../../Datasets/BirdClef/features/Columba livia_Rock Pigeon/XC453908.npy,../../Datasets/BirdClef/audio/Columba livia_Rock Pigeon/XC453908.mp3
train,Columba livia_Rock Pigeon,../../Datasets/BirdClef/features/Columba livia_Rock Pigeon/XC460854.npy,../../Datasets/BirdClef/audio/Columba livia_Rock Pigeon/XC460854.mp3
train,Columba livia_Rock Pigeon,../../Datasets/BirdClef/features/Columba livia_Rock Pigeon/XC342145.npy,../../Datasets/BirdClef/audio/Columba livia_Rock Pigeon/XC342145.mp3
train,Columba oenas_Stock Dove,../../Datasets/BirdClef/features/Columba oenas_Stock Dove/XC485079.npy,../../Datasets/BirdClef/audio/Columba oenas_Stock Dove/XC485079.mp3
train,Columba oenas_Stock Dove,../../Datasets/BirdClef/features/Columba oenas_Stock Dove/XC489891.npy,../../Datasets/BirdClef/audio/Columba oenas_Stock Dove/XC489891.mp3
train,Columba oenas_Stock Dove,../../Datasets/BirdClef/features/Columba oenas_Stock Dove/XC411489.npy,../../Datasets/BirdClef/audio/Columba oenas_Stock Dove/XC411489.mp3
train,Columba oenas_Stock Dove,../../Datasets/BirdClef/features/Columba oenas_Stock Dove/XC188272.npy,../../Datasets/BirdClef/audio/Columba oenas_Stock Dove/XC188272.mp3
train,Columba oenas_Stock Dove,../../Datasets/BirdClef/features/Columba oenas_Stock Dove/XC462730.npy,../../Datasets/BirdClef/audio/Columba oenas_Stock Dove/XC462730.mp3
train,Columba palumbus_Common Wood-Pigeon,../../Datasets/BirdClef/features/Columba palumbus_Common Wood-Pigeon/XC314368.npy,../../Datasets/BirdClef/audio/Columba palumbus_Common Wood-Pigeon/XC314368.mp3
train,Columba palumbus_Common Wood-Pigeon,../../Datasets/BirdClef/features/Columba palumbus_Common Wood-Pigeon/XC235149.npy,../../Datasets/BirdClef/audio/Columba palumbus_Common Wood-Pigeon/XC235149.mp3
train,Columba palumbus_Common Wood-Pigeon,../../Datasets/BirdClef/features/Columba palumbus_Common Wood-Pigeon/XC211926.npy,../../Datasets/BirdClef/audio/Columba palumbus_Common Wood-Pigeon/XC211926.mp3
train,Columba palumbus_Common Wood-Pigeon,../../Datasets/BirdClef/features/Columba palumbus_Common Wood-Pigeon/XC207083.npy,../../Datasets/BirdClef/audio/Columba palumbus_Common Wood-Pigeon/XC207083.mp3
train,Columba palumbus_Common Wood-Pigeon,../../Datasets/BirdClef/features/Columba palumbus_Common Wood-Pigeon/XC378844.npy,../../Datasets/BirdClef/audio/Columba palumbus_Common Wood-Pigeon/XC378844.mp3
train,Columbina talpacoti_Ruddy Ground Dove,../../Datasets/BirdClef/features/Columbina talpacoti_Ruddy Ground Dove/XC368184.npy,../../Datasets/BirdClef/audio/Columbina talpacoti_Ruddy Ground Dove/XC368184.mp3
train,Columbina talpacoti_Ruddy Ground Dove,../../Datasets/BirdClef/features/Columbina talpacoti_Ruddy Ground Dove/XC419427.npy,../../Datasets/BirdClef/audio/Columbina talpacoti_Ruddy Ground Dove/XC419427.mp3
train,Columbina talpacoti_Ruddy Ground Dove,../../Datasets/BirdClef/features/Columbina talpacoti_Ruddy Ground Dove/XC456341.npy,../../Datasets/BirdClef/audio/Columbina talpacoti_Ruddy Ground Dove/XC456341.mp3
train,Columbina talpacoti_Ruddy Ground Dove,../../Datasets/BirdClef/features/Columbina talpacoti_Ruddy Ground Dove/XC221442.npy,../../Datasets/BirdClef/audio/Columbina talpacoti_Ruddy Ground Dove/XC221442.mp3
train,Columbina talpacoti_Ruddy Ground Dove,../../Datasets/BirdClef/features/Columbina talpacoti_Ruddy Ground Dove/XC491662.npy,../../Datasets/BirdClef/audio/Columbina talpacoti_Ruddy Ground Dove/XC491662.mp3
train,Conirostrum speciosum_Chestnut-vented Conebill,../../Datasets/BirdClef/features/Conirostrum speciosum_Chestnut-vented Conebill/XC257139.npy,../../Datasets/BirdClef/audio/Conirostrum speciosum_Chestnut-vented Conebill/XC257139.mp3
train,Conirostrum speciosum_Chestnut-vented Conebill,../../Datasets/BirdClef/features/Conirostrum speciosum_Chestnut-vented Conebill/XC50772.npy,../../Datasets/BirdClef/audio/Conirostrum speciosum_Chestnut-vented Conebill/XC50772.mp3
train,Conirostrum speciosum_Chestnut-vented Conebill,../../Datasets/BirdClef/features/Conirostrum speciosum_Chestnut-vented Conebill/XC86470.npy,../../Datasets/BirdClef/audio/Conirostrum speciosum_Chestnut-vented Conebill/XC86470.mp3
train,Conirostrum speciosum_Chestnut-vented Conebill,../../Datasets/BirdClef/features/Conirostrum speciosum_Chestnut-vented Conebill/XC303210.npy,../../Datasets/BirdClef/audio/Conirostrum speciosum_Chestnut-vented Conebill/XC303210.mp3
train,Conirostrum speciosum_Chestnut-vented Conebill,../../Datasets/BirdClef/features/Conirostrum speciosum_Chestnut-vented Conebill/XC176839.npy,../../Datasets/BirdClef/audio/Conirostrum speciosum_Chestnut-vented Conebill/XC176839.mp3
train,Contopus cooperi_Olive-sided Flycatcher,../../Datasets/BirdClef/features/Contopus cooperi_Olive-sided Flycatcher/XC275897.npy,../../Datasets/BirdClef/audio/Contopus cooperi_Olive-sided Flycatcher/XC275897.mp3
train,Contopus cooperi_Olive-sided Flycatcher,../../Datasets/BirdClef/features/Contopus cooperi_Olive-sided Flycatcher/XC22059.npy,../../Datasets/BirdClef/audio/Contopus cooperi_Olive-sided Flycatcher/XC22059.mp3
train,Contopus cooperi_Olive-sided Flycatcher,../../Datasets/BirdClef/features/Contopus cooperi_Olive-sided Flycatcher/XC489328.npy,../../Datasets/BirdClef/audio/Contopus cooperi_Olive-sided Flycatcher/XC489328.mp3
train,Contopus cooperi_Olive-sided Flycatcher,../../Datasets/BirdClef/features/Contopus cooperi_Olive-sided Flycatcher/XC329580.npy,../../Datasets/BirdClef/audio/Contopus cooperi_Olive-sided Flycatcher/XC329580.mp3
train,Contopus cooperi_Olive-sided Flycatcher,../../Datasets/BirdClef/features/Contopus cooperi_Olive-sided Flycatcher/XC71862.npy,../../Datasets/BirdClef/audio/Contopus cooperi_Olive-sided Flycatcher/XC71862.mp3
train,Contopus sordidulus_Western Wood-Pewee,../../Datasets/BirdClef/features/Contopus sordidulus_Western Wood-Pewee/XC323942.npy,../../Datasets/BirdClef/audio/Contopus sordidulus_Western Wood-Pewee/XC323942.mp3
train,Contopus sordidulus_Western Wood-Pewee,../../Datasets/BirdClef/features/Contopus sordidulus_Western Wood-Pewee/XC34871.npy,../../Datasets/BirdClef/audio/Contopus sordidulus_Western Wood-Pewee/XC34871.mp3
train,Contopus sordidulus_Western Wood-Pewee,../../Datasets/BirdClef/features/Contopus sordidulus_Western Wood-Pewee/XC421652.npy,../../Datasets/BirdClef/audio/Contopus sordidulus_Western Wood-Pewee/XC421652.mp3
train,Contopus sordidulus_Western Wood-Pewee,../../Datasets/BirdClef/features/Contopus sordidulus_Western Wood-Pewee/XC146201.npy,../../Datasets/BirdClef/audio/Contopus sordidulus_Western Wood-Pewee/XC146201.mp3
train,Contopus sordidulus_Western Wood-Pewee,../../Datasets/BirdClef/features/Contopus sordidulus_Western Wood-Pewee/XC408291.npy,../../Datasets/BirdClef/audio/Contopus sordidulus_Western Wood-Pewee/XC408291.mp3
train,Contopus virens_Eastern Wood-Pewee,../../Datasets/BirdClef/features/Contopus virens_Eastern Wood-Pewee/XC7704.npy,../../Datasets/BirdClef/audio/Contopus virens_Eastern Wood-Pewee/XC7704.mp3
train,Contopus virens_Eastern Wood-Pewee,../../Datasets/BirdClef/features/Contopus virens_Eastern Wood-Pewee/XC203065.npy,../../Datasets/BirdClef/audio/Contopus virens_Eastern Wood-Pewee/XC203065.mp3
train,Contopus virens_Eastern Wood-Pewee,../../Datasets/BirdClef/features/Contopus virens_Eastern Wood-Pewee/XC322456.npy,../../Datasets/BirdClef/audio/Contopus virens_Eastern Wood-Pewee/XC322456.mp3
train,Contopus virens_Eastern Wood-Pewee,../../Datasets/BirdClef/features/Contopus virens_Eastern Wood-Pewee/XC128829.npy,../../Datasets/BirdClef/audio/Contopus virens_Eastern Wood-Pewee/XC128829.mp3
train,Contopus virens_Eastern Wood-Pewee,../../Datasets/BirdClef/features/Contopus virens_Eastern Wood-Pewee/XC384526.npy,../../Datasets/BirdClef/audio/Contopus virens_Eastern Wood-Pewee/XC384526.mp3
train,Coragyps atratus_Black Vulture,../../Datasets/BirdClef/features/Coragyps atratus_Black Vulture/XC150219.npy,../../Datasets/BirdClef/audio/Coragyps atratus_Black Vulture/XC150219.mp3
train,Coragyps atratus_Black Vulture,../../Datasets/BirdClef/features/Coragyps atratus_Black Vulture/XC419189.npy,../../Datasets/BirdClef/audio/Coragyps atratus_Black Vulture/XC419189.mp3
train,Coragyps atratus_Black Vulture,../../Datasets/BirdClef/features/Coragyps atratus_Black Vulture/XC143654.npy,../../Datasets/BirdClef/audio/Coragyps atratus_Black Vulture/XC143654.mp3
train,Coragyps atratus_Black Vulture,../../Datasets/BirdClef/features/Coragyps atratus_Black Vulture/XC390401.npy,../../Datasets/BirdClef/audio/Coragyps atratus_Black Vulture/XC390401.mp3
train,Coragyps atratus_Black Vulture,../../Datasets/BirdClef/features/Coragyps atratus_Black Vulture/XC168411.npy,../../Datasets/BirdClef/audio/Coragyps atratus_Black Vulture/XC168411.mp3
train,Corvus brachyrhynchos_American Crow,../../Datasets/BirdClef/features/Corvus brachyrhynchos_American Crow/XC424738.npy,../../Datasets/BirdClef/audio/Corvus brachyrhynchos_American Crow/XC424738.mp3
train,Corvus brachyrhynchos_American Crow,../../Datasets/BirdClef/features/Corvus brachyrhynchos_American Crow/XC193111.npy,../../Datasets/BirdClef/audio/Corvus brachyrhynchos_American Crow/XC193111.mp3
train,Corvus brachyrhynchos_American Crow,../../Datasets/BirdClef/features/Corvus brachyrhynchos_American Crow/XC92055.npy,../../Datasets/BirdClef/audio/Corvus brachyrhynchos_American Crow/XC92055.mp3
train,Corvus brachyrhynchos_American Crow,../../Datasets/BirdClef/features/Corvus brachyrhynchos_American Crow/XC12786.npy,../../Datasets/BirdClef/audio/Corvus brachyrhynchos_American Crow/XC12786.mp3
train,Corvus brachyrhynchos_American Crow,../../Datasets/BirdClef/features/Corvus brachyrhynchos_American Crow/XC115938.npy,../../Datasets/BirdClef/audio/Corvus brachyrhynchos_American Crow/XC115938.mp3
train,Corvus corax_Common Raven,../../Datasets/BirdClef/features/Corvus corax_Common Raven/XC110171.npy,../../Datasets/BirdClef/audio/Corvus corax_Common Raven/XC110171.mp3
train,Corvus corax_Common Raven,../../Datasets/BirdClef/features/Corvus corax_Common Raven/XC116983.npy,../../Datasets/BirdClef/audio/Corvus corax_Common Raven/XC116983.mp3
train,Corvus corax_Common Raven,../../Datasets/BirdClef/features/Corvus corax_Common Raven/XC154513.npy,../../Datasets/BirdClef/audio/Corvus corax_Common Raven/XC154513.mp3
train,Corvus corax_Common Raven,../../Datasets/BirdClef/features/Corvus corax_Common Raven/XC192804.npy,../../Datasets/BirdClef/audio/Corvus corax_Common Raven/XC192804.mp3
train,Corvus corax_Common Raven,../../Datasets/BirdClef/features/Corvus corax_Common Raven/XC197025.npy,../../Datasets/BirdClef/audio/Corvus corax_Common Raven/XC197025.mp3
train,Corvus corone_Carrion Crow,../../Datasets/BirdClef/features/Corvus corone_Carrion Crow/XC380226.npy,../../Datasets/BirdClef/audio/Corvus corone_Carrion Crow/XC380226.mp3
train,Corvus corone_Carrion Crow,../../Datasets/BirdClef/features/Corvus corone_Carrion Crow/XC437410.npy,../../Datasets/BirdClef/audio/Corvus corone_Carrion Crow/XC437410.mp3
train,Corvus corone_Carrion Crow,../../Datasets/BirdClef/features/Corvus corone_Carrion Crow/XC446135.npy,../../Datasets/BirdClef/audio/Corvus corone_Carrion Crow/XC446135.mp3
train,Corvus corone_Carrion Crow,../../Datasets/BirdClef/features/Corvus corone_Carrion Crow/XC477157.npy,../../Datasets/BirdClef/audio/Corvus corone_Carrion Crow/XC477157.mp3
train,Corvus corone_Carrion Crow,../../Datasets/BirdClef/features/Corvus corone_Carrion Crow/XC452205.npy,../../Datasets/BirdClef/audio/Corvus corone_Carrion Crow/XC452205.mp3
train,Corvus frugilegus_Rook,../../Datasets/BirdClef/features/Corvus frugilegus_Rook/XC453143.npy,../../Datasets/BirdClef/audio/Corvus frugilegus_Rook/XC453143.mp3
train,Corvus frugilegus_Rook,../../Datasets/BirdClef/features/Corvus frugilegus_Rook/XC421698.npy,../../Datasets/BirdClef/audio/Corvus frugilegus_Rook/XC421698.mp3
train,Corvus frugilegus_Rook,../../Datasets/BirdClef/features/Corvus frugilegus_Rook/XC194175.npy,../../Datasets/BirdClef/audio/Corvus frugilegus_Rook/XC194175.mp3
train,Corvus frugilegus_Rook,../../Datasets/BirdClef/features/Corvus frugilegus_Rook/XC365370.npy,../../Datasets/BirdClef/audio/Corvus frugilegus_Rook/XC365370.mp3
train,Corvus frugilegus_Rook,../../Datasets/BirdClef/features/Corvus frugilegus_Rook/XC296009.npy,../../Datasets/BirdClef/audio/Corvus frugilegus_Rook/XC296009.mp3
train,Corvus monedula_Eurasian Jackdaw,../../Datasets/BirdClef/features/Corvus monedula_Eurasian Jackdaw/XC354587.npy,../../Datasets/BirdClef/audio/Corvus monedula_Eurasian Jackdaw/XC354587.mp3
train,Corvus monedula_Eurasian Jackdaw,../../Datasets/BirdClef/features/Corvus monedula_Eurasian Jackdaw/XC423085.npy,../../Datasets/BirdClef/audio/Corvus monedula_Eurasian Jackdaw/XC423085.mp3
train,Corvus monedula_Eurasian Jackdaw,../../Datasets/BirdClef/features/Corvus monedula_Eurasian Jackdaw/XC25625.npy,../../Datasets/BirdClef/audio/Corvus monedula_Eurasian Jackdaw/XC25625.mp3
train,Corvus monedula_Eurasian Jackdaw,../../Datasets/BirdClef/features/Corvus monedula_Eurasian Jackdaw/XC25626.npy,../../Datasets/BirdClef/audio/Corvus monedula_Eurasian Jackdaw/XC25626.mp3
train,Corvus monedula_Eurasian Jackdaw,../../Datasets/BirdClef/features/Corvus monedula_Eurasian Jackdaw/XC328758.npy,../../Datasets/BirdClef/audio/Corvus monedula_Eurasian Jackdaw/XC328758.mp3
train,Corvus ossifragus_Fish Crow,../../Datasets/BirdClef/features/Corvus ossifragus_Fish Crow/XC317052.npy,../../Datasets/BirdClef/audio/Corvus ossifragus_Fish Crow/XC317052.mp3
train,Corvus ossifragus_Fish Crow,../../Datasets/BirdClef/features/Corvus ossifragus_Fish Crow/XC129859.npy,../../Datasets/BirdClef/audio/Corvus ossifragus_Fish Crow/XC129859.mp3
train,Corvus ossifragus_Fish Crow,../../Datasets/BirdClef/features/Corvus ossifragus_Fish Crow/XC163073.npy,../../Datasets/BirdClef/audio/Corvus ossifragus_Fish Crow/XC163073.mp3
train,Corvus ossifragus_Fish Crow,../../Datasets/BirdClef/features/Corvus ossifragus_Fish Crow/XC404816.npy,../../Datasets/BirdClef/audio/Corvus ossifragus_Fish Crow/XC404816.mp3
train,Corvus ossifragus_Fish Crow,../../Datasets/BirdClef/features/Corvus ossifragus_Fish Crow/XC163363.npy,../../Datasets/BirdClef/audio/Corvus ossifragus_Fish Crow/XC163363.mp3
train,Corythopis torquatus_Ringed Antpipit,../../Datasets/BirdClef/features/Corythopis torquatus_Ringed Antpipit/XC87864.npy,../../Datasets/BirdClef/audio/Corythopis torquatus_Ringed Antpipit/XC87864.mp3
train,Corythopis torquatus_Ringed Antpipit,../../Datasets/BirdClef/features/Corythopis torquatus_Ringed Antpipit/XC63314.npy,../../Datasets/BirdClef/audio/Corythopis torquatus_Ringed Antpipit/XC63314.mp3
train,Corythopis torquatus_Ringed Antpipit,../../Datasets/BirdClef/features/Corythopis torquatus_Ringed Antpipit/XC493150.npy,../../Datasets/BirdClef/audio/Corythopis torquatus_Ringed Antpipit/XC493150.mp3
train,Corythopis torquatus_Ringed Antpipit,../../Datasets/BirdClef/features/Corythopis torquatus_Ringed Antpipit/XC147433.npy,../../Datasets/BirdClef/audio/Corythopis torquatus_Ringed Antpipit/XC147433.mp3
train,Corythopis torquatus_Ringed Antpipit,../../Datasets/BirdClef/features/Corythopis torquatus_Ringed Antpipit/XC118831.npy,../../Datasets/BirdClef/audio/Corythopis torquatus_Ringed Antpipit/XC118831.mp3
train,Crotophaga ani_Smooth-billed Ani,../../Datasets/BirdClef/features/Crotophaga ani_Smooth-billed Ani/XC257726.npy,../../Datasets/BirdClef/audio/Crotophaga ani_Smooth-billed Ani/XC257726.mp3
train,Crotophaga ani_Smooth-billed Ani,../../Datasets/BirdClef/features/Crotophaga ani_Smooth-billed Ani/XC171400.npy,../../Datasets/BirdClef/audio/Crotophaga ani_Smooth-billed Ani/XC171400.mp3
train,Crotophaga ani_Smooth-billed Ani,../../Datasets/BirdClef/features/Crotophaga ani_Smooth-billed Ani/XC127960.npy,../../Datasets/BirdClef/audio/Crotophaga ani_Smooth-billed Ani/XC127960.mp3
train,Crotophaga ani_Smooth-billed Ani,../../Datasets/BirdClef/features/Crotophaga ani_Smooth-billed Ani/XC260416.npy,../../Datasets/BirdClef/audio/Crotophaga ani_Smooth-billed Ani/XC260416.mp3
train,Crotophaga ani_Smooth-billed Ani,../../Datasets/BirdClef/features/Crotophaga ani_Smooth-billed Ani/XC171390.npy,../../Datasets/BirdClef/audio/Crotophaga ani_Smooth-billed Ani/XC171390.mp3
train,Crotophaga major_Greater Ani,../../Datasets/BirdClef/features/Crotophaga major_Greater Ani/XC472285.npy,../../Datasets/BirdClef/audio/Crotophaga major_Greater Ani/XC472285.mp3
train,Crotophaga major_Greater Ani,../../Datasets/BirdClef/features/Crotophaga major_Greater Ani/XC131064.npy,../../Datasets/BirdClef/audio/Crotophaga major_Greater Ani/XC131064.mp3
train,Crotophaga major_Greater Ani,../../Datasets/BirdClef/features/Crotophaga major_Greater Ani/XC60239.npy,../../Datasets/BirdClef/audio/Crotophaga major_Greater Ani/XC60239.mp3
train,Crotophaga major_Greater Ani,../../Datasets/BirdClef/features/Crotophaga major_Greater Ani/XC422703.npy,../../Datasets/BirdClef/audio/Crotophaga major_Greater Ani/XC422703.mp3
train,Crotophaga major_Greater Ani,../../Datasets/BirdClef/features/Crotophaga major_Greater Ani/XC286822.npy,../../Datasets/BirdClef/audio/Crotophaga major_Greater Ani/XC286822.mp3
train,Crypturellus cinereus_Cinereous Tinamou,../../Datasets/BirdClef/features/Crypturellus cinereus_Cinereous Tinamou/XC33200.npy,../../Datasets/BirdClef/audio/Crypturellus cinereus_Cinereous Tinamou/XC33200.mp3
train,Crypturellus cinereus_Cinereous Tinamou,../../Datasets/BirdClef/features/Crypturellus cinereus_Cinereous Tinamou/XC453540.npy,../../Datasets/BirdClef/audio/Crypturellus cinereus_Cinereous Tinamou/XC453540.mp3
train,Crypturellus cinereus_Cinereous Tinamou,../../Datasets/BirdClef/features/Crypturellus cinereus_Cinereous Tinamou/XC272432.npy,../../Datasets/BirdClef/audio/Crypturellus cinereus_Cinereous Tinamou/XC272432.mp3
train,Crypturellus cinereus_Cinereous Tinamou,../../Datasets/BirdClef/features/Crypturellus cinereus_Cinereous Tinamou/XC85036.npy,../../Datasets/BirdClef/audio/Crypturellus cinereus_Cinereous Tinamou/XC85036.mp3
train,Crypturellus cinereus_Cinereous Tinamou,../../Datasets/BirdClef/features/Crypturellus cinereus_Cinereous Tinamou/XC221816.npy,../../Datasets/BirdClef/audio/Crypturellus cinereus_Cinereous Tinamou/XC221816.mp3
train,Crypturellus obsoletus_Brown Tinamou,../../Datasets/BirdClef/features/Crypturellus obsoletus_Brown Tinamou/XC164486.npy,../../Datasets/BirdClef/audio/Crypturellus obsoletus_Brown Tinamou/XC164486.mp3
train,Crypturellus obsoletus_Brown Tinamou,../../Datasets/BirdClef/features/Crypturellus obsoletus_Brown Tinamou/XC494959.npy,../../Datasets/BirdClef/audio/Crypturellus obsoletus_Brown Tinamou/XC494959.mp3
train,Crypturellus obsoletus_Brown Tinamou,../../Datasets/BirdClef/features/Crypturellus obsoletus_Brown Tinamou/XC41953.npy,../../Datasets/BirdClef/audio/Crypturellus obsoletus_Brown Tinamou/XC41953.mp3
train,Crypturellus obsoletus_Brown Tinamou,../../Datasets/BirdClef/features/Crypturellus obsoletus_Brown Tinamou/XC337076.npy,../../Datasets/BirdClef/audio/Crypturellus obsoletus_Brown Tinamou/XC337076.mp3
train,Crypturellus obsoletus_Brown Tinamou,../../Datasets/BirdClef/features/Crypturellus obsoletus_Brown Tinamou/XC190565.npy,../../Datasets/BirdClef/audio/Crypturellus obsoletus_Brown Tinamou/XC190565.mp3
train,Crypturellus parvirostris_Small-billed Tinamou,../../Datasets/BirdClef/features/Crypturellus parvirostris_Small-billed Tinamou/XC266354.npy,../../Datasets/BirdClef/audio/Crypturellus parvirostris_Small-billed Tinamou/XC266354.mp3
train,Crypturellus parvirostris_Small-billed Tinamou,../../Datasets/BirdClef/features/Crypturellus parvirostris_Small-billed Tinamou/XC173055.npy,../../Datasets/BirdClef/audio/Crypturellus parvirostris_Small-billed Tinamou/XC173055.mp3
train,Crypturellus parvirostris_Small-billed Tinamou,../../Datasets/BirdClef/features/Crypturellus parvirostris_Small-billed Tinamou/XC427266.npy,../../Datasets/BirdClef/audio/Crypturellus parvirostris_Small-billed Tinamou/XC427266.mp3
train,Crypturellus parvirostris_Small-billed Tinamou,../../Datasets/BirdClef/features/Crypturellus parvirostris_Small-billed Tinamou/XC221878.npy,../../Datasets/BirdClef/audio/Crypturellus parvirostris_Small-billed Tinamou/XC221878.mp3
train,Crypturellus parvirostris_Small-billed Tinamou,../../Datasets/BirdClef/features/Crypturellus parvirostris_Small-billed Tinamou/XC114957.npy,../../Datasets/BirdClef/audio/Crypturellus parvirostris_Small-billed Tinamou/XC114957.mp3
train,Crypturellus soui_Little Tinamou,../../Datasets/BirdClef/features/Crypturellus soui_Little Tinamou/XC204089.npy,../../Datasets/BirdClef/audio/Crypturellus soui_Little Tinamou/XC204089.mp3
train,Crypturellus soui_Little Tinamou,../../Datasets/BirdClef/features/Crypturellus soui_Little Tinamou/XC370827.npy,../../Datasets/BirdClef/audio/Crypturellus soui_Little Tinamou/XC370827.mp3
train,Crypturellus soui_Little Tinamou,../../Datasets/BirdClef/features/Crypturellus soui_Little Tinamou/XC412497.npy,../../Datasets/BirdClef/audio/Crypturellus soui_Little Tinamou/XC412497.mp3
train,Crypturellus soui_Little Tinamou,../../Datasets/BirdClef/features/Crypturellus soui_Little Tinamou/XC127107.npy,../../Datasets/BirdClef/audio/Crypturellus soui_Little Tinamou/XC127107.mp3
train,Crypturellus soui_Little Tinamou,../../Datasets/BirdClef/features/Crypturellus soui_Little Tinamou/XC148209.npy,../../Datasets/BirdClef/audio/Crypturellus soui_Little Tinamou/XC148209.mp3
train,Crypturellus strigulosus_Brazilian Tinamou,../../Datasets/BirdClef/features/Crypturellus strigulosus_Brazilian Tinamou/XC122585.npy,../../Datasets/BirdClef/audio/Crypturellus strigulosus_Brazilian Tinamou/XC122585.mp3
train,Crypturellus strigulosus_Brazilian Tinamou,../../Datasets/BirdClef/features/Crypturellus strigulosus_Brazilian Tinamou/XC84083.npy,../../Datasets/BirdClef/audio/Crypturellus strigulosus_Brazilian Tinamou/XC84083.mp3
train,Crypturellus strigulosus_Brazilian Tinamou,../../Datasets/BirdClef/features/Crypturellus strigulosus_Brazilian Tinamou/XC13419.npy,../../Datasets/BirdClef/audio/Crypturellus strigulosus_Brazilian Tinamou/XC13419.mp3
train,Crypturellus strigulosus_Brazilian Tinamou,../../Datasets/BirdClef/features/Crypturellus strigulosus_Brazilian Tinamou/XC151909.npy,../../Datasets/BirdClef/audio/Crypturellus strigulosus_Brazilian Tinamou/XC151909.mp3
train,Crypturellus strigulosus_Brazilian Tinamou,../../Datasets/BirdClef/features/Crypturellus strigulosus_Brazilian Tinamou/XC427270.npy,../../Datasets/BirdClef/audio/Crypturellus strigulosus_Brazilian Tinamou/XC427270.mp3
train,Crypturellus undulatus_Undulated Tinamou,../../Datasets/BirdClef/features/Crypturellus undulatus_Undulated Tinamou/XC342845.npy,../../Datasets/BirdClef/audio/Crypturellus undulatus_Undulated Tinamou/XC342845.mp3
train,Crypturellus undulatus_Undulated Tinamou,../../Datasets/BirdClef/features/Crypturellus undulatus_Undulated Tinamou/XC55905.npy,../../Datasets/BirdClef/audio/Crypturellus undulatus_Undulated Tinamou/XC55905.mp3
train,Crypturellus undulatus_Undulated Tinamou,../../Datasets/BirdClef/features/Crypturellus undulatus_Undulated Tinamou/XC23706.npy,../../Datasets/BirdClef/audio/Crypturellus undulatus_Undulated Tinamou/XC23706.mp3
train,Crypturellus undulatus_Undulated Tinamou,../../Datasets/BirdClef/features/Crypturellus undulatus_Undulated Tinamou/XC124623.npy,../../Datasets/BirdClef/audio/Crypturellus undulatus_Undulated Tinamou/XC124623.mp3
train,Crypturellus undulatus_Undulated Tinamou,../../Datasets/BirdClef/features/Crypturellus undulatus_Undulated Tinamou/XC461820.npy,../../Datasets/BirdClef/audio/Crypturellus undulatus_Undulated Tinamou/XC461820.mp3
train,Crypturellus variegatus_Variegated Tinamou,../../Datasets/BirdClef/features/Crypturellus variegatus_Variegated Tinamou/XC221947.npy,../../Datasets/BirdClef/audio/Crypturellus variegatus_Variegated Tinamou/XC221947.mp3
train,Crypturellus variegatus_Variegated Tinamou,../../Datasets/BirdClef/features/Crypturellus variegatus_Variegated Tinamou/XC340934.npy,../../Datasets/BirdClef/audio/Crypturellus variegatus_Variegated Tinamou/XC340934.mp3
train,Crypturellus variegatus_Variegated Tinamou,../../Datasets/BirdClef/features/Crypturellus variegatus_Variegated Tinamou/XC85515.npy,../../Datasets/BirdClef/audio/Crypturellus variegatus_Variegated Tinamou/XC85515.mp3
train,Crypturellus variegatus_Variegated Tinamou,../../Datasets/BirdClef/features/Crypturellus variegatus_Variegated Tinamou/XC250737.npy,../../Datasets/BirdClef/audio/Crypturellus variegatus_Variegated Tinamou/XC250737.mp3
train,Crypturellus variegatus_Variegated Tinamou,../../Datasets/BirdClef/features/Crypturellus variegatus_Variegated Tinamou/XC5713.npy,../../Datasets/BirdClef/audio/Crypturellus variegatus_Variegated Tinamou/XC5713.mp3
train,Cuculus canorus_Common Cuckoo,../../Datasets/BirdClef/features/Cuculus canorus_Common Cuckoo/XC148459.npy,../../Datasets/BirdClef/audio/Cuculus canorus_Common Cuckoo/XC148459.mp3
train,Cuculus canorus_Common Cuckoo,../../Datasets/BirdClef/features/Cuculus canorus_Common Cuckoo/XC374165.npy,../../Datasets/BirdClef/audio/Cuculus canorus_Common Cuckoo/XC374165.mp3
train,Cuculus canorus_Common Cuckoo,../../Datasets/BirdClef/features/Cuculus canorus_Common Cuckoo/XC418493.npy,../../Datasets/BirdClef/audio/Cuculus canorus_Common Cuckoo/XC418493.mp3
train,Cuculus canorus_Common Cuckoo,../../Datasets/BirdClef/features/Cuculus canorus_Common Cuckoo/XC412685.npy,../../Datasets/BirdClef/audio/Cuculus canorus_Common Cuckoo/XC412685.mp3
train,Cuculus canorus_Common Cuckoo,../../Datasets/BirdClef/features/Cuculus canorus_Common Cuckoo/XC413167.npy,../../Datasets/BirdClef/audio/Cuculus canorus_Common Cuckoo/XC413167.mp3
train,Cyanerpes cyaneus_Red-legged Honeycreeper,../../Datasets/BirdClef/features/Cyanerpes cyaneus_Red-legged Honeycreeper/XC221954.npy,../../Datasets/BirdClef/audio/Cyanerpes cyaneus_Red-legged Honeycreeper/XC221954.mp3
train,Cyanerpes cyaneus_Red-legged Honeycreeper,../../Datasets/BirdClef/features/Cyanerpes cyaneus_Red-legged Honeycreeper/XC221958.npy,../../Datasets/BirdClef/audio/Cyanerpes cyaneus_Red-legged Honeycreeper/XC221958.mp3
train,Cyanerpes cyaneus_Red-legged Honeycreeper,../../Datasets/BirdClef/features/Cyanerpes cyaneus_Red-legged Honeycreeper/XC262509.npy,../../Datasets/BirdClef/audio/Cyanerpes cyaneus_Red-legged Honeycreeper/XC262509.mp3
train,Cyanerpes cyaneus_Red-legged Honeycreeper,../../Datasets/BirdClef/features/Cyanerpes cyaneus_Red-legged Honeycreeper/XC422606.npy,../../Datasets/BirdClef/audio/Cyanerpes cyaneus_Red-legged Honeycreeper/XC422606.mp3
train,Cyanerpes cyaneus_Red-legged Honeycreeper,../../Datasets/BirdClef/features/Cyanerpes cyaneus_Red-legged Honeycreeper/XC402360.npy,../../Datasets/BirdClef/audio/Cyanerpes cyaneus_Red-legged Honeycreeper/XC402360.mp3
train,Cyanistes caeruleus_Eurasian Blue Tit,../../Datasets/BirdClef/features/Cyanistes caeruleus_Eurasian Blue Tit/XC233515.npy,../../Datasets/BirdClef/audio/Cyanistes caeruleus_Eurasian Blue Tit/XC233515.mp3
train,Cyanistes caeruleus_Eurasian Blue Tit,../../Datasets/BirdClef/features/Cyanistes caeruleus_Eurasian Blue Tit/XC235719.npy,../../Datasets/BirdClef/audio/Cyanistes caeruleus_Eurasian Blue Tit/XC235719.mp3
train,Cyanistes caeruleus_Eurasian Blue Tit,../../Datasets/BirdClef/features/Cyanistes caeruleus_Eurasian Blue Tit/XC211280.npy,../../Datasets/BirdClef/audio/Cyanistes caeruleus_Eurasian Blue Tit/XC211280.mp3
train,Cyanistes caeruleus_Eurasian Blue Tit,../../Datasets/BirdClef/features/Cyanistes caeruleus_Eurasian Blue Tit/XC204389.npy,../../Datasets/BirdClef/audio/Cyanistes caeruleus_Eurasian Blue Tit/XC204389.mp3
train,Cyanistes caeruleus_Eurasian Blue Tit,../../Datasets/BirdClef/features/Cyanistes caeruleus_Eurasian Blue Tit/XC122192.npy,../../Datasets/BirdClef/audio/Cyanistes caeruleus_Eurasian Blue Tit/XC122192.mp3
train,Cyanocitta cristata_Blue Jay,../../Datasets/BirdClef/features/Cyanocitta cristata_Blue Jay/XC332243.npy,../../Datasets/BirdClef/audio/Cyanocitta cristata_Blue Jay/XC332243.mp3
train,Cyanocitta cristata_Blue Jay,../../Datasets/BirdClef/features/Cyanocitta cristata_Blue Jay/XC475108.npy,../../Datasets/BirdClef/audio/Cyanocitta cristata_Blue Jay/XC475108.mp3
train,Cyanocitta cristata_Blue Jay,../../Datasets/BirdClef/features/Cyanocitta cristata_Blue Jay/XC346022.npy,../../Datasets/BirdClef/audio/Cyanocitta cristata_Blue Jay/XC346022.mp3
train,Cyanocitta cristata_Blue Jay,../../Datasets/BirdClef/features/Cyanocitta cristata_Blue Jay/XC313064.npy,../../Datasets/BirdClef/audio/Cyanocitta cristata_Blue Jay/XC313064.mp3
train,Cyanocitta cristata_Blue Jay,../../Datasets/BirdClef/features/Cyanocitta cristata_Blue Jay/XC205522.npy,../../Datasets/BirdClef/audio/Cyanocitta cristata_Blue Jay/XC205522.mp3
train,Cyanocitta stelleri_Steller's Jay,../../Datasets/BirdClef/features/Cyanocitta stelleri_Steller's Jay/XC41245.npy,../../Datasets/BirdClef/audio/Cyanocitta stelleri_Steller's Jay/XC41245.mp3
train,Cyanocitta stelleri_Steller's Jay,../../Datasets/BirdClef/features/Cyanocitta stelleri_Steller's Jay/XC172421.npy,../../Datasets/BirdClef/audio/Cyanocitta stelleri_Steller's Jay/XC172421.mp3
train,Cyanocitta stelleri_Steller's Jay,../../Datasets/BirdClef/features/Cyanocitta stelleri_Steller's Jay/XC332713.npy,../../Datasets/BirdClef/audio/Cyanocitta stelleri_Steller's Jay/XC332713.mp3
train,Cyanocitta stelleri_Steller's Jay,../../Datasets/BirdClef/features/Cyanocitta stelleri_Steller's Jay/XC302312.npy,../../Datasets/BirdClef/audio/Cyanocitta stelleri_Steller's Jay/XC302312.mp3
train,Cyanocitta stelleri_Steller's Jay,../../Datasets/BirdClef/features/Cyanocitta stelleri_Steller's Jay/XC356718.npy,../../Datasets/BirdClef/audio/Cyanocitta stelleri_Steller's Jay/XC356718.mp3
train,Cyanocorax cyanomelas_Purplish Jay,../../Datasets/BirdClef/features/Cyanocorax cyanomelas_Purplish Jay/XC181671.npy,../../Datasets/BirdClef/audio/Cyanocorax cyanomelas_Purplish Jay/XC181671.mp3
train,Cyanocorax cyanomelas_Purplish Jay,../../Datasets/BirdClef/features/Cyanocorax cyanomelas_Purplish Jay/XC413088.npy,../../Datasets/BirdClef/audio/Cyanocorax cyanomelas_Purplish Jay/XC413088.mp3
train,Cyanocorax cyanomelas_Purplish Jay,../../Datasets/BirdClef/features/Cyanocorax cyanomelas_Purplish Jay/XC310728.npy,../../Datasets/BirdClef/audio/Cyanocorax cyanomelas_Purplish Jay/XC310728.mp3
train,Cyanocorax cyanomelas_Purplish Jay,../../Datasets/BirdClef/features/Cyanocorax cyanomelas_Purplish Jay/XC123640.npy,../../Datasets/BirdClef/audio/Cyanocorax cyanomelas_Purplish Jay/XC123640.mp3
train,Cyanocorax cyanomelas_Purplish Jay,../../Datasets/BirdClef/features/Cyanocorax cyanomelas_Purplish Jay/XC90563.npy,../../Datasets/BirdClef/audio/Cyanocorax cyanomelas_Purplish Jay/XC90563.mp3
train,Cyanocorax violaceus_Violaceous Jay,../../Datasets/BirdClef/features/Cyanocorax violaceus_Violaceous Jay/XC99607.npy,../../Datasets/BirdClef/audio/Cyanocorax violaceus_Violaceous Jay/XC99607.mp3
train,Cyanocorax violaceus_Violaceous Jay,../../Datasets/BirdClef/features/Cyanocorax violaceus_Violaceous Jay/XC246467.npy,../../Datasets/BirdClef/audio/Cyanocorax violaceus_Violaceous Jay/XC246467.mp3
train,Cyanocorax violaceus_Violaceous Jay,../../Datasets/BirdClef/features/Cyanocorax violaceus_Violaceous Jay/XC251816.npy,../../Datasets/BirdClef/audio/Cyanocorax violaceus_Violaceous Jay/XC251816.mp3
train,Cyanocorax violaceus_Violaceous Jay,../../Datasets/BirdClef/features/Cyanocorax violaceus_Violaceous Jay/XC127217.npy,../../Datasets/BirdClef/audio/Cyanocorax violaceus_Violaceous Jay/XC127217.mp3
train,Cyanocorax violaceus_Violaceous Jay,../../Datasets/BirdClef/features/Cyanocorax violaceus_Violaceous Jay/XC245446.npy,../../Datasets/BirdClef/audio/Cyanocorax violaceus_Violaceous Jay/XC245446.mp3
train,Cyanoloxia rothschildii_Amazonian Grosbeak,../../Datasets/BirdClef/features/Cyanoloxia rothschildii_Amazonian Grosbeak/XC119580.npy,../../Datasets/BirdClef/audio/Cyanoloxia rothschildii_Amazonian Grosbeak/XC119580.mp3
train,Cyanoloxia rothschildii_Amazonian Grosbeak,../../Datasets/BirdClef/features/Cyanoloxia rothschildii_Amazonian Grosbeak/XC63338.npy,../../Datasets/BirdClef/audio/Cyanoloxia rothschildii_Amazonian Grosbeak/XC63338.mp3
train,Cyanoloxia rothschildii_Amazonian Grosbeak,../../Datasets/BirdClef/features/Cyanoloxia rothschildii_Amazonian Grosbeak/XC213014.npy,../../Datasets/BirdClef/audio/Cyanoloxia rothschildii_Amazonian Grosbeak/XC213014.mp3
train,Cyanoloxia rothschildii_Amazonian Grosbeak,../../Datasets/BirdClef/features/Cyanoloxia rothschildii_Amazonian Grosbeak/XC221986.npy,../../Datasets/BirdClef/audio/Cyanoloxia rothschildii_Amazonian Grosbeak/XC221986.mp3
train,Cyanoloxia rothschildii_Amazonian Grosbeak,../../Datasets/BirdClef/features/Cyanoloxia rothschildii_Amazonian Grosbeak/XC242464.npy,../../Datasets/BirdClef/audio/Cyanoloxia rothschildii_Amazonian Grosbeak/XC242464.mp3
train,Cyclarhis gujanensis_Rufous-browed Peppershrike,../../Datasets/BirdClef/features/Cyclarhis gujanensis_Rufous-browed Peppershrike/XC24224.npy,../../Datasets/BirdClef/audio/Cyclarhis gujanensis_Rufous-browed Peppershrike/XC24224.mp3
train,Cyclarhis gujanensis_Rufous-browed Peppershrike,../../Datasets/BirdClef/features/Cyclarhis gujanensis_Rufous-browed Peppershrike/XC421825.npy,../../Datasets/BirdClef/audio/Cyclarhis gujanensis_Rufous-browed Peppershrike/XC421825.mp3
train,Cyclarhis gujanensis_Rufous-browed Peppershrike,../../Datasets/BirdClef/features/Cyclarhis gujanensis_Rufous-browed Peppershrike/XC222136.npy,../../Datasets/BirdClef/audio/Cyclarhis gujanensis_Rufous-browed Peppershrike/XC222136.mp3
train,Cyclarhis gujanensis_Rufous-browed Peppershrike,../../Datasets/BirdClef/features/Cyclarhis gujanensis_Rufous-browed Peppershrike/XC387896.npy,../../Datasets/BirdClef/audio/Cyclarhis gujanensis_Rufous-browed Peppershrike/XC387896.mp3
train,Cyclarhis gujanensis_Rufous-browed Peppershrike,../../Datasets/BirdClef/features/Cyclarhis gujanensis_Rufous-browed Peppershrike/XC18793.npy,../../Datasets/BirdClef/audio/Cyclarhis gujanensis_Rufous-browed Peppershrike/XC18793.mp3
train,Cygnus buccinator_Trumpeter Swan,../../Datasets/BirdClef/features/Cygnus buccinator_Trumpeter Swan/XC41300.npy,../../Datasets/BirdClef/audio/Cygnus buccinator_Trumpeter Swan/XC41300.mp3
train,Cygnus buccinator_Trumpeter Swan,../../Datasets/BirdClef/features/Cygnus buccinator_Trumpeter Swan/XC355225.npy,../../Datasets/BirdClef/audio/Cygnus buccinator_Trumpeter Swan/XC355225.mp3
train,Cygnus buccinator_Trumpeter Swan,../../Datasets/BirdClef/features/Cygnus buccinator_Trumpeter Swan/XC355219.npy,../../Datasets/BirdClef/audio/Cygnus buccinator_Trumpeter Swan/XC355219.mp3
train,Cygnus buccinator_Trumpeter Swan,../../Datasets/BirdClef/features/Cygnus buccinator_Trumpeter Swan/XC355227.npy,../../Datasets/BirdClef/audio/Cygnus buccinator_Trumpeter Swan/XC355227.mp3
train,Cygnus buccinator_Trumpeter Swan,../../Datasets/BirdClef/features/Cygnus buccinator_Trumpeter Swan/XC355218.npy,../../Datasets/BirdClef/audio/Cygnus buccinator_Trumpeter Swan/XC355218.mp3
train,Cygnus columbianus_Tundra Swan,../../Datasets/BirdClef/features/Cygnus columbianus_Tundra Swan/XC72957.npy,../../Datasets/BirdClef/audio/Cygnus columbianus_Tundra Swan/XC72957.mp3
train,Cygnus columbianus_Tundra Swan,../../Datasets/BirdClef/features/Cygnus columbianus_Tundra Swan/XC342507.npy,../../Datasets/BirdClef/audio/Cygnus columbianus_Tundra Swan/XC342507.mp3
train,Cygnus columbianus_Tundra Swan,../../Datasets/BirdClef/features/Cygnus columbianus_Tundra Swan/XC396647.npy,../../Datasets/BirdClef/audio/Cygnus columbianus_Tundra Swan/XC396647.mp3
train,Cygnus columbianus_Tundra Swan,../../Datasets/BirdClef/features/Cygnus columbianus_Tundra Swan/XC164592.npy,../../Datasets/BirdClef/audio/Cygnus columbianus_Tundra Swan/XC164592.mp3
train,Cygnus columbianus_Tundra Swan,../../Datasets/BirdClef/features/Cygnus columbianus_Tundra Swan/XC404018.npy,../../Datasets/BirdClef/audio/Cygnus columbianus_Tundra Swan/XC404018.mp3
train,Cygnus cygnus_Whooper Swan,../../Datasets/BirdClef/features/Cygnus cygnus_Whooper Swan/XC28927.npy,../../Datasets/BirdClef/audio/Cygnus cygnus_Whooper Swan/XC28927.mp3
train,Cygnus cygnus_Whooper Swan,../../Datasets/BirdClef/features/Cygnus cygnus_Whooper Swan/XC172691.npy,../../Datasets/BirdClef/audio/Cygnus cygnus_Whooper Swan/XC172691.mp3
train,Cygnus cygnus_Whooper Swan,../../Datasets/BirdClef/features/Cygnus cygnus_Whooper Swan/XC149466.npy,../../Datasets/BirdClef/audio/Cygnus cygnus_Whooper Swan/XC149466.mp3
train,Cygnus cygnus_Whooper Swan,../../Datasets/BirdClef/features/Cygnus cygnus_Whooper Swan/XC66291.npy,../../Datasets/BirdClef/audio/Cygnus cygnus_Whooper Swan/XC66291.mp3
train,Cygnus cygnus_Whooper Swan,../../Datasets/BirdClef/features/Cygnus cygnus_Whooper Swan/XC214435.npy,../../Datasets/BirdClef/audio/Cygnus cygnus_Whooper Swan/XC214435.mp3
train,Cygnus olor_Mute Swan,../../Datasets/BirdClef/features/Cygnus olor_Mute Swan/XC454663.npy,../../Datasets/BirdClef/audio/Cygnus olor_Mute Swan/XC454663.mp3
train,Cygnus olor_Mute Swan,../../Datasets/BirdClef/features/Cygnus olor_Mute Swan/XC448806.npy,../../Datasets/BirdClef/audio/Cygnus olor_Mute Swan/XC448806.mp3
train,Cygnus olor_Mute Swan,../../Datasets/BirdClef/features/Cygnus olor_Mute Swan/XC115060.npy,../../Datasets/BirdClef/audio/Cygnus olor_Mute Swan/XC115060.mp3
train,Cygnus olor_Mute Swan,../../Datasets/BirdClef/features/Cygnus olor_Mute Swan/XC335694.npy,../../Datasets/BirdClef/audio/Cygnus olor_Mute Swan/XC335694.mp3
train,Cygnus olor_Mute Swan,../../Datasets/BirdClef/features/Cygnus olor_Mute Swan/XC434513.npy,../../Datasets/BirdClef/audio/Cygnus olor_Mute Swan/XC434513.mp3
train,Cymbilaimus lineatus_Fasciated Antshrike,../../Datasets/BirdClef/features/Cymbilaimus lineatus_Fasciated Antshrike/XC248704.npy,../../Datasets/BirdClef/audio/Cymbilaimus lineatus_Fasciated Antshrike/XC248704.mp3
train,Cymbilaimus lineatus_Fasciated Antshrike,../../Datasets/BirdClef/features/Cymbilaimus lineatus_Fasciated Antshrike/XC271202.npy,../../Datasets/BirdClef/audio/Cymbilaimus lineatus_Fasciated Antshrike/XC271202.mp3
train,Cymbilaimus lineatus_Fasciated Antshrike,../../Datasets/BirdClef/features/Cymbilaimus lineatus_Fasciated Antshrike/XC199000.npy,../../Datasets/BirdClef/audio/Cymbilaimus lineatus_Fasciated Antshrike/XC199000.mp3
train,Cymbilaimus lineatus_Fasciated Antshrike,../../Datasets/BirdClef/features/Cymbilaimus lineatus_Fasciated Antshrike/XC222157.npy,../../Datasets/BirdClef/audio/Cymbilaimus lineatus_Fasciated Antshrike/XC222157.mp3
train,Cymbilaimus lineatus_Fasciated Antshrike,../../Datasets/BirdClef/features/Cymbilaimus lineatus_Fasciated Antshrike/XC222159.npy,../../Datasets/BirdClef/audio/Cymbilaimus lineatus_Fasciated Antshrike/XC222159.mp3
train,Cyphorhinus arada_Musician Wren,../../Datasets/BirdClef/features/Cyphorhinus arada_Musician Wren/XC247076.npy,../../Datasets/BirdClef/audio/Cyphorhinus arada_Musician Wren/XC247076.mp3
train,Cyphorhinus arada_Musician Wren,../../Datasets/BirdClef/features/Cyphorhinus arada_Musician Wren/XC73491.npy,../../Datasets/BirdClef/audio/Cyphorhinus arada_Musician Wren/XC73491.mp3
train,Cyphorhinus arada_Musician Wren,../../Datasets/BirdClef/features/Cyphorhinus arada_Musician Wren/XC106744.npy,../../Datasets/BirdClef/audio/Cyphorhinus arada_Musician Wren/XC106744.mp3
train,Cyphorhinus arada_Musician Wren,../../Datasets/BirdClef/features/Cyphorhinus arada_Musician Wren/XC317850.npy,../../Datasets/BirdClef/audio/Cyphorhinus arada_Musician Wren/XC317850.mp3
train,Cyphorhinus arada_Musician Wren,../../Datasets/BirdClef/features/Cyphorhinus arada_Musician Wren/XC175020.npy,../../Datasets/BirdClef/audio/Cyphorhinus arada_Musician Wren/XC175020.mp3
train,Dacnis cayana_Blue Dacnis,../../Datasets/BirdClef/features/Dacnis cayana_Blue Dacnis/XC61830.npy,../../Datasets/BirdClef/audio/Dacnis cayana_Blue Dacnis/XC61830.mp3
train,Dacnis cayana_Blue Dacnis,../../Datasets/BirdClef/features/Dacnis cayana_Blue Dacnis/XC108127.npy,../../Datasets/BirdClef/audio/Dacnis cayana_Blue Dacnis/XC108127.mp3
train,Dacnis cayana_Blue Dacnis,../../Datasets/BirdClef/features/Dacnis cayana_Blue Dacnis/XC84491.npy,../../Datasets/BirdClef/audio/Dacnis cayana_Blue Dacnis/XC84491.mp3
train,Dacnis cayana_Blue Dacnis,../../Datasets/BirdClef/features/Dacnis cayana_Blue Dacnis/XC278933.npy,../../Datasets/BirdClef/audio/Dacnis cayana_Blue Dacnis/XC278933.mp3
train,Dacnis cayana_Blue Dacnis,../../Datasets/BirdClef/features/Dacnis cayana_Blue Dacnis/XC480318.npy,../../Datasets/BirdClef/audio/Dacnis cayana_Blue Dacnis/XC480318.mp3
train,Daptrius ater_Black Caracara,../../Datasets/BirdClef/features/Daptrius ater_Black Caracara/XC238237.npy,../../Datasets/BirdClef/audio/Daptrius ater_Black Caracara/XC238237.mp3
train,Daptrius ater_Black Caracara,../../Datasets/BirdClef/features/Daptrius ater_Black Caracara/XC24179.npy,../../Datasets/BirdClef/audio/Daptrius ater_Black Caracara/XC24179.mp3
train,Daptrius ater_Black Caracara,../../Datasets/BirdClef/features/Daptrius ater_Black Caracara/XC12588.npy,../../Datasets/BirdClef/audio/Daptrius ater_Black Caracara/XC12588.mp3
train,Daptrius ater_Black Caracara,../../Datasets/BirdClef/features/Daptrius ater_Black Caracara/XC329116.npy,../../Datasets/BirdClef/audio/Daptrius ater_Black Caracara/XC329116.mp3
train,Daptrius ater_Black Caracara,../../Datasets/BirdClef/features/Daptrius ater_Black Caracara/XC402854.npy,../../Datasets/BirdClef/audio/Daptrius ater_Black Caracara/XC402854.mp3
train,Deconychura longicauda_Long-tailed Woodcreeper,../../Datasets/BirdClef/features/Deconychura longicauda_Long-tailed Woodcreeper/XC68118.npy,../../Datasets/BirdClef/audio/Deconychura longicauda_Long-tailed Woodcreeper/XC68118.mp3
train,Deconychura longicauda_Long-tailed Woodcreeper,../../Datasets/BirdClef/features/Deconychura longicauda_Long-tailed Woodcreeper/XC18826.npy,../../Datasets/BirdClef/audio/Deconychura longicauda_Long-tailed Woodcreeper/XC18826.mp3
train,Deconychura longicauda_Long-tailed Woodcreeper,../../Datasets/BirdClef/features/Deconychura longicauda_Long-tailed Woodcreeper/XC283485.npy,../../Datasets/BirdClef/audio/Deconychura longicauda_Long-tailed Woodcreeper/XC283485.mp3
train,Deconychura longicauda_Long-tailed Woodcreeper,../../Datasets/BirdClef/features/Deconychura longicauda_Long-tailed Woodcreeper/XC222209.npy,../../Datasets/BirdClef/audio/Deconychura longicauda_Long-tailed Woodcreeper/XC222209.mp3
train,Deconychura longicauda_Long-tailed Woodcreeper,../../Datasets/BirdClef/features/Deconychura longicauda_Long-tailed Woodcreeper/XC151958.npy,../../Datasets/BirdClef/audio/Deconychura longicauda_Long-tailed Woodcreeper/XC151958.mp3
train,Delichon urbicum_Common House-Martin,../../Datasets/BirdClef/features/Delichon urbicum_Common House-Martin/XC175932.npy,../../Datasets/BirdClef/audio/Delichon urbicum_Common House-Martin/XC175932.mp3
train,Delichon urbicum_Common House-Martin,../../Datasets/BirdClef/features/Delichon urbicum_Common House-Martin/XC378657.npy,../../Datasets/BirdClef/audio/Delichon urbicum_Common House-Martin/XC378657.mp3
train,Delichon urbicum_Common House-Martin,../../Datasets/BirdClef/features/Delichon urbicum_Common House-Martin/XC147883.npy,../../Datasets/BirdClef/audio/Delichon urbicum_Common House-Martin/XC147883.mp3
train,Delichon urbicum_Common House-Martin,../../Datasets/BirdClef/features/Delichon urbicum_Common House-Martin/XC144305.npy,../../Datasets/BirdClef/audio/Delichon urbicum_Common House-Martin/XC144305.mp3
train,Delichon urbicum_Common House-Martin,../../Datasets/BirdClef/features/Delichon urbicum_Common House-Martin/XC246975.npy,../../Datasets/BirdClef/audio/Delichon urbicum_Common House-Martin/XC246975.mp3
train,Dendrexetastes rufigula_Cinnamon-throated Woodcreeper,../../Datasets/BirdClef/features/Dendrexetastes rufigula_Cinnamon-throated Woodcreeper/XC126701.npy,../../Datasets/BirdClef/audio/Dendrexetastes rufigula_Cinnamon-throated Woodcreeper/XC126701.mp3
train,Dendrexetastes rufigula_Cinnamon-throated Woodcreeper,../../Datasets/BirdClef/features/Dendrexetastes rufigula_Cinnamon-throated Woodcreeper/XC106274.npy,../../Datasets/BirdClef/audio/Dendrexetastes rufigula_Cinnamon-throated Woodcreeper/XC106274.mp3
train,Dendrexetastes rufigula_Cinnamon-throated Woodcreeper,../../Datasets/BirdClef/features/Dendrexetastes rufigula_Cinnamon-throated Woodcreeper/XC249026.npy,../../Datasets/BirdClef/audio/Dendrexetastes rufigula_Cinnamon-throated Woodcreeper/XC249026.mp3
train,Dendrexetastes rufigula_Cinnamon-throated Woodcreeper,../../Datasets/BirdClef/features/Dendrexetastes rufigula_Cinnamon-throated Woodcreeper/XC410472.npy,../../Datasets/BirdClef/audio/Dendrexetastes rufigula_Cinnamon-throated Woodcreeper/XC410472.mp3
train,Dendrexetastes rufigula_Cinnamon-throated Woodcreeper,../../Datasets/BirdClef/features/Dendrexetastes rufigula_Cinnamon-throated Woodcreeper/XC91149.npy,../../Datasets/BirdClef/audio/Dendrexetastes rufigula_Cinnamon-throated Woodcreeper/XC91149.mp3
train,Dendrocincla fuliginosa_Plain-brown Woodcreeper,../../Datasets/BirdClef/features/Dendrocincla fuliginosa_Plain-brown Woodcreeper/XC146608.npy,../../Datasets/BirdClef/audio/Dendrocincla fuliginosa_Plain-brown Woodcreeper/XC146608.mp3
train,Dendrocincla fuliginosa_Plain-brown Woodcreeper,../../Datasets/BirdClef/features/Dendrocincla fuliginosa_Plain-brown Woodcreeper/XC222260.npy,../../Datasets/BirdClef/audio/Dendrocincla fuliginosa_Plain-brown Woodcreeper/XC222260.mp3
train,Dendrocincla fuliginosa_Plain-brown Woodcreeper,../../Datasets/BirdClef/features/Dendrocincla fuliginosa_Plain-brown Woodcreeper/XC245250.npy,../../Datasets/BirdClef/audio/Dendrocincla fuliginosa_Plain-brown Woodcreeper/XC245250.mp3
train,Dendrocincla fuliginosa_Plain-brown Woodcreeper,../../Datasets/BirdClef/features/Dendrocincla fuliginosa_Plain-brown Woodcreeper/XC222253.npy,../../Datasets/BirdClef/audio/Dendrocincla fuliginosa_Plain-brown Woodcreeper/XC222253.mp3
train,Dendrocincla fuliginosa_Plain-brown Woodcreeper,../../Datasets/BirdClef/features/Dendrocincla fuliginosa_Plain-brown Woodcreeper/XC222255.npy,../../Datasets/BirdClef/audio/Dendrocincla fuliginosa_Plain-brown Woodcreeper/XC222255.mp3
train,Dendrocolaptes certhia_Amazonian Barred-Woodcreeper,../../Datasets/BirdClef/features/Dendrocolaptes certhia_Amazonian Barred-Woodcreeper/XC47873.npy,../../Datasets/BirdClef/audio/Dendrocolaptes certhia_Amazonian Barred-Woodcreeper/XC47873.mp3
train,Dendrocolaptes certhia_Amazonian Barred-Woodcreeper,../../Datasets/BirdClef/features/Dendrocolaptes certhia_Amazonian Barred-Woodcreeper/XC482002.npy,../../Datasets/BirdClef/audio/Dendrocolaptes certhia_Amazonian Barred-Woodcreeper/XC482002.mp3
train,Dendrocolaptes certhia_Amazonian Barred-Woodcreeper,../../Datasets/BirdClef/features/Dendrocolaptes certhia_Amazonian Barred-Woodcreeper/XC91243.npy,../../Datasets/BirdClef/audio/Dendrocolaptes certhia_Amazonian Barred-Woodcreeper/XC91243.mp3
train,Dendrocolaptes certhia_Amazonian Barred-Woodcreeper,../../Datasets/BirdClef/features/Dendrocolaptes certhia_Amazonian Barred-Woodcreeper/XC409546.npy,../../Datasets/BirdClef/audio/Dendrocolaptes certhia_Amazonian Barred-Woodcreeper/XC409546.mp3
train,Dendrocolaptes certhia_Amazonian Barred-Woodcreeper,../../Datasets/BirdClef/features/Dendrocolaptes certhia_Amazonian Barred-Woodcreeper/XC63382.npy,../../Datasets/BirdClef/audio/Dendrocolaptes certhia_Amazonian Barred-Woodcreeper/XC63382.mp3
train,Dendrocolaptes picumnus_Black-banded Woodcreeper,../../Datasets/BirdClef/features/Dendrocolaptes picumnus_Black-banded Woodcreeper/XC270047.npy,../../Datasets/BirdClef/audio/Dendrocolaptes picumnus_Black-banded Woodcreeper/XC270047.mp3
train,Dendrocolaptes picumnus_Black-banded Woodcreeper,../../Datasets/BirdClef/features/Dendrocolaptes picumnus_Black-banded Woodcreeper/XC222313.npy,../../Datasets/BirdClef/audio/Dendrocolaptes picumnus_Black-banded Woodcreeper/XC222313.mp3
train,Dendrocolaptes picumnus_Black-banded Woodcreeper,../../Datasets/BirdClef/features/Dendrocolaptes picumnus_Black-banded Woodcreeper/XC222306.npy,../../Datasets/BirdClef/audio/Dendrocolaptes picumnus_Black-banded Woodcreeper/XC222306.mp3
train,Dendrocolaptes picumnus_Black-banded Woodcreeper,../../Datasets/BirdClef/features/Dendrocolaptes picumnus_Black-banded Woodcreeper/XC388506.npy,../../Datasets/BirdClef/audio/Dendrocolaptes picumnus_Black-banded Woodcreeper/XC388506.mp3
train,Dendrocolaptes picumnus_Black-banded Woodcreeper,../../Datasets/BirdClef/features/Dendrocolaptes picumnus_Black-banded Woodcreeper/XC2237.npy,../../Datasets/BirdClef/audio/Dendrocolaptes picumnus_Black-banded Woodcreeper/XC2237.mp3
train,Dendrocopos major_Great Spotted Woodpecker,../../Datasets/BirdClef/features/Dendrocopos major_Great Spotted Woodpecker/XC127159.npy,../../Datasets/BirdClef/audio/Dendrocopos major_Great Spotted Woodpecker/XC127159.mp3
train,Dendrocopos major_Great Spotted Woodpecker,../../Datasets/BirdClef/features/Dendrocopos major_Great Spotted Woodpecker/XC101418.npy,../../Datasets/BirdClef/audio/Dendrocopos major_Great Spotted Woodpecker/XC101418.mp3
train,Dendrocopos major_Great Spotted Woodpecker,../../Datasets/BirdClef/features/Dendrocopos major_Great Spotted Woodpecker/XC304016.npy,../../Datasets/BirdClef/audio/Dendrocopos major_Great Spotted Woodpecker/XC304016.mp3
train,Dendrocopos major_Great Spotted Woodpecker,../../Datasets/BirdClef/features/Dendrocopos major_Great Spotted Woodpecker/XC134275.npy,../../Datasets/BirdClef/audio/Dendrocopos major_Great Spotted Woodpecker/XC134275.mp3
train,Dendrocopos major_Great Spotted Woodpecker,../../Datasets/BirdClef/features/Dendrocopos major_Great Spotted Woodpecker/XC243329.npy,../../Datasets/BirdClef/audio/Dendrocopos major_Great Spotted Woodpecker/XC243329.mp3
train,Dendrocoptes medius_Middle Spotted Woodpecker,../../Datasets/BirdClef/features/Dendrocoptes medius_Middle Spotted Woodpecker/XC178861.npy,../../Datasets/BirdClef/audio/Dendrocoptes medius_Middle Spotted Woodpecker/XC178861.mp3
train,Dendrocoptes medius_Middle Spotted Woodpecker,../../Datasets/BirdClef/features/Dendrocoptes medius_Middle Spotted Woodpecker/XC46219.npy,../../Datasets/BirdClef/audio/Dendrocoptes medius_Middle Spotted Woodpecker/XC46219.mp3
train,Dendrocoptes medius_Middle Spotted Woodpecker,../../Datasets/BirdClef/features/Dendrocoptes medius_Middle Spotted Woodpecker/XC130274.npy,../../Datasets/BirdClef/audio/Dendrocoptes medius_Middle Spotted Woodpecker/XC130274.mp3
train,Dendrocoptes medius_Middle Spotted Woodpecker,../../Datasets/BirdClef/features/Dendrocoptes medius_Middle Spotted Woodpecker/XC281296.npy,../../Datasets/BirdClef/audio/Dendrocoptes medius_Middle Spotted Woodpecker/XC281296.mp3
train,Dendrocoptes medius_Middle Spotted Woodpecker,../../Datasets/BirdClef/features/Dendrocoptes medius_Middle Spotted Woodpecker/XC408949.npy,../../Datasets/BirdClef/audio/Dendrocoptes medius_Middle Spotted Woodpecker/XC408949.mp3
train,Dendrocygna autumnalis_Black-bellied Whistling-Duck,../../Datasets/BirdClef/features/Dendrocygna autumnalis_Black-bellied Whistling-Duck/XC264960.npy,../../Datasets/BirdClef/audio/Dendrocygna autumnalis_Black-bellied Whistling-Duck/XC264960.mp3
train,Dendrocygna autumnalis_Black-bellied Whistling-Duck,../../Datasets/BirdClef/features/Dendrocygna autumnalis_Black-bellied Whistling-Duck/XC286820.npy,../../Datasets/BirdClef/audio/Dendrocygna autumnalis_Black-bellied Whistling-Duck/XC286820.mp3
train,Dendrocygna autumnalis_Black-bellied Whistling-Duck,../../Datasets/BirdClef/features/Dendrocygna autumnalis_Black-bellied Whistling-Duck/XC257272.npy,../../Datasets/BirdClef/audio/Dendrocygna autumnalis_Black-bellied Whistling-Duck/XC257272.mp3
train,Dendrocygna autumnalis_Black-bellied Whistling-Duck,../../Datasets/BirdClef/features/Dendrocygna autumnalis_Black-bellied Whistling-Duck/XC393184.npy,../../Datasets/BirdClef/audio/Dendrocygna autumnalis_Black-bellied Whistling-Duck/XC393184.mp3
train,Dendrocygna autumnalis_Black-bellied Whistling-Duck,../../Datasets/BirdClef/features/Dendrocygna autumnalis_Black-bellied Whistling-Duck/XC382108.npy,../../Datasets/BirdClef/audio/Dendrocygna autumnalis_Black-bellied Whistling-Duck/XC382108.mp3
train,Dendrocygna viduata_White-faced Whistling-Duck,../../Datasets/BirdClef/features/Dendrocygna viduata_White-faced Whistling-Duck/XC52547.npy,../../Datasets/BirdClef/audio/Dendrocygna viduata_White-faced Whistling-Duck/XC52547.mp3
train,Dendrocygna viduata_White-faced Whistling-Duck,../../Datasets/BirdClef/features/Dendrocygna viduata_White-faced Whistling-Duck/XC345396.npy,../../Datasets/BirdClef/audio/Dendrocygna viduata_White-faced Whistling-Duck/XC345396.mp3
train,Dendrocygna viduata_White-faced Whistling-Duck,../../Datasets/BirdClef/features/Dendrocygna viduata_White-faced Whistling-Duck/XC401837.npy,../../Datasets/BirdClef/audio/Dendrocygna viduata_White-faced Whistling-Duck/XC401837.mp3
train,Dendrocygna viduata_White-faced Whistling-Duck,../../Datasets/BirdClef/features/Dendrocygna viduata_White-faced Whistling-Duck/XC48072.npy,../../Datasets/BirdClef/audio/Dendrocygna viduata_White-faced Whistling-Duck/XC48072.mp3
train,Dendrocygna viduata_White-faced Whistling-Duck,../../Datasets/BirdClef/features/Dendrocygna viduata_White-faced Whistling-Duck/XC395711.npy,../../Datasets/BirdClef/audio/Dendrocygna viduata_White-faced Whistling-Duck/XC395711.mp3
train,Dendroplex picus_Straight-billed Woodcreeper,../../Datasets/BirdClef/features/Dendroplex picus_Straight-billed Woodcreeper/XC74335.npy,../../Datasets/BirdClef/audio/Dendroplex picus_Straight-billed Woodcreeper/XC74335.mp3
train,Dendroplex picus_Straight-billed Woodcreeper,../../Datasets/BirdClef/features/Dendroplex picus_Straight-billed Woodcreeper/XC271850.npy,../../Datasets/BirdClef/audio/Dendroplex picus_Straight-billed Woodcreeper/XC271850.mp3
train,Dendroplex picus_Straight-billed Woodcreeper,../../Datasets/BirdClef/features/Dendroplex picus_Straight-billed Woodcreeper/XC345321.npy,../../Datasets/BirdClef/audio/Dendroplex picus_Straight-billed Woodcreeper/XC345321.mp3
train,Dendroplex picus_Straight-billed Woodcreeper,../../Datasets/BirdClef/features/Dendroplex picus_Straight-billed Woodcreeper/XC384435.npy,../../Datasets/BirdClef/audio/Dendroplex picus_Straight-billed Woodcreeper/XC384435.mp3
train,Dendroplex picus_Straight-billed Woodcreeper,../../Datasets/BirdClef/features/Dendroplex picus_Straight-billed Woodcreeper/XC10041.npy,../../Datasets/BirdClef/audio/Dendroplex picus_Straight-billed Woodcreeper/XC10041.mp3
train,Dichrozona cincta_Banded Antbird,../../Datasets/BirdClef/features/Dichrozona cincta_Banded Antbird/XC30311.npy,../../Datasets/BirdClef/audio/Dichrozona cincta_Banded Antbird/XC30311.mp3
train,Dichrozona cincta_Banded Antbird,../../Datasets/BirdClef/features/Dichrozona cincta_Banded Antbird/XC249109.npy,../../Datasets/BirdClef/audio/Dichrozona cincta_Banded Antbird/XC249109.mp3
train,Dichrozona cincta_Banded Antbird,../../Datasets/BirdClef/features/Dichrozona cincta_Banded Antbird/XC482004.npy,../../Datasets/BirdClef/audio/Dichrozona cincta_Banded Antbird/XC482004.mp3
train,Dichrozona cincta_Banded Antbird,../../Datasets/BirdClef/features/Dichrozona cincta_Banded Antbird/XC284915.npy,../../Datasets/BirdClef/audio/Dichrozona cincta_Banded Antbird/XC284915.mp3
train,Dichrozona cincta_Banded Antbird,../../Datasets/BirdClef/features/Dichrozona cincta_Banded Antbird/XC222390.npy,../../Datasets/BirdClef/audio/Dichrozona cincta_Banded Antbird/XC222390.mp3
train,Dolichonyx oryzivorus_Bobolink,../../Datasets/BirdClef/features/Dolichonyx oryzivorus_Bobolink/XC160543.npy,../../Datasets/BirdClef/audio/Dolichonyx oryzivorus_Bobolink/XC160543.mp3
train,Dolichonyx oryzivorus_Bobolink,../../Datasets/BirdClef/features/Dolichonyx oryzivorus_Bobolink/XC296886.npy,../../Datasets/BirdClef/audio/Dolichonyx oryzivorus_Bobolink/XC296886.mp3
train,Dolichonyx oryzivorus_Bobolink,../../Datasets/BirdClef/features/Dolichonyx oryzivorus_Bobolink/XC95114.npy,../../Datasets/BirdClef/audio/Dolichonyx oryzivorus_Bobolink/XC95114.mp3
train,Dolichonyx oryzivorus_Bobolink,../../Datasets/BirdClef/features/Dolichonyx oryzivorus_Bobolink/XC50607.npy,../../Datasets/BirdClef/audio/Dolichonyx oryzivorus_Bobolink/XC50607.mp3
train,Dolichonyx oryzivorus_Bobolink,../../Datasets/BirdClef/features/Dolichonyx oryzivorus_Bobolink/XC253399.npy,../../Datasets/BirdClef/audio/Dolichonyx oryzivorus_Bobolink/XC253399.mp3
train,Donacobius atricapilla_Black-capped Donacobius,../../Datasets/BirdClef/features/Donacobius atricapilla_Black-capped Donacobius/XC222462.npy,../../Datasets/BirdClef/audio/Donacobius atricapilla_Black-capped Donacobius/XC222462.mp3
train,Donacobius atricapilla_Black-capped Donacobius,../../Datasets/BirdClef/features/Donacobius atricapilla_Black-capped Donacobius/XC269300.npy,../../Datasets/BirdClef/audio/Donacobius atricapilla_Black-capped Donacobius/XC269300.mp3
train,Donacobius atricapilla_Black-capped Donacobius,../../Datasets/BirdClef/features/Donacobius atricapilla_Black-capped Donacobius/XC165386.npy,../../Datasets/BirdClef/audio/Donacobius atricapilla_Black-capped Donacobius/XC165386.mp3
train,Donacobius atricapilla_Black-capped Donacobius,../../Datasets/BirdClef/features/Donacobius atricapilla_Black-capped Donacobius/XC222464.npy,../../Datasets/BirdClef/audio/Donacobius atricapilla_Black-capped Donacobius/XC222464.mp3
train,Donacobius atricapilla_Black-capped Donacobius,../../Datasets/BirdClef/features/Donacobius atricapilla_Black-capped Donacobius/XC109021.npy,../../Datasets/BirdClef/audio/Donacobius atricapilla_Black-capped Donacobius/XC109021.mp3
train,Dromococcyx pavoninus_Pavonine Cuckoo,../../Datasets/BirdClef/features/Dromococcyx pavoninus_Pavonine Cuckoo/XC295721.npy,../../Datasets/BirdClef/audio/Dromococcyx pavoninus_Pavonine Cuckoo/XC295721.mp3
train,Dromococcyx pavoninus_Pavonine Cuckoo,../../Datasets/BirdClef/features/Dromococcyx pavoninus_Pavonine Cuckoo/XC121566.npy,../../Datasets/BirdClef/audio/Dromococcyx pavoninus_Pavonine Cuckoo/XC121566.mp3
train,Dromococcyx pavoninus_Pavonine Cuckoo,../../Datasets/BirdClef/features/Dromococcyx pavoninus_Pavonine Cuckoo/XC440373.npy,../../Datasets/BirdClef/audio/Dromococcyx pavoninus_Pavonine Cuckoo/XC440373.mp3
train,Dromococcyx pavoninus_Pavonine Cuckoo,../../Datasets/BirdClef/features/Dromococcyx pavoninus_Pavonine Cuckoo/XC75331.npy,../../Datasets/BirdClef/audio/Dromococcyx pavoninus_Pavonine Cuckoo/XC75331.mp3
train,Dromococcyx pavoninus_Pavonine Cuckoo,../../Datasets/BirdClef/features/Dromococcyx pavoninus_Pavonine Cuckoo/XC422109.npy,../../Datasets/BirdClef/audio/Dromococcyx pavoninus_Pavonine Cuckoo/XC422109.mp3
train,Dromococcyx phasianellus_Pheasant Cuckoo,../../Datasets/BirdClef/features/Dromococcyx phasianellus_Pheasant Cuckoo/XC273723.npy,../../Datasets/BirdClef/audio/Dromococcyx phasianellus_Pheasant Cuckoo/XC273723.mp3
train,Dromococcyx phasianellus_Pheasant Cuckoo,../../Datasets/BirdClef/features/Dromococcyx phasianellus_Pheasant Cuckoo/XC913.npy,../../Datasets/BirdClef/audio/Dromococcyx phasianellus_Pheasant Cuckoo/XC913.mp3
train,Dromococcyx phasianellus_Pheasant Cuckoo,../../Datasets/BirdClef/features/Dromococcyx phasianellus_Pheasant Cuckoo/XC360774.npy,../../Datasets/BirdClef/audio/Dromococcyx phasianellus_Pheasant Cuckoo/XC360774.mp3
train,Dromococcyx phasianellus_Pheasant Cuckoo,../../Datasets/BirdClef/features/Dromococcyx phasianellus_Pheasant Cuckoo/XC493262.npy,../../Datasets/BirdClef/audio/Dromococcyx phasianellus_Pheasant Cuckoo/XC493262.mp3
train,Dromococcyx phasianellus_Pheasant Cuckoo,../../Datasets/BirdClef/features/Dromococcyx phasianellus_Pheasant Cuckoo/XC408047.npy,../../Datasets/BirdClef/audio/Dromococcyx phasianellus_Pheasant Cuckoo/XC408047.mp3
train,Drymophila devillei_Striated Antbird,../../Datasets/BirdClef/features/Drymophila devillei_Striated Antbird/XC73525.npy,../../Datasets/BirdClef/audio/Drymophila devillei_Striated Antbird/XC73525.mp3
train,Drymophila devillei_Striated Antbird,../../Datasets/BirdClef/features/Drymophila devillei_Striated Antbird/XC93207.npy,../../Datasets/BirdClef/audio/Drymophila devillei_Striated Antbird/XC93207.mp3
train,Drymophila devillei_Striated Antbird,../../Datasets/BirdClef/features/Drymophila devillei_Striated Antbird/XC77589.npy,../../Datasets/BirdClef/audio/Drymophila devillei_Striated Antbird/XC77589.mp3
train,Drymophila devillei_Striated Antbird,../../Datasets/BirdClef/features/Drymophila devillei_Striated Antbird/XC88966.npy,../../Datasets/BirdClef/audio/Drymophila devillei_Striated Antbird/XC88966.mp3
train,Drymophila devillei_Striated Antbird,../../Datasets/BirdClef/features/Drymophila devillei_Striated Antbird/XC39905.npy,../../Datasets/BirdClef/audio/Drymophila devillei_Striated Antbird/XC39905.mp3
train,Dryobates affinis_Red-stained Woodpecker,../../Datasets/BirdClef/features/Dryobates affinis_Red-stained Woodpecker/XC151790.npy,../../Datasets/BirdClef/audio/Dryobates affinis_Red-stained Woodpecker/XC151790.mp3
train,Dryobates affinis_Red-stained Woodpecker,../../Datasets/BirdClef/features/Dryobates affinis_Red-stained Woodpecker/XC325976.npy,../../Datasets/BirdClef/audio/Dryobates affinis_Red-stained Woodpecker/XC325976.mp3
train,Dryobates affinis_Red-stained Woodpecker,../../Datasets/BirdClef/features/Dryobates affinis_Red-stained Woodpecker/XC260623.npy,../../Datasets/BirdClef/audio/Dryobates affinis_Red-stained Woodpecker/XC260623.mp3
train,Dryobates affinis_Red-stained Woodpecker,../../Datasets/BirdClef/features/Dryobates affinis_Red-stained Woodpecker/XC260621.npy,../../Datasets/BirdClef/audio/Dryobates affinis_Red-stained Woodpecker/XC260621.mp3
train,Dryobates affinis_Red-stained Woodpecker,../../Datasets/BirdClef/features/Dryobates affinis_Red-stained Woodpecker/XC436432.npy,../../Datasets/BirdClef/audio/Dryobates affinis_Red-stained Woodpecker/XC436432.mp3
train,Dryobates minor_Lesser Spotted Woodpecker,../../Datasets/BirdClef/features/Dryobates minor_Lesser Spotted Woodpecker/XC150519.npy,../../Datasets/BirdClef/audio/Dryobates minor_Lesser Spotted Woodpecker/XC150519.mp3
train,Dryobates minor_Lesser Spotted Woodpecker,../../Datasets/BirdClef/features/Dryobates minor_Lesser Spotted Woodpecker/XC381665.npy,../../Datasets/BirdClef/audio/Dryobates minor_Lesser Spotted Woodpecker/XC381665.mp3
train,Dryobates minor_Lesser Spotted Woodpecker,../../Datasets/BirdClef/features/Dryobates minor_Lesser Spotted Woodpecker/XC92557.npy,../../Datasets/BirdClef/audio/Dryobates minor_Lesser Spotted Woodpecker/XC92557.mp3
train,Dryobates minor_Lesser Spotted Woodpecker,../../Datasets/BirdClef/features/Dryobates minor_Lesser Spotted Woodpecker/XC342626.npy,../../Datasets/BirdClef/audio/Dryobates minor_Lesser Spotted Woodpecker/XC342626.mp3
train,Dryobates minor_Lesser Spotted Woodpecker,../../Datasets/BirdClef/features/Dryobates minor_Lesser Spotted Woodpecker/XC26681.npy,../../Datasets/BirdClef/audio/Dryobates minor_Lesser Spotted Woodpecker/XC26681.mp3
train,Dryobates nuttallii_Nuttall's Woodpecker,../../Datasets/BirdClef/features/Dryobates nuttallii_Nuttall's Woodpecker/XC72390.npy,../../Datasets/BirdClef/audio/Dryobates nuttallii_Nuttall's Woodpecker/XC72390.mp3
train,Dryobates nuttallii_Nuttall's Woodpecker,../../Datasets/BirdClef/features/Dryobates nuttallii_Nuttall's Woodpecker/XC482294.npy,../../Datasets/BirdClef/audio/Dryobates nuttallii_Nuttall's Woodpecker/XC482294.mp3
train,Dryobates nuttallii_Nuttall's Woodpecker,../../Datasets/BirdClef/features/Dryobates nuttallii_Nuttall's Woodpecker/XC450921.npy,../../Datasets/BirdClef/audio/Dryobates nuttallii_Nuttall's Woodpecker/XC450921.mp3
train,Dryobates nuttallii_Nuttall's Woodpecker,../../Datasets/BirdClef/features/Dryobates nuttallii_Nuttall's Woodpecker/XC72386.npy,../../Datasets/BirdClef/audio/Dryobates nuttallii_Nuttall's Woodpecker/XC72386.mp3
train,Dryobates nuttallii_Nuttall's Woodpecker,../../Datasets/BirdClef/features/Dryobates nuttallii_Nuttall's Woodpecker/XC451205.npy,../../Datasets/BirdClef/audio/Dryobates nuttallii_Nuttall's Woodpecker/XC451205.mp3
train,Dryobates passerinus_Little Woodpecker,../../Datasets/BirdClef/features/Dryobates passerinus_Little Woodpecker/XC232061.npy,../../Datasets/BirdClef/audio/Dryobates passerinus_Little Woodpecker/XC232061.mp3
train,Dryobates passerinus_Little Woodpecker,../../Datasets/BirdClef/features/Dryobates passerinus_Little Woodpecker/XC108384.npy,../../Datasets/BirdClef/audio/Dryobates passerinus_Little Woodpecker/XC108384.mp3
train,Dryobates passerinus_Little Woodpecker,../../Datasets/BirdClef/features/Dryobates passerinus_Little Woodpecker/XC428137.npy,../../Datasets/BirdClef/audio/Dryobates passerinus_Little Woodpecker/XC428137.mp3
train,Dryobates passerinus_Little Woodpecker,../../Datasets/BirdClef/features/Dryobates passerinus_Little Woodpecker/XC474861.npy,../../Datasets/BirdClef/audio/Dryobates passerinus_Little Woodpecker/XC474861.mp3
train,Dryobates passerinus_Little Woodpecker,../../Datasets/BirdClef/features/Dryobates passerinus_Little Woodpecker/XC61109.npy,../../Datasets/BirdClef/audio/Dryobates passerinus_Little Woodpecker/XC61109.mp3
train,Dryobates pubescens_Downy Woodpecker,../../Datasets/BirdClef/features/Dryobates pubescens_Downy Woodpecker/XC445797.npy,../../Datasets/BirdClef/audio/Dryobates pubescens_Downy Woodpecker/XC445797.mp3
train,Dryobates pubescens_Downy Woodpecker,../../Datasets/BirdClef/features/Dryobates pubescens_Downy Woodpecker/XC37361.npy,../../Datasets/BirdClef/audio/Dryobates pubescens_Downy Woodpecker/XC37361.mp3
train,Dryobates pubescens_Downy Woodpecker,../../Datasets/BirdClef/features/Dryobates pubescens_Downy Woodpecker/XC159044.npy,../../Datasets/BirdClef/audio/Dryobates pubescens_Downy Woodpecker/XC159044.mp3
train,Dryobates pubescens_Downy Woodpecker,../../Datasets/BirdClef/features/Dryobates pubescens_Downy Woodpecker/XC500163.npy,../../Datasets/BirdClef/audio/Dryobates pubescens_Downy Woodpecker/XC500163.mp3
train,Dryobates pubescens_Downy Woodpecker,../../Datasets/BirdClef/features/Dryobates pubescens_Downy Woodpecker/XC72916.npy,../../Datasets/BirdClef/audio/Dryobates pubescens_Downy Woodpecker/XC72916.mp3
train,Dryobates scalaris_Ladder-backed Woodpecker,../../Datasets/BirdClef/features/Dryobates scalaris_Ladder-backed Woodpecker/XC362156.npy,../../Datasets/BirdClef/audio/Dryobates scalaris_Ladder-backed Woodpecker/XC362156.mp3
train,Dryobates scalaris_Ladder-backed Woodpecker,../../Datasets/BirdClef/features/Dryobates scalaris_Ladder-backed Woodpecker/XC321771.npy,../../Datasets/BirdClef/audio/Dryobates scalaris_Ladder-backed Woodpecker/XC321771.mp3
train,Dryobates scalaris_Ladder-backed Woodpecker,../../Datasets/BirdClef/features/Dryobates scalaris_Ladder-backed Woodpecker/XC353615.npy,../../Datasets/BirdClef/audio/Dryobates scalaris_Ladder-backed Woodpecker/XC353615.mp3
train,Dryobates scalaris_Ladder-backed Woodpecker,../../Datasets/BirdClef/features/Dryobates scalaris_Ladder-backed Woodpecker/XC227955.npy,../../Datasets/BirdClef/audio/Dryobates scalaris_Ladder-backed Woodpecker/XC227955.mp3
train,Dryobates scalaris_Ladder-backed Woodpecker,../../Datasets/BirdClef/features/Dryobates scalaris_Ladder-backed Woodpecker/XC171693.npy,../../Datasets/BirdClef/audio/Dryobates scalaris_Ladder-backed Woodpecker/XC171693.mp3
train,Dryobates villosus_Hairy Woodpecker,../../Datasets/BirdClef/features/Dryobates villosus_Hairy Woodpecker/XC139973.npy,../../Datasets/BirdClef/audio/Dryobates villosus_Hairy Woodpecker/XC139973.mp3
train,Dryobates villosus_Hairy Woodpecker,../../Datasets/BirdClef/features/Dryobates villosus_Hairy Woodpecker/XC450914.npy,../../Datasets/BirdClef/audio/Dryobates villosus_Hairy Woodpecker/XC450914.mp3
train,Dryobates villosus_Hairy Woodpecker,../../Datasets/BirdClef/features/Dryobates villosus_Hairy Woodpecker/XC335365.npy,../../Datasets/BirdClef/audio/Dryobates villosus_Hairy Woodpecker/XC335365.mp3
train,Dryobates villosus_Hairy Woodpecker,../../Datasets/BirdClef/features/Dryobates villosus_Hairy Woodpecker/XC301318.npy,../../Datasets/BirdClef/audio/Dryobates villosus_Hairy Woodpecker/XC301318.mp3
train,Dryobates villosus_Hairy Woodpecker,../../Datasets/BirdClef/features/Dryobates villosus_Hairy Woodpecker/XC260206.npy,../../Datasets/BirdClef/audio/Dryobates villosus_Hairy Woodpecker/XC260206.mp3
train,Dryocopus lineatus_Lineated Woodpecker,../../Datasets/BirdClef/features/Dryocopus lineatus_Lineated Woodpecker/XC430032.npy,../../Datasets/BirdClef/audio/Dryocopus lineatus_Lineated Woodpecker/XC430032.mp3
train,Dryocopus lineatus_Lineated Woodpecker,../../Datasets/BirdClef/features/Dryocopus lineatus_Lineated Woodpecker/XC394444.npy,../../Datasets/BirdClef/audio/Dryocopus lineatus_Lineated Woodpecker/XC394444.mp3
train,Dryocopus lineatus_Lineated Woodpecker,../../Datasets/BirdClef/features/Dryocopus lineatus_Lineated Woodpecker/XC13134.npy,../../Datasets/BirdClef/audio/Dryocopus lineatus_Lineated Woodpecker/XC13134.mp3
train,Dryocopus lineatus_Lineated Woodpecker,../../Datasets/BirdClef/features/Dryocopus lineatus_Lineated Woodpecker/XC465441.npy,../../Datasets/BirdClef/audio/Dryocopus lineatus_Lineated Woodpecker/XC465441.mp3
train,Dryocopus lineatus_Lineated Woodpecker,../../Datasets/BirdClef/features/Dryocopus lineatus_Lineated Woodpecker/XC394445.npy,../../Datasets/BirdClef/audio/Dryocopus lineatus_Lineated Woodpecker/XC394445.mp3
train,Dryocopus martius_Black Woodpecker,../../Datasets/BirdClef/features/Dryocopus martius_Black Woodpecker/XC302819.npy,../../Datasets/BirdClef/audio/Dryocopus martius_Black Woodpecker/XC302819.mp3
train,Dryocopus martius_Black Woodpecker,../../Datasets/BirdClef/features/Dryocopus martius_Black Woodpecker/XC343668.npy,../../Datasets/BirdClef/audio/Dryocopus martius_Black Woodpecker/XC343668.mp3
train,Dryocopus martius_Black Woodpecker,../../Datasets/BirdClef/features/Dryocopus martius_Black Woodpecker/XC155975.npy,../../Datasets/BirdClef/audio/Dryocopus martius_Black Woodpecker/XC155975.mp3
train,Dryocopus martius_Black Woodpecker,../../Datasets/BirdClef/features/Dryocopus martius_Black Woodpecker/XC343667.npy,../../Datasets/BirdClef/audio/Dryocopus martius_Black Woodpecker/XC343667.mp3
train,Dryocopus martius_Black Woodpecker,../../Datasets/BirdClef/features/Dryocopus martius_Black Woodpecker/XC187168.npy,../../Datasets/BirdClef/audio/Dryocopus martius_Black Woodpecker/XC187168.mp3
train,Dryocopus pileatus_Pileated Woodpecker,../../Datasets/BirdClef/features/Dryocopus pileatus_Pileated Woodpecker/XC361074.npy,../../Datasets/BirdClef/audio/Dryocopus pileatus_Pileated Woodpecker/XC361074.mp3
train,Dryocopus pileatus_Pileated Woodpecker,../../Datasets/BirdClef/features/Dryocopus pileatus_Pileated Woodpecker/XC47014.npy,../../Datasets/BirdClef/audio/Dryocopus pileatus_Pileated Woodpecker/XC47014.mp3
train,Dryocopus pileatus_Pileated Woodpecker,../../Datasets/BirdClef/features/Dryocopus pileatus_Pileated Woodpecker/XC78708.npy,../../Datasets/BirdClef/audio/Dryocopus pileatus_Pileated Woodpecker/XC78708.mp3
train,Dryocopus pileatus_Pileated Woodpecker,../../Datasets/BirdClef/features/Dryocopus pileatus_Pileated Woodpecker/XC314295.npy,../../Datasets/BirdClef/audio/Dryocopus pileatus_Pileated Woodpecker/XC314295.mp3
train,Dryocopus pileatus_Pileated Woodpecker,../../Datasets/BirdClef/features/Dryocopus pileatus_Pileated Woodpecker/XC149508.npy,../../Datasets/BirdClef/audio/Dryocopus pileatus_Pileated Woodpecker/XC149508.mp3
train,Dumetella carolinensis_Gray Catbird,../../Datasets/BirdClef/features/Dumetella carolinensis_Gray Catbird/XC386612.npy,../../Datasets/BirdClef/audio/Dumetella carolinensis_Gray Catbird/XC386612.mp3
train,Dumetella carolinensis_Gray Catbird,../../Datasets/BirdClef/features/Dumetella carolinensis_Gray Catbird/XC115063.npy,../../Datasets/BirdClef/audio/Dumetella carolinensis_Gray Catbird/XC115063.mp3
train,Dumetella carolinensis_Gray Catbird,../../Datasets/BirdClef/features/Dumetella carolinensis_Gray Catbird/XC342383.npy,../../Datasets/BirdClef/audio/Dumetella carolinensis_Gray Catbird/XC342383.mp3
train,Dumetella carolinensis_Gray Catbird,../../Datasets/BirdClef/features/Dumetella carolinensis_Gray Catbird/XC173595.npy,../../Datasets/BirdClef/audio/Dumetella carolinensis_Gray Catbird/XC173595.mp3
train,Dumetella carolinensis_Gray Catbird,../../Datasets/BirdClef/features/Dumetella carolinensis_Gray Catbird/XC469602.npy,../../Datasets/BirdClef/audio/Dumetella carolinensis_Gray Catbird/XC469602.mp3
train,Dysithamnus mentalis_Plain Antvireo,../../Datasets/BirdClef/features/Dysithamnus mentalis_Plain Antvireo/XC11752.npy,../../Datasets/BirdClef/audio/Dysithamnus mentalis_Plain Antvireo/XC11752.mp3
train,Dysithamnus mentalis_Plain Antvireo,../../Datasets/BirdClef/features/Dysithamnus mentalis_Plain Antvireo/XC239756.npy,../../Datasets/BirdClef/audio/Dysithamnus mentalis_Plain Antvireo/XC239756.mp3
train,Dysithamnus mentalis_Plain Antvireo,../../Datasets/BirdClef/features/Dysithamnus mentalis_Plain Antvireo/XC80067.npy,../../Datasets/BirdClef/audio/Dysithamnus mentalis_Plain Antvireo/XC80067.mp3
train,Dysithamnus mentalis_Plain Antvireo,../../Datasets/BirdClef/features/Dysithamnus mentalis_Plain Antvireo/XC493431.npy,../../Datasets/BirdClef/audio/Dysithamnus mentalis_Plain Antvireo/XC493431.mp3
train,Dysithamnus mentalis_Plain Antvireo,../../Datasets/BirdClef/features/Dysithamnus mentalis_Plain Antvireo/XC11381.npy,../../Datasets/BirdClef/audio/Dysithamnus mentalis_Plain Antvireo/XC11381.mp3
train,Egretta thula_Snowy Egret,../../Datasets/BirdClef/features/Egretta thula_Snowy Egret/XC257312.npy,../../Datasets/BirdClef/audio/Egretta thula_Snowy Egret/XC257312.mp3
train,Egretta thula_Snowy Egret,../../Datasets/BirdClef/features/Egretta thula_Snowy Egret/XC222666.npy,../../Datasets/BirdClef/audio/Egretta thula_Snowy Egret/XC222666.mp3
train,Egretta thula_Snowy Egret,../../Datasets/BirdClef/features/Egretta thula_Snowy Egret/XC50905.npy,../../Datasets/BirdClef/audio/Egretta thula_Snowy Egret/XC50905.mp3
train,Egretta thula_Snowy Egret,../../Datasets/BirdClef/features/Egretta thula_Snowy Egret/XC222665.npy,../../Datasets/BirdClef/audio/Egretta thula_Snowy Egret/XC222665.mp3
train,Egretta thula_Snowy Egret,../../Datasets/BirdClef/features/Egretta thula_Snowy Egret/XC443383.npy,../../Datasets/BirdClef/audio/Egretta thula_Snowy Egret/XC443383.mp3
train,Elaenia albiceps_White-crested Elaenia,../../Datasets/BirdClef/features/Elaenia albiceps_White-crested Elaenia/XC149668.npy,../../Datasets/BirdClef/audio/Elaenia albiceps_White-crested Elaenia/XC149668.mp3
train,Elaenia albiceps_White-crested Elaenia,../../Datasets/BirdClef/features/Elaenia albiceps_White-crested Elaenia/XC91011.npy,../../Datasets/BirdClef/audio/Elaenia albiceps_White-crested Elaenia/XC91011.mp3
train,Elaenia albiceps_White-crested Elaenia,../../Datasets/BirdClef/features/Elaenia albiceps_White-crested Elaenia/XC50925.npy,../../Datasets/BirdClef/audio/Elaenia albiceps_White-crested Elaenia/XC50925.mp3
train,Elaenia albiceps_White-crested Elaenia,../../Datasets/BirdClef/features/Elaenia albiceps_White-crested Elaenia/XC30082.npy,../../Datasets/BirdClef/audio/Elaenia albiceps_White-crested Elaenia/XC30082.mp3
train,Elaenia albiceps_White-crested Elaenia,../../Datasets/BirdClef/features/Elaenia albiceps_White-crested Elaenia/XC351280.npy,../../Datasets/BirdClef/audio/Elaenia albiceps_White-crested Elaenia/XC351280.mp3
train,Elaenia parvirostris_Small-billed Elaenia,../../Datasets/BirdClef/features/Elaenia parvirostris_Small-billed Elaenia/XC43299.npy,../../Datasets/BirdClef/audio/Elaenia parvirostris_Small-billed Elaenia/XC43299.mp3
train,Elaenia parvirostris_Small-billed Elaenia,../../Datasets/BirdClef/features/Elaenia parvirostris_Small-billed Elaenia/XC399498.npy,../../Datasets/BirdClef/audio/Elaenia parvirostris_Small-billed Elaenia/XC399498.mp3
train,Elaenia parvirostris_Small-billed Elaenia,../../Datasets/BirdClef/features/Elaenia parvirostris_Small-billed Elaenia/XC186292.npy,../../Datasets/BirdClef/audio/Elaenia parvirostris_Small-billed Elaenia/XC186292.mp3
train,Elaenia parvirostris_Small-billed Elaenia,../../Datasets/BirdClef/features/Elaenia parvirostris_Small-billed Elaenia/XC170800.npy,../../Datasets/BirdClef/audio/Elaenia parvirostris_Small-billed Elaenia/XC170800.mp3
train,Elaenia parvirostris_Small-billed Elaenia,../../Datasets/BirdClef/features/Elaenia parvirostris_Small-billed Elaenia/XC52844.npy,../../Datasets/BirdClef/audio/Elaenia parvirostris_Small-billed Elaenia/XC52844.mp3
train,Elaenia spectabilis_Large Elaenia,../../Datasets/BirdClef/features/Elaenia spectabilis_Large Elaenia/XC446474.npy,../../Datasets/BirdClef/audio/Elaenia spectabilis_Large Elaenia/XC446474.mp3
train,Elaenia spectabilis_Large Elaenia,../../Datasets/BirdClef/features/Elaenia spectabilis_Large Elaenia/XC71179.npy,../../Datasets/BirdClef/audio/Elaenia spectabilis_Large Elaenia/XC71179.mp3
train,Elaenia spectabilis_Large Elaenia,../../Datasets/BirdClef/features/Elaenia spectabilis_Large Elaenia/XC387125.npy,../../Datasets/BirdClef/audio/Elaenia spectabilis_Large Elaenia/XC387125.mp3
train,Elaenia spectabilis_Large Elaenia,../../Datasets/BirdClef/features/Elaenia spectabilis_Large Elaenia/XC81552.npy,../../Datasets/BirdClef/audio/Elaenia spectabilis_Large Elaenia/XC81552.mp3
train,Elaenia spectabilis_Large Elaenia,../../Datasets/BirdClef/features/Elaenia spectabilis_Large Elaenia/XC108630.npy,../../Datasets/BirdClef/audio/Elaenia spectabilis_Large Elaenia/XC108630.mp3
train,Elanoides forficatus_Swallow-tailed Kite,../../Datasets/BirdClef/features/Elanoides forficatus_Swallow-tailed Kite/XC150903.npy,../../Datasets/BirdClef/audio/Elanoides forficatus_Swallow-tailed Kite/XC150903.mp3
train,Elanoides forficatus_Swallow-tailed Kite,../../Datasets/BirdClef/features/Elanoides forficatus_Swallow-tailed Kite/XC216854.npy,../../Datasets/BirdClef/audio/Elanoides forficatus_Swallow-tailed Kite/XC216854.mp3
train,Elanoides forficatus_Swallow-tailed Kite,../../Datasets/BirdClef/features/Elanoides forficatus_Swallow-tailed Kite/XC129095.npy,../../Datasets/BirdClef/audio/Elanoides forficatus_Swallow-tailed Kite/XC129095.mp3
train,Elanoides forficatus_Swallow-tailed Kite,../../Datasets/BirdClef/features/Elanoides forficatus_Swallow-tailed Kite/XC96777.npy,../../Datasets/BirdClef/audio/Elanoides forficatus_Swallow-tailed Kite/XC96777.mp3
train,Elanoides forficatus_Swallow-tailed Kite,../../Datasets/BirdClef/features/Elanoides forficatus_Swallow-tailed Kite/XC222718.npy,../../Datasets/BirdClef/audio/Elanoides forficatus_Swallow-tailed Kite/XC222718.mp3
train,Electron platyrhynchum_Broad-billed Motmot,../../Datasets/BirdClef/features/Electron platyrhynchum_Broad-billed Motmot/XC118741.npy,../../Datasets/BirdClef/audio/Electron platyrhynchum_Broad-billed Motmot/XC118741.mp3
train,Electron platyrhynchum_Broad-billed Motmot,../../Datasets/BirdClef/features/Electron platyrhynchum_Broad-billed Motmot/XC148093.npy,../../Datasets/BirdClef/audio/Electron platyrhynchum_Broad-billed Motmot/XC148093.mp3
train,Electron platyrhynchum_Broad-billed Motmot,../../Datasets/BirdClef/features/Electron platyrhynchum_Broad-billed Motmot/XC238250.npy,../../Datasets/BirdClef/audio/Electron platyrhynchum_Broad-billed Motmot/XC238250.mp3
train,Electron platyrhynchum_Broad-billed Motmot,../../Datasets/BirdClef/features/Electron platyrhynchum_Broad-billed Motmot/XC141332.npy,../../Datasets/BirdClef/audio/Electron platyrhynchum_Broad-billed Motmot/XC141332.mp3
train,Electron platyrhynchum_Broad-billed Motmot,../../Datasets/BirdClef/features/Electron platyrhynchum_Broad-billed Motmot/XC404763.npy,../../Datasets/BirdClef/audio/Electron platyrhynchum_Broad-billed Motmot/XC404763.mp3
train,Emberiza cia_Rock Bunting,../../Datasets/BirdClef/features/Emberiza cia_Rock Bunting/XC177424.npy,../../Datasets/BirdClef/audio/Emberiza cia_Rock Bunting/XC177424.mp3
train,Emberiza cia_Rock Bunting,../../Datasets/BirdClef/features/Emberiza cia_Rock Bunting/XC148467.npy,../../Datasets/BirdClef/audio/Emberiza cia_Rock Bunting/XC148467.mp3
train,Emberiza cia_Rock Bunting,../../Datasets/BirdClef/features/Emberiza cia_Rock Bunting/XC120497.npy,../../Datasets/BirdClef/audio/Emberiza cia_Rock Bunting/XC120497.mp3
train,Emberiza cia_Rock Bunting,../../Datasets/BirdClef/features/Emberiza cia_Rock Bunting/XC148470.npy,../../Datasets/BirdClef/audio/Emberiza cia_Rock Bunting/XC148470.mp3
train,Emberiza cia_Rock Bunting,../../Datasets/BirdClef/features/Emberiza cia_Rock Bunting/XC317649.npy,../../Datasets/BirdClef/audio/Emberiza cia_Rock Bunting/XC317649.mp3
train,Emberiza cirlus_Cirl Bunting,../../Datasets/BirdClef/features/Emberiza cirlus_Cirl Bunting/XC311727.npy,../../Datasets/BirdClef/audio/Emberiza cirlus_Cirl Bunting/XC311727.mp3
train,Emberiza cirlus_Cirl Bunting,../../Datasets/BirdClef/features/Emberiza cirlus_Cirl Bunting/XC459147.npy,../../Datasets/BirdClef/audio/Emberiza cirlus_Cirl Bunting/XC459147.mp3
train,Emberiza cirlus_Cirl Bunting,../../Datasets/BirdClef/features/Emberiza cirlus_Cirl Bunting/XC176938.npy,../../Datasets/BirdClef/audio/Emberiza cirlus_Cirl Bunting/XC176938.mp3
train,Emberiza cirlus_Cirl Bunting,../../Datasets/BirdClef/features/Emberiza cirlus_Cirl Bunting/XC128712.npy,../../Datasets/BirdClef/audio/Emberiza cirlus_Cirl Bunting/XC128712.mp3
train,Emberiza cirlus_Cirl Bunting,../../Datasets/BirdClef/features/Emberiza cirlus_Cirl Bunting/XC380942.npy,../../Datasets/BirdClef/audio/Emberiza cirlus_Cirl Bunting/XC380942.mp3
train,Emberiza citrinella_Yellowhammer,../../Datasets/BirdClef/features/Emberiza citrinella_Yellowhammer/XC214064.npy,../../Datasets/BirdClef/audio/Emberiza citrinella_Yellowhammer/XC214064.mp3
train,Emberiza citrinella_Yellowhammer,../../Datasets/BirdClef/features/Emberiza citrinella_Yellowhammer/XC320685.npy,../../Datasets/BirdClef/audio/Emberiza citrinella_Yellowhammer/XC320685.mp3
train,Emberiza citrinella_Yellowhammer,../../Datasets/BirdClef/features/Emberiza citrinella_Yellowhammer/XC102105.npy,../../Datasets/BirdClef/audio/Emberiza citrinella_Yellowhammer/XC102105.mp3
train,Emberiza citrinella_Yellowhammer,../../Datasets/BirdClef/features/Emberiza citrinella_Yellowhammer/XC281806.npy,../../Datasets/BirdClef/audio/Emberiza citrinella_Yellowhammer/XC281806.mp3
train,Emberiza citrinella_Yellowhammer,../../Datasets/BirdClef/features/Emberiza citrinella_Yellowhammer/XC105187.npy,../../Datasets/BirdClef/audio/Emberiza citrinella_Yellowhammer/XC105187.mp3
train,Emberiza schoeniclus_Reed Bunting,../../Datasets/BirdClef/features/Emberiza schoeniclus_Reed Bunting/XC268399.npy,../../Datasets/BirdClef/audio/Emberiza schoeniclus_Reed Bunting/XC268399.mp3
train,Emberiza schoeniclus_Reed Bunting,../../Datasets/BirdClef/features/Emberiza schoeniclus_Reed Bunting/XC142691.npy,../../Datasets/BirdClef/audio/Emberiza schoeniclus_Reed Bunting/XC142691.mp3
train,Emberiza schoeniclus_Reed Bunting,../../Datasets/BirdClef/features/Emberiza schoeniclus_Reed Bunting/XC375242.npy,../../Datasets/BirdClef/audio/Emberiza schoeniclus_Reed Bunting/XC375242.mp3
train,Emberiza schoeniclus_Reed Bunting,../../Datasets/BirdClef/features/Emberiza schoeniclus_Reed Bunting/XC350510.npy,../../Datasets/BirdClef/audio/Emberiza schoeniclus_Reed Bunting/XC350510.mp3
train,Emberiza schoeniclus_Reed Bunting,../../Datasets/BirdClef/features/Emberiza schoeniclus_Reed Bunting/XC27599.npy,../../Datasets/BirdClef/audio/Emberiza schoeniclus_Reed Bunting/XC27599.mp3
train,Empidonax alnorum_Alder Flycatcher,../../Datasets/BirdClef/features/Empidonax alnorum_Alder Flycatcher/XC194087.npy,../../Datasets/BirdClef/audio/Empidonax alnorum_Alder Flycatcher/XC194087.mp3
train,Empidonax alnorum_Alder Flycatcher,../../Datasets/BirdClef/features/Empidonax alnorum_Alder Flycatcher/XC189590.npy,../../Datasets/BirdClef/audio/Empidonax alnorum_Alder Flycatcher/XC189590.mp3
train,Empidonax alnorum_Alder Flycatcher,../../Datasets/BirdClef/features/Empidonax alnorum_Alder Flycatcher/XC178485.npy,../../Datasets/BirdClef/audio/Empidonax alnorum_Alder Flycatcher/XC178485.mp3
train,Empidonax alnorum_Alder Flycatcher,../../Datasets/BirdClef/features/Empidonax alnorum_Alder Flycatcher/XC93349.npy,../../Datasets/BirdClef/audio/Empidonax alnorum_Alder Flycatcher/XC93349.mp3
train,Empidonax alnorum_Alder Flycatcher,../../Datasets/BirdClef/features/Empidonax alnorum_Alder Flycatcher/XC135454.npy,../../Datasets/BirdClef/audio/Empidonax alnorum_Alder Flycatcher/XC135454.mp3
train,Empidonax difficilis_Pacific-slope Flycatcher,../../Datasets/BirdClef/features/Empidonax difficilis_Pacific-slope Flycatcher/XC489336.npy,../../Datasets/BirdClef/audio/Empidonax difficilis_Pacific-slope Flycatcher/XC489336.mp3
train,Empidonax difficilis_Pacific-slope Flycatcher,../../Datasets/BirdClef/features/Empidonax difficilis_Pacific-slope Flycatcher/XC400441.npy,../../Datasets/BirdClef/audio/Empidonax difficilis_Pacific-slope Flycatcher/XC400441.mp3
train,Empidonax difficilis_Pacific-slope Flycatcher,../../Datasets/BirdClef/features/Empidonax difficilis_Pacific-slope Flycatcher/XC71879.npy,../../Datasets/BirdClef/audio/Empidonax difficilis_Pacific-slope Flycatcher/XC71879.mp3
train,Empidonax difficilis_Pacific-slope Flycatcher,../../Datasets/BirdClef/features/Empidonax difficilis_Pacific-slope Flycatcher/XC164566.npy,../../Datasets/BirdClef/audio/Empidonax difficilis_Pacific-slope Flycatcher/XC164566.mp3
train,Empidonax difficilis_Pacific-slope Flycatcher,../../Datasets/BirdClef/features/Empidonax difficilis_Pacific-slope Flycatcher/XC71873.npy,../../Datasets/BirdClef/audio/Empidonax difficilis_Pacific-slope Flycatcher/XC71873.mp3
train,Empidonax hammondii_Hammond's Flycatcher,../../Datasets/BirdClef/features/Empidonax hammondii_Hammond's Flycatcher/XC349960.npy,../../Datasets/BirdClef/audio/Empidonax hammondii_Hammond's Flycatcher/XC349960.mp3
train,Empidonax hammondii_Hammond's Flycatcher,../../Datasets/BirdClef/features/Empidonax hammondii_Hammond's Flycatcher/XC206083.npy,../../Datasets/BirdClef/audio/Empidonax hammondii_Hammond's Flycatcher/XC206083.mp3
train,Empidonax hammondii_Hammond's Flycatcher,../../Datasets/BirdClef/features/Empidonax hammondii_Hammond's Flycatcher/XC282623.npy,../../Datasets/BirdClef/audio/Empidonax hammondii_Hammond's Flycatcher/XC282623.mp3
train,Empidonax hammondii_Hammond's Flycatcher,../../Datasets/BirdClef/features/Empidonax hammondii_Hammond's Flycatcher/XC319000.npy,../../Datasets/BirdClef/audio/Empidonax hammondii_Hammond's Flycatcher/XC319000.mp3
train,Empidonax hammondii_Hammond's Flycatcher,../../Datasets/BirdClef/features/Empidonax hammondii_Hammond's Flycatcher/XC502316.npy,../../Datasets/BirdClef/audio/Empidonax hammondii_Hammond's Flycatcher/XC502316.mp3
train,Empidonax minimus_Least Flycatcher,../../Datasets/BirdClef/features/Empidonax minimus_Least Flycatcher/XC276774.npy,../../Datasets/BirdClef/audio/Empidonax minimus_Least Flycatcher/XC276774.mp3
train,Empidonax minimus_Least Flycatcher,../../Datasets/BirdClef/features/Empidonax minimus_Least Flycatcher/XC135628.npy,../../Datasets/BirdClef/audio/Empidonax minimus_Least Flycatcher/XC135628.mp3
train,Empidonax minimus_Least Flycatcher,../../Datasets/BirdClef/features/Empidonax minimus_Least Flycatcher/XC489102.npy,../../Datasets/BirdClef/audio/Empidonax minimus_Least Flycatcher/XC489102.mp3
train,Empidonax minimus_Least Flycatcher,../../Datasets/BirdClef/features/Empidonax minimus_Least Flycatcher/XC500934.npy,../../Datasets/BirdClef/audio/Empidonax minimus_Least Flycatcher/XC500934.mp3
train,Empidonax minimus_Least Flycatcher,../../Datasets/BirdClef/features/Empidonax minimus_Least Flycatcher/XC372217.npy,../../Datasets/BirdClef/audio/Empidonax minimus_Least Flycatcher/XC372217.mp3
train,Empidonax oberholseri_Dusky Flycatcher,../../Datasets/BirdClef/features/Empidonax oberholseri_Dusky Flycatcher/XC146200.npy,../../Datasets/BirdClef/audio/Empidonax oberholseri_Dusky Flycatcher/XC146200.mp3
train,Empidonax oberholseri_Dusky Flycatcher,../../Datasets/BirdClef/features/Empidonax oberholseri_Dusky Flycatcher/XC205918.npy,../../Datasets/BirdClef/audio/Empidonax oberholseri_Dusky Flycatcher/XC205918.mp3
train,Empidonax oberholseri_Dusky Flycatcher,../../Datasets/BirdClef/features/Empidonax oberholseri_Dusky Flycatcher/XC123869.npy,../../Datasets/BirdClef/audio/Empidonax oberholseri_Dusky Flycatcher/XC123869.mp3
train,Empidonax oberholseri_Dusky Flycatcher,../../Datasets/BirdClef/features/Empidonax oberholseri_Dusky Flycatcher/XC123839.npy,../../Datasets/BirdClef/audio/Empidonax oberholseri_Dusky Flycatcher/XC123839.mp3
train,Empidonax oberholseri_Dusky Flycatcher,../../Datasets/BirdClef/features/Empidonax oberholseri_Dusky Flycatcher/XC123837.npy,../../Datasets/BirdClef/audio/Empidonax oberholseri_Dusky Flycatcher/XC123837.mp3
train,Empidonax traillii_Willow Flycatcher,../../Datasets/BirdClef/features/Empidonax traillii_Willow Flycatcher/XC384638.npy,../../Datasets/BirdClef/audio/Empidonax traillii_Willow Flycatcher/XC384638.mp3
train,Empidonax traillii_Willow Flycatcher,../../Datasets/BirdClef/features/Empidonax traillii_Willow Flycatcher/XC246747.npy,../../Datasets/BirdClef/audio/Empidonax traillii_Willow Flycatcher/XC246747.mp3
train,Empidonax traillii_Willow Flycatcher,../../Datasets/BirdClef/features/Empidonax traillii_Willow Flycatcher/XC104104.npy,../../Datasets/BirdClef/audio/Empidonax traillii_Willow Flycatcher/XC104104.mp3
train,Empidonax traillii_Willow Flycatcher,../../Datasets/BirdClef/features/Empidonax traillii_Willow Flycatcher/XC263635.npy,../../Datasets/BirdClef/audio/Empidonax traillii_Willow Flycatcher/XC263635.mp3
train,Empidonax traillii_Willow Flycatcher,../../Datasets/BirdClef/features/Empidonax traillii_Willow Flycatcher/XC415655.npy,../../Datasets/BirdClef/audio/Empidonax traillii_Willow Flycatcher/XC415655.mp3
train,Empidonax wrightii_Gray Flycatcher,../../Datasets/BirdClef/features/Empidonax wrightii_Gray Flycatcher/XC253324.npy,../../Datasets/BirdClef/audio/Empidonax wrightii_Gray Flycatcher/XC253324.mp3
train,Empidonax wrightii_Gray Flycatcher,../../Datasets/BirdClef/features/Empidonax wrightii_Gray Flycatcher/XC53723.npy,../../Datasets/BirdClef/audio/Empidonax wrightii_Gray Flycatcher/XC53723.mp3
train,Empidonax wrightii_Gray Flycatcher,../../Datasets/BirdClef/features/Empidonax wrightii_Gray Flycatcher/XC14430.npy,../../Datasets/BirdClef/audio/Empidonax wrightii_Gray Flycatcher/XC14430.mp3
train,Empidonax wrightii_Gray Flycatcher,../../Datasets/BirdClef/features/Empidonax wrightii_Gray Flycatcher/XC175372.npy,../../Datasets/BirdClef/audio/Empidonax wrightii_Gray Flycatcher/XC175372.mp3
train,Empidonax wrightii_Gray Flycatcher,../../Datasets/BirdClef/features/Empidonax wrightii_Gray Flycatcher/XC156545.npy,../../Datasets/BirdClef/audio/Empidonax wrightii_Gray Flycatcher/XC156545.mp3
train,Empidonomus varius_Variegated Flycatcher,../../Datasets/BirdClef/features/Empidonomus varius_Variegated Flycatcher/XC82222.npy,../../Datasets/BirdClef/audio/Empidonomus varius_Variegated Flycatcher/XC82222.mp3
train,Empidonomus varius_Variegated Flycatcher,../../Datasets/BirdClef/features/Empidonomus varius_Variegated Flycatcher/XC103782.npy,../../Datasets/BirdClef/audio/Empidonomus varius_Variegated Flycatcher/XC103782.mp3
train,Empidonomus varius_Variegated Flycatcher,../../Datasets/BirdClef/features/Empidonomus varius_Variegated Flycatcher/XC335995.npy,../../Datasets/BirdClef/audio/Empidonomus varius_Variegated Flycatcher/XC335995.mp3
train,Empidonomus varius_Variegated Flycatcher,../../Datasets/BirdClef/features/Empidonomus varius_Variegated Flycatcher/XC447982.npy,../../Datasets/BirdClef/audio/Empidonomus varius_Variegated Flycatcher/XC447982.mp3
train,Empidonomus varius_Variegated Flycatcher,../../Datasets/BirdClef/features/Empidonomus varius_Variegated Flycatcher/XC420970.npy,../../Datasets/BirdClef/audio/Empidonomus varius_Variegated Flycatcher/XC420970.mp3
train,Epinecrophylla leucophthalma_White-eyed Stipplethroat,../../Datasets/BirdClef/features/Epinecrophylla leucophthalma_White-eyed Stipplethroat/XC330792.npy,../../Datasets/BirdClef/audio/Epinecrophylla leucophthalma_White-eyed Stipplethroat/XC330792.mp3
train,Epinecrophylla leucophthalma_White-eyed Stipplethroat,../../Datasets/BirdClef/features/Epinecrophylla leucophthalma_White-eyed Stipplethroat/XC73557.npy,../../Datasets/BirdClef/audio/Epinecrophylla leucophthalma_White-eyed Stipplethroat/XC73557.mp3
train,Epinecrophylla leucophthalma_White-eyed Stipplethroat,../../Datasets/BirdClef/features/Epinecrophylla leucophthalma_White-eyed Stipplethroat/XC88134.npy,../../Datasets/BirdClef/audio/Epinecrophylla leucophthalma_White-eyed Stipplethroat/XC88134.mp3
train,Epinecrophylla leucophthalma_White-eyed Stipplethroat,../../Datasets/BirdClef/features/Epinecrophylla leucophthalma_White-eyed Stipplethroat/XC340938.npy,../../Datasets/BirdClef/audio/Epinecrophylla leucophthalma_White-eyed Stipplethroat/XC340938.mp3
train,Epinecrophylla leucophthalma_White-eyed Stipplethroat,../../Datasets/BirdClef/features/Epinecrophylla leucophthalma_White-eyed Stipplethroat/XC384397.npy,../../Datasets/BirdClef/audio/Epinecrophylla leucophthalma_White-eyed Stipplethroat/XC384397.mp3
train,Epinecrophylla ornata_Ornate Stipplethroat,../../Datasets/BirdClef/features/Epinecrophylla ornata_Ornate Stipplethroat/XC72558.npy,../../Datasets/BirdClef/audio/Epinecrophylla ornata_Ornate Stipplethroat/XC72558.mp3
train,Epinecrophylla ornata_Ornate Stipplethroat,../../Datasets/BirdClef/features/Epinecrophylla ornata_Ornate Stipplethroat/XC249349.npy,../../Datasets/BirdClef/audio/Epinecrophylla ornata_Ornate Stipplethroat/XC249349.mp3
train,Epinecrophylla ornata_Ornate Stipplethroat,../../Datasets/BirdClef/features/Epinecrophylla ornata_Ornate Stipplethroat/XC463412.npy,../../Datasets/BirdClef/audio/Epinecrophylla ornata_Ornate Stipplethroat/XC463412.mp3
train,Epinecrophylla ornata_Ornate Stipplethroat,../../Datasets/BirdClef/features/Epinecrophylla ornata_Ornate Stipplethroat/XC119191.npy,../../Datasets/BirdClef/audio/Epinecrophylla ornata_Ornate Stipplethroat/XC119191.mp3
train,Epinecrophylla ornata_Ornate Stipplethroat,../../Datasets/BirdClef/features/Epinecrophylla ornata_Ornate Stipplethroat/XC66603.npy,../../Datasets/BirdClef/audio/Epinecrophylla ornata_Ornate Stipplethroat/XC66603.mp3
train,Eremophila alpestris_Horned Lark,../../Datasets/BirdClef/features/Eremophila alpestris_Horned Lark/XC452254.npy,../../Datasets/BirdClef/audio/Eremophila alpestris_Horned Lark/XC452254.mp3
train,Eremophila alpestris_Horned Lark,../../Datasets/BirdClef/features/Eremophila alpestris_Horned Lark/XC351273.npy,../../Datasets/BirdClef/audio/Eremophila alpestris_Horned Lark/XC351273.mp3
train,Eremophila alpestris_Horned Lark,../../Datasets/BirdClef/features/Eremophila alpestris_Horned Lark/XC162564.npy,../../Datasets/BirdClef/audio/Eremophila alpestris_Horned Lark/XC162564.mp3
train,Eremophila alpestris_Horned Lark,../../Datasets/BirdClef/features/Eremophila alpestris_Horned Lark/XC277952.npy,../../Datasets/BirdClef/audio/Eremophila alpestris_Horned Lark/XC277952.mp3
train,Eremophila alpestris_Horned Lark,../../Datasets/BirdClef/features/Eremophila alpestris_Horned Lark/XC139528.npy,../../Datasets/BirdClef/audio/Eremophila alpestris_Horned Lark/XC139528.mp3
train,Erithacus rubecula_European Robin,../../Datasets/BirdClef/features/Erithacus rubecula_European Robin/XC298727.npy,../../Datasets/BirdClef/audio/Erithacus rubecula_European Robin/XC298727.mp3
train,Erithacus rubecula_European Robin,../../Datasets/BirdClef/features/Erithacus rubecula_European Robin/XC310717.npy,../../Datasets/BirdClef/audio/Erithacus rubecula_European Robin/XC310717.mp3
train,Erithacus rubecula_European Robin,../../Datasets/BirdClef/features/Erithacus rubecula_European Robin/XC297730.npy,../../Datasets/BirdClef/audio/Erithacus rubecula_European Robin/XC297730.mp3
train,Erithacus rubecula_European Robin,../../Datasets/BirdClef/features/Erithacus rubecula_European Robin/XC244025.npy,../../Datasets/BirdClef/audio/Erithacus rubecula_European Robin/XC244025.mp3
train,Erithacus rubecula_European Robin,../../Datasets/BirdClef/features/Erithacus rubecula_European Robin/XC355282.npy,../../Datasets/BirdClef/audio/Erithacus rubecula_European Robin/XC355282.mp3
train,Euphagus carolinus_Rusty Blackbird,../../Datasets/BirdClef/features/Euphagus carolinus_Rusty Blackbird/XC356450.npy,../../Datasets/BirdClef/audio/Euphagus carolinus_Rusty Blackbird/XC356450.mp3
train,Euphagus carolinus_Rusty Blackbird,../../Datasets/BirdClef/features/Euphagus carolinus_Rusty Blackbird/XC55045.npy,../../Datasets/BirdClef/audio/Euphagus carolinus_Rusty Blackbird/XC55045.mp3
train,Euphagus carolinus_Rusty Blackbird,../../Datasets/BirdClef/features/Euphagus carolinus_Rusty Blackbird/XC364388.npy,../../Datasets/BirdClef/audio/Euphagus carolinus_Rusty Blackbird/XC364388.mp3
train,Euphagus carolinus_Rusty Blackbird,../../Datasets/BirdClef/features/Euphagus carolinus_Rusty Blackbird/XC172830.npy,../../Datasets/BirdClef/audio/Euphagus carolinus_Rusty Blackbird/XC172830.mp3
train,Euphagus carolinus_Rusty Blackbird,../../Datasets/BirdClef/features/Euphagus carolinus_Rusty Blackbird/XC222850.npy,../../Datasets/BirdClef/audio/Euphagus carolinus_Rusty Blackbird/XC222850.mp3
train,Euphagus cyanocephalus_Brewer's Blackbird,../../Datasets/BirdClef/features/Euphagus cyanocephalus_Brewer's Blackbird/XC481215.npy,../../Datasets/BirdClef/audio/Euphagus cyanocephalus_Brewer's Blackbird/XC481215.mp3
train,Euphagus cyanocephalus_Brewer's Blackbird,../../Datasets/BirdClef/features/Euphagus cyanocephalus_Brewer's Blackbird/XC159781.npy,../../Datasets/BirdClef/audio/Euphagus cyanocephalus_Brewer's Blackbird/XC159781.mp3
train,Euphagus cyanocephalus_Brewer's Blackbird,../../Datasets/BirdClef/features/Euphagus cyanocephalus_Brewer's Blackbird/XC160322.npy,../../Datasets/BirdClef/audio/Euphagus cyanocephalus_Brewer's Blackbird/XC160322.mp3
train,Euphagus cyanocephalus_Brewer's Blackbird,../../Datasets/BirdClef/features/Euphagus cyanocephalus_Brewer's Blackbird/XC149345.npy,../../Datasets/BirdClef/audio/Euphagus cyanocephalus_Brewer's Blackbird/XC149345.mp3
train,Euphagus cyanocephalus_Brewer's Blackbird,../../Datasets/BirdClef/features/Euphagus cyanocephalus_Brewer's Blackbird/XC325225.npy,../../Datasets/BirdClef/audio/Euphagus cyanocephalus_Brewer's Blackbird/XC325225.mp3
train,Euphonia chlorotica_Purple-throated Euphonia,../../Datasets/BirdClef/features/Euphonia chlorotica_Purple-throated Euphonia/XC115674.npy,../../Datasets/BirdClef/audio/Euphonia chlorotica_Purple-throated Euphonia/XC115674.mp3
train,Euphonia chlorotica_Purple-throated Euphonia,../../Datasets/BirdClef/features/Euphonia chlorotica_Purple-throated Euphonia/XC212705.npy,../../Datasets/BirdClef/audio/Euphonia chlorotica_Purple-throated Euphonia/XC212705.mp3
train,Euphonia chlorotica_Purple-throated Euphonia,../../Datasets/BirdClef/features/Euphonia chlorotica_Purple-throated Euphonia/XC20294.npy,../../Datasets/BirdClef/audio/Euphonia chlorotica_Purple-throated Euphonia/XC20294.mp3
train,Euphonia chlorotica_Purple-throated Euphonia,../../Datasets/BirdClef/features/Euphonia chlorotica_Purple-throated Euphonia/XC343037.npy,../../Datasets/BirdClef/audio/Euphonia chlorotica_Purple-throated Euphonia/XC343037.mp3
train,Euphonia chlorotica_Purple-throated Euphonia,../../Datasets/BirdClef/features/Euphonia chlorotica_Purple-throated Euphonia/XC181067.npy,../../Datasets/BirdClef/audio/Euphonia chlorotica_Purple-throated Euphonia/XC181067.mp3
train,Euphonia chrysopasta_Golden-bellied Euphonia,../../Datasets/BirdClef/features/Euphonia chrysopasta_Golden-bellied Euphonia/XC59358.npy,../../Datasets/BirdClef/audio/Euphonia chrysopasta_Golden-bellied Euphonia/XC59358.mp3
train,Euphonia chrysopasta_Golden-bellied Euphonia,../../Datasets/BirdClef/features/Euphonia chrysopasta_Golden-bellied Euphonia/XC259614.npy,../../Datasets/BirdClef/audio/Euphonia chrysopasta_Golden-bellied Euphonia/XC259614.mp3
train,Euphonia chrysopasta_Golden-bellied Euphonia,../../Datasets/BirdClef/features/Euphonia chrysopasta_Golden-bellied Euphonia/XC88363.npy,../../Datasets/BirdClef/audio/Euphonia chrysopasta_Golden-bellied Euphonia/XC88363.mp3
train,Euphonia chrysopasta_Golden-bellied Euphonia,../../Datasets/BirdClef/features/Euphonia chrysopasta_Golden-bellied Euphonia/XC395378.npy,../../Datasets/BirdClef/audio/Euphonia chrysopasta_Golden-bellied Euphonia/XC395378.mp3
train,Euphonia chrysopasta_Golden-bellied Euphonia,../../Datasets/BirdClef/features/Euphonia chrysopasta_Golden-bellied Euphonia/XC66247.npy,../../Datasets/BirdClef/audio/Euphonia chrysopasta_Golden-bellied Euphonia/XC66247.mp3
train,Euphonia cyanocephala_Golden-rumped Euphonia,../../Datasets/BirdClef/features/Euphonia cyanocephala_Golden-rumped Euphonia/XC222885.npy,../../Datasets/BirdClef/audio/Euphonia cyanocephala_Golden-rumped Euphonia/XC222885.mp3
train,Euphonia cyanocephala_Golden-rumped Euphonia,../../Datasets/BirdClef/features/Euphonia cyanocephala_Golden-rumped Euphonia/XC261149.npy,../../Datasets/BirdClef/audio/Euphonia cyanocephala_Golden-rumped Euphonia/XC261149.mp3
train,Euphonia cyanocephala_Golden-rumped Euphonia,../../Datasets/BirdClef/features/Euphonia cyanocephala_Golden-rumped Euphonia/XC186888.npy,../../Datasets/BirdClef/audio/Euphonia cyanocephala_Golden-rumped Euphonia/XC186888.mp3
train,Euphonia cyanocephala_Golden-rumped Euphonia,../../Datasets/BirdClef/features/Euphonia cyanocephala_Golden-rumped Euphonia/XC242599.npy,../../Datasets/BirdClef/audio/Euphonia cyanocephala_Golden-rumped Euphonia/XC242599.mp3
train,Euphonia cyanocephala_Golden-rumped Euphonia,../../Datasets/BirdClef/features/Euphonia cyanocephala_Golden-rumped Euphonia/XC259587.npy,../../Datasets/BirdClef/audio/Euphonia cyanocephala_Golden-rumped Euphonia/XC259587.mp3
train,Euphonia laniirostris_Thick-billed Euphonia,../../Datasets/BirdClef/features/Euphonia laniirostris_Thick-billed Euphonia/XC198470.npy,../../Datasets/BirdClef/audio/Euphonia laniirostris_Thick-billed Euphonia/XC198470.mp3
train,Euphonia laniirostris_Thick-billed Euphonia,../../Datasets/BirdClef/features/Euphonia laniirostris_Thick-billed Euphonia/XC453627.npy,../../Datasets/BirdClef/audio/Euphonia laniirostris_Thick-billed Euphonia/XC453627.mp3
train,Euphonia laniirostris_Thick-billed Euphonia,../../Datasets/BirdClef/features/Euphonia laniirostris_Thick-billed Euphonia/XC376392.npy,../../Datasets/BirdClef/audio/Euphonia laniirostris_Thick-billed Euphonia/XC376392.mp3
train,Euphonia laniirostris_Thick-billed Euphonia,../../Datasets/BirdClef/features/Euphonia laniirostris_Thick-billed Euphonia/XC262533.npy,../../Datasets/BirdClef/audio/Euphonia laniirostris_Thick-billed Euphonia/XC262533.mp3
train,Euphonia laniirostris_Thick-billed Euphonia,../../Datasets/BirdClef/features/Euphonia laniirostris_Thick-billed Euphonia/XC2834.npy,../../Datasets/BirdClef/audio/Euphonia laniirostris_Thick-billed Euphonia/XC2834.mp3
train,Euphonia rufiventris_Rufous-bellied Euphonia,../../Datasets/BirdClef/features/Euphonia rufiventris_Rufous-bellied Euphonia/XC306484.npy,../../Datasets/BirdClef/audio/Euphonia rufiventris_Rufous-bellied Euphonia/XC306484.mp3
train,Euphonia rufiventris_Rufous-bellied Euphonia,../../Datasets/BirdClef/features/Euphonia rufiventris_Rufous-bellied Euphonia/XC3169.npy,../../Datasets/BirdClef/audio/Euphonia rufiventris_Rufous-bellied Euphonia/XC3169.mp3
train,Euphonia rufiventris_Rufous-bellied Euphonia,../../Datasets/BirdClef/features/Euphonia rufiventris_Rufous-bellied Euphonia/XC222937.npy,../../Datasets/BirdClef/audio/Euphonia rufiventris_Rufous-bellied Euphonia/XC222937.mp3
train,Euphonia rufiventris_Rufous-bellied Euphonia,../../Datasets/BirdClef/features/Euphonia rufiventris_Rufous-bellied Euphonia/XC482007.npy,../../Datasets/BirdClef/audio/Euphonia rufiventris_Rufous-bellied Euphonia/XC482007.mp3
train,Euphonia rufiventris_Rufous-bellied Euphonia,../../Datasets/BirdClef/features/Euphonia rufiventris_Rufous-bellied Euphonia/XC259607.npy,../../Datasets/BirdClef/audio/Euphonia rufiventris_Rufous-bellied Euphonia/XC259607.mp3
train,Euphonia xanthogaster_Orange-bellied Euphonia,../../Datasets/BirdClef/features/Euphonia xanthogaster_Orange-bellied Euphonia/XC262534.npy,../../Datasets/BirdClef/audio/Euphonia xanthogaster_Orange-bellied Euphonia/XC262534.mp3
train,Euphonia xanthogaster_Orange-bellied Euphonia,../../Datasets/BirdClef/features/Euphonia xanthogaster_Orange-bellied Euphonia/XC259600.npy,../../Datasets/BirdClef/audio/Euphonia xanthogaster_Orange-bellied Euphonia/XC259600.mp3
train,Euphonia xanthogaster_Orange-bellied Euphonia,../../Datasets/BirdClef/features/Euphonia xanthogaster_Orange-bellied Euphonia/XC212078.npy,../../Datasets/BirdClef/audio/Euphonia xanthogaster_Orange-bellied Euphonia/XC212078.mp3
train,Euphonia xanthogaster_Orange-bellied Euphonia,../../Datasets/BirdClef/features/Euphonia xanthogaster_Orange-bellied Euphonia/XC148150.npy,../../Datasets/BirdClef/audio/Euphonia xanthogaster_Orange-bellied Euphonia/XC148150.mp3
train,Euphonia xanthogaster_Orange-bellied Euphonia,../../Datasets/BirdClef/features/Euphonia xanthogaster_Orange-bellied Euphonia/XC163516.npy,../../Datasets/BirdClef/audio/Euphonia xanthogaster_Orange-bellied Euphonia/XC163516.mp3
train,Eurypyga helias_Sunbittern,../../Datasets/BirdClef/features/Eurypyga helias_Sunbittern/XC254098.npy,../../Datasets/BirdClef/audio/Eurypyga helias_Sunbittern/XC254098.mp3
train,Eurypyga helias_Sunbittern,../../Datasets/BirdClef/features/Eurypyga helias_Sunbittern/XC439407.npy,../../Datasets/BirdClef/audio/Eurypyga helias_Sunbittern/XC439407.mp3
train,Eurypyga helias_Sunbittern,../../Datasets/BirdClef/features/Eurypyga helias_Sunbittern/XC429296.npy,../../Datasets/BirdClef/audio/Eurypyga helias_Sunbittern/XC429296.mp3
train,Eurypyga helias_Sunbittern,../../Datasets/BirdClef/features/Eurypyga helias_Sunbittern/XC203226.npy,../../Datasets/BirdClef/audio/Eurypyga helias_Sunbittern/XC203226.mp3
train,Eurypyga helias_Sunbittern,../../Datasets/BirdClef/features/Eurypyga helias_Sunbittern/XC288553.npy,../../Datasets/BirdClef/audio/Eurypyga helias_Sunbittern/XC288553.mp3
train,Falco columbarius_Merlin,../../Datasets/BirdClef/features/Falco columbarius_Merlin/XC138971.npy,../../Datasets/BirdClef/audio/Falco columbarius_Merlin/XC138971.mp3
train,Falco columbarius_Merlin,../../Datasets/BirdClef/features/Falco columbarius_Merlin/XC195551.npy,../../Datasets/BirdClef/audio/Falco columbarius_Merlin/XC195551.mp3
train,Falco columbarius_Merlin,../../Datasets/BirdClef/features/Falco columbarius_Merlin/XC77877.npy,../../Datasets/BirdClef/audio/Falco columbarius_Merlin/XC77877.mp3
train,Falco columbarius_Merlin,../../Datasets/BirdClef/features/Falco columbarius_Merlin/XC332445.npy,../../Datasets/BirdClef/audio/Falco columbarius_Merlin/XC332445.mp3
train,Falco columbarius_Merlin,../../Datasets/BirdClef/features/Falco columbarius_Merlin/XC216630.npy,../../Datasets/BirdClef/audio/Falco columbarius_Merlin/XC216630.mp3
train,Falco peregrinus_Peregrine Falcon,../../Datasets/BirdClef/features/Falco peregrinus_Peregrine Falcon/XC107109.npy,../../Datasets/BirdClef/audio/Falco peregrinus_Peregrine Falcon/XC107109.mp3
train,Falco peregrinus_Peregrine Falcon,../../Datasets/BirdClef/features/Falco peregrinus_Peregrine Falcon/XC296658.npy,../../Datasets/BirdClef/audio/Falco peregrinus_Peregrine Falcon/XC296658.mp3
train,Falco peregrinus_Peregrine Falcon,../../Datasets/BirdClef/features/Falco peregrinus_Peregrine Falcon/XC474915.npy,../../Datasets/BirdClef/audio/Falco peregrinus_Peregrine Falcon/XC474915.mp3
train,Falco peregrinus_Peregrine Falcon,../../Datasets/BirdClef/features/Falco peregrinus_Peregrine Falcon/XC252127.npy,../../Datasets/BirdClef/audio/Falco peregrinus_Peregrine Falcon/XC252127.mp3
train,Falco peregrinus_Peregrine Falcon,../../Datasets/BirdClef/features/Falco peregrinus_Peregrine Falcon/XC357620.npy,../../Datasets/BirdClef/audio/Falco peregrinus_Peregrine Falcon/XC357620.mp3
train,Falco rufigularis_Bat Falcon,../../Datasets/BirdClef/features/Falco rufigularis_Bat Falcon/XC275989.npy,../../Datasets/BirdClef/audio/Falco rufigularis_Bat Falcon/XC275989.mp3
train,Falco rufigularis_Bat Falcon,../../Datasets/BirdClef/features/Falco rufigularis_Bat Falcon/XC463549.npy,../../Datasets/BirdClef/audio/Falco rufigularis_Bat Falcon/XC463549.mp3
train,Falco rufigularis_Bat Falcon,../../Datasets/BirdClef/features/Falco rufigularis_Bat Falcon/XC94983.npy,../../Datasets/BirdClef/audio/Falco rufigularis_Bat Falcon/XC94983.mp3
train,Falco rufigularis_Bat Falcon,../../Datasets/BirdClef/features/Falco rufigularis_Bat Falcon/XC57126.npy,../../Datasets/BirdClef/audio/Falco rufigularis_Bat Falcon/XC57126.mp3
train,Falco rufigularis_Bat Falcon,../../Datasets/BirdClef/features/Falco rufigularis_Bat Falcon/XC37196.npy,../../Datasets/BirdClef/audio/Falco rufigularis_Bat Falcon/XC37196.mp3
train,Falco sparverius_American Kestrel,../../Datasets/BirdClef/features/Falco sparverius_American Kestrel/XC6491.npy,../../Datasets/BirdClef/audio/Falco sparverius_American Kestrel/XC6491.mp3
train,Falco sparverius_American Kestrel,../../Datasets/BirdClef/features/Falco sparverius_American Kestrel/XC375505.npy,../../Datasets/BirdClef/audio/Falco sparverius_American Kestrel/XC375505.mp3
train,Falco sparverius_American Kestrel,../../Datasets/BirdClef/features/Falco sparverius_American Kestrel/XC431032.npy,../../Datasets/BirdClef/audio/Falco sparverius_American Kestrel/XC431032.mp3
train,Falco sparverius_American Kestrel,../../Datasets/BirdClef/features/Falco sparverius_American Kestrel/XC426297.npy,../../Datasets/BirdClef/audio/Falco sparverius_American Kestrel/XC426297.mp3
train,Falco sparverius_American Kestrel,../../Datasets/BirdClef/features/Falco sparverius_American Kestrel/XC72027.npy,../../Datasets/BirdClef/audio/Falco sparverius_American Kestrel/XC72027.mp3
train,Falco subbuteo_Eurasian Hobby,../../Datasets/BirdClef/features/Falco subbuteo_Eurasian Hobby/XC327545.npy,../../Datasets/BirdClef/audio/Falco subbuteo_Eurasian Hobby/XC327545.mp3
train,Falco subbuteo_Eurasian Hobby,../../Datasets/BirdClef/features/Falco subbuteo_Eurasian Hobby/XC109646.npy,../../Datasets/BirdClef/audio/Falco subbuteo_Eurasian Hobby/XC109646.mp3
train,Falco subbuteo_Eurasian Hobby,../../Datasets/BirdClef/features/Falco subbuteo_Eurasian Hobby/XC228716.npy,../../Datasets/BirdClef/audio/Falco subbuteo_Eurasian Hobby/XC228716.mp3
train,Falco subbuteo_Eurasian Hobby,../../Datasets/BirdClef/features/Falco subbuteo_Eurasian Hobby/XC264946.npy,../../Datasets/BirdClef/audio/Falco subbuteo_Eurasian Hobby/XC264946.mp3
train,Falco subbuteo_Eurasian Hobby,../../Datasets/BirdClef/features/Falco subbuteo_Eurasian Hobby/XC401934.npy,../../Datasets/BirdClef/audio/Falco subbuteo_Eurasian Hobby/XC401934.mp3
train,Falco tinnunculus_Eurasian Kestrel,../../Datasets/BirdClef/features/Falco tinnunculus_Eurasian Kestrel/XC495780.npy,../../Datasets/BirdClef/audio/Falco tinnunculus_Eurasian Kestrel/XC495780.mp3
train,Falco tinnunculus_Eurasian Kestrel,../../Datasets/BirdClef/features/Falco tinnunculus_Eurasian Kestrel/XC430548.npy,../../Datasets/BirdClef/audio/Falco tinnunculus_Eurasian Kestrel/XC430548.mp3
train,Falco tinnunculus_Eurasian Kestrel,../../Datasets/BirdClef/features/Falco tinnunculus_Eurasian Kestrel/XC463430.npy,../../Datasets/BirdClef/audio/Falco tinnunculus_Eurasian Kestrel/XC463430.mp3
train,Falco tinnunculus_Eurasian Kestrel,../../Datasets/BirdClef/features/Falco tinnunculus_Eurasian Kestrel/XC417941.npy,../../Datasets/BirdClef/audio/Falco tinnunculus_Eurasian Kestrel/XC417941.mp3
train,Falco tinnunculus_Eurasian Kestrel,../../Datasets/BirdClef/features/Falco tinnunculus_Eurasian Kestrel/XC216050.npy,../../Datasets/BirdClef/audio/Falco tinnunculus_Eurasian Kestrel/XC216050.mp3
train,Formicarius analis_Black-faced Antthrush,../../Datasets/BirdClef/features/Formicarius analis_Black-faced Antthrush/XC171058.npy,../../Datasets/BirdClef/audio/Formicarius analis_Black-faced Antthrush/XC171058.mp3
train,Formicarius analis_Black-faced Antthrush,../../Datasets/BirdClef/features/Formicarius analis_Black-faced Antthrush/XC346003.npy,../../Datasets/BirdClef/audio/Formicarius analis_Black-faced Antthrush/XC346003.mp3
train,Formicarius analis_Black-faced Antthrush,../../Datasets/BirdClef/features/Formicarius analis_Black-faced Antthrush/XC411328.npy,../../Datasets/BirdClef/audio/Formicarius analis_Black-faced Antthrush/XC411328.mp3
train,Formicarius analis_Black-faced Antthrush,../../Datasets/BirdClef/features/Formicarius analis_Black-faced Antthrush/XC6187.npy,../../Datasets/BirdClef/audio/Formicarius analis_Black-faced Antthrush/XC6187.mp3
train,Formicarius analis_Black-faced Antthrush,../../Datasets/BirdClef/features/Formicarius analis_Black-faced Antthrush/XC394800.npy,../../Datasets/BirdClef/audio/Formicarius analis_Black-faced Antthrush/XC394800.mp3
train,Formicarius colma_Rufous-capped Antthrush,../../Datasets/BirdClef/features/Formicarius colma_Rufous-capped Antthrush/XC223083.npy,../../Datasets/BirdClef/audio/Formicarius colma_Rufous-capped Antthrush/XC223083.mp3
train,Formicarius colma_Rufous-capped Antthrush,../../Datasets/BirdClef/features/Formicarius colma_Rufous-capped Antthrush/XC303621.npy,../../Datasets/BirdClef/audio/Formicarius colma_Rufous-capped Antthrush/XC303621.mp3
train,Formicarius colma_Rufous-capped Antthrush,../../Datasets/BirdClef/features/Formicarius colma_Rufous-capped Antthrush/XC396422.npy,../../Datasets/BirdClef/audio/Formicarius colma_Rufous-capped Antthrush/XC396422.mp3
train,Formicarius colma_Rufous-capped Antthrush,../../Datasets/BirdClef/features/Formicarius colma_Rufous-capped Antthrush/XC329666.npy,../../Datasets/BirdClef/audio/Formicarius colma_Rufous-capped Antthrush/XC329666.mp3
train,Formicarius colma_Rufous-capped Antthrush,../../Datasets/BirdClef/features/Formicarius colma_Rufous-capped Antthrush/XC412899.npy,../../Datasets/BirdClef/audio/Formicarius colma_Rufous-capped Antthrush/XC412899.mp3
train,Formicivora rufa_Rusty-backed Antwren,../../Datasets/BirdClef/features/Formicivora rufa_Rusty-backed Antwren/XC78729.npy,../../Datasets/BirdClef/audio/Formicivora rufa_Rusty-backed Antwren/XC78729.mp3
train,Formicivora rufa_Rusty-backed Antwren,../../Datasets/BirdClef/features/Formicivora rufa_Rusty-backed Antwren/XC377210.npy,../../Datasets/BirdClef/audio/Formicivora rufa_Rusty-backed Antwren/XC377210.mp3
train,Formicivora rufa_Rusty-backed Antwren,../../Datasets/BirdClef/features/Formicivora rufa_Rusty-backed Antwren/XC298292.npy,../../Datasets/BirdClef/audio/Formicivora rufa_Rusty-backed Antwren/XC298292.mp3
train,Formicivora rufa_Rusty-backed Antwren,../../Datasets/BirdClef/features/Formicivora rufa_Rusty-backed Antwren/XC427395.npy,../../Datasets/BirdClef/audio/Formicivora rufa_Rusty-backed Antwren/XC427395.mp3
train,Formicivora rufa_Rusty-backed Antwren,../../Datasets/BirdClef/features/Formicivora rufa_Rusty-backed Antwren/XC55440.npy,../../Datasets/BirdClef/audio/Formicivora rufa_Rusty-backed Antwren/XC55440.mp3
train,Fringilla coelebs_Common Chaffinch,../../Datasets/BirdClef/features/Fringilla coelebs_Common Chaffinch/XC372470.npy,../../Datasets/BirdClef/audio/Fringilla coelebs_Common Chaffinch/XC372470.mp3
train,Fringilla coelebs_Common Chaffinch,../../Datasets/BirdClef/features/Fringilla coelebs_Common Chaffinch/XC325424.npy,../../Datasets/BirdClef/audio/Fringilla coelebs_Common Chaffinch/XC325424.mp3
train,Fringilla coelebs_Common Chaffinch,../../Datasets/BirdClef/features/Fringilla coelebs_Common Chaffinch/XC349835.npy,../../Datasets/BirdClef/audio/Fringilla coelebs_Common Chaffinch/XC349835.mp3
train,Fringilla coelebs_Common Chaffinch,../../Datasets/BirdClef/features/Fringilla coelebs_Common Chaffinch/XC358540.npy,../../Datasets/BirdClef/audio/Fringilla coelebs_Common Chaffinch/XC358540.mp3
train,Fringilla coelebs_Common Chaffinch,../../Datasets/BirdClef/features/Fringilla coelebs_Common Chaffinch/XC366456.npy,../../Datasets/BirdClef/audio/Fringilla coelebs_Common Chaffinch/XC366456.mp3
train,Fringilla montifringilla_Brambling,../../Datasets/BirdClef/features/Fringilla montifringilla_Brambling/XC263878.npy,../../Datasets/BirdClef/audio/Fringilla montifringilla_Brambling/XC263878.mp3
train,Fringilla montifringilla_Brambling,../../Datasets/BirdClef/features/Fringilla montifringilla_Brambling/XC36324.npy,../../Datasets/BirdClef/audio/Fringilla montifringilla_Brambling/XC36324.mp3
train,Fringilla montifringilla_Brambling,../../Datasets/BirdClef/features/Fringilla montifringilla_Brambling/XC370244.npy,../../Datasets/BirdClef/audio/Fringilla montifringilla_Brambling/XC370244.mp3
train,Fringilla montifringilla_Brambling,../../Datasets/BirdClef/features/Fringilla montifringilla_Brambling/XC402441.npy,../../Datasets/BirdClef/audio/Fringilla montifringilla_Brambling/XC402441.mp3
train,Fringilla montifringilla_Brambling,../../Datasets/BirdClef/features/Fringilla montifringilla_Brambling/XC485159.npy,../../Datasets/BirdClef/audio/Fringilla montifringilla_Brambling/XC485159.mp3
train,Fulica americana_American Coot,../../Datasets/BirdClef/features/Fulica americana_American Coot/XC223229.npy,../../Datasets/BirdClef/audio/Fulica americana_American Coot/XC223229.mp3
train,Fulica americana_American Coot,../../Datasets/BirdClef/features/Fulica americana_American Coot/XC267942.npy,../../Datasets/BirdClef/audio/Fulica americana_American Coot/XC267942.mp3
train,Fulica americana_American Coot,../../Datasets/BirdClef/features/Fulica americana_American Coot/XC160866.npy,../../Datasets/BirdClef/audio/Fulica americana_American Coot/XC160866.mp3
train,Fulica americana_American Coot,../../Datasets/BirdClef/features/Fulica americana_American Coot/XC54448.npy,../../Datasets/BirdClef/audio/Fulica americana_American Coot/XC54448.mp3
train,Fulica americana_American Coot,../../Datasets/BirdClef/features/Fulica americana_American Coot/XC452173.npy,../../Datasets/BirdClef/audio/Fulica americana_American Coot/XC452173.mp3
train,Fulica atra_Eurasian Coot,../../Datasets/BirdClef/features/Fulica atra_Eurasian Coot/XC281030.npy,../../Datasets/BirdClef/audio/Fulica atra_Eurasian Coot/XC281030.mp3
train,Fulica atra_Eurasian Coot,../../Datasets/BirdClef/features/Fulica atra_Eurasian Coot/XC312100.npy,../../Datasets/BirdClef/audio/Fulica atra_Eurasian Coot/XC312100.mp3
train,Fulica atra_Eurasian Coot,../../Datasets/BirdClef/features/Fulica atra_Eurasian Coot/XC302799.npy,../../Datasets/BirdClef/audio/Fulica atra_Eurasian Coot/XC302799.mp3
train,Fulica atra_Eurasian Coot,../../Datasets/BirdClef/features/Fulica atra_Eurasian Coot/XC161942.npy,../../Datasets/BirdClef/audio/Fulica atra_Eurasian Coot/XC161942.mp3
train,Fulica atra_Eurasian Coot,../../Datasets/BirdClef/features/Fulica atra_Eurasian Coot/XC132235.npy,../../Datasets/BirdClef/audio/Fulica atra_Eurasian Coot/XC132235.mp3
train,Furnarius leucopus_Pale-legged Hornero,../../Datasets/BirdClef/features/Furnarius leucopus_Pale-legged Hornero/XC491667.npy,../../Datasets/BirdClef/audio/Furnarius leucopus_Pale-legged Hornero/XC491667.mp3
train,Furnarius leucopus_Pale-legged Hornero,../../Datasets/BirdClef/features/Furnarius leucopus_Pale-legged Hornero/XC96535.npy,../../Datasets/BirdClef/audio/Furnarius leucopus_Pale-legged Hornero/XC96535.mp3
train,Furnarius leucopus_Pale-legged Hornero,../../Datasets/BirdClef/features/Furnarius leucopus_Pale-legged Hornero/XC223250.npy,../../Datasets/BirdClef/audio/Furnarius leucopus_Pale-legged Hornero/XC223250.mp3
train,Furnarius leucopus_Pale-legged Hornero,../../Datasets/BirdClef/features/Furnarius leucopus_Pale-legged Hornero/XC27804.npy,../../Datasets/BirdClef/audio/Furnarius leucopus_Pale-legged Hornero/XC27804.mp3
train,Furnarius leucopus_Pale-legged Hornero,../../Datasets/BirdClef/features/Furnarius leucopus_Pale-legged Hornero/XC298940.npy,../../Datasets/BirdClef/audio/Furnarius leucopus_Pale-legged Hornero/XC298940.mp3
train,Galbula dea_Paradise Jacamar,../../Datasets/BirdClef/features/Galbula dea_Paradise Jacamar/XC223303.npy,../../Datasets/BirdClef/audio/Galbula dea_Paradise Jacamar/XC223303.mp3
train,Galbula dea_Paradise Jacamar,../../Datasets/BirdClef/features/Galbula dea_Paradise Jacamar/XC108088.npy,../../Datasets/BirdClef/audio/Galbula dea_Paradise Jacamar/XC108088.mp3
train,Galbula dea_Paradise Jacamar,../../Datasets/BirdClef/features/Galbula dea_Paradise Jacamar/XC87022.npy,../../Datasets/BirdClef/audio/Galbula dea_Paradise Jacamar/XC87022.mp3
train,Galbula dea_Paradise Jacamar,../../Datasets/BirdClef/features/Galbula dea_Paradise Jacamar/XC182345.npy,../../Datasets/BirdClef/audio/Galbula dea_Paradise Jacamar/XC182345.mp3
train,Galbula dea_Paradise Jacamar,../../Datasets/BirdClef/features/Galbula dea_Paradise Jacamar/XC64571.npy,../../Datasets/BirdClef/audio/Galbula dea_Paradise Jacamar/XC64571.mp3
train,Gallinago delicata_Wilson's Snipe,../../Datasets/BirdClef/features/Gallinago delicata_Wilson's Snipe/XC406106.npy,../../Datasets/BirdClef/audio/Gallinago delicata_Wilson's Snipe/XC406106.mp3
train,Gallinago delicata_Wilson's Snipe,../../Datasets/BirdClef/features/Gallinago delicata_Wilson's Snipe/XC153333.npy,../../Datasets/BirdClef/audio/Gallinago delicata_Wilson's Snipe/XC153333.mp3
train,Gallinago delicata_Wilson's Snipe,../../Datasets/BirdClef/features/Gallinago delicata_Wilson's Snipe/XC322825.npy,../../Datasets/BirdClef/audio/Gallinago delicata_Wilson's Snipe/XC322825.mp3
train,Gallinago delicata_Wilson's Snipe,../../Datasets/BirdClef/features/Gallinago delicata_Wilson's Snipe/XC233263.npy,../../Datasets/BirdClef/audio/Gallinago delicata_Wilson's Snipe/XC233263.mp3
train,Gallinago delicata_Wilson's Snipe,../../Datasets/BirdClef/features/Gallinago delicata_Wilson's Snipe/XC335696.npy,../../Datasets/BirdClef/audio/Gallinago delicata_Wilson's Snipe/XC335696.mp3
train,Gallinago gallinago_Common Snipe,../../Datasets/BirdClef/features/Gallinago gallinago_Common Snipe/XC493202.npy,../../Datasets/BirdClef/audio/Gallinago gallinago_Common Snipe/XC493202.mp3
train,Gallinago gallinago_Common Snipe,../../Datasets/BirdClef/features/Gallinago gallinago_Common Snipe/XC281099.npy,../../Datasets/BirdClef/audio/Gallinago gallinago_Common Snipe/XC281099.mp3
train,Gallinago gallinago_Common Snipe,../../Datasets/BirdClef/features/Gallinago gallinago_Common Snipe/XC107480.npy,../../Datasets/BirdClef/audio/Gallinago gallinago_Common Snipe/XC107480.mp3
train,Gallinago gallinago_Common Snipe,../../Datasets/BirdClef/features/Gallinago gallinago_Common Snipe/XC487298.npy,../../Datasets/BirdClef/audio/Gallinago gallinago_Common Snipe/XC487298.mp3
train,Gallinago gallinago_Common Snipe,../../Datasets/BirdClef/features/Gallinago gallinago_Common Snipe/XC239373.npy,../../Datasets/BirdClef/audio/Gallinago gallinago_Common Snipe/XC239373.mp3
train,Gallinula chloropus_Eurasian Moorhen,../../Datasets/BirdClef/features/Gallinula chloropus_Eurasian Moorhen/XC289487.npy,../../Datasets/BirdClef/audio/Gallinula chloropus_Eurasian Moorhen/XC289487.mp3
train,Gallinula chloropus_Eurasian Moorhen,../../Datasets/BirdClef/features/Gallinula chloropus_Eurasian Moorhen/XC281024.npy,../../Datasets/BirdClef/audio/Gallinula chloropus_Eurasian Moorhen/XC281024.mp3
train,Gallinula chloropus_Eurasian Moorhen,../../Datasets/BirdClef/features/Gallinula chloropus_Eurasian Moorhen/XC466994.npy,../../Datasets/BirdClef/audio/Gallinula chloropus_Eurasian Moorhen/XC466994.mp3
train,Gallinula chloropus_Eurasian Moorhen,../../Datasets/BirdClef/features/Gallinula chloropus_Eurasian Moorhen/XC380962.npy,../../Datasets/BirdClef/audio/Gallinula chloropus_Eurasian Moorhen/XC380962.mp3
train,Gallinula chloropus_Eurasian Moorhen,../../Datasets/BirdClef/features/Gallinula chloropus_Eurasian Moorhen/XC440482.npy,../../Datasets/BirdClef/audio/Gallinula chloropus_Eurasian Moorhen/XC440482.mp3
train,Garrulus glandarius_Eurasian Jay,../../Datasets/BirdClef/features/Garrulus glandarius_Eurasian Jay/XC143108.npy,../../Datasets/BirdClef/audio/Garrulus glandarius_Eurasian Jay/XC143108.mp3
train,Garrulus glandarius_Eurasian Jay,../../Datasets/BirdClef/features/Garrulus glandarius_Eurasian Jay/XC196448.npy,../../Datasets/BirdClef/audio/Garrulus glandarius_Eurasian Jay/XC196448.mp3
train,Garrulus glandarius_Eurasian Jay,../../Datasets/BirdClef/features/Garrulus glandarius_Eurasian Jay/XC130590.npy,../../Datasets/BirdClef/audio/Garrulus glandarius_Eurasian Jay/XC130590.mp3
train,Garrulus glandarius_Eurasian Jay,../../Datasets/BirdClef/features/Garrulus glandarius_Eurasian Jay/XC360699.npy,../../Datasets/BirdClef/audio/Garrulus glandarius_Eurasian Jay/XC360699.mp3
train,Garrulus glandarius_Eurasian Jay,../../Datasets/BirdClef/features/Garrulus glandarius_Eurasian Jay/XC106000.npy,../../Datasets/BirdClef/audio/Garrulus glandarius_Eurasian Jay/XC106000.mp3
train,Gavia immer_Common Loon,../../Datasets/BirdClef/features/Gavia immer_Common Loon/XC488028.npy,../../Datasets/BirdClef/audio/Gavia immer_Common Loon/XC488028.mp3
train,Gavia immer_Common Loon,../../Datasets/BirdClef/features/Gavia immer_Common Loon/XC236758.npy,../../Datasets/BirdClef/audio/Gavia immer_Common Loon/XC236758.mp3
train,Gavia immer_Common Loon,../../Datasets/BirdClef/features/Gavia immer_Common Loon/XC83957.npy,../../Datasets/BirdClef/audio/Gavia immer_Common Loon/XC83957.mp3
train,Gavia immer_Common Loon,../../Datasets/BirdClef/features/Gavia immer_Common Loon/XC479789.npy,../../Datasets/BirdClef/audio/Gavia immer_Common Loon/XC479789.mp3
train,Gavia immer_Common Loon,../../Datasets/BirdClef/features/Gavia immer_Common Loon/XC501014.npy,../../Datasets/BirdClef/audio/Gavia immer_Common Loon/XC501014.mp3
train,Geococcyx californianus_Greater Roadrunner,../../Datasets/BirdClef/features/Geococcyx californianus_Greater Roadrunner/XC324297.npy,../../Datasets/BirdClef/audio/Geococcyx californianus_Greater Roadrunner/XC324297.mp3
train,Geococcyx californianus_Greater Roadrunner,../../Datasets/BirdClef/features/Geococcyx californianus_Greater Roadrunner/XC27725.npy,../../Datasets/BirdClef/audio/Geococcyx californianus_Greater Roadrunner/XC27725.mp3
train,Geococcyx californianus_Greater Roadrunner,../../Datasets/BirdClef/features/Geococcyx californianus_Greater Roadrunner/XC470512.npy,../../Datasets/BirdClef/audio/Geococcyx californianus_Greater Roadrunner/XC470512.mp3
train,Geococcyx californianus_Greater Roadrunner,../../Datasets/BirdClef/features/Geococcyx californianus_Greater Roadrunner/XC163987.npy,../../Datasets/BirdClef/audio/Geococcyx californianus_Greater Roadrunner/XC163987.mp3
train,Geococcyx californianus_Greater Roadrunner,../../Datasets/BirdClef/features/Geococcyx californianus_Greater Roadrunner/XC79646.npy,../../Datasets/BirdClef/audio/Geococcyx californianus_Greater Roadrunner/XC79646.mp3
train,Geothlypis tolmiei_MacGillivray's Warbler,../../Datasets/BirdClef/features/Geothlypis tolmiei_MacGillivray's Warbler/XC5831.npy,../../Datasets/BirdClef/audio/Geothlypis tolmiei_MacGillivray's Warbler/XC5831.mp3
train,Geothlypis tolmiei_MacGillivray's Warbler,../../Datasets/BirdClef/features/Geothlypis tolmiei_MacGillivray's Warbler/XC325012.npy,../../Datasets/BirdClef/audio/Geothlypis tolmiei_MacGillivray's Warbler/XC325012.mp3
train,Geothlypis tolmiei_MacGillivray's Warbler,../../Datasets/BirdClef/features/Geothlypis tolmiei_MacGillivray's Warbler/XC401114.npy,../../Datasets/BirdClef/audio/Geothlypis tolmiei_MacGillivray's Warbler/XC401114.mp3
train,Geothlypis tolmiei_MacGillivray's Warbler,../../Datasets/BirdClef/features/Geothlypis tolmiei_MacGillivray's Warbler/XC103106.npy,../../Datasets/BirdClef/audio/Geothlypis tolmiei_MacGillivray's Warbler/XC103106.mp3
train,Geothlypis tolmiei_MacGillivray's Warbler,../../Datasets/BirdClef/features/Geothlypis tolmiei_MacGillivray's Warbler/XC34867.npy,../../Datasets/BirdClef/audio/Geothlypis tolmiei_MacGillivray's Warbler/XC34867.mp3
train,Geothlypis trichas_Common Yellowthroat,../../Datasets/BirdClef/features/Geothlypis trichas_Common Yellowthroat/XC388604.npy,../../Datasets/BirdClef/audio/Geothlypis trichas_Common Yellowthroat/XC388604.mp3
train,Geothlypis trichas_Common Yellowthroat,../../Datasets/BirdClef/features/Geothlypis trichas_Common Yellowthroat/XC479925.npy,../../Datasets/BirdClef/audio/Geothlypis trichas_Common Yellowthroat/XC479925.mp3
train,Geothlypis trichas_Common Yellowthroat,../../Datasets/BirdClef/features/Geothlypis trichas_Common Yellowthroat/XC105134.npy,../../Datasets/BirdClef/audio/Geothlypis trichas_Common Yellowthroat/XC105134.mp3
train,Geothlypis trichas_Common Yellowthroat,../../Datasets/BirdClef/features/Geothlypis trichas_Common Yellowthroat/XC324512.npy,../../Datasets/BirdClef/audio/Geothlypis trichas_Common Yellowthroat/XC324512.mp3
train,Geothlypis trichas_Common Yellowthroat,../../Datasets/BirdClef/features/Geothlypis trichas_Common Yellowthroat/XC184519.npy,../../Datasets/BirdClef/audio/Geothlypis trichas_Common Yellowthroat/XC184519.mp3
train,Geotrygon montana_Ruddy Quail-Dove,../../Datasets/BirdClef/features/Geotrygon montana_Ruddy Quail-Dove/XC113194.npy,../../Datasets/BirdClef/audio/Geotrygon montana_Ruddy Quail-Dove/XC113194.mp3
train,Geotrygon montana_Ruddy Quail-Dove,../../Datasets/BirdClef/features/Geotrygon montana_Ruddy Quail-Dove/XC86161.npy,../../Datasets/BirdClef/audio/Geotrygon montana_Ruddy Quail-Dove/XC86161.mp3
train,Geotrygon montana_Ruddy Quail-Dove,../../Datasets/BirdClef/features/Geotrygon montana_Ruddy Quail-Dove/XC257632.npy,../../Datasets/BirdClef/audio/Geotrygon montana_Ruddy Quail-Dove/XC257632.mp3
train,Geotrygon montana_Ruddy Quail-Dove,../../Datasets/BirdClef/features/Geotrygon montana_Ruddy Quail-Dove/XC441782.npy,../../Datasets/BirdClef/audio/Geotrygon montana_Ruddy Quail-Dove/XC441782.mp3
train,Geotrygon montana_Ruddy Quail-Dove,../../Datasets/BirdClef/features/Geotrygon montana_Ruddy Quail-Dove/XC380889.npy,../../Datasets/BirdClef/audio/Geotrygon montana_Ruddy Quail-Dove/XC380889.mp3
train,Geranospiza caerulescens_Crane Hawk,../../Datasets/BirdClef/features/Geranospiza caerulescens_Crane Hawk/XC380890.npy,../../Datasets/BirdClef/audio/Geranospiza caerulescens_Crane Hawk/XC380890.mp3
train,Geranospiza caerulescens_Crane Hawk,../../Datasets/BirdClef/features/Geranospiza caerulescens_Crane Hawk/XC2699.npy,../../Datasets/BirdClef/audio/Geranospiza caerulescens_Crane Hawk/XC2699.mp3
train,Geranospiza caerulescens_Crane Hawk,../../Datasets/BirdClef/features/Geranospiza caerulescens_Crane Hawk/XC15401.npy,../../Datasets/BirdClef/audio/Geranospiza caerulescens_Crane Hawk/XC15401.mp3
train,Geranospiza caerulescens_Crane Hawk,../../Datasets/BirdClef/features/Geranospiza caerulescens_Crane Hawk/XC482417.npy,../../Datasets/BirdClef/audio/Geranospiza caerulescens_Crane Hawk/XC482417.mp3
train,Geranospiza caerulescens_Crane Hawk,../../Datasets/BirdClef/features/Geranospiza caerulescens_Crane Hawk/XC427409.npy,../../Datasets/BirdClef/audio/Geranospiza caerulescens_Crane Hawk/XC427409.mp3
train,Glaucidium brasilianum_Ferruginous Pygmy-Owl,../../Datasets/BirdClef/features/Glaucidium brasilianum_Ferruginous Pygmy-Owl/XC257752.npy,../../Datasets/BirdClef/audio/Glaucidium brasilianum_Ferruginous Pygmy-Owl/XC257752.mp3
train,Glaucidium brasilianum_Ferruginous Pygmy-Owl,../../Datasets/BirdClef/features/Glaucidium brasilianum_Ferruginous Pygmy-Owl/XC31987.npy,../../Datasets/BirdClef/audio/Glaucidium brasilianum_Ferruginous Pygmy-Owl/XC31987.mp3
train,Glaucidium brasilianum_Ferruginous Pygmy-Owl,../../Datasets/BirdClef/features/Glaucidium brasilianum_Ferruginous Pygmy-Owl/XC154972.npy,../../Datasets/BirdClef/audio/Glaucidium brasilianum_Ferruginous Pygmy-Owl/XC154972.mp3
train,Glaucidium brasilianum_Ferruginous Pygmy-Owl,../../Datasets/BirdClef/features/Glaucidium brasilianum_Ferruginous Pygmy-Owl/XC388189.npy,../../Datasets/BirdClef/audio/Glaucidium brasilianum_Ferruginous Pygmy-Owl/XC388189.mp3
train,Glaucidium brasilianum_Ferruginous Pygmy-Owl,../../Datasets/BirdClef/features/Glaucidium brasilianum_Ferruginous Pygmy-Owl/XC192201.npy,../../Datasets/BirdClef/audio/Glaucidium brasilianum_Ferruginous Pygmy-Owl/XC192201.mp3
train,Glaucidium hardyi_Amazonian Pygmy-Owl,../../Datasets/BirdClef/features/Glaucidium hardyi_Amazonian Pygmy-Owl/XC345634.npy,../../Datasets/BirdClef/audio/Glaucidium hardyi_Amazonian Pygmy-Owl/XC345634.mp3
train,Glaucidium hardyi_Amazonian Pygmy-Owl,../../Datasets/BirdClef/features/Glaucidium hardyi_Amazonian Pygmy-Owl/XC8116.npy,../../Datasets/BirdClef/audio/Glaucidium hardyi_Amazonian Pygmy-Owl/XC8116.mp3
train,Glaucidium hardyi_Amazonian Pygmy-Owl,../../Datasets/BirdClef/features/Glaucidium hardyi_Amazonian Pygmy-Owl/XC316521.npy,../../Datasets/BirdClef/audio/Glaucidium hardyi_Amazonian Pygmy-Owl/XC316521.mp3
train,Glaucidium hardyi_Amazonian Pygmy-Owl,../../Datasets/BirdClef/features/Glaucidium hardyi_Amazonian Pygmy-Owl/XC272157.npy,../../Datasets/BirdClef/audio/Glaucidium hardyi_Amazonian Pygmy-Owl/XC272157.mp3
train,Glaucidium hardyi_Amazonian Pygmy-Owl,../../Datasets/BirdClef/features/Glaucidium hardyi_Amazonian Pygmy-Owl/XC272156.npy,../../Datasets/BirdClef/audio/Glaucidium hardyi_Amazonian Pygmy-Owl/XC272156.mp3
train,Glyphorynchus spirurus_Wedge-billed Woodcreeper,../../Datasets/BirdClef/features/Glyphorynchus spirurus_Wedge-billed Woodcreeper/XC241558.npy,../../Datasets/BirdClef/audio/Glyphorynchus spirurus_Wedge-billed Woodcreeper/XC241558.mp3
train,Glyphorynchus spirurus_Wedge-billed Woodcreeper,../../Datasets/BirdClef/features/Glyphorynchus spirurus_Wedge-billed Woodcreeper/XC202244.npy,../../Datasets/BirdClef/audio/Glyphorynchus spirurus_Wedge-billed Woodcreeper/XC202244.mp3
train,Glyphorynchus spirurus_Wedge-billed Woodcreeper,../../Datasets/BirdClef/features/Glyphorynchus spirurus_Wedge-billed Woodcreeper/XC91102.npy,../../Datasets/BirdClef/audio/Glyphorynchus spirurus_Wedge-billed Woodcreeper/XC91102.mp3
train,Glyphorynchus spirurus_Wedge-billed Woodcreeper,../../Datasets/BirdClef/features/Glyphorynchus spirurus_Wedge-billed Woodcreeper/XC166830.npy,../../Datasets/BirdClef/audio/Glyphorynchus spirurus_Wedge-billed Woodcreeper/XC166830.mp3
train,Glyphorynchus spirurus_Wedge-billed Woodcreeper,../../Datasets/BirdClef/features/Glyphorynchus spirurus_Wedge-billed Woodcreeper/XC11013.npy,../../Datasets/BirdClef/audio/Glyphorynchus spirurus_Wedge-billed Woodcreeper/XC11013.mp3
train,Grus grus_Common Crane,../../Datasets/BirdClef/features/Grus grus_Common Crane/XC445477.npy,../../Datasets/BirdClef/audio/Grus grus_Common Crane/XC445477.mp3
train,Grus grus_Common Crane,../../Datasets/BirdClef/features/Grus grus_Common Crane/XC149363.npy,../../Datasets/BirdClef/audio/Grus grus_Common Crane/XC149363.mp3
train,Grus grus_Common Crane,../../Datasets/BirdClef/features/Grus grus_Common Crane/XC463241.npy,../../Datasets/BirdClef/audio/Grus grus_Common Crane/XC463241.mp3
train,Grus grus_Common Crane,../../Datasets/BirdClef/features/Grus grus_Common Crane/XC300316.npy,../../Datasets/BirdClef/audio/Grus grus_Common Crane/XC300316.mp3
train,Grus grus_Common Crane,../../Datasets/BirdClef/features/Grus grus_Common Crane/XC217861.npy,../../Datasets/BirdClef/audio/Grus grus_Common Crane/XC217861.mp3
train,Gymnorhinus cyanocephalus_Pinyon Jay,../../Datasets/BirdClef/features/Gymnorhinus cyanocephalus_Pinyon Jay/XC110926.npy,../../Datasets/BirdClef/audio/Gymnorhinus cyanocephalus_Pinyon Jay/XC110926.mp3
train,Gymnorhinus cyanocephalus_Pinyon Jay,../../Datasets/BirdClef/features/Gymnorhinus cyanocephalus_Pinyon Jay/XC71975.npy,../../Datasets/BirdClef/audio/Gymnorhinus cyanocephalus_Pinyon Jay/XC71975.mp3
train,Gymnorhinus cyanocephalus_Pinyon Jay,../../Datasets/BirdClef/features/Gymnorhinus cyanocephalus_Pinyon Jay/XC172943.npy,../../Datasets/BirdClef/audio/Gymnorhinus cyanocephalus_Pinyon Jay/XC172943.mp3
train,Gymnorhinus cyanocephalus_Pinyon Jay,../../Datasets/BirdClef/features/Gymnorhinus cyanocephalus_Pinyon Jay/XC110925.npy,../../Datasets/BirdClef/audio/Gymnorhinus cyanocephalus_Pinyon Jay/XC110925.mp3
train,Gymnorhinus cyanocephalus_Pinyon Jay,../../Datasets/BirdClef/features/Gymnorhinus cyanocephalus_Pinyon Jay/XC368919.npy,../../Datasets/BirdClef/audio/Gymnorhinus cyanocephalus_Pinyon Jay/XC368919.mp3
train,Habia rubica_Red-crowned Ant-Tanager,../../Datasets/BirdClef/features/Habia rubica_Red-crowned Ant-Tanager/XC276056.npy,../../Datasets/BirdClef/audio/Habia rubica_Red-crowned Ant-Tanager/XC276056.mp3
train,Habia rubica_Red-crowned Ant-Tanager,../../Datasets/BirdClef/features/Habia rubica_Red-crowned Ant-Tanager/XC469337.npy,../../Datasets/BirdClef/audio/Habia rubica_Red-crowned Ant-Tanager/XC469337.mp3
train,Habia rubica_Red-crowned Ant-Tanager,../../Datasets/BirdClef/features/Habia rubica_Red-crowned Ant-Tanager/XC283935.npy,../../Datasets/BirdClef/audio/Habia rubica_Red-crowned Ant-Tanager/XC283935.mp3
train,Habia rubica_Red-crowned Ant-Tanager,../../Datasets/BirdClef/features/Habia rubica_Red-crowned Ant-Tanager/XC308820.npy,../../Datasets/BirdClef/audio/Habia rubica_Red-crowned Ant-Tanager/XC308820.mp3
train,Habia rubica_Red-crowned Ant-Tanager,../../Datasets/BirdClef/features/Habia rubica_Red-crowned Ant-Tanager/XC333629.npy,../../Datasets/BirdClef/audio/Habia rubica_Red-crowned Ant-Tanager/XC333629.mp3
train,Haematopus ostralegus_Eurasian Oystercatcher,../../Datasets/BirdClef/features/Haematopus ostralegus_Eurasian Oystercatcher/XC380441.npy,../../Datasets/BirdClef/audio/Haematopus ostralegus_Eurasian Oystercatcher/XC380441.mp3
train,Haematopus ostralegus_Eurasian Oystercatcher,../../Datasets/BirdClef/features/Haematopus ostralegus_Eurasian Oystercatcher/XC76088.npy,../../Datasets/BirdClef/audio/Haematopus ostralegus_Eurasian Oystercatcher/XC76088.mp3
train,Haematopus ostralegus_Eurasian Oystercatcher,../../Datasets/BirdClef/features/Haematopus ostralegus_Eurasian Oystercatcher/XC462741.npy,../../Datasets/BirdClef/audio/Haematopus ostralegus_Eurasian Oystercatcher/XC462741.mp3
train,Haematopus ostralegus_Eurasian Oystercatcher,../../Datasets/BirdClef/features/Haematopus ostralegus_Eurasian Oystercatcher/XC376353.npy,../../Datasets/BirdClef/audio/Haematopus ostralegus_Eurasian Oystercatcher/XC376353.mp3
train,Haematopus ostralegus_Eurasian Oystercatcher,../../Datasets/BirdClef/features/Haematopus ostralegus_Eurasian Oystercatcher/XC123451.npy,../../Datasets/BirdClef/audio/Haematopus ostralegus_Eurasian Oystercatcher/XC123451.mp3
train,Haemorhous cassinii_Cassin's Finch,../../Datasets/BirdClef/features/Haemorhous cassinii_Cassin's Finch/XC218070.npy,../../Datasets/BirdClef/audio/Haemorhous cassinii_Cassin's Finch/XC218070.mp3
train,Haemorhous cassinii_Cassin's Finch,../../Datasets/BirdClef/features/Haemorhous cassinii_Cassin's Finch/XC362899.npy,../../Datasets/BirdClef/audio/Haemorhous cassinii_Cassin's Finch/XC362899.mp3
train,Haemorhous cassinii_Cassin's Finch,../../Datasets/BirdClef/features/Haemorhous cassinii_Cassin's Finch/XC277656.npy,../../Datasets/BirdClef/audio/Haemorhous cassinii_Cassin's Finch/XC277656.mp3
train,Haemorhous cassinii_Cassin's Finch,../../Datasets/BirdClef/features/Haemorhous cassinii_Cassin's Finch/XC209316.npy,../../Datasets/BirdClef/audio/Haemorhous cassinii_Cassin's Finch/XC209316.mp3
train,Haemorhous cassinii_Cassin's Finch,../../Datasets/BirdClef/features/Haemorhous cassinii_Cassin's Finch/XC220514.npy,../../Datasets/BirdClef/audio/Haemorhous cassinii_Cassin's Finch/XC220514.mp3
train,Haemorhous mexicanus_House Finch,../../Datasets/BirdClef/features/Haemorhous mexicanus_House Finch/XC124430.npy,../../Datasets/BirdClef/audio/Haemorhous mexicanus_House Finch/XC124430.mp3
train,Haemorhous mexicanus_House Finch,../../Datasets/BirdClef/features/Haemorhous mexicanus_House Finch/XC469591.npy,../../Datasets/BirdClef/audio/Haemorhous mexicanus_House Finch/XC469591.mp3
train,Haemorhous mexicanus_House Finch,../../Datasets/BirdClef/features/Haemorhous mexicanus_House Finch/XC319439.npy,../../Datasets/BirdClef/audio/Haemorhous mexicanus_House Finch/XC319439.mp3
train,Haemorhous mexicanus_House Finch,../../Datasets/BirdClef/features/Haemorhous mexicanus_House Finch/XC1295.npy,../../Datasets/BirdClef/audio/Haemorhous mexicanus_House Finch/XC1295.mp3
train,Haemorhous mexicanus_House Finch,../../Datasets/BirdClef/features/Haemorhous mexicanus_House Finch/XC376760.npy,../../Datasets/BirdClef/audio/Haemorhous mexicanus_House Finch/XC376760.mp3
train,Haemorhous purpureus_Purple Finch,../../Datasets/BirdClef/features/Haemorhous purpureus_Purple Finch/XC227972.npy,../../Datasets/BirdClef/audio/Haemorhous purpureus_Purple Finch/XC227972.mp3
train,Haemorhous purpureus_Purple Finch,../../Datasets/BirdClef/features/Haemorhous purpureus_Purple Finch/XC481942.npy,../../Datasets/BirdClef/audio/Haemorhous purpureus_Purple Finch/XC481942.mp3
train,Haemorhous purpureus_Purple Finch,../../Datasets/BirdClef/features/Haemorhous purpureus_Purple Finch/XC193423.npy,../../Datasets/BirdClef/audio/Haemorhous purpureus_Purple Finch/XC193423.mp3
train,Haemorhous purpureus_Purple Finch,../../Datasets/BirdClef/features/Haemorhous purpureus_Purple Finch/XC159974.npy,../../Datasets/BirdClef/audio/Haemorhous purpureus_Purple Finch/XC159974.mp3
train,Haemorhous purpureus_Purple Finch,../../Datasets/BirdClef/features/Haemorhous purpureus_Purple Finch/XC160212.npy,../../Datasets/BirdClef/audio/Haemorhous purpureus_Purple Finch/XC160212.mp3
train,Hafferia fortis_Sooty Antbird,../../Datasets/BirdClef/features/Hafferia fortis_Sooty Antbird/XC424167.npy,../../Datasets/BirdClef/audio/Hafferia fortis_Sooty Antbird/XC424167.mp3
train,Hafferia fortis_Sooty Antbird,../../Datasets/BirdClef/features/Hafferia fortis_Sooty Antbird/XC395254.npy,../../Datasets/BirdClef/audio/Hafferia fortis_Sooty Antbird/XC395254.mp3
train,Hafferia fortis_Sooty Antbird,../../Datasets/BirdClef/features/Hafferia fortis_Sooty Antbird/XC438445.npy,../../Datasets/BirdClef/audio/Hafferia fortis_Sooty Antbird/XC438445.mp3
train,Hafferia fortis_Sooty Antbird,../../Datasets/BirdClef/features/Hafferia fortis_Sooty Antbird/XC63707.npy,../../Datasets/BirdClef/audio/Hafferia fortis_Sooty Antbird/XC63707.mp3
train,Hafferia fortis_Sooty Antbird,../../Datasets/BirdClef/features/Hafferia fortis_Sooty Antbird/XC17530.npy,../../Datasets/BirdClef/audio/Hafferia fortis_Sooty Antbird/XC17530.mp3
train,Hemithraupis guira_Guira Tanager,../../Datasets/BirdClef/features/Hemithraupis guira_Guira Tanager/XC245191.npy,../../Datasets/BirdClef/audio/Hemithraupis guira_Guira Tanager/XC245191.mp3
train,Hemithraupis guira_Guira Tanager,../../Datasets/BirdClef/features/Hemithraupis guira_Guira Tanager/XC3057.npy,../../Datasets/BirdClef/audio/Hemithraupis guira_Guira Tanager/XC3057.mp3
train,Hemithraupis guira_Guira Tanager,../../Datasets/BirdClef/features/Hemithraupis guira_Guira Tanager/XC118966.npy,../../Datasets/BirdClef/audio/Hemithraupis guira_Guira Tanager/XC118966.mp3
train,Hemithraupis guira_Guira Tanager,../../Datasets/BirdClef/features/Hemithraupis guira_Guira Tanager/XC172847.npy,../../Datasets/BirdClef/audio/Hemithraupis guira_Guira Tanager/XC172847.mp3
train,Hemithraupis guira_Guira Tanager,../../Datasets/BirdClef/features/Hemithraupis guira_Guira Tanager/XC283352.npy,../../Datasets/BirdClef/audio/Hemithraupis guira_Guira Tanager/XC283352.mp3
train,Hemitriccus flammulatus_Flammulated Pygmy-Tyrant,../../Datasets/BirdClef/features/Hemitriccus flammulatus_Flammulated Pygmy-Tyrant/XC223957.npy,../../Datasets/BirdClef/audio/Hemitriccus flammulatus_Flammulated Pygmy-Tyrant/XC223957.mp3
train,Hemitriccus flammulatus_Flammulated Pygmy-Tyrant,../../Datasets/BirdClef/features/Hemitriccus flammulatus_Flammulated Pygmy-Tyrant/XC13874.npy,../../Datasets/BirdClef/audio/Hemitriccus flammulatus_Flammulated Pygmy-Tyrant/XC13874.mp3
train,Hemitriccus flammulatus_Flammulated Pygmy-Tyrant,../../Datasets/BirdClef/features/Hemitriccus flammulatus_Flammulated Pygmy-Tyrant/XC179995.npy,../../Datasets/BirdClef/audio/Hemitriccus flammulatus_Flammulated Pygmy-Tyrant/XC179995.mp3
train,Hemitriccus flammulatus_Flammulated Pygmy-Tyrant,../../Datasets/BirdClef/features/Hemitriccus flammulatus_Flammulated Pygmy-Tyrant/XC122593.npy,../../Datasets/BirdClef/audio/Hemitriccus flammulatus_Flammulated Pygmy-Tyrant/XC122593.mp3
train,Hemitriccus flammulatus_Flammulated Pygmy-Tyrant,../../Datasets/BirdClef/features/Hemitriccus flammulatus_Flammulated Pygmy-Tyrant/XC43402.npy,../../Datasets/BirdClef/audio/Hemitriccus flammulatus_Flammulated Pygmy-Tyrant/XC43402.mp3
train,Hemitriccus griseipectus_White-bellied Tody-Tyrant,../../Datasets/BirdClef/features/Hemitriccus griseipectus_White-bellied Tody-Tyrant/XC7281.npy,../../Datasets/BirdClef/audio/Hemitriccus griseipectus_White-bellied Tody-Tyrant/XC7281.mp3
train,Hemitriccus griseipectus_White-bellied Tody-Tyrant,../../Datasets/BirdClef/features/Hemitriccus griseipectus_White-bellied Tody-Tyrant/XC404606.npy,../../Datasets/BirdClef/audio/Hemitriccus griseipectus_White-bellied Tody-Tyrant/XC404606.mp3
train,Hemitriccus griseipectus_White-bellied Tody-Tyrant,../../Datasets/BirdClef/features/Hemitriccus griseipectus_White-bellied Tody-Tyrant/XC22099.npy,../../Datasets/BirdClef/audio/Hemitriccus griseipectus_White-bellied Tody-Tyrant/XC22099.mp3
train,Hemitriccus griseipectus_White-bellied Tody-Tyrant,../../Datasets/BirdClef/features/Hemitriccus griseipectus_White-bellied Tody-Tyrant/XC73622.npy,../../Datasets/BirdClef/audio/Hemitriccus griseipectus_White-bellied Tody-Tyrant/XC73622.mp3
train,Hemitriccus griseipectus_White-bellied Tody-Tyrant,../../Datasets/BirdClef/features/Hemitriccus griseipectus_White-bellied Tody-Tyrant/XC223982.npy,../../Datasets/BirdClef/audio/Hemitriccus griseipectus_White-bellied Tody-Tyrant/XC223982.mp3
train,Hemitriccus iohannis_Johannes's Tody-Tyrant,../../Datasets/BirdClef/features/Hemitriccus iohannis_Johannes's Tody-Tyrant/XC206795.npy,../../Datasets/BirdClef/audio/Hemitriccus iohannis_Johannes's Tody-Tyrant/XC206795.mp3
train,Hemitriccus iohannis_Johannes's Tody-Tyrant,../../Datasets/BirdClef/features/Hemitriccus iohannis_Johannes's Tody-Tyrant/XC14126.npy,../../Datasets/BirdClef/audio/Hemitriccus iohannis_Johannes's Tody-Tyrant/XC14126.mp3
train,Hemitriccus iohannis_Johannes's Tody-Tyrant,../../Datasets/BirdClef/features/Hemitriccus iohannis_Johannes's Tody-Tyrant/XC436782.npy,../../Datasets/BirdClef/audio/Hemitriccus iohannis_Johannes's Tody-Tyrant/XC436782.mp3
train,Hemitriccus iohannis_Johannes's Tody-Tyrant,../../Datasets/BirdClef/features/Hemitriccus iohannis_Johannes's Tody-Tyrant/XC329211.npy,../../Datasets/BirdClef/audio/Hemitriccus iohannis_Johannes's Tody-Tyrant/XC329211.mp3
train,Hemitriccus iohannis_Johannes's Tody-Tyrant,../../Datasets/BirdClef/features/Hemitriccus iohannis_Johannes's Tody-Tyrant/XC66608.npy,../../Datasets/BirdClef/audio/Hemitriccus iohannis_Johannes's Tody-Tyrant/XC66608.mp3
train,Herpetotheres cachinnans_Laughing Falcon,../../Datasets/BirdClef/features/Herpetotheres cachinnans_Laughing Falcon/XC109627.npy,../../Datasets/BirdClef/audio/Herpetotheres cachinnans_Laughing Falcon/XC109627.mp3
train,Herpetotheres cachinnans_Laughing Falcon,../../Datasets/BirdClef/features/Herpetotheres cachinnans_Laughing Falcon/XC103024.npy,../../Datasets/BirdClef/audio/Herpetotheres cachinnans_Laughing Falcon/XC103024.mp3
train,Herpetotheres cachinnans_Laughing Falcon,../../Datasets/BirdClef/features/Herpetotheres cachinnans_Laughing Falcon/XC238376.npy,../../Datasets/BirdClef/audio/Herpetotheres cachinnans_Laughing Falcon/XC238376.mp3
train,Herpetotheres cachinnans_Laughing Falcon,../../Datasets/BirdClef/features/Herpetotheres cachinnans_Laughing Falcon/XC496655.npy,../../Datasets/BirdClef/audio/Herpetotheres cachinnans_Laughing Falcon/XC496655.mp3
train,Herpetotheres cachinnans_Laughing Falcon,../../Datasets/BirdClef/features/Herpetotheres cachinnans_Laughing Falcon/XC49399.npy,../../Datasets/BirdClef/audio/Herpetotheres cachinnans_Laughing Falcon/XC49399.mp3
train,Hippolais polyglotta_Melodious Warbler,../../Datasets/BirdClef/features/Hippolais polyglotta_Melodious Warbler/XC375621.npy,../../Datasets/BirdClef/audio/Hippolais polyglotta_Melodious Warbler/XC375621.mp3
train,Hippolais polyglotta_Melodious Warbler,../../Datasets/BirdClef/features/Hippolais polyglotta_Melodious Warbler/XC59245.npy,../../Datasets/BirdClef/audio/Hippolais polyglotta_Melodious Warbler/XC59245.mp3
train,Hippolais polyglotta_Melodious Warbler,../../Datasets/BirdClef/features/Hippolais polyglotta_Melodious Warbler/XC379286.npy,../../Datasets/BirdClef/audio/Hippolais polyglotta_Melodious Warbler/XC379286.mp3
train,Hippolais polyglotta_Melodious Warbler,../../Datasets/BirdClef/features/Hippolais polyglotta_Melodious Warbler/XC476321.npy,../../Datasets/BirdClef/audio/Hippolais polyglotta_Melodious Warbler/XC476321.mp3
train,Hippolais polyglotta_Melodious Warbler,../../Datasets/BirdClef/features/Hippolais polyglotta_Melodious Warbler/XC55166.npy,../../Datasets/BirdClef/audio/Hippolais polyglotta_Melodious Warbler/XC55166.mp3
train,Hirundo rustica_Barn Swallow,../../Datasets/BirdClef/features/Hirundo rustica_Barn Swallow/XC337180.npy,../../Datasets/BirdClef/audio/Hirundo rustica_Barn Swallow/XC337180.mp3
train,Hirundo rustica_Barn Swallow,../../Datasets/BirdClef/features/Hirundo rustica_Barn Swallow/XC184538.npy,../../Datasets/BirdClef/audio/Hirundo rustica_Barn Swallow/XC184538.mp3
train,Hirundo rustica_Barn Swallow,../../Datasets/BirdClef/features/Hirundo rustica_Barn Swallow/XC140538.npy,../../Datasets/BirdClef/audio/Hirundo rustica_Barn Swallow/XC140538.mp3
train,Hirundo rustica_Barn Swallow,../../Datasets/BirdClef/features/Hirundo rustica_Barn Swallow/XC318261.npy,../../Datasets/BirdClef/audio/Hirundo rustica_Barn Swallow/XC318261.mp3
train,Hirundo rustica_Barn Swallow,../../Datasets/BirdClef/features/Hirundo rustica_Barn Swallow/XC361812.npy,../../Datasets/BirdClef/audio/Hirundo rustica_Barn Swallow/XC361812.mp3
train,Hydroprogne caspia_Caspian Tern,../../Datasets/BirdClef/features/Hydroprogne caspia_Caspian Tern/XC449719.npy,../../Datasets/BirdClef/audio/Hydroprogne caspia_Caspian Tern/XC449719.mp3
train,Hydroprogne caspia_Caspian Tern,../../Datasets/BirdClef/features/Hydroprogne caspia_Caspian Tern/XC197268.npy,../../Datasets/BirdClef/audio/Hydroprogne caspia_Caspian Tern/XC197268.mp3
train,Hydroprogne caspia_Caspian Tern,../../Datasets/BirdClef/features/Hydroprogne caspia_Caspian Tern/XC149409.npy,../../Datasets/BirdClef/audio/Hydroprogne caspia_Caspian Tern/XC149409.mp3
train,Hydroprogne caspia_Caspian Tern,../../Datasets/BirdClef/features/Hydroprogne caspia_Caspian Tern/XC246636.npy,../../Datasets/BirdClef/audio/Hydroprogne caspia_Caspian Tern/XC246636.mp3
train,Hydroprogne caspia_Caspian Tern,../../Datasets/BirdClef/features/Hydroprogne caspia_Caspian Tern/XC164479.npy,../../Datasets/BirdClef/audio/Hydroprogne caspia_Caspian Tern/XC164479.mp3
train,Hylocharis cyanus_White-chinned Sapphire,../../Datasets/BirdClef/features/Hylocharis cyanus_White-chinned Sapphire/XC210041.npy,../../Datasets/BirdClef/audio/Hylocharis cyanus_White-chinned Sapphire/XC210041.mp3
train,Hylocharis cyanus_White-chinned Sapphire,../../Datasets/BirdClef/features/Hylocharis cyanus_White-chinned Sapphire/XC130876.npy,../../Datasets/BirdClef/audio/Hylocharis cyanus_White-chinned Sapphire/XC130876.mp3
train,Hylocharis cyanus_White-chinned Sapphire,../../Datasets/BirdClef/features/Hylocharis cyanus_White-chinned Sapphire/XC85173.npy,../../Datasets/BirdClef/audio/Hylocharis cyanus_White-chinned Sapphire/XC85173.mp3
train,Hylocharis cyanus_White-chinned Sapphire,../../Datasets/BirdClef/features/Hylocharis cyanus_White-chinned Sapphire/XC108051.npy,../../Datasets/BirdClef/audio/Hylocharis cyanus_White-chinned Sapphire/XC108051.mp3
train,Hylocharis cyanus_White-chinned Sapphire,../../Datasets/BirdClef/features/Hylocharis cyanus_White-chinned Sapphire/XC504759.npy,../../Datasets/BirdClef/audio/Hylocharis cyanus_White-chinned Sapphire/XC504759.mp3
train,Hylocichla mustelina_Wood Thrush,../../Datasets/BirdClef/features/Hylocichla mustelina_Wood Thrush/XC59135.npy,../../Datasets/BirdClef/audio/Hylocichla mustelina_Wood Thrush/XC59135.mp3
train,Hylocichla mustelina_Wood Thrush,../../Datasets/BirdClef/features/Hylocichla mustelina_Wood Thrush/XC308317.npy,../../Datasets/BirdClef/audio/Hylocichla mustelina_Wood Thrush/XC308317.mp3
train,Hylocichla mustelina_Wood Thrush,../../Datasets/BirdClef/features/Hylocichla mustelina_Wood Thrush/XC162073.npy,../../Datasets/BirdClef/audio/Hylocichla mustelina_Wood Thrush/XC162073.mp3
train,Hylocichla mustelina_Wood Thrush,../../Datasets/BirdClef/features/Hylocichla mustelina_Wood Thrush/XC139062.npy,../../Datasets/BirdClef/audio/Hylocichla mustelina_Wood Thrush/XC139062.mp3
train,Hylocichla mustelina_Wood Thrush,../../Datasets/BirdClef/features/Hylocichla mustelina_Wood Thrush/XC177081.npy,../../Datasets/BirdClef/audio/Hylocichla mustelina_Wood Thrush/XC177081.mp3
train,Hylopezus berlepschi_Amazonian Antpitta,../../Datasets/BirdClef/features/Hylopezus berlepschi_Amazonian Antpitta/XC90411.npy,../../Datasets/BirdClef/audio/Hylopezus berlepschi_Amazonian Antpitta/XC90411.mp3
train,Hylopezus berlepschi_Amazonian Antpitta,../../Datasets/BirdClef/features/Hylopezus berlepschi_Amazonian Antpitta/XC39466.npy,../../Datasets/BirdClef/audio/Hylopezus berlepschi_Amazonian Antpitta/XC39466.mp3
train,Hylopezus berlepschi_Amazonian Antpitta,../../Datasets/BirdClef/features/Hylopezus berlepschi_Amazonian Antpitta/XC384478.npy,../../Datasets/BirdClef/audio/Hylopezus berlepschi_Amazonian Antpitta/XC384478.mp3
train,Hylopezus berlepschi_Amazonian Antpitta,../../Datasets/BirdClef/features/Hylopezus berlepschi_Amazonian Antpitta/XC427484.npy,../../Datasets/BirdClef/audio/Hylopezus berlepschi_Amazonian Antpitta/XC427484.mp3
train,Hylopezus berlepschi_Amazonian Antpitta,../../Datasets/BirdClef/features/Hylopezus berlepschi_Amazonian Antpitta/XC75224.npy,../../Datasets/BirdClef/audio/Hylopezus berlepschi_Amazonian Antpitta/XC75224.mp3
train,Hylophilus thoracicus_Lemon-chested Greenlet,../../Datasets/BirdClef/features/Hylophilus thoracicus_Lemon-chested Greenlet/XC122960.npy,../../Datasets/BirdClef/audio/Hylophilus thoracicus_Lemon-chested Greenlet/XC122960.mp3
train,Hylophilus thoracicus_Lemon-chested Greenlet,../../Datasets/BirdClef/features/Hylophilus thoracicus_Lemon-chested Greenlet/XC224444.npy,../../Datasets/BirdClef/audio/Hylophilus thoracicus_Lemon-chested Greenlet/XC224444.mp3
train,Hylophilus thoracicus_Lemon-chested Greenlet,../../Datasets/BirdClef/features/Hylophilus thoracicus_Lemon-chested Greenlet/XC224436.npy,../../Datasets/BirdClef/audio/Hylophilus thoracicus_Lemon-chested Greenlet/XC224436.mp3
train,Hylophilus thoracicus_Lemon-chested Greenlet,../../Datasets/BirdClef/features/Hylophilus thoracicus_Lemon-chested Greenlet/XC211168.npy,../../Datasets/BirdClef/audio/Hylophilus thoracicus_Lemon-chested Greenlet/XC211168.mp3
train,Hylophilus thoracicus_Lemon-chested Greenlet,../../Datasets/BirdClef/features/Hylophilus thoracicus_Lemon-chested Greenlet/XC200357.npy,../../Datasets/BirdClef/audio/Hylophilus thoracicus_Lemon-chested Greenlet/XC200357.mp3
train,Hylophylax naevius_Spot-backed Antbird,../../Datasets/BirdClef/features/Hylophylax naevius_Spot-backed Antbird/XC224468.npy,../../Datasets/BirdClef/audio/Hylophylax naevius_Spot-backed Antbird/XC224468.mp3
train,Hylophylax naevius_Spot-backed Antbird,../../Datasets/BirdClef/features/Hylophylax naevius_Spot-backed Antbird/XC264616.npy,../../Datasets/BirdClef/audio/Hylophylax naevius_Spot-backed Antbird/XC264616.mp3
train,Hylophylax naevius_Spot-backed Antbird,../../Datasets/BirdClef/features/Hylophylax naevius_Spot-backed Antbird/XC167355.npy,../../Datasets/BirdClef/audio/Hylophylax naevius_Spot-backed Antbird/XC167355.mp3
train,Hylophylax naevius_Spot-backed Antbird,../../Datasets/BirdClef/features/Hylophylax naevius_Spot-backed Antbird/XC224461.npy,../../Datasets/BirdClef/audio/Hylophylax naevius_Spot-backed Antbird/XC224461.mp3
train,Hylophylax naevius_Spot-backed Antbird,../../Datasets/BirdClef/features/Hylophylax naevius_Spot-backed Antbird/XC85920.npy,../../Datasets/BirdClef/audio/Hylophylax naevius_Spot-backed Antbird/XC85920.mp3
train,Hypocnemis peruviana_Peruvian Warbling-Antbird,../../Datasets/BirdClef/features/Hypocnemis peruviana_Peruvian Warbling-Antbird/XC386588.npy,../../Datasets/BirdClef/audio/Hypocnemis peruviana_Peruvian Warbling-Antbird/XC386588.mp3
train,Hypocnemis peruviana_Peruvian Warbling-Antbird,../../Datasets/BirdClef/features/Hypocnemis peruviana_Peruvian Warbling-Antbird/XC72569.npy,../../Datasets/BirdClef/audio/Hypocnemis peruviana_Peruvian Warbling-Antbird/XC72569.mp3
train,Hypocnemis peruviana_Peruvian Warbling-Antbird,../../Datasets/BirdClef/features/Hypocnemis peruviana_Peruvian Warbling-Antbird/XC4784.npy,../../Datasets/BirdClef/audio/Hypocnemis peruviana_Peruvian Warbling-Antbird/XC4784.mp3
train,Hypocnemis peruviana_Peruvian Warbling-Antbird,../../Datasets/BirdClef/features/Hypocnemis peruviana_Peruvian Warbling-Antbird/XC248893.npy,../../Datasets/BirdClef/audio/Hypocnemis peruviana_Peruvian Warbling-Antbird/XC248893.mp3
train,Hypocnemis peruviana_Peruvian Warbling-Antbird,../../Datasets/BirdClef/features/Hypocnemis peruviana_Peruvian Warbling-Antbird/XC72568.npy,../../Datasets/BirdClef/audio/Hypocnemis peruviana_Peruvian Warbling-Antbird/XC72568.mp3
train,Hypocnemoides maculicauda_Band-tailed Antbird,../../Datasets/BirdClef/features/Hypocnemoides maculicauda_Band-tailed Antbird/XC139994.npy,../../Datasets/BirdClef/audio/Hypocnemoides maculicauda_Band-tailed Antbird/XC139994.mp3
train,Hypocnemoides maculicauda_Band-tailed Antbird,../../Datasets/BirdClef/features/Hypocnemoides maculicauda_Band-tailed Antbird/XC80223.npy,../../Datasets/BirdClef/audio/Hypocnemoides maculicauda_Band-tailed Antbird/XC80223.mp3
train,Hypocnemoides maculicauda_Band-tailed Antbird,../../Datasets/BirdClef/features/Hypocnemoides maculicauda_Band-tailed Antbird/XC23687.npy,../../Datasets/BirdClef/audio/Hypocnemoides maculicauda_Band-tailed Antbird/XC23687.mp3
train,Hypocnemoides maculicauda_Band-tailed Antbird,../../Datasets/BirdClef/features/Hypocnemoides maculicauda_Band-tailed Antbird/XC39758.npy,../../Datasets/BirdClef/audio/Hypocnemoides maculicauda_Band-tailed Antbird/XC39758.mp3
train,Hypocnemoides maculicauda_Band-tailed Antbird,../../Datasets/BirdClef/features/Hypocnemoides maculicauda_Band-tailed Antbird/XC497680.npy,../../Datasets/BirdClef/audio/Hypocnemoides maculicauda_Band-tailed Antbird/XC497680.mp3
train,Ibycter americanus_Red-throated Caracara,../../Datasets/BirdClef/features/Ibycter americanus_Red-throated Caracara/XC225284.npy,../../Datasets/BirdClef/audio/Ibycter americanus_Red-throated Caracara/XC225284.mp3
train,Ibycter americanus_Red-throated Caracara,../../Datasets/BirdClef/features/Ibycter americanus_Red-throated Caracara/XC321342.npy,../../Datasets/BirdClef/audio/Ibycter americanus_Red-throated Caracara/XC321342.mp3
train,Ibycter americanus_Red-throated Caracara,../../Datasets/BirdClef/features/Ibycter americanus_Red-throated Caracara/XC17762.npy,../../Datasets/BirdClef/audio/Ibycter americanus_Red-throated Caracara/XC17762.mp3
train,Ibycter americanus_Red-throated Caracara,../../Datasets/BirdClef/features/Ibycter americanus_Red-throated Caracara/XC356788.npy,../../Datasets/BirdClef/audio/Ibycter americanus_Red-throated Caracara/XC356788.mp3
train,Ibycter americanus_Red-throated Caracara,../../Datasets/BirdClef/features/Ibycter americanus_Red-throated Caracara/XC8237.npy,../../Datasets/BirdClef/audio/Ibycter americanus_Red-throated Caracara/XC8237.mp3
train,Ichthyaetus melanocephalus_Mediterranean Gull,../../Datasets/BirdClef/features/Ichthyaetus melanocephalus_Mediterranean Gull/XC176436.npy,../../Datasets/BirdClef/audio/Ichthyaetus melanocephalus_Mediterranean Gull/XC176436.mp3
train,Ichthyaetus melanocephalus_Mediterranean Gull,../../Datasets/BirdClef/features/Ichthyaetus melanocephalus_Mediterranean Gull/XC412951.npy,../../Datasets/BirdClef/audio/Ichthyaetus melanocephalus_Mediterranean Gull/XC412951.mp3
train,Ichthyaetus melanocephalus_Mediterranean Gull,../../Datasets/BirdClef/features/Ichthyaetus melanocephalus_Mediterranean Gull/XC464702.npy,../../Datasets/BirdClef/audio/Ichthyaetus melanocephalus_Mediterranean Gull/XC464702.mp3
train,Ichthyaetus melanocephalus_Mediterranean Gull,../../Datasets/BirdClef/features/Ichthyaetus melanocephalus_Mediterranean Gull/XC487234.npy,../../Datasets/BirdClef/audio/Ichthyaetus melanocephalus_Mediterranean Gull/XC487234.mp3
train,Ichthyaetus melanocephalus_Mediterranean Gull,../../Datasets/BirdClef/features/Ichthyaetus melanocephalus_Mediterranean Gull/XC154286.npy,../../Datasets/BirdClef/audio/Ichthyaetus melanocephalus_Mediterranean Gull/XC154286.mp3
train,Icterus bullockii_Bullock's Oriole,../../Datasets/BirdClef/features/Icterus bullockii_Bullock's Oriole/XC256733.npy,../../Datasets/BirdClef/audio/Icterus bullockii_Bullock's Oriole/XC256733.mp3
train,Icterus bullockii_Bullock's Oriole,../../Datasets/BirdClef/features/Icterus bullockii_Bullock's Oriole/XC174510.npy,../../Datasets/BirdClef/audio/Icterus bullockii_Bullock's Oriole/XC174510.mp3
train,Icterus bullockii_Bullock's Oriole,../../Datasets/BirdClef/features/Icterus bullockii_Bullock's Oriole/XC177262.npy,../../Datasets/BirdClef/audio/Icterus bullockii_Bullock's Oriole/XC177262.mp3
train,Icterus bullockii_Bullock's Oriole,../../Datasets/BirdClef/features/Icterus bullockii_Bullock's Oriole/XC261340.npy,../../Datasets/BirdClef/audio/Icterus bullockii_Bullock's Oriole/XC261340.mp3
train,Icterus bullockii_Bullock's Oriole,../../Datasets/BirdClef/features/Icterus bullockii_Bullock's Oriole/XC184967.npy,../../Datasets/BirdClef/audio/Icterus bullockii_Bullock's Oriole/XC184967.mp3
train,Icterus cayanensis_Epaulet Oriole,../../Datasets/BirdClef/features/Icterus cayanensis_Epaulet Oriole/XC68509.npy,../../Datasets/BirdClef/audio/Icterus cayanensis_Epaulet Oriole/XC68509.mp3
train,Icterus cayanensis_Epaulet Oriole,../../Datasets/BirdClef/features/Icterus cayanensis_Epaulet Oriole/XC405147.npy,../../Datasets/BirdClef/audio/Icterus cayanensis_Epaulet Oriole/XC405147.mp3
train,Icterus cayanensis_Epaulet Oriole,../../Datasets/BirdClef/features/Icterus cayanensis_Epaulet Oriole/XC224583.npy,../../Datasets/BirdClef/audio/Icterus cayanensis_Epaulet Oriole/XC224583.mp3
train,Icterus cayanensis_Epaulet Oriole,../../Datasets/BirdClef/features/Icterus cayanensis_Epaulet Oriole/XC494042.npy,../../Datasets/BirdClef/audio/Icterus cayanensis_Epaulet Oriole/XC494042.mp3
train,Icterus cayanensis_Epaulet Oriole,../../Datasets/BirdClef/features/Icterus cayanensis_Epaulet Oriole/XC46080.npy,../../Datasets/BirdClef/audio/Icterus cayanensis_Epaulet Oriole/XC46080.mp3
train,Icterus croconotus_Orange-backed Troupial,../../Datasets/BirdClef/features/Icterus croconotus_Orange-backed Troupial/XC50101.npy,../../Datasets/BirdClef/audio/Icterus croconotus_Orange-backed Troupial/XC50101.mp3
train,Icterus croconotus_Orange-backed Troupial,../../Datasets/BirdClef/features/Icterus croconotus_Orange-backed Troupial/XC84566.npy,../../Datasets/BirdClef/audio/Icterus croconotus_Orange-backed Troupial/XC84566.mp3
train,Icterus croconotus_Orange-backed Troupial,../../Datasets/BirdClef/features/Icterus croconotus_Orange-backed Troupial/XC60958.npy,../../Datasets/BirdClef/audio/Icterus croconotus_Orange-backed Troupial/XC60958.mp3
train,Icterus croconotus_Orange-backed Troupial,../../Datasets/BirdClef/features/Icterus croconotus_Orange-backed Troupial/XC91267.npy,../../Datasets/BirdClef/audio/Icterus croconotus_Orange-backed Troupial/XC91267.mp3
train,Icterus croconotus_Orange-backed Troupial,../../Datasets/BirdClef/features/Icterus croconotus_Orange-backed Troupial/XC474414.npy,../../Datasets/BirdClef/audio/Icterus croconotus_Orange-backed Troupial/XC474414.mp3
train,Icterus galbula_Baltimore Oriole,../../Datasets/BirdClef/features/Icterus galbula_Baltimore Oriole/XC455554.npy,../../Datasets/BirdClef/audio/Icterus galbula_Baltimore Oriole/XC455554.mp3
train,Icterus galbula_Baltimore Oriole,../../Datasets/BirdClef/features/Icterus galbula_Baltimore Oriole/XC160676.npy,../../Datasets/BirdClef/audio/Icterus galbula_Baltimore Oriole/XC160676.mp3
train,Icterus galbula_Baltimore Oriole,../../Datasets/BirdClef/features/Icterus galbula_Baltimore Oriole/XC323253.npy,../../Datasets/BirdClef/audio/Icterus galbula_Baltimore Oriole/XC323253.mp3
train,Icterus galbula_Baltimore Oriole,../../Datasets/BirdClef/features/Icterus galbula_Baltimore Oriole/XC153786.npy,../../Datasets/BirdClef/audio/Icterus galbula_Baltimore Oriole/XC153786.mp3
train,Icterus galbula_Baltimore Oriole,../../Datasets/BirdClef/features/Icterus galbula_Baltimore Oriole/XC153554.npy,../../Datasets/BirdClef/audio/Icterus galbula_Baltimore Oriole/XC153554.mp3
train,Icterus parisorum_Scott's Oriole,../../Datasets/BirdClef/features/Icterus parisorum_Scott's Oriole/XC265045.npy,../../Datasets/BirdClef/audio/Icterus parisorum_Scott's Oriole/XC265045.mp3
train,Icterus parisorum_Scott's Oriole,../../Datasets/BirdClef/features/Icterus parisorum_Scott's Oriole/XC3977.npy,../../Datasets/BirdClef/audio/Icterus parisorum_Scott's Oriole/XC3977.mp3
train,Icterus parisorum_Scott's Oriole,../../Datasets/BirdClef/features/Icterus parisorum_Scott's Oriole/XC224638.npy,../../Datasets/BirdClef/audio/Icterus parisorum_Scott's Oriole/XC224638.mp3
train,Icterus parisorum_Scott's Oriole,../../Datasets/BirdClef/features/Icterus parisorum_Scott's Oriole/XC325712.npy,../../Datasets/BirdClef/audio/Icterus parisorum_Scott's Oriole/XC325712.mp3
train,Icterus parisorum_Scott's Oriole,../../Datasets/BirdClef/features/Icterus parisorum_Scott's Oriole/XC224636.npy,../../Datasets/BirdClef/audio/Icterus parisorum_Scott's Oriole/XC224636.mp3
train,Isleria hauxwelli_Plain-throated Antwren,../../Datasets/BirdClef/features/Isleria hauxwelli_Plain-throated Antwren/XC237549.npy,../../Datasets/BirdClef/audio/Isleria hauxwelli_Plain-throated Antwren/XC237549.mp3
train,Isleria hauxwelli_Plain-throated Antwren,../../Datasets/BirdClef/features/Isleria hauxwelli_Plain-throated Antwren/XC226533.npy,../../Datasets/BirdClef/audio/Isleria hauxwelli_Plain-throated Antwren/XC226533.mp3
train,Isleria hauxwelli_Plain-throated Antwren,../../Datasets/BirdClef/features/Isleria hauxwelli_Plain-throated Antwren/XC129180.npy,../../Datasets/BirdClef/audio/Isleria hauxwelli_Plain-throated Antwren/XC129180.mp3
train,Isleria hauxwelli_Plain-throated Antwren,../../Datasets/BirdClef/features/Isleria hauxwelli_Plain-throated Antwren/XC258411.npy,../../Datasets/BirdClef/audio/Isleria hauxwelli_Plain-throated Antwren/XC258411.mp3
train,Isleria hauxwelli_Plain-throated Antwren,../../Datasets/BirdClef/features/Isleria hauxwelli_Plain-throated Antwren/XC258409.npy,../../Datasets/BirdClef/audio/Isleria hauxwelli_Plain-throated Antwren/XC258409.mp3
train,Ixobrychus exilis_Least Bittern,../../Datasets/BirdClef/features/Ixobrychus exilis_Least Bittern/XC257293.npy,../../Datasets/BirdClef/audio/Ixobrychus exilis_Least Bittern/XC257293.mp3
train,Ixobrychus exilis_Least Bittern,../../Datasets/BirdClef/features/Ixobrychus exilis_Least Bittern/XC423700.npy,../../Datasets/BirdClef/audio/Ixobrychus exilis_Least Bittern/XC423700.mp3
train,Ixobrychus exilis_Least Bittern,../../Datasets/BirdClef/features/Ixobrychus exilis_Least Bittern/XC178235.npy,../../Datasets/BirdClef/audio/Ixobrychus exilis_Least Bittern/XC178235.mp3
train,Ixobrychus exilis_Least Bittern,../../Datasets/BirdClef/features/Ixobrychus exilis_Least Bittern/XC224710.npy,../../Datasets/BirdClef/audio/Ixobrychus exilis_Least Bittern/XC224710.mp3
train,Ixobrychus exilis_Least Bittern,../../Datasets/BirdClef/features/Ixobrychus exilis_Least Bittern/XC489347.npy,../../Datasets/BirdClef/audio/Ixobrychus exilis_Least Bittern/XC489347.mp3
train,Jacamerops aureus_Great Jacamar,../../Datasets/BirdClef/features/Jacamerops aureus_Great Jacamar/XC108512.npy,../../Datasets/BirdClef/audio/Jacamerops aureus_Great Jacamar/XC108512.mp3
train,Jacamerops aureus_Great Jacamar,../../Datasets/BirdClef/features/Jacamerops aureus_Great Jacamar/XC81770.npy,../../Datasets/BirdClef/audio/Jacamerops aureus_Great Jacamar/XC81770.mp3
train,Jacamerops aureus_Great Jacamar,../../Datasets/BirdClef/features/Jacamerops aureus_Great Jacamar/XC87139.npy,../../Datasets/BirdClef/audio/Jacamerops aureus_Great Jacamar/XC87139.mp3
train,Jacamerops aureus_Great Jacamar,../../Datasets/BirdClef/features/Jacamerops aureus_Great Jacamar/XC224739.npy,../../Datasets/BirdClef/audio/Jacamerops aureus_Great Jacamar/XC224739.mp3
train,Jacamerops aureus_Great Jacamar,../../Datasets/BirdClef/features/Jacamerops aureus_Great Jacamar/XC274966.npy,../../Datasets/BirdClef/audio/Jacamerops aureus_Great Jacamar/XC274966.mp3
train,Jacana jacana_Wattled Jacana,../../Datasets/BirdClef/features/Jacana jacana_Wattled Jacana/XC54176.npy,../../Datasets/BirdClef/audio/Jacana jacana_Wattled Jacana/XC54176.mp3
train,Jacana jacana_Wattled Jacana,../../Datasets/BirdClef/features/Jacana jacana_Wattled Jacana/XC47715.npy,../../Datasets/BirdClef/audio/Jacana jacana_Wattled Jacana/XC47715.mp3
train,Jacana jacana_Wattled Jacana,../../Datasets/BirdClef/features/Jacana jacana_Wattled Jacana/XC131325.npy,../../Datasets/BirdClef/audio/Jacana jacana_Wattled Jacana/XC131325.mp3
train,Jacana jacana_Wattled Jacana,../../Datasets/BirdClef/features/Jacana jacana_Wattled Jacana/XC224740.npy,../../Datasets/BirdClef/audio/Jacana jacana_Wattled Jacana/XC224740.mp3
train,Jacana jacana_Wattled Jacana,../../Datasets/BirdClef/features/Jacana jacana_Wattled Jacana/XC254093.npy,../../Datasets/BirdClef/audio/Jacana jacana_Wattled Jacana/XC254093.mp3
train,Junco hyemalis_Dark-eyed Junco,../../Datasets/BirdClef/features/Junco hyemalis_Dark-eyed Junco/XC254478.npy,../../Datasets/BirdClef/audio/Junco hyemalis_Dark-eyed Junco/XC254478.mp3
train,Junco hyemalis_Dark-eyed Junco,../../Datasets/BirdClef/features/Junco hyemalis_Dark-eyed Junco/XC487484.npy,../../Datasets/BirdClef/audio/Junco hyemalis_Dark-eyed Junco/XC487484.mp3
train,Junco hyemalis_Dark-eyed Junco,../../Datasets/BirdClef/features/Junco hyemalis_Dark-eyed Junco/XC353496.npy,../../Datasets/BirdClef/audio/Junco hyemalis_Dark-eyed Junco/XC353496.mp3
train,Junco hyemalis_Dark-eyed Junco,../../Datasets/BirdClef/features/Junco hyemalis_Dark-eyed Junco/XC125070.npy,../../Datasets/BirdClef/audio/Junco hyemalis_Dark-eyed Junco/XC125070.mp3
train,Junco hyemalis_Dark-eyed Junco,../../Datasets/BirdClef/features/Junco hyemalis_Dark-eyed Junco/XC72013.npy,../../Datasets/BirdClef/audio/Junco hyemalis_Dark-eyed Junco/XC72013.mp3
train,Lamprospiza melanoleuca_Red-billed Pied Tanager,../../Datasets/BirdClef/features/Lamprospiza melanoleuca_Red-billed Pied Tanager/XC224778.npy,../../Datasets/BirdClef/audio/Lamprospiza melanoleuca_Red-billed Pied Tanager/XC224778.mp3
train,Lamprospiza melanoleuca_Red-billed Pied Tanager,../../Datasets/BirdClef/features/Lamprospiza melanoleuca_Red-billed Pied Tanager/XC11620.npy,../../Datasets/BirdClef/audio/Lamprospiza melanoleuca_Red-billed Pied Tanager/XC11620.mp3
train,Lamprospiza melanoleuca_Red-billed Pied Tanager,../../Datasets/BirdClef/features/Lamprospiza melanoleuca_Red-billed Pied Tanager/XC213966.npy,../../Datasets/BirdClef/audio/Lamprospiza melanoleuca_Red-billed Pied Tanager/XC213966.mp3
train,Lamprospiza melanoleuca_Red-billed Pied Tanager,../../Datasets/BirdClef/features/Lamprospiza melanoleuca_Red-billed Pied Tanager/XC224780.npy,../../Datasets/BirdClef/audio/Lamprospiza melanoleuca_Red-billed Pied Tanager/XC224780.mp3
train,Lamprospiza melanoleuca_Red-billed Pied Tanager,../../Datasets/BirdClef/features/Lamprospiza melanoleuca_Red-billed Pied Tanager/XC38584.npy,../../Datasets/BirdClef/audio/Lamprospiza melanoleuca_Red-billed Pied Tanager/XC38584.mp3
train,Laniocera hypopyrra_Cinereous Mourner,../../Datasets/BirdClef/features/Laniocera hypopyrra_Cinereous Mourner/XC102837.npy,../../Datasets/BirdClef/audio/Laniocera hypopyrra_Cinereous Mourner/XC102837.mp3
train,Laniocera hypopyrra_Cinereous Mourner,../../Datasets/BirdClef/features/Laniocera hypopyrra_Cinereous Mourner/XC61010.npy,../../Datasets/BirdClef/audio/Laniocera hypopyrra_Cinereous Mourner/XC61010.mp3
train,Laniocera hypopyrra_Cinereous Mourner,../../Datasets/BirdClef/features/Laniocera hypopyrra_Cinereous Mourner/XC191557.npy,../../Datasets/BirdClef/audio/Laniocera hypopyrra_Cinereous Mourner/XC191557.mp3
train,Laniocera hypopyrra_Cinereous Mourner,../../Datasets/BirdClef/features/Laniocera hypopyrra_Cinereous Mourner/XC18248.npy,../../Datasets/BirdClef/audio/Laniocera hypopyrra_Cinereous Mourner/XC18248.mp3
train,Laniocera hypopyrra_Cinereous Mourner,../../Datasets/BirdClef/features/Laniocera hypopyrra_Cinereous Mourner/XC73746.npy,../../Datasets/BirdClef/audio/Laniocera hypopyrra_Cinereous Mourner/XC73746.mp3
train,Lanius collurio_Red-backed Shrike,../../Datasets/BirdClef/features/Lanius collurio_Red-backed Shrike/XC105507.npy,../../Datasets/BirdClef/audio/Lanius collurio_Red-backed Shrike/XC105507.mp3
train,Lanius collurio_Red-backed Shrike,../../Datasets/BirdClef/features/Lanius collurio_Red-backed Shrike/XC295985.npy,../../Datasets/BirdClef/audio/Lanius collurio_Red-backed Shrike/XC295985.mp3
train,Lanius collurio_Red-backed Shrike,../../Datasets/BirdClef/features/Lanius collurio_Red-backed Shrike/XC65470.npy,../../Datasets/BirdClef/audio/Lanius collurio_Red-backed Shrike/XC65470.mp3
train,Lanius collurio_Red-backed Shrike,../../Datasets/BirdClef/features/Lanius collurio_Red-backed Shrike/XC477918.npy,../../Datasets/BirdClef/audio/Lanius collurio_Red-backed Shrike/XC477918.mp3
train,Lanius collurio_Red-backed Shrike,../../Datasets/BirdClef/features/Lanius collurio_Red-backed Shrike/XC164223.npy,../../Datasets/BirdClef/audio/Lanius collurio_Red-backed Shrike/XC164223.mp3
train,Lanius ludovicianus_Loggerhead Shrike,../../Datasets/BirdClef/features/Lanius ludovicianus_Loggerhead Shrike/XC255148.npy,../../Datasets/BirdClef/audio/Lanius ludovicianus_Loggerhead Shrike/XC255148.mp3
train,Lanius ludovicianus_Loggerhead Shrike,../../Datasets/BirdClef/features/Lanius ludovicianus_Loggerhead Shrike/XC130768.npy,../../Datasets/BirdClef/audio/Lanius ludovicianus_Loggerhead Shrike/XC130768.mp3
train,Lanius ludovicianus_Loggerhead Shrike,../../Datasets/BirdClef/features/Lanius ludovicianus_Loggerhead Shrike/XC455607.npy,../../Datasets/BirdClef/audio/Lanius ludovicianus_Loggerhead Shrike/XC455607.mp3
train,Lanius ludovicianus_Loggerhead Shrike,../../Datasets/BirdClef/features/Lanius ludovicianus_Loggerhead Shrike/XC307003.npy,../../Datasets/BirdClef/audio/Lanius ludovicianus_Loggerhead Shrike/XC307003.mp3
train,Lanius ludovicianus_Loggerhead Shrike,../../Datasets/BirdClef/features/Lanius ludovicianus_Loggerhead Shrike/XC327574.npy,../../Datasets/BirdClef/audio/Lanius ludovicianus_Loggerhead Shrike/XC327574.mp3
train,Larus argentatus_Herring Gull,../../Datasets/BirdClef/features/Larus argentatus_Herring Gull/XC342977.npy,../../Datasets/BirdClef/audio/Larus argentatus_Herring Gull/XC342977.mp3
train,Larus argentatus_Herring Gull,../../Datasets/BirdClef/features/Larus argentatus_Herring Gull/XC164097.npy,../../Datasets/BirdClef/audio/Larus argentatus_Herring Gull/XC164097.mp3
train,Larus argentatus_Herring Gull,../../Datasets/BirdClef/features/Larus argentatus_Herring Gull/XC234146.npy,../../Datasets/BirdClef/audio/Larus argentatus_Herring Gull/XC234146.mp3
train,Larus argentatus_Herring Gull,../../Datasets/BirdClef/features/Larus argentatus_Herring Gull/XC330121.npy,../../Datasets/BirdClef/audio/Larus argentatus_Herring Gull/XC330121.mp3
train,Larus argentatus_Herring Gull,../../Datasets/BirdClef/features/Larus argentatus_Herring Gull/XC190484.npy,../../Datasets/BirdClef/audio/Larus argentatus_Herring Gull/XC190484.mp3
train,Larus cachinnans_Caspian Gull,../../Datasets/BirdClef/features/Larus cachinnans_Caspian Gull/XC479406.npy,../../Datasets/BirdClef/audio/Larus cachinnans_Caspian Gull/XC479406.mp3
train,Larus cachinnans_Caspian Gull,../../Datasets/BirdClef/features/Larus cachinnans_Caspian Gull/XC122952.npy,../../Datasets/BirdClef/audio/Larus cachinnans_Caspian Gull/XC122952.mp3
train,Larus cachinnans_Caspian Gull,../../Datasets/BirdClef/features/Larus cachinnans_Caspian Gull/XC488308.npy,../../Datasets/BirdClef/audio/Larus cachinnans_Caspian Gull/XC488308.mp3
train,Larus cachinnans_Caspian Gull,../../Datasets/BirdClef/features/Larus cachinnans_Caspian Gull/XC318871.npy,../../Datasets/BirdClef/audio/Larus cachinnans_Caspian Gull/XC318871.mp3
train,Larus cachinnans_Caspian Gull,../../Datasets/BirdClef/features/Larus cachinnans_Caspian Gull/XC495119.npy,../../Datasets/BirdClef/audio/Larus cachinnans_Caspian Gull/XC495119.mp3
train,Larus canus_Mew Gull,../../Datasets/BirdClef/features/Larus canus_Mew Gull/XC263884.npy,../../Datasets/BirdClef/audio/Larus canus_Mew Gull/XC263884.mp3
train,Larus canus_Mew Gull,../../Datasets/BirdClef/features/Larus canus_Mew Gull/XC118221.npy,../../Datasets/BirdClef/audio/Larus canus_Mew Gull/XC118221.mp3
train,Larus canus_Mew Gull,../../Datasets/BirdClef/features/Larus canus_Mew Gull/XC25066.npy,../../Datasets/BirdClef/audio/Larus canus_Mew Gull/XC25066.mp3
train,Larus canus_Mew Gull,../../Datasets/BirdClef/features/Larus canus_Mew Gull/XC256739.npy,../../Datasets/BirdClef/audio/Larus canus_Mew Gull/XC256739.mp3
train,Larus canus_Mew Gull,../../Datasets/BirdClef/features/Larus canus_Mew Gull/XC154466.npy,../../Datasets/BirdClef/audio/Larus canus_Mew Gull/XC154466.mp3
train,Larus delawarensis_Ring-billed Gull,../../Datasets/BirdClef/features/Larus delawarensis_Ring-billed Gull/XC71564.npy,../../Datasets/BirdClef/audio/Larus delawarensis_Ring-billed Gull/XC71564.mp3
train,Larus delawarensis_Ring-billed Gull,../../Datasets/BirdClef/features/Larus delawarensis_Ring-billed Gull/XC452965.npy,../../Datasets/BirdClef/audio/Larus delawarensis_Ring-billed Gull/XC452965.mp3
train,Larus delawarensis_Ring-billed Gull,../../Datasets/BirdClef/features/Larus delawarensis_Ring-billed Gull/XC71563.npy,../../Datasets/BirdClef/audio/Larus delawarensis_Ring-billed Gull/XC71563.mp3
train,Larus delawarensis_Ring-billed Gull,../../Datasets/BirdClef/features/Larus delawarensis_Ring-billed Gull/XC11860.npy,../../Datasets/BirdClef/audio/Larus delawarensis_Ring-billed Gull/XC11860.mp3
train,Larus delawarensis_Ring-billed Gull,../../Datasets/BirdClef/features/Larus delawarensis_Ring-billed Gull/XC224835.npy,../../Datasets/BirdClef/audio/Larus delawarensis_Ring-billed Gull/XC224835.mp3
train,Larus fuscus_Lesser Black-backed Gull,../../Datasets/BirdClef/features/Larus fuscus_Lesser Black-backed Gull/XC478919.npy,../../Datasets/BirdClef/audio/Larus fuscus_Lesser Black-backed Gull/XC478919.mp3
train,Larus fuscus_Lesser Black-backed Gull,../../Datasets/BirdClef/features/Larus fuscus_Lesser Black-backed Gull/XC336593.npy,../../Datasets/BirdClef/audio/Larus fuscus_Lesser Black-backed Gull/XC336593.mp3
train,Larus fuscus_Lesser Black-backed Gull,../../Datasets/BirdClef/features/Larus fuscus_Lesser Black-backed Gull/XC437520.npy,../../Datasets/BirdClef/audio/Larus fuscus_Lesser Black-backed Gull/XC437520.mp3
train,Larus fuscus_Lesser Black-backed Gull,../../Datasets/BirdClef/features/Larus fuscus_Lesser Black-backed Gull/XC128374.npy,../../Datasets/BirdClef/audio/Larus fuscus_Lesser Black-backed Gull/XC128374.mp3
train,Larus fuscus_Lesser Black-backed Gull,../../Datasets/BirdClef/features/Larus fuscus_Lesser Black-backed Gull/XC374727.npy,../../Datasets/BirdClef/audio/Larus fuscus_Lesser Black-backed Gull/XC374727.mp3
train,Larus michahellis_Yellow-legged Gull,../../Datasets/BirdClef/features/Larus michahellis_Yellow-legged Gull/XC376898.npy,../../Datasets/BirdClef/audio/Larus michahellis_Yellow-legged Gull/XC376898.mp3
train,Larus michahellis_Yellow-legged Gull,../../Datasets/BirdClef/features/Larus michahellis_Yellow-legged Gull/XC71692.npy,../../Datasets/BirdClef/audio/Larus michahellis_Yellow-legged Gull/XC71692.mp3
train,Larus michahellis_Yellow-legged Gull,../../Datasets/BirdClef/features/Larus michahellis_Yellow-legged Gull/XC29771.npy,../../Datasets/BirdClef/audio/Larus michahellis_Yellow-legged Gull/XC29771.mp3
train,Larus michahellis_Yellow-legged Gull,../../Datasets/BirdClef/features/Larus michahellis_Yellow-legged Gull/XC245736.npy,../../Datasets/BirdClef/audio/Larus michahellis_Yellow-legged Gull/XC245736.mp3
train,Larus michahellis_Yellow-legged Gull,../../Datasets/BirdClef/features/Larus michahellis_Yellow-legged Gull/XC468651.npy,../../Datasets/BirdClef/audio/Larus michahellis_Yellow-legged Gull/XC468651.mp3
train,Laterallus exilis_Gray-breasted Crake,../../Datasets/BirdClef/features/Laterallus exilis_Gray-breasted Crake/XC431390.npy,../../Datasets/BirdClef/audio/Laterallus exilis_Gray-breasted Crake/XC431390.mp3
train,Laterallus exilis_Gray-breasted Crake,../../Datasets/BirdClef/features/Laterallus exilis_Gray-breasted Crake/XC421163.npy,../../Datasets/BirdClef/audio/Laterallus exilis_Gray-breasted Crake/XC421163.mp3
train,Laterallus exilis_Gray-breasted Crake,../../Datasets/BirdClef/features/Laterallus exilis_Gray-breasted Crake/XC224852.npy,../../Datasets/BirdClef/audio/Laterallus exilis_Gray-breasted Crake/XC224852.mp3
train,Laterallus exilis_Gray-breasted Crake,../../Datasets/BirdClef/features/Laterallus exilis_Gray-breasted Crake/XC224858.npy,../../Datasets/BirdClef/audio/Laterallus exilis_Gray-breasted Crake/XC224858.mp3
train,Laterallus exilis_Gray-breasted Crake,../../Datasets/BirdClef/features/Laterallus exilis_Gray-breasted Crake/XC60329.npy,../../Datasets/BirdClef/audio/Laterallus exilis_Gray-breasted Crake/XC60329.mp3
train,Laterallus melanophaius_Rufous-sided Crake,../../Datasets/BirdClef/features/Laterallus melanophaius_Rufous-sided Crake/XC224870.npy,../../Datasets/BirdClef/audio/Laterallus melanophaius_Rufous-sided Crake/XC224870.mp3
train,Laterallus melanophaius_Rufous-sided Crake,../../Datasets/BirdClef/features/Laterallus melanophaius_Rufous-sided Crake/XC224869.npy,../../Datasets/BirdClef/audio/Laterallus melanophaius_Rufous-sided Crake/XC224869.mp3
train,Laterallus melanophaius_Rufous-sided Crake,../../Datasets/BirdClef/features/Laterallus melanophaius_Rufous-sided Crake/XC168065.npy,../../Datasets/BirdClef/audio/Laterallus melanophaius_Rufous-sided Crake/XC168065.mp3
train,Laterallus melanophaius_Rufous-sided Crake,../../Datasets/BirdClef/features/Laterallus melanophaius_Rufous-sided Crake/XC89084.npy,../../Datasets/BirdClef/audio/Laterallus melanophaius_Rufous-sided Crake/XC89084.mp3
train,Laterallus melanophaius_Rufous-sided Crake,../../Datasets/BirdClef/features/Laterallus melanophaius_Rufous-sided Crake/XC108403.npy,../../Datasets/BirdClef/audio/Laterallus melanophaius_Rufous-sided Crake/XC108403.mp3
train,Lathrotriccus euleri_Euler's Flycatcher,../../Datasets/BirdClef/features/Lathrotriccus euleri_Euler's Flycatcher/XC388555.npy,../../Datasets/BirdClef/audio/Lathrotriccus euleri_Euler's Flycatcher/XC388555.mp3
train,Lathrotriccus euleri_Euler's Flycatcher,../../Datasets/BirdClef/features/Lathrotriccus euleri_Euler's Flycatcher/XC224883.npy,../../Datasets/BirdClef/audio/Lathrotriccus euleri_Euler's Flycatcher/XC224883.mp3
train,Lathrotriccus euleri_Euler's Flycatcher,../../Datasets/BirdClef/features/Lathrotriccus euleri_Euler's Flycatcher/XC102718.npy,../../Datasets/BirdClef/audio/Lathrotriccus euleri_Euler's Flycatcher/XC102718.mp3
train,Lathrotriccus euleri_Euler's Flycatcher,../../Datasets/BirdClef/features/Lathrotriccus euleri_Euler's Flycatcher/XC2885.npy,../../Datasets/BirdClef/audio/Lathrotriccus euleri_Euler's Flycatcher/XC2885.mp3
train,Lathrotriccus euleri_Euler's Flycatcher,../../Datasets/BirdClef/features/Lathrotriccus euleri_Euler's Flycatcher/XC414196.npy,../../Datasets/BirdClef/audio/Lathrotriccus euleri_Euler's Flycatcher/XC414196.mp3
train,Legatus leucophaius_Piratic Flycatcher,../../Datasets/BirdClef/features/Legatus leucophaius_Piratic Flycatcher/XC272448.npy,../../Datasets/BirdClef/audio/Legatus leucophaius_Piratic Flycatcher/XC272448.mp3
train,Legatus leucophaius_Piratic Flycatcher,../../Datasets/BirdClef/features/Legatus leucophaius_Piratic Flycatcher/XC199060.npy,../../Datasets/BirdClef/audio/Legatus leucophaius_Piratic Flycatcher/XC199060.mp3
train,Legatus leucophaius_Piratic Flycatcher,../../Datasets/BirdClef/features/Legatus leucophaius_Piratic Flycatcher/XC46991.npy,../../Datasets/BirdClef/audio/Legatus leucophaius_Piratic Flycatcher/XC46991.mp3
train,Legatus leucophaius_Piratic Flycatcher,../../Datasets/BirdClef/features/Legatus leucophaius_Piratic Flycatcher/XC1107.npy,../../Datasets/BirdClef/audio/Legatus leucophaius_Piratic Flycatcher/XC1107.mp3
train,Legatus leucophaius_Piratic Flycatcher,../../Datasets/BirdClef/features/Legatus leucophaius_Piratic Flycatcher/XC11350.npy,../../Datasets/BirdClef/audio/Legatus leucophaius_Piratic Flycatcher/XC11350.mp3
train,Leiothlypis celata_Orange-crowned Warbler,../../Datasets/BirdClef/features/Leiothlypis celata_Orange-crowned Warbler/XC141868.npy,../../Datasets/BirdClef/audio/Leiothlypis celata_Orange-crowned Warbler/XC141868.mp3
train,Leiothlypis celata_Orange-crowned Warbler,../../Datasets/BirdClef/features/Leiothlypis celata_Orange-crowned Warbler/XC323636.npy,../../Datasets/BirdClef/audio/Leiothlypis celata_Orange-crowned Warbler/XC323636.mp3
train,Leiothlypis celata_Orange-crowned Warbler,../../Datasets/BirdClef/features/Leiothlypis celata_Orange-crowned Warbler/XC256608.npy,../../Datasets/BirdClef/audio/Leiothlypis celata_Orange-crowned Warbler/XC256608.mp3
train,Leiothlypis celata_Orange-crowned Warbler,../../Datasets/BirdClef/features/Leiothlypis celata_Orange-crowned Warbler/XC497024.npy,../../Datasets/BirdClef/audio/Leiothlypis celata_Orange-crowned Warbler/XC497024.mp3
train,Leiothlypis celata_Orange-crowned Warbler,../../Datasets/BirdClef/features/Leiothlypis celata_Orange-crowned Warbler/XC314185.npy,../../Datasets/BirdClef/audio/Leiothlypis celata_Orange-crowned Warbler/XC314185.mp3
train,Lepidothrix coronata_Blue-crowned Manakin,../../Datasets/BirdClef/features/Lepidothrix coronata_Blue-crowned Manakin/XC259097.npy,../../Datasets/BirdClef/audio/Lepidothrix coronata_Blue-crowned Manakin/XC259097.mp3
train,Lepidothrix coronata_Blue-crowned Manakin,../../Datasets/BirdClef/features/Lepidothrix coronata_Blue-crowned Manakin/XC320904.npy,../../Datasets/BirdClef/audio/Lepidothrix coronata_Blue-crowned Manakin/XC320904.mp3
train,Lepidothrix coronata_Blue-crowned Manakin,../../Datasets/BirdClef/features/Lepidothrix coronata_Blue-crowned Manakin/XC63899.npy,../../Datasets/BirdClef/audio/Lepidothrix coronata_Blue-crowned Manakin/XC63899.mp3
train,Lepidothrix coronata_Blue-crowned Manakin,../../Datasets/BirdClef/features/Lepidothrix coronata_Blue-crowned Manakin/XC29552.npy,../../Datasets/BirdClef/audio/Lepidothrix coronata_Blue-crowned Manakin/XC29552.mp3
train,Lepidothrix coronata_Blue-crowned Manakin,../../Datasets/BirdClef/features/Lepidothrix coronata_Blue-crowned Manakin/XC433646.npy,../../Datasets/BirdClef/audio/Lepidothrix coronata_Blue-crowned Manakin/XC433646.mp3
train,Leptodon cayanensis_Gray-headed Kite,../../Datasets/BirdClef/features/Leptodon cayanensis_Gray-headed Kite/XC286998.npy,../../Datasets/BirdClef/audio/Leptodon cayanensis_Gray-headed Kite/XC286998.mp3
train,Leptodon cayanensis_Gray-headed Kite,../../Datasets/BirdClef/features/Leptodon cayanensis_Gray-headed Kite/XC225017.npy,../../Datasets/BirdClef/audio/Leptodon cayanensis_Gray-headed Kite/XC225017.mp3
train,Leptodon cayanensis_Gray-headed Kite,../../Datasets/BirdClef/features/Leptodon cayanensis_Gray-headed Kite/XC238400.npy,../../Datasets/BirdClef/audio/Leptodon cayanensis_Gray-headed Kite/XC238400.mp3
train,Leptodon cayanensis_Gray-headed Kite,../../Datasets/BirdClef/features/Leptodon cayanensis_Gray-headed Kite/XC387465.npy,../../Datasets/BirdClef/audio/Leptodon cayanensis_Gray-headed Kite/XC387465.mp3
train,Leptodon cayanensis_Gray-headed Kite,../../Datasets/BirdClef/features/Leptodon cayanensis_Gray-headed Kite/XC198219.npy,../../Datasets/BirdClef/audio/Leptodon cayanensis_Gray-headed Kite/XC198219.mp3
train,Leptopogon amaurocephalus_Sepia-capped Flycatcher,../../Datasets/BirdClef/features/Leptopogon amaurocephalus_Sepia-capped Flycatcher/XC63597.npy,../../Datasets/BirdClef/audio/Leptopogon amaurocephalus_Sepia-capped Flycatcher/XC63597.mp3
train,Leptopogon amaurocephalus_Sepia-capped Flycatcher,../../Datasets/BirdClef/features/Leptopogon amaurocephalus_Sepia-capped Flycatcher/XC410036.npy,../../Datasets/BirdClef/audio/Leptopogon amaurocephalus_Sepia-capped Flycatcher/XC410036.mp3
train,Leptopogon amaurocephalus_Sepia-capped Flycatcher,../../Datasets/BirdClef/features/Leptopogon amaurocephalus_Sepia-capped Flycatcher/XC123230.npy,../../Datasets/BirdClef/audio/Leptopogon amaurocephalus_Sepia-capped Flycatcher/XC123230.mp3
train,Leptopogon amaurocephalus_Sepia-capped Flycatcher,../../Datasets/BirdClef/features/Leptopogon amaurocephalus_Sepia-capped Flycatcher/XC61686.npy,../../Datasets/BirdClef/audio/Leptopogon amaurocephalus_Sepia-capped Flycatcher/XC61686.mp3
train,Leptopogon amaurocephalus_Sepia-capped Flycatcher,../../Datasets/BirdClef/features/Leptopogon amaurocephalus_Sepia-capped Flycatcher/XC68564.npy,../../Datasets/BirdClef/audio/Leptopogon amaurocephalus_Sepia-capped Flycatcher/XC68564.mp3
train,Leptotila rufaxilla_Gray-fronted Dove,../../Datasets/BirdClef/features/Leptotila rufaxilla_Gray-fronted Dove/XC59230.npy,../../Datasets/BirdClef/audio/Leptotila rufaxilla_Gray-fronted Dove/XC59230.mp3
train,Leptotila rufaxilla_Gray-fronted Dove,../../Datasets/BirdClef/features/Leptotila rufaxilla_Gray-fronted Dove/XC475431.npy,../../Datasets/BirdClef/audio/Leptotila rufaxilla_Gray-fronted Dove/XC475431.mp3
train,Leptotila rufaxilla_Gray-fronted Dove,../../Datasets/BirdClef/features/Leptotila rufaxilla_Gray-fronted Dove/XC271866.npy,../../Datasets/BirdClef/audio/Leptotila rufaxilla_Gray-fronted Dove/XC271866.mp3
train,Leptotila rufaxilla_Gray-fronted Dove,../../Datasets/BirdClef/features/Leptotila rufaxilla_Gray-fronted Dove/XC238415.npy,../../Datasets/BirdClef/audio/Leptotila rufaxilla_Gray-fronted Dove/XC238415.mp3
train,Leptotila rufaxilla_Gray-fronted Dove,../../Datasets/BirdClef/features/Leptotila rufaxilla_Gray-fronted Dove/XC47929.npy,../../Datasets/BirdClef/audio/Leptotila rufaxilla_Gray-fronted Dove/XC47929.mp3
train,Limnodromus scolopaceus_Long-billed Dowitcher,../../Datasets/BirdClef/features/Limnodromus scolopaceus_Long-billed Dowitcher/XC203540.npy,../../Datasets/BirdClef/audio/Limnodromus scolopaceus_Long-billed Dowitcher/XC203540.mp3
train,Limnodromus scolopaceus_Long-billed Dowitcher,../../Datasets/BirdClef/features/Limnodromus scolopaceus_Long-billed Dowitcher/XC351899.npy,../../Datasets/BirdClef/audio/Limnodromus scolopaceus_Long-billed Dowitcher/XC351899.mp3
train,Limnodromus scolopaceus_Long-billed Dowitcher,../../Datasets/BirdClef/features/Limnodromus scolopaceus_Long-billed Dowitcher/XC490402.npy,../../Datasets/BirdClef/audio/Limnodromus scolopaceus_Long-billed Dowitcher/XC490402.mp3
train,Limnodromus scolopaceus_Long-billed Dowitcher,../../Datasets/BirdClef/features/Limnodromus scolopaceus_Long-billed Dowitcher/XC284014.npy,../../Datasets/BirdClef/audio/Limnodromus scolopaceus_Long-billed Dowitcher/XC284014.mp3
train,Limnodromus scolopaceus_Long-billed Dowitcher,../../Datasets/BirdClef/features/Limnodromus scolopaceus_Long-billed Dowitcher/XC406402.npy,../../Datasets/BirdClef/audio/Limnodromus scolopaceus_Long-billed Dowitcher/XC406402.mp3
train,Linaria cannabina_Eurasian Linnet,../../Datasets/BirdClef/features/Linaria cannabina_Eurasian Linnet/XC139714.npy,../../Datasets/BirdClef/audio/Linaria cannabina_Eurasian Linnet/XC139714.mp3
train,Linaria cannabina_Eurasian Linnet,../../Datasets/BirdClef/features/Linaria cannabina_Eurasian Linnet/XC502398.npy,../../Datasets/BirdClef/audio/Linaria cannabina_Eurasian Linnet/XC502398.mp3
train,Linaria cannabina_Eurasian Linnet,../../Datasets/BirdClef/features/Linaria cannabina_Eurasian Linnet/XC196251.npy,../../Datasets/BirdClef/audio/Linaria cannabina_Eurasian Linnet/XC196251.mp3
train,Linaria cannabina_Eurasian Linnet,../../Datasets/BirdClef/features/Linaria cannabina_Eurasian Linnet/XC310040.npy,../../Datasets/BirdClef/audio/Linaria cannabina_Eurasian Linnet/XC310040.mp3
train,Linaria cannabina_Eurasian Linnet,../../Datasets/BirdClef/features/Linaria cannabina_Eurasian Linnet/XC120710.npy,../../Datasets/BirdClef/audio/Linaria cannabina_Eurasian Linnet/XC120710.mp3
train,Liosceles thoracicus_Rusty-belted Tapaculo,../../Datasets/BirdClef/features/Liosceles thoracicus_Rusty-belted Tapaculo/XC475702.npy,../../Datasets/BirdClef/audio/Liosceles thoracicus_Rusty-belted Tapaculo/XC475702.mp3
train,Liosceles thoracicus_Rusty-belted Tapaculo,../../Datasets/BirdClef/features/Liosceles thoracicus_Rusty-belted Tapaculo/XC248723.npy,../../Datasets/BirdClef/audio/Liosceles thoracicus_Rusty-belted Tapaculo/XC248723.mp3
train,Liosceles thoracicus_Rusty-belted Tapaculo,../../Datasets/BirdClef/features/Liosceles thoracicus_Rusty-belted Tapaculo/XC258628.npy,../../Datasets/BirdClef/audio/Liosceles thoracicus_Rusty-belted Tapaculo/XC258628.mp3
train,Liosceles thoracicus_Rusty-belted Tapaculo,../../Datasets/BirdClef/features/Liosceles thoracicus_Rusty-belted Tapaculo/XC102424.npy,../../Datasets/BirdClef/audio/Liosceles thoracicus_Rusty-belted Tapaculo/XC102424.mp3
train,Liosceles thoracicus_Rusty-belted Tapaculo,../../Datasets/BirdClef/features/Liosceles thoracicus_Rusty-belted Tapaculo/XC34358.npy,../../Datasets/BirdClef/audio/Liosceles thoracicus_Rusty-belted Tapaculo/XC34358.mp3
train,Lipaugus vociferans_Screaming Piha,../../Datasets/BirdClef/features/Lipaugus vociferans_Screaming Piha/XC272411.npy,../../Datasets/BirdClef/audio/Lipaugus vociferans_Screaming Piha/XC272411.mp3
train,Lipaugus vociferans_Screaming Piha,../../Datasets/BirdClef/features/Lipaugus vociferans_Screaming Piha/XC429617.npy,../../Datasets/BirdClef/audio/Lipaugus vociferans_Screaming Piha/XC429617.mp3
train,Lipaugus vociferans_Screaming Piha,../../Datasets/BirdClef/features/Lipaugus vociferans_Screaming Piha/XC167266.npy,../../Datasets/BirdClef/audio/Lipaugus vociferans_Screaming Piha/XC167266.mp3
train,Lipaugus vociferans_Screaming Piha,../../Datasets/BirdClef/features/Lipaugus vociferans_Screaming Piha/XC302763.npy,../../Datasets/BirdClef/audio/Lipaugus vociferans_Screaming Piha/XC302763.mp3
train,Lipaugus vociferans_Screaming Piha,../../Datasets/BirdClef/features/Lipaugus vociferans_Screaming Piha/XC271894.npy,../../Datasets/BirdClef/audio/Lipaugus vociferans_Screaming Piha/XC271894.mp3
train,Lophophanes cristatus_Crested Tit,../../Datasets/BirdClef/features/Lophophanes cristatus_Crested Tit/XC120182.npy,../../Datasets/BirdClef/audio/Lophophanes cristatus_Crested Tit/XC120182.mp3
train,Lophophanes cristatus_Crested Tit,../../Datasets/BirdClef/features/Lophophanes cristatus_Crested Tit/XC342156.npy,../../Datasets/BirdClef/audio/Lophophanes cristatus_Crested Tit/XC342156.mp3
train,Lophophanes cristatus_Crested Tit,../../Datasets/BirdClef/features/Lophophanes cristatus_Crested Tit/XC489186.npy,../../Datasets/BirdClef/audio/Lophophanes cristatus_Crested Tit/XC489186.mp3
train,Lophophanes cristatus_Crested Tit,../../Datasets/BirdClef/features/Lophophanes cristatus_Crested Tit/XC295607.npy,../../Datasets/BirdClef/audio/Lophophanes cristatus_Crested Tit/XC295607.mp3
train,Lophophanes cristatus_Crested Tit,../../Datasets/BirdClef/features/Lophophanes cristatus_Crested Tit/XC381685.npy,../../Datasets/BirdClef/audio/Lophophanes cristatus_Crested Tit/XC381685.mp3
train,Lophostrix cristata_Crested Owl,../../Datasets/BirdClef/features/Lophostrix cristata_Crested Owl/XC11708.npy,../../Datasets/BirdClef/audio/Lophostrix cristata_Crested Owl/XC11708.mp3
train,Lophostrix cristata_Crested Owl,../../Datasets/BirdClef/features/Lophostrix cristata_Crested Owl/XC345527.npy,../../Datasets/BirdClef/audio/Lophostrix cristata_Crested Owl/XC345527.mp3
train,Lophostrix cristata_Crested Owl,../../Datasets/BirdClef/features/Lophostrix cristata_Crested Owl/XC329216.npy,../../Datasets/BirdClef/audio/Lophostrix cristata_Crested Owl/XC329216.mp3
train,Lophostrix cristata_Crested Owl,../../Datasets/BirdClef/features/Lophostrix cristata_Crested Owl/XC261638.npy,../../Datasets/BirdClef/audio/Lophostrix cristata_Crested Owl/XC261638.mp3
train,Lophostrix cristata_Crested Owl,../../Datasets/BirdClef/features/Lophostrix cristata_Crested Owl/XC188624.npy,../../Datasets/BirdClef/audio/Lophostrix cristata_Crested Owl/XC188624.mp3
train,Lullula arborea_Wood Lark,../../Datasets/BirdClef/features/Lullula arborea_Wood Lark/XC458928.npy,../../Datasets/BirdClef/audio/Lullula arborea_Wood Lark/XC458928.mp3
train,Lullula arborea_Wood Lark,../../Datasets/BirdClef/features/Lullula arborea_Wood Lark/XC132374.npy,../../Datasets/BirdClef/audio/Lullula arborea_Wood Lark/XC132374.mp3
train,Lullula arborea_Wood Lark,../../Datasets/BirdClef/features/Lullula arborea_Wood Lark/XC379408.npy,../../Datasets/BirdClef/audio/Lullula arborea_Wood Lark/XC379408.mp3
train,Lullula arborea_Wood Lark,../../Datasets/BirdClef/features/Lullula arborea_Wood Lark/XC374310.npy,../../Datasets/BirdClef/audio/Lullula arborea_Wood Lark/XC374310.mp3
train,Lullula arborea_Wood Lark,../../Datasets/BirdClef/features/Lullula arborea_Wood Lark/XC357412.npy,../../Datasets/BirdClef/audio/Lullula arborea_Wood Lark/XC357412.mp3
train,Lurocalis semitorquatus_Short-tailed Nighthawk,../../Datasets/BirdClef/features/Lurocalis semitorquatus_Short-tailed Nighthawk/XC41942.npy,../../Datasets/BirdClef/audio/Lurocalis semitorquatus_Short-tailed Nighthawk/XC41942.mp3
train,Lurocalis semitorquatus_Short-tailed Nighthawk,../../Datasets/BirdClef/features/Lurocalis semitorquatus_Short-tailed Nighthawk/XC41779.npy,../../Datasets/BirdClef/audio/Lurocalis semitorquatus_Short-tailed Nighthawk/XC41779.mp3
train,Lurocalis semitorquatus_Short-tailed Nighthawk,../../Datasets/BirdClef/features/Lurocalis semitorquatus_Short-tailed Nighthawk/XC422225.npy,../../Datasets/BirdClef/audio/Lurocalis semitorquatus_Short-tailed Nighthawk/XC422225.mp3
train,Lurocalis semitorquatus_Short-tailed Nighthawk,../../Datasets/BirdClef/features/Lurocalis semitorquatus_Short-tailed Nighthawk/XC225233.npy,../../Datasets/BirdClef/audio/Lurocalis semitorquatus_Short-tailed Nighthawk/XC225233.mp3
train,Lurocalis semitorquatus_Short-tailed Nighthawk,../../Datasets/BirdClef/features/Lurocalis semitorquatus_Short-tailed Nighthawk/XC403318.npy,../../Datasets/BirdClef/audio/Lurocalis semitorquatus_Short-tailed Nighthawk/XC403318.mp3
train,Luscinia megarhynchos_Common Nightingale,../../Datasets/BirdClef/features/Luscinia megarhynchos_Common Nightingale/XC175391.npy,../../Datasets/BirdClef/audio/Luscinia megarhynchos_Common Nightingale/XC175391.mp3
train,Luscinia megarhynchos_Common Nightingale,../../Datasets/BirdClef/features/Luscinia megarhynchos_Common Nightingale/XC134370.npy,../../Datasets/BirdClef/audio/Luscinia megarhynchos_Common Nightingale/XC134370.mp3
train,Luscinia megarhynchos_Common Nightingale,../../Datasets/BirdClef/features/Luscinia megarhynchos_Common Nightingale/XC185318.npy,../../Datasets/BirdClef/audio/Luscinia megarhynchos_Common Nightingale/XC185318.mp3
train,Luscinia megarhynchos_Common Nightingale,../../Datasets/BirdClef/features/Luscinia megarhynchos_Common Nightingale/XC138203.npy,../../Datasets/BirdClef/audio/Luscinia megarhynchos_Common Nightingale/XC138203.mp3
train,Luscinia megarhynchos_Common Nightingale,../../Datasets/BirdClef/features/Luscinia megarhynchos_Common Nightingale/XC129613.npy,../../Datasets/BirdClef/audio/Luscinia megarhynchos_Common Nightingale/XC129613.mp3
train,Luscinia svecica_Bluethroat,../../Datasets/BirdClef/features/Luscinia svecica_Bluethroat/XC465510.npy,../../Datasets/BirdClef/audio/Luscinia svecica_Bluethroat/XC465510.mp3
train,Luscinia svecica_Bluethroat,../../Datasets/BirdClef/features/Luscinia svecica_Bluethroat/XC135657.npy,../../Datasets/BirdClef/audio/Luscinia svecica_Bluethroat/XC135657.mp3
train,Luscinia svecica_Bluethroat,../../Datasets/BirdClef/features/Luscinia svecica_Bluethroat/XC346054.npy,../../Datasets/BirdClef/audio/Luscinia svecica_Bluethroat/XC346054.mp3
train,Luscinia svecica_Bluethroat,../../Datasets/BirdClef/features/Luscinia svecica_Bluethroat/XC379488.npy,../../Datasets/BirdClef/audio/Luscinia svecica_Bluethroat/XC379488.mp3
train,Luscinia svecica_Bluethroat,../../Datasets/BirdClef/features/Luscinia svecica_Bluethroat/XC472054.npy,../../Datasets/BirdClef/audio/Luscinia svecica_Bluethroat/XC472054.mp3
train,Manacus manacus_White-bearded Manakin,../../Datasets/BirdClef/features/Manacus manacus_White-bearded Manakin/XC60549.npy,../../Datasets/BirdClef/audio/Manacus manacus_White-bearded Manakin/XC60549.mp3
train,Manacus manacus_White-bearded Manakin,../../Datasets/BirdClef/features/Manacus manacus_White-bearded Manakin/XC54243.npy,../../Datasets/BirdClef/audio/Manacus manacus_White-bearded Manakin/XC54243.mp3
train,Manacus manacus_White-bearded Manakin,../../Datasets/BirdClef/features/Manacus manacus_White-bearded Manakin/XC9050.npy,../../Datasets/BirdClef/audio/Manacus manacus_White-bearded Manakin/XC9050.mp3
train,Manacus manacus_White-bearded Manakin,../../Datasets/BirdClef/features/Manacus manacus_White-bearded Manakin/XC7576.npy,../../Datasets/BirdClef/audio/Manacus manacus_White-bearded Manakin/XC7576.mp3
train,Manacus manacus_White-bearded Manakin,../../Datasets/BirdClef/features/Manacus manacus_White-bearded Manakin/XC225420.npy,../../Datasets/BirdClef/audio/Manacus manacus_White-bearded Manakin/XC225420.mp3
train,Mareca americana_American Wigeon,../../Datasets/BirdClef/features/Mareca americana_American Wigeon/XC396690.npy,../../Datasets/BirdClef/audio/Mareca americana_American Wigeon/XC396690.mp3
train,Mareca americana_American Wigeon,../../Datasets/BirdClef/features/Mareca americana_American Wigeon/XC165450.npy,../../Datasets/BirdClef/audio/Mareca americana_American Wigeon/XC165450.mp3
train,Mareca americana_American Wigeon,../../Datasets/BirdClef/features/Mareca americana_American Wigeon/XC218523.npy,../../Datasets/BirdClef/audio/Mareca americana_American Wigeon/XC218523.mp3
train,Mareca americana_American Wigeon,../../Datasets/BirdClef/features/Mareca americana_American Wigeon/XC153020.npy,../../Datasets/BirdClef/audio/Mareca americana_American Wigeon/XC153020.mp3
train,Mareca americana_American Wigeon,../../Datasets/BirdClef/features/Mareca americana_American Wigeon/XC71661.npy,../../Datasets/BirdClef/audio/Mareca americana_American Wigeon/XC71661.mp3
train,Mareca penelope_Eurasian Wigeon,../../Datasets/BirdClef/features/Mareca penelope_Eurasian Wigeon/XC113188.npy,../../Datasets/BirdClef/audio/Mareca penelope_Eurasian Wigeon/XC113188.mp3
train,Mareca penelope_Eurasian Wigeon,../../Datasets/BirdClef/features/Mareca penelope_Eurasian Wigeon/XC504110.npy,../../Datasets/BirdClef/audio/Mareca penelope_Eurasian Wigeon/XC504110.mp3
train,Mareca penelope_Eurasian Wigeon,../../Datasets/BirdClef/features/Mareca penelope_Eurasian Wigeon/XC111211.npy,../../Datasets/BirdClef/audio/Mareca penelope_Eurasian Wigeon/XC111211.mp3
train,Mareca penelope_Eurasian Wigeon,../../Datasets/BirdClef/features/Mareca penelope_Eurasian Wigeon/XC158906.npy,../../Datasets/BirdClef/audio/Mareca penelope_Eurasian Wigeon/XC158906.mp3
train,Mareca penelope_Eurasian Wigeon,../../Datasets/BirdClef/features/Mareca penelope_Eurasian Wigeon/XC448901.npy,../../Datasets/BirdClef/audio/Mareca penelope_Eurasian Wigeon/XC448901.mp3
train,Mareca strepera_Gadwall,../../Datasets/BirdClef/features/Mareca strepera_Gadwall/XC474375.npy,../../Datasets/BirdClef/audio/Mareca strepera_Gadwall/XC474375.mp3
train,Mareca strepera_Gadwall,../../Datasets/BirdClef/features/Mareca strepera_Gadwall/XC323618.npy,../../Datasets/BirdClef/audio/Mareca strepera_Gadwall/XC323618.mp3
train,Mareca strepera_Gadwall,../../Datasets/BirdClef/features/Mareca strepera_Gadwall/XC30232.npy,../../Datasets/BirdClef/audio/Mareca strepera_Gadwall/XC30232.mp3
train,Mareca strepera_Gadwall,../../Datasets/BirdClef/features/Mareca strepera_Gadwall/XC198954.npy,../../Datasets/BirdClef/audio/Mareca strepera_Gadwall/XC198954.mp3
train,Mareca strepera_Gadwall,../../Datasets/BirdClef/features/Mareca strepera_Gadwall/XC26662.npy,../../Datasets/BirdClef/audio/Mareca strepera_Gadwall/XC26662.mp3
train,Megaceryle alcyon_Belted Kingfisher,../../Datasets/BirdClef/features/Megaceryle alcyon_Belted Kingfisher/XC144024.npy,../../Datasets/BirdClef/audio/Megaceryle alcyon_Belted Kingfisher/XC144024.mp3
train,Megaceryle alcyon_Belted Kingfisher,../../Datasets/BirdClef/features/Megaceryle alcyon_Belted Kingfisher/XC288791.npy,../../Datasets/BirdClef/audio/Megaceryle alcyon_Belted Kingfisher/XC288791.mp3
train,Megaceryle alcyon_Belted Kingfisher,../../Datasets/BirdClef/features/Megaceryle alcyon_Belted Kingfisher/XC335999.npy,../../Datasets/BirdClef/audio/Megaceryle alcyon_Belted Kingfisher/XC335999.mp3
train,Megaceryle alcyon_Belted Kingfisher,../../Datasets/BirdClef/features/Megaceryle alcyon_Belted Kingfisher/XC383433.npy,../../Datasets/BirdClef/audio/Megaceryle alcyon_Belted Kingfisher/XC383433.mp3
train,Megaceryle alcyon_Belted Kingfisher,../../Datasets/BirdClef/features/Megaceryle alcyon_Belted Kingfisher/XC97246.npy,../../Datasets/BirdClef/audio/Megaceryle alcyon_Belted Kingfisher/XC97246.mp3
train,Megaceryle torquata_Ringed Kingfisher,../../Datasets/BirdClef/features/Megaceryle torquata_Ringed Kingfisher/XC251087.npy,../../Datasets/BirdClef/audio/Megaceryle torquata_Ringed Kingfisher/XC251087.mp3
train,Megaceryle torquata_Ringed Kingfisher,../../Datasets/BirdClef/features/Megaceryle torquata_Ringed Kingfisher/XC238449.npy,../../Datasets/BirdClef/audio/Megaceryle torquata_Ringed Kingfisher/XC238449.mp3
train,Megaceryle torquata_Ringed Kingfisher,../../Datasets/BirdClef/features/Megaceryle torquata_Ringed Kingfisher/XC7987.npy,../../Datasets/BirdClef/audio/Megaceryle torquata_Ringed Kingfisher/XC7987.mp3
train,Megaceryle torquata_Ringed Kingfisher,../../Datasets/BirdClef/features/Megaceryle torquata_Ringed Kingfisher/XC51488.npy,../../Datasets/BirdClef/audio/Megaceryle torquata_Ringed Kingfisher/XC51488.mp3
train,Megaceryle torquata_Ringed Kingfisher,../../Datasets/BirdClef/features/Megaceryle torquata_Ringed Kingfisher/XC13117.npy,../../Datasets/BirdClef/audio/Megaceryle torquata_Ringed Kingfisher/XC13117.mp3
train,Megarynchus pitangua_Boat-billed Flycatcher,../../Datasets/BirdClef/features/Megarynchus pitangua_Boat-billed Flycatcher/XC147553.npy,../../Datasets/BirdClef/audio/Megarynchus pitangua_Boat-billed Flycatcher/XC147553.mp3
train,Megarynchus pitangua_Boat-billed Flycatcher,../../Datasets/BirdClef/features/Megarynchus pitangua_Boat-billed Flycatcher/XC97652.npy,../../Datasets/BirdClef/audio/Megarynchus pitangua_Boat-billed Flycatcher/XC97652.mp3
train,Megarynchus pitangua_Boat-billed Flycatcher,../../Datasets/BirdClef/features/Megarynchus pitangua_Boat-billed Flycatcher/XC262241.npy,../../Datasets/BirdClef/audio/Megarynchus pitangua_Boat-billed Flycatcher/XC262241.mp3
train,Megarynchus pitangua_Boat-billed Flycatcher,../../Datasets/BirdClef/features/Megarynchus pitangua_Boat-billed Flycatcher/XC11436.npy,../../Datasets/BirdClef/audio/Megarynchus pitangua_Boat-billed Flycatcher/XC11436.mp3
train,Megarynchus pitangua_Boat-billed Flycatcher,../../Datasets/BirdClef/features/Megarynchus pitangua_Boat-billed Flycatcher/XC335635.npy,../../Datasets/BirdClef/audio/Megarynchus pitangua_Boat-billed Flycatcher/XC335635.mp3
train,Megascops choliba_Tropical Screech-Owl,../../Datasets/BirdClef/features/Megascops choliba_Tropical Screech-Owl/XC36681.npy,../../Datasets/BirdClef/audio/Megascops choliba_Tropical Screech-Owl/XC36681.mp3
train,Megascops choliba_Tropical Screech-Owl,../../Datasets/BirdClef/features/Megascops choliba_Tropical Screech-Owl/XC273268.npy,../../Datasets/BirdClef/audio/Megascops choliba_Tropical Screech-Owl/XC273268.mp3
train,Megascops choliba_Tropical Screech-Owl,../../Datasets/BirdClef/features/Megascops choliba_Tropical Screech-Owl/XC428741.npy,../../Datasets/BirdClef/audio/Megascops choliba_Tropical Screech-Owl/XC428741.mp3
train,Megascops choliba_Tropical Screech-Owl,../../Datasets/BirdClef/features/Megascops choliba_Tropical Screech-Owl/XC108640.npy,../../Datasets/BirdClef/audio/Megascops choliba_Tropical Screech-Owl/XC108640.mp3
train,Megascops choliba_Tropical Screech-Owl,../../Datasets/BirdClef/features/Megascops choliba_Tropical Screech-Owl/XC401549.npy,../../Datasets/BirdClef/audio/Megascops choliba_Tropical Screech-Owl/XC401549.mp3
train,Megascops watsonii_Tawny-bellied Screech-Owl,../../Datasets/BirdClef/features/Megascops watsonii_Tawny-bellied Screech-Owl/XC105716.npy,../../Datasets/BirdClef/audio/Megascops watsonii_Tawny-bellied Screech-Owl/XC105716.mp3
train,Megascops watsonii_Tawny-bellied Screech-Owl,../../Datasets/BirdClef/features/Megascops watsonii_Tawny-bellied Screech-Owl/XC122572.npy,../../Datasets/BirdClef/audio/Megascops watsonii_Tawny-bellied Screech-Owl/XC122572.mp3
train,Megascops watsonii_Tawny-bellied Screech-Owl,../../Datasets/BirdClef/features/Megascops watsonii_Tawny-bellied Screech-Owl/XC56733.npy,../../Datasets/BirdClef/audio/Megascops watsonii_Tawny-bellied Screech-Owl/XC56733.mp3
train,Megascops watsonii_Tawny-bellied Screech-Owl,../../Datasets/BirdClef/features/Megascops watsonii_Tawny-bellied Screech-Owl/XC393357.npy,../../Datasets/BirdClef/audio/Megascops watsonii_Tawny-bellied Screech-Owl/XC393357.mp3
train,Megascops watsonii_Tawny-bellied Screech-Owl,../../Datasets/BirdClef/features/Megascops watsonii_Tawny-bellied Screech-Owl/XC225488.npy,../../Datasets/BirdClef/audio/Megascops watsonii_Tawny-bellied Screech-Owl/XC225488.mp3
train,Melanerpes carolinus_Red-bellied Woodpecker,../../Datasets/BirdClef/features/Melanerpes carolinus_Red-bellied Woodpecker/XC102887.npy,../../Datasets/BirdClef/audio/Melanerpes carolinus_Red-bellied Woodpecker/XC102887.mp3
train,Melanerpes carolinus_Red-bellied Woodpecker,../../Datasets/BirdClef/features/Melanerpes carolinus_Red-bellied Woodpecker/XC177120.npy,../../Datasets/BirdClef/audio/Melanerpes carolinus_Red-bellied Woodpecker/XC177120.mp3
train,Melanerpes carolinus_Red-bellied Woodpecker,../../Datasets/BirdClef/features/Melanerpes carolinus_Red-bellied Woodpecker/XC145837.npy,../../Datasets/BirdClef/audio/Melanerpes carolinus_Red-bellied Woodpecker/XC145837.mp3
train,Melanerpes carolinus_Red-bellied Woodpecker,../../Datasets/BirdClef/features/Melanerpes carolinus_Red-bellied Woodpecker/XC15178.npy,../../Datasets/BirdClef/audio/Melanerpes carolinus_Red-bellied Woodpecker/XC15178.mp3
train,Melanerpes carolinus_Red-bellied Woodpecker,../../Datasets/BirdClef/features/Melanerpes carolinus_Red-bellied Woodpecker/XC197313.npy,../../Datasets/BirdClef/audio/Melanerpes carolinus_Red-bellied Woodpecker/XC197313.mp3
train,Melanerpes cruentatus_Yellow-tufted Woodpecker,../../Datasets/BirdClef/features/Melanerpes cruentatus_Yellow-tufted Woodpecker/XC144460.npy,../../Datasets/BirdClef/audio/Melanerpes cruentatus_Yellow-tufted Woodpecker/XC144460.mp3
train,Melanerpes cruentatus_Yellow-tufted Woodpecker,../../Datasets/BirdClef/features/Melanerpes cruentatus_Yellow-tufted Woodpecker/XC387878.npy,../../Datasets/BirdClef/audio/Melanerpes cruentatus_Yellow-tufted Woodpecker/XC387878.mp3
train,Melanerpes cruentatus_Yellow-tufted Woodpecker,../../Datasets/BirdClef/features/Melanerpes cruentatus_Yellow-tufted Woodpecker/XC12094.npy,../../Datasets/BirdClef/audio/Melanerpes cruentatus_Yellow-tufted Woodpecker/XC12094.mp3
train,Melanerpes cruentatus_Yellow-tufted Woodpecker,../../Datasets/BirdClef/features/Melanerpes cruentatus_Yellow-tufted Woodpecker/XC216957.npy,../../Datasets/BirdClef/audio/Melanerpes cruentatus_Yellow-tufted Woodpecker/XC216957.mp3
train,Melanerpes cruentatus_Yellow-tufted Woodpecker,../../Datasets/BirdClef/features/Melanerpes cruentatus_Yellow-tufted Woodpecker/XC166808.npy,../../Datasets/BirdClef/audio/Melanerpes cruentatus_Yellow-tufted Woodpecker/XC166808.mp3
train,Melospiza georgiana_Swamp Sparrow,../../Datasets/BirdClef/features/Melospiza georgiana_Swamp Sparrow/XC174378.npy,../../Datasets/BirdClef/audio/Melospiza georgiana_Swamp Sparrow/XC174378.mp3
train,Melospiza georgiana_Swamp Sparrow,../../Datasets/BirdClef/features/Melospiza georgiana_Swamp Sparrow/XC69937.npy,../../Datasets/BirdClef/audio/Melospiza georgiana_Swamp Sparrow/XC69937.mp3
train,Melospiza georgiana_Swamp Sparrow,../../Datasets/BirdClef/features/Melospiza georgiana_Swamp Sparrow/XC389092.npy,../../Datasets/BirdClef/audio/Melospiza georgiana_Swamp Sparrow/XC389092.mp3
train,Melospiza georgiana_Swamp Sparrow,../../Datasets/BirdClef/features/Melospiza georgiana_Swamp Sparrow/XC168790.npy,../../Datasets/BirdClef/audio/Melospiza georgiana_Swamp Sparrow/XC168790.mp3
train,Melospiza georgiana_Swamp Sparrow,../../Datasets/BirdClef/features/Melospiza georgiana_Swamp Sparrow/XC312596.npy,../../Datasets/BirdClef/audio/Melospiza georgiana_Swamp Sparrow/XC312596.mp3
train,Melospiza lincolnii_Lincoln's Sparrow,../../Datasets/BirdClef/features/Melospiza lincolnii_Lincoln's Sparrow/XC65873.npy,../../Datasets/BirdClef/audio/Melospiza lincolnii_Lincoln's Sparrow/XC65873.mp3
train,Melospiza lincolnii_Lincoln's Sparrow,../../Datasets/BirdClef/features/Melospiza lincolnii_Lincoln's Sparrow/XC178054.npy,../../Datasets/BirdClef/audio/Melospiza lincolnii_Lincoln's Sparrow/XC178054.mp3
train,Melospiza lincolnii_Lincoln's Sparrow,../../Datasets/BirdClef/features/Melospiza lincolnii_Lincoln's Sparrow/XC284348.npy,../../Datasets/BirdClef/audio/Melospiza lincolnii_Lincoln's Sparrow/XC284348.mp3
train,Melospiza lincolnii_Lincoln's Sparrow,../../Datasets/BirdClef/features/Melospiza lincolnii_Lincoln's Sparrow/XC125482.npy,../../Datasets/BirdClef/audio/Melospiza lincolnii_Lincoln's Sparrow/XC125482.mp3
train,Melospiza lincolnii_Lincoln's Sparrow,../../Datasets/BirdClef/features/Melospiza lincolnii_Lincoln's Sparrow/XC314689.npy,../../Datasets/BirdClef/audio/Melospiza lincolnii_Lincoln's Sparrow/XC314689.mp3
train,Melospiza melodia_Song Sparrow,../../Datasets/BirdClef/features/Melospiza melodia_Song Sparrow/XC147920.npy,../../Datasets/BirdClef/audio/Melospiza melodia_Song Sparrow/XC147920.mp3
train,Melospiza melodia_Song Sparrow,../../Datasets/BirdClef/features/Melospiza melodia_Song Sparrow/XC158992.npy,../../Datasets/BirdClef/audio/Melospiza melodia_Song Sparrow/XC158992.mp3
train,Melospiza melodia_Song Sparrow,../../Datasets/BirdClef/features/Melospiza melodia_Song Sparrow/XC155237.npy,../../Datasets/BirdClef/audio/Melospiza melodia_Song Sparrow/XC155237.mp3
train,Melospiza melodia_Song Sparrow,../../Datasets/BirdClef/features/Melospiza melodia_Song Sparrow/XC142621.npy,../../Datasets/BirdClef/audio/Melospiza melodia_Song Sparrow/XC142621.mp3
train,Melospiza melodia_Song Sparrow,../../Datasets/BirdClef/features/Melospiza melodia_Song Sparrow/XC375516.npy,../../Datasets/BirdClef/audio/Melospiza melodia_Song Sparrow/XC375516.mp3
train,Mergus merganser_Common Merganser,../../Datasets/BirdClef/features/Mergus merganser_Common Merganser/XC289540.npy,../../Datasets/BirdClef/audio/Mergus merganser_Common Merganser/XC289540.mp3
train,Mergus merganser_Common Merganser,../../Datasets/BirdClef/features/Mergus merganser_Common Merganser/XC171422.npy,../../Datasets/BirdClef/audio/Mergus merganser_Common Merganser/XC171422.mp3
train,Mergus merganser_Common Merganser,../../Datasets/BirdClef/features/Mergus merganser_Common Merganser/XC425067.npy,../../Datasets/BirdClef/audio/Mergus merganser_Common Merganser/XC425067.mp3
train,Mergus merganser_Common Merganser,../../Datasets/BirdClef/features/Mergus merganser_Common Merganser/XC458287.npy,../../Datasets/BirdClef/audio/Mergus merganser_Common Merganser/XC458287.mp3
train,Mergus merganser_Common Merganser,../../Datasets/BirdClef/features/Mergus merganser_Common Merganser/XC156775.npy,../../Datasets/BirdClef/audio/Mergus merganser_Common Merganser/XC156775.mp3
train,Merops apiaster_European Bee-eater,../../Datasets/BirdClef/features/Merops apiaster_European Bee-eater/XC185296.npy,../../Datasets/BirdClef/audio/Merops apiaster_European Bee-eater/XC185296.mp3
train,Merops apiaster_European Bee-eater,../../Datasets/BirdClef/features/Merops apiaster_European Bee-eater/XC144972.npy,../../Datasets/BirdClef/audio/Merops apiaster_European Bee-eater/XC144972.mp3
train,Merops apiaster_European Bee-eater,../../Datasets/BirdClef/features/Merops apiaster_European Bee-eater/XC341775.npy,../../Datasets/BirdClef/audio/Merops apiaster_European Bee-eater/XC341775.mp3
train,Merops apiaster_European Bee-eater,../../Datasets/BirdClef/features/Merops apiaster_European Bee-eater/XC432135.npy,../../Datasets/BirdClef/audio/Merops apiaster_European Bee-eater/XC432135.mp3
train,Merops apiaster_European Bee-eater,../../Datasets/BirdClef/features/Merops apiaster_European Bee-eater/XC380977.npy,../../Datasets/BirdClef/audio/Merops apiaster_European Bee-eater/XC380977.mp3
train,Mesembrinibis cayennensis_Green Ibis,../../Datasets/BirdClef/features/Mesembrinibis cayennensis_Green Ibis/XC85428.npy,../../Datasets/BirdClef/audio/Mesembrinibis cayennensis_Green Ibis/XC85428.mp3
train,Mesembrinibis cayennensis_Green Ibis,../../Datasets/BirdClef/features/Mesembrinibis cayennensis_Green Ibis/XC27786.npy,../../Datasets/BirdClef/audio/Mesembrinibis cayennensis_Green Ibis/XC27786.mp3
train,Mesembrinibis cayennensis_Green Ibis,../../Datasets/BirdClef/features/Mesembrinibis cayennensis_Green Ibis/XC98.npy,../../Datasets/BirdClef/audio/Mesembrinibis cayennensis_Green Ibis/XC98.mp3
train,Mesembrinibis cayennensis_Green Ibis,../../Datasets/BirdClef/features/Mesembrinibis cayennensis_Green Ibis/XC91683.npy,../../Datasets/BirdClef/audio/Mesembrinibis cayennensis_Green Ibis/XC91683.mp3
train,Mesembrinibis cayennensis_Green Ibis,../../Datasets/BirdClef/features/Mesembrinibis cayennensis_Green Ibis/XC53340.npy,../../Datasets/BirdClef/audio/Mesembrinibis cayennensis_Green Ibis/XC53340.mp3
train,Micrastur gilvicollis_Lined Forest-Falcon,../../Datasets/BirdClef/features/Micrastur gilvicollis_Lined Forest-Falcon/XC27793.npy,../../Datasets/BirdClef/audio/Micrastur gilvicollis_Lined Forest-Falcon/XC27793.mp3
train,Micrastur gilvicollis_Lined Forest-Falcon,../../Datasets/BirdClef/features/Micrastur gilvicollis_Lined Forest-Falcon/XC142175.npy,../../Datasets/BirdClef/audio/Micrastur gilvicollis_Lined Forest-Falcon/XC142175.mp3
train,Micrastur gilvicollis_Lined Forest-Falcon,../../Datasets/BirdClef/features/Micrastur gilvicollis_Lined Forest-Falcon/XC225678.npy,../../Datasets/BirdClef/audio/Micrastur gilvicollis_Lined Forest-Falcon/XC225678.mp3
train,Micrastur gilvicollis_Lined Forest-Falcon,../../Datasets/BirdClef/features/Micrastur gilvicollis_Lined Forest-Falcon/XC260354.npy,../../Datasets/BirdClef/audio/Micrastur gilvicollis_Lined Forest-Falcon/XC260354.mp3
train,Micrastur gilvicollis_Lined Forest-Falcon,../../Datasets/BirdClef/features/Micrastur gilvicollis_Lined Forest-Falcon/XC332829.npy,../../Datasets/BirdClef/audio/Micrastur gilvicollis_Lined Forest-Falcon/XC332829.mp3
train,Micrastur mirandollei_Slaty-backed Forest-Falcon,../../Datasets/BirdClef/features/Micrastur mirandollei_Slaty-backed Forest-Falcon/XC257394.npy,../../Datasets/BirdClef/audio/Micrastur mirandollei_Slaty-backed Forest-Falcon/XC257394.mp3
train,Micrastur mirandollei_Slaty-backed Forest-Falcon,../../Datasets/BirdClef/features/Micrastur mirandollei_Slaty-backed Forest-Falcon/XC370558.npy,../../Datasets/BirdClef/audio/Micrastur mirandollei_Slaty-backed Forest-Falcon/XC370558.mp3
train,Micrastur mirandollei_Slaty-backed Forest-Falcon,../../Datasets/BirdClef/features/Micrastur mirandollei_Slaty-backed Forest-Falcon/XC117329.npy,../../Datasets/BirdClef/audio/Micrastur mirandollei_Slaty-backed Forest-Falcon/XC117329.mp3
train,Micrastur mirandollei_Slaty-backed Forest-Falcon,../../Datasets/BirdClef/features/Micrastur mirandollei_Slaty-backed Forest-Falcon/XC281860.npy,../../Datasets/BirdClef/audio/Micrastur mirandollei_Slaty-backed Forest-Falcon/XC281860.mp3
train,Micrastur mirandollei_Slaty-backed Forest-Falcon,../../Datasets/BirdClef/features/Micrastur mirandollei_Slaty-backed Forest-Falcon/XC71174.npy,../../Datasets/BirdClef/audio/Micrastur mirandollei_Slaty-backed Forest-Falcon/XC71174.mp3
train,Micrastur ruficollis_Barred Forest-Falcon,../../Datasets/BirdClef/features/Micrastur ruficollis_Barred Forest-Falcon/XC251113.npy,../../Datasets/BirdClef/audio/Micrastur ruficollis_Barred Forest-Falcon/XC251113.mp3
train,Micrastur ruficollis_Barred Forest-Falcon,../../Datasets/BirdClef/features/Micrastur ruficollis_Barred Forest-Falcon/XC83124.npy,../../Datasets/BirdClef/audio/Micrastur ruficollis_Barred Forest-Falcon/XC83124.mp3
train,Micrastur ruficollis_Barred Forest-Falcon,../../Datasets/BirdClef/features/Micrastur ruficollis_Barred Forest-Falcon/XC384522.npy,../../Datasets/BirdClef/audio/Micrastur ruficollis_Barred Forest-Falcon/XC384522.mp3
train,Micrastur ruficollis_Barred Forest-Falcon,../../Datasets/BirdClef/features/Micrastur ruficollis_Barred Forest-Falcon/XC238615.npy,../../Datasets/BirdClef/audio/Micrastur ruficollis_Barred Forest-Falcon/XC238615.mp3
train,Micrastur ruficollis_Barred Forest-Falcon,../../Datasets/BirdClef/features/Micrastur ruficollis_Barred Forest-Falcon/XC329380.npy,../../Datasets/BirdClef/audio/Micrastur ruficollis_Barred Forest-Falcon/XC329380.mp3
train,Micrastur semitorquatus_Collared Forest-Falcon,../../Datasets/BirdClef/features/Micrastur semitorquatus_Collared Forest-Falcon/XC238622.npy,../../Datasets/BirdClef/audio/Micrastur semitorquatus_Collared Forest-Falcon/XC238622.mp3
train,Micrastur semitorquatus_Collared Forest-Falcon,../../Datasets/BirdClef/features/Micrastur semitorquatus_Collared Forest-Falcon/XC257398.npy,../../Datasets/BirdClef/audio/Micrastur semitorquatus_Collared Forest-Falcon/XC257398.mp3
train,Micrastur semitorquatus_Collared Forest-Falcon,../../Datasets/BirdClef/features/Micrastur semitorquatus_Collared Forest-Falcon/XC475414.npy,../../Datasets/BirdClef/audio/Micrastur semitorquatus_Collared Forest-Falcon/XC475414.mp3
train,Micrastur semitorquatus_Collared Forest-Falcon,../../Datasets/BirdClef/features/Micrastur semitorquatus_Collared Forest-Falcon/XC240089.npy,../../Datasets/BirdClef/audio/Micrastur semitorquatus_Collared Forest-Falcon/XC240089.mp3
train,Micrastur semitorquatus_Collared Forest-Falcon,../../Datasets/BirdClef/features/Micrastur semitorquatus_Collared Forest-Falcon/XC389339.npy,../../Datasets/BirdClef/audio/Micrastur semitorquatus_Collared Forest-Falcon/XC389339.mp3
train,Microcerculus marginatus_Scaly-breasted Wren,../../Datasets/BirdClef/features/Microcerculus marginatus_Scaly-breasted Wren/XC225751.npy,../../Datasets/BirdClef/audio/Microcerculus marginatus_Scaly-breasted Wren/XC225751.mp3
train,Microcerculus marginatus_Scaly-breasted Wren,../../Datasets/BirdClef/features/Microcerculus marginatus_Scaly-breasted Wren/XC309193.npy,../../Datasets/BirdClef/audio/Microcerculus marginatus_Scaly-breasted Wren/XC309193.mp3
train,Microcerculus marginatus_Scaly-breasted Wren,../../Datasets/BirdClef/features/Microcerculus marginatus_Scaly-breasted Wren/XC437442.npy,../../Datasets/BirdClef/audio/Microcerculus marginatus_Scaly-breasted Wren/XC437442.mp3
train,Microcerculus marginatus_Scaly-breasted Wren,../../Datasets/BirdClef/features/Microcerculus marginatus_Scaly-breasted Wren/XC217258.npy,../../Datasets/BirdClef/audio/Microcerculus marginatus_Scaly-breasted Wren/XC217258.mp3
train,Microcerculus marginatus_Scaly-breasted Wren,../../Datasets/BirdClef/features/Microcerculus marginatus_Scaly-breasted Wren/XC474892.npy,../../Datasets/BirdClef/audio/Microcerculus marginatus_Scaly-breasted Wren/XC474892.mp3
train,Microrhopias quixensis_Dot-winged Antwren,../../Datasets/BirdClef/features/Microrhopias quixensis_Dot-winged Antwren/XC274017.npy,../../Datasets/BirdClef/audio/Microrhopias quixensis_Dot-winged Antwren/XC274017.mp3
train,Microrhopias quixensis_Dot-winged Antwren,../../Datasets/BirdClef/features/Microrhopias quixensis_Dot-winged Antwren/XC272256.npy,../../Datasets/BirdClef/audio/Microrhopias quixensis_Dot-winged Antwren/XC272256.mp3
train,Microrhopias quixensis_Dot-winged Antwren,../../Datasets/BirdClef/features/Microrhopias quixensis_Dot-winged Antwren/XC276202.npy,../../Datasets/BirdClef/audio/Microrhopias quixensis_Dot-winged Antwren/XC276202.mp3
train,Microrhopias quixensis_Dot-winged Antwren,../../Datasets/BirdClef/features/Microrhopias quixensis_Dot-winged Antwren/XC1011.npy,../../Datasets/BirdClef/audio/Microrhopias quixensis_Dot-winged Antwren/XC1011.mp3
train,Microrhopias quixensis_Dot-winged Antwren,../../Datasets/BirdClef/features/Microrhopias quixensis_Dot-winged Antwren/XC424273.npy,../../Datasets/BirdClef/audio/Microrhopias quixensis_Dot-winged Antwren/XC424273.mp3
train,Milvago chimachima_Yellow-headed Caracara,../../Datasets/BirdClef/features/Milvago chimachima_Yellow-headed Caracara/XC317795.npy,../../Datasets/BirdClef/audio/Milvago chimachima_Yellow-headed Caracara/XC317795.mp3
train,Milvago chimachima_Yellow-headed Caracara,../../Datasets/BirdClef/features/Milvago chimachima_Yellow-headed Caracara/XC148399.npy,../../Datasets/BirdClef/audio/Milvago chimachima_Yellow-headed Caracara/XC148399.mp3
train,Milvago chimachima_Yellow-headed Caracara,../../Datasets/BirdClef/features/Milvago chimachima_Yellow-headed Caracara/XC347917.npy,../../Datasets/BirdClef/audio/Milvago chimachima_Yellow-headed Caracara/XC347917.mp3
train,Milvago chimachima_Yellow-headed Caracara,../../Datasets/BirdClef/features/Milvago chimachima_Yellow-headed Caracara/XC232686.npy,../../Datasets/BirdClef/audio/Milvago chimachima_Yellow-headed Caracara/XC232686.mp3
train,Milvago chimachima_Yellow-headed Caracara,../../Datasets/BirdClef/features/Milvago chimachima_Yellow-headed Caracara/XC204714.npy,../../Datasets/BirdClef/audio/Milvago chimachima_Yellow-headed Caracara/XC204714.mp3
train,Milvus migrans_Black Kite,../../Datasets/BirdClef/features/Milvus migrans_Black Kite/XC285718.npy,../../Datasets/BirdClef/audio/Milvus migrans_Black Kite/XC285718.mp3
train,Milvus migrans_Black Kite,../../Datasets/BirdClef/features/Milvus migrans_Black Kite/XC236021.npy,../../Datasets/BirdClef/audio/Milvus migrans_Black Kite/XC236021.mp3
train,Milvus migrans_Black Kite,../../Datasets/BirdClef/features/Milvus migrans_Black Kite/XC168353.npy,../../Datasets/BirdClef/audio/Milvus migrans_Black Kite/XC168353.mp3
train,Milvus migrans_Black Kite,../../Datasets/BirdClef/features/Milvus migrans_Black Kite/XC138441.npy,../../Datasets/BirdClef/audio/Milvus migrans_Black Kite/XC138441.mp3
train,Milvus migrans_Black Kite,../../Datasets/BirdClef/features/Milvus migrans_Black Kite/XC120438.npy,../../Datasets/BirdClef/audio/Milvus migrans_Black Kite/XC120438.mp3
train,Milvus milvus_Red Kite,../../Datasets/BirdClef/features/Milvus milvus_Red Kite/XC178313.npy,../../Datasets/BirdClef/audio/Milvus milvus_Red Kite/XC178313.mp3
train,Milvus milvus_Red Kite,../../Datasets/BirdClef/features/Milvus milvus_Red Kite/XC420057.npy,../../Datasets/BirdClef/audio/Milvus milvus_Red Kite/XC420057.mp3
train,Milvus milvus_Red Kite,../../Datasets/BirdClef/features/Milvus milvus_Red Kite/XC153202.npy,../../Datasets/BirdClef/audio/Milvus milvus_Red Kite/XC153202.mp3
train,Milvus milvus_Red Kite,../../Datasets/BirdClef/features/Milvus milvus_Red Kite/XC497296.npy,../../Datasets/BirdClef/audio/Milvus milvus_Red Kite/XC497296.mp3
train,Milvus milvus_Red Kite,../../Datasets/BirdClef/features/Milvus milvus_Red Kite/XC44627.npy,../../Datasets/BirdClef/audio/Milvus milvus_Red Kite/XC44627.mp3
train,Mimus polyglottos_Northern Mockingbird,../../Datasets/BirdClef/features/Mimus polyglottos_Northern Mockingbird/XC291876.npy,../../Datasets/BirdClef/audio/Mimus polyglottos_Northern Mockingbird/XC291876.mp3
train,Mimus polyglottos_Northern Mockingbird,../../Datasets/BirdClef/features/Mimus polyglottos_Northern Mockingbird/XC321936.npy,../../Datasets/BirdClef/audio/Mimus polyglottos_Northern Mockingbird/XC321936.mp3
train,Mimus polyglottos_Northern Mockingbird,../../Datasets/BirdClef/features/Mimus polyglottos_Northern Mockingbird/XC287850.npy,../../Datasets/BirdClef/audio/Mimus polyglottos_Northern Mockingbird/XC287850.mp3
train,Mimus polyglottos_Northern Mockingbird,../../Datasets/BirdClef/features/Mimus polyglottos_Northern Mockingbird/XC346465.npy,../../Datasets/BirdClef/audio/Mimus polyglottos_Northern Mockingbird/XC346465.mp3
train,Mimus polyglottos_Northern Mockingbird,../../Datasets/BirdClef/features/Mimus polyglottos_Northern Mockingbird/XC503419.npy,../../Datasets/BirdClef/audio/Mimus polyglottos_Northern Mockingbird/XC503419.mp3
train,Mionectes oleagineus_Ochre-bellied Flycatcher,../../Datasets/BirdClef/features/Mionectes oleagineus_Ochre-bellied Flycatcher/XC106709.npy,../../Datasets/BirdClef/audio/Mionectes oleagineus_Ochre-bellied Flycatcher/XC106709.mp3
train,Mionectes oleagineus_Ochre-bellied Flycatcher,../../Datasets/BirdClef/features/Mionectes oleagineus_Ochre-bellied Flycatcher/XC262170.npy,../../Datasets/BirdClef/audio/Mionectes oleagineus_Ochre-bellied Flycatcher/XC262170.mp3
train,Mionectes oleagineus_Ochre-bellied Flycatcher,../../Datasets/BirdClef/features/Mionectes oleagineus_Ochre-bellied Flycatcher/XC474670.npy,../../Datasets/BirdClef/audio/Mionectes oleagineus_Ochre-bellied Flycatcher/XC474670.mp3
train,Mionectes oleagineus_Ochre-bellied Flycatcher,../../Datasets/BirdClef/features/Mionectes oleagineus_Ochre-bellied Flycatcher/XC63647.npy,../../Datasets/BirdClef/audio/Mionectes oleagineus_Ochre-bellied Flycatcher/XC63647.mp3
train,Mionectes oleagineus_Ochre-bellied Flycatcher,../../Datasets/BirdClef/features/Mionectes oleagineus_Ochre-bellied Flycatcher/XC437334.npy,../../Datasets/BirdClef/audio/Mionectes oleagineus_Ochre-bellied Flycatcher/XC437334.mp3
train,Molothrus ater_Brown-headed Cowbird,../../Datasets/BirdClef/features/Molothrus ater_Brown-headed Cowbird/XC160787.npy,../../Datasets/BirdClef/audio/Molothrus ater_Brown-headed Cowbird/XC160787.mp3
train,Molothrus ater_Brown-headed Cowbird,../../Datasets/BirdClef/features/Molothrus ater_Brown-headed Cowbird/XC267956.npy,../../Datasets/BirdClef/audio/Molothrus ater_Brown-headed Cowbird/XC267956.mp3
train,Molothrus ater_Brown-headed Cowbird,../../Datasets/BirdClef/features/Molothrus ater_Brown-headed Cowbird/XC159073.npy,../../Datasets/BirdClef/audio/Molothrus ater_Brown-headed Cowbird/XC159073.mp3
train,Molothrus ater_Brown-headed Cowbird,../../Datasets/BirdClef/features/Molothrus ater_Brown-headed Cowbird/XC189956.npy,../../Datasets/BirdClef/audio/Molothrus ater_Brown-headed Cowbird/XC189956.mp3
train,Molothrus ater_Brown-headed Cowbird,../../Datasets/BirdClef/features/Molothrus ater_Brown-headed Cowbird/XC160505.npy,../../Datasets/BirdClef/audio/Molothrus ater_Brown-headed Cowbird/XC160505.mp3
train,Molothrus bonariensis_Shiny Cowbird,../../Datasets/BirdClef/features/Molothrus bonariensis_Shiny Cowbird/XC128394.npy,../../Datasets/BirdClef/audio/Molothrus bonariensis_Shiny Cowbird/XC128394.mp3
train,Molothrus bonariensis_Shiny Cowbird,../../Datasets/BirdClef/features/Molothrus bonariensis_Shiny Cowbird/XC260009.npy,../../Datasets/BirdClef/audio/Molothrus bonariensis_Shiny Cowbird/XC260009.mp3
train,Molothrus bonariensis_Shiny Cowbird,../../Datasets/BirdClef/features/Molothrus bonariensis_Shiny Cowbird/XC273151.npy,../../Datasets/BirdClef/audio/Molothrus bonariensis_Shiny Cowbird/XC273151.mp3
train,Molothrus bonariensis_Shiny Cowbird,../../Datasets/BirdClef/features/Molothrus bonariensis_Shiny Cowbird/XC427595.npy,../../Datasets/BirdClef/audio/Molothrus bonariensis_Shiny Cowbird/XC427595.mp3
train,Molothrus bonariensis_Shiny Cowbird,../../Datasets/BirdClef/features/Molothrus bonariensis_Shiny Cowbird/XC493252.npy,../../Datasets/BirdClef/audio/Molothrus bonariensis_Shiny Cowbird/XC493252.mp3
train,Molothrus oryzivorus_Giant Cowbird,../../Datasets/BirdClef/features/Molothrus oryzivorus_Giant Cowbird/XC262710.npy,../../Datasets/BirdClef/audio/Molothrus oryzivorus_Giant Cowbird/XC262710.mp3
train,Molothrus oryzivorus_Giant Cowbird,../../Datasets/BirdClef/features/Molothrus oryzivorus_Giant Cowbird/XC348812.npy,../../Datasets/BirdClef/audio/Molothrus oryzivorus_Giant Cowbird/XC348812.mp3
train,Molothrus oryzivorus_Giant Cowbird,../../Datasets/BirdClef/features/Molothrus oryzivorus_Giant Cowbird/XC116244.npy,../../Datasets/BirdClef/audio/Molothrus oryzivorus_Giant Cowbird/XC116244.mp3
train,Molothrus oryzivorus_Giant Cowbird,../../Datasets/BirdClef/features/Molothrus oryzivorus_Giant Cowbird/XC50797.npy,../../Datasets/BirdClef/audio/Molothrus oryzivorus_Giant Cowbird/XC50797.mp3
train,Molothrus oryzivorus_Giant Cowbird,../../Datasets/BirdClef/features/Molothrus oryzivorus_Giant Cowbird/XC479388.npy,../../Datasets/BirdClef/audio/Molothrus oryzivorus_Giant Cowbird/XC479388.mp3
train,Momotus momota_Amazonian Motmot,../../Datasets/BirdClef/features/Momotus momota_Amazonian Motmot/XC427596.npy,../../Datasets/BirdClef/audio/Momotus momota_Amazonian Motmot/XC427596.mp3
train,Momotus momota_Amazonian Motmot,../../Datasets/BirdClef/features/Momotus momota_Amazonian Motmot/XC216488.npy,../../Datasets/BirdClef/audio/Momotus momota_Amazonian Motmot/XC216488.mp3
train,Momotus momota_Amazonian Motmot,../../Datasets/BirdClef/features/Momotus momota_Amazonian Motmot/XC4536.npy,../../Datasets/BirdClef/audio/Momotus momota_Amazonian Motmot/XC4536.mp3
train,Momotus momota_Amazonian Motmot,../../Datasets/BirdClef/features/Momotus momota_Amazonian Motmot/XC434026.npy,../../Datasets/BirdClef/audio/Momotus momota_Amazonian Motmot/XC434026.mp3
train,Momotus momota_Amazonian Motmot,../../Datasets/BirdClef/features/Momotus momota_Amazonian Motmot/XC328904.npy,../../Datasets/BirdClef/audio/Momotus momota_Amazonian Motmot/XC328904.mp3
train,Monasa morphoeus_White-fronted Nunbird,../../Datasets/BirdClef/features/Monasa morphoeus_White-fronted Nunbird/XC8062.npy,../../Datasets/BirdClef/audio/Monasa morphoeus_White-fronted Nunbird/XC8062.mp3
train,Monasa morphoeus_White-fronted Nunbird,../../Datasets/BirdClef/features/Monasa morphoeus_White-fronted Nunbird/XC257980.npy,../../Datasets/BirdClef/audio/Monasa morphoeus_White-fronted Nunbird/XC257980.mp3
train,Monasa morphoeus_White-fronted Nunbird,../../Datasets/BirdClef/features/Monasa morphoeus_White-fronted Nunbird/XC29555.npy,../../Datasets/BirdClef/audio/Monasa morphoeus_White-fronted Nunbird/XC29555.mp3
train,Monasa morphoeus_White-fronted Nunbird,../../Datasets/BirdClef/features/Monasa morphoeus_White-fronted Nunbird/XC466926.npy,../../Datasets/BirdClef/audio/Monasa morphoeus_White-fronted Nunbird/XC466926.mp3
train,Monasa morphoeus_White-fronted Nunbird,../../Datasets/BirdClef/features/Monasa morphoeus_White-fronted Nunbird/XC343833.npy,../../Datasets/BirdClef/audio/Monasa morphoeus_White-fronted Nunbird/XC343833.mp3
train,Monasa nigrifrons_Black-fronted Nunbird,../../Datasets/BirdClef/features/Monasa nigrifrons_Black-fronted Nunbird/XC500027.npy,../../Datasets/BirdClef/audio/Monasa nigrifrons_Black-fronted Nunbird/XC500027.mp3
train,Monasa nigrifrons_Black-fronted Nunbird,../../Datasets/BirdClef/features/Monasa nigrifrons_Black-fronted Nunbird/XC483495.npy,../../Datasets/BirdClef/audio/Monasa nigrifrons_Black-fronted Nunbird/XC483495.mp3
train,Monasa nigrifrons_Black-fronted Nunbird,../../Datasets/BirdClef/features/Monasa nigrifrons_Black-fronted Nunbird/XC76062.npy,../../Datasets/BirdClef/audio/Monasa nigrifrons_Black-fronted Nunbird/XC76062.mp3
train,Monasa nigrifrons_Black-fronted Nunbird,../../Datasets/BirdClef/features/Monasa nigrifrons_Black-fronted Nunbird/XC122309.npy,../../Datasets/BirdClef/audio/Monasa nigrifrons_Black-fronted Nunbird/XC122309.mp3
train,Monasa nigrifrons_Black-fronted Nunbird,../../Datasets/BirdClef/features/Monasa nigrifrons_Black-fronted Nunbird/XC252082.npy,../../Datasets/BirdClef/audio/Monasa nigrifrons_Black-fronted Nunbird/XC252082.mp3
train,Motacilla alba_White Wagtail,../../Datasets/BirdClef/features/Motacilla alba_White Wagtail/XC272317.npy,../../Datasets/BirdClef/audio/Motacilla alba_White Wagtail/XC272317.mp3
train,Motacilla alba_White Wagtail,../../Datasets/BirdClef/features/Motacilla alba_White Wagtail/XC332116.npy,../../Datasets/BirdClef/audio/Motacilla alba_White Wagtail/XC332116.mp3
train,Motacilla alba_White Wagtail,../../Datasets/BirdClef/features/Motacilla alba_White Wagtail/XC309333.npy,../../Datasets/BirdClef/audio/Motacilla alba_White Wagtail/XC309333.mp3
train,Motacilla alba_White Wagtail,../../Datasets/BirdClef/features/Motacilla alba_White Wagtail/XC394058.npy,../../Datasets/BirdClef/audio/Motacilla alba_White Wagtail/XC394058.mp3
train,Motacilla alba_White Wagtail,../../Datasets/BirdClef/features/Motacilla alba_White Wagtail/XC379991.npy,../../Datasets/BirdClef/audio/Motacilla alba_White Wagtail/XC379991.mp3
train,Motacilla cinerea_Gray Wagtail,../../Datasets/BirdClef/features/Motacilla cinerea_Gray Wagtail/XC499079.npy,../../Datasets/BirdClef/audio/Motacilla cinerea_Gray Wagtail/XC499079.mp3
train,Motacilla cinerea_Gray Wagtail,../../Datasets/BirdClef/features/Motacilla cinerea_Gray Wagtail/XC437039.npy,../../Datasets/BirdClef/audio/Motacilla cinerea_Gray Wagtail/XC437039.mp3
train,Motacilla cinerea_Gray Wagtail,../../Datasets/BirdClef/features/Motacilla cinerea_Gray Wagtail/XC190178.npy,../../Datasets/BirdClef/audio/Motacilla cinerea_Gray Wagtail/XC190178.mp3
train,Motacilla cinerea_Gray Wagtail,../../Datasets/BirdClef/features/Motacilla cinerea_Gray Wagtail/XC483657.npy,../../Datasets/BirdClef/audio/Motacilla cinerea_Gray Wagtail/XC483657.mp3
train,Motacilla cinerea_Gray Wagtail,../../Datasets/BirdClef/features/Motacilla cinerea_Gray Wagtail/XC483661.npy,../../Datasets/BirdClef/audio/Motacilla cinerea_Gray Wagtail/XC483661.mp3
train,Motacilla flava_Western Yellow Wagtail,../../Datasets/BirdClef/features/Motacilla flava_Western Yellow Wagtail/XC25849.npy,../../Datasets/BirdClef/audio/Motacilla flava_Western Yellow Wagtail/XC25849.mp3
train,Motacilla flava_Western Yellow Wagtail,../../Datasets/BirdClef/features/Motacilla flava_Western Yellow Wagtail/XC383554.npy,../../Datasets/BirdClef/audio/Motacilla flava_Western Yellow Wagtail/XC383554.mp3
train,Motacilla flava_Western Yellow Wagtail,../../Datasets/BirdClef/features/Motacilla flava_Western Yellow Wagtail/XC370996.npy,../../Datasets/BirdClef/audio/Motacilla flava_Western Yellow Wagtail/XC370996.mp3
train,Motacilla flava_Western Yellow Wagtail,../../Datasets/BirdClef/features/Motacilla flava_Western Yellow Wagtail/XC345951.npy,../../Datasets/BirdClef/audio/Motacilla flava_Western Yellow Wagtail/XC345951.mp3
train,Motacilla flava_Western Yellow Wagtail,../../Datasets/BirdClef/features/Motacilla flava_Western Yellow Wagtail/XC372972.npy,../../Datasets/BirdClef/audio/Motacilla flava_Western Yellow Wagtail/XC372972.mp3
train,Muscicapa striata_Spotted Flycatcher,../../Datasets/BirdClef/features/Muscicapa striata_Spotted Flycatcher/XC67361.npy,../../Datasets/BirdClef/audio/Muscicapa striata_Spotted Flycatcher/XC67361.mp3
train,Muscicapa striata_Spotted Flycatcher,../../Datasets/BirdClef/features/Muscicapa striata_Spotted Flycatcher/XC348007.npy,../../Datasets/BirdClef/audio/Muscicapa striata_Spotted Flycatcher/XC348007.mp3
train,Muscicapa striata_Spotted Flycatcher,../../Datasets/BirdClef/features/Muscicapa striata_Spotted Flycatcher/XC316546.npy,../../Datasets/BirdClef/audio/Muscicapa striata_Spotted Flycatcher/XC316546.mp3
train,Muscicapa striata_Spotted Flycatcher,../../Datasets/BirdClef/features/Muscicapa striata_Spotted Flycatcher/XC205729.npy,../../Datasets/BirdClef/audio/Muscicapa striata_Spotted Flycatcher/XC205729.mp3
train,Muscicapa striata_Spotted Flycatcher,../../Datasets/BirdClef/features/Muscicapa striata_Spotted Flycatcher/XC34685.npy,../../Datasets/BirdClef/audio/Muscicapa striata_Spotted Flycatcher/XC34685.mp3
train,Myiarchus cinerascens_Ash-throated Flycatcher,../../Datasets/BirdClef/features/Myiarchus cinerascens_Ash-throated Flycatcher/XC170415.npy,../../Datasets/BirdClef/audio/Myiarchus cinerascens_Ash-throated Flycatcher/XC170415.mp3
train,Myiarchus cinerascens_Ash-throated Flycatcher,../../Datasets/BirdClef/features/Myiarchus cinerascens_Ash-throated Flycatcher/XC122895.npy,../../Datasets/BirdClef/audio/Myiarchus cinerascens_Ash-throated Flycatcher/XC122895.mp3
train,Myiarchus cinerascens_Ash-throated Flycatcher,../../Datasets/BirdClef/features/Myiarchus cinerascens_Ash-throated Flycatcher/XC170238.npy,../../Datasets/BirdClef/audio/Myiarchus cinerascens_Ash-throated Flycatcher/XC170238.mp3
train,Myiarchus cinerascens_Ash-throated Flycatcher,../../Datasets/BirdClef/features/Myiarchus cinerascens_Ash-throated Flycatcher/XC404715.npy,../../Datasets/BirdClef/audio/Myiarchus cinerascens_Ash-throated Flycatcher/XC404715.mp3
train,Myiarchus cinerascens_Ash-throated Flycatcher,../../Datasets/BirdClef/features/Myiarchus cinerascens_Ash-throated Flycatcher/XC122815.npy,../../Datasets/BirdClef/audio/Myiarchus cinerascens_Ash-throated Flycatcher/XC122815.mp3
train,Myiarchus crinitus_Great Crested Flycatcher,../../Datasets/BirdClef/features/Myiarchus crinitus_Great Crested Flycatcher/XC137719.npy,../../Datasets/BirdClef/audio/Myiarchus crinitus_Great Crested Flycatcher/XC137719.mp3
train,Myiarchus crinitus_Great Crested Flycatcher,../../Datasets/BirdClef/features/Myiarchus crinitus_Great Crested Flycatcher/XC10722.npy,../../Datasets/BirdClef/audio/Myiarchus crinitus_Great Crested Flycatcher/XC10722.mp3
train,Myiarchus crinitus_Great Crested Flycatcher,../../Datasets/BirdClef/features/Myiarchus crinitus_Great Crested Flycatcher/XC182575.npy,../../Datasets/BirdClef/audio/Myiarchus crinitus_Great Crested Flycatcher/XC182575.mp3
train,Myiarchus crinitus_Great Crested Flycatcher,../../Datasets/BirdClef/features/Myiarchus crinitus_Great Crested Flycatcher/XC16084.npy,../../Datasets/BirdClef/audio/Myiarchus crinitus_Great Crested Flycatcher/XC16084.mp3
train,Myiarchus crinitus_Great Crested Flycatcher,../../Datasets/BirdClef/features/Myiarchus crinitus_Great Crested Flycatcher/XC145801.npy,../../Datasets/BirdClef/audio/Myiarchus crinitus_Great Crested Flycatcher/XC145801.mp3
train,Myiarchus ferox_Short-crested Flycatcher,../../Datasets/BirdClef/features/Myiarchus ferox_Short-crested Flycatcher/XC443445.npy,../../Datasets/BirdClef/audio/Myiarchus ferox_Short-crested Flycatcher/XC443445.mp3
train,Myiarchus ferox_Short-crested Flycatcher,../../Datasets/BirdClef/features/Myiarchus ferox_Short-crested Flycatcher/XC225906.npy,../../Datasets/BirdClef/audio/Myiarchus ferox_Short-crested Flycatcher/XC225906.mp3
train,Myiarchus ferox_Short-crested Flycatcher,../../Datasets/BirdClef/features/Myiarchus ferox_Short-crested Flycatcher/XC225907.npy,../../Datasets/BirdClef/audio/Myiarchus ferox_Short-crested Flycatcher/XC225907.mp3
train,Myiarchus ferox_Short-crested Flycatcher,../../Datasets/BirdClef/features/Myiarchus ferox_Short-crested Flycatcher/XC115510.npy,../../Datasets/BirdClef/audio/Myiarchus ferox_Short-crested Flycatcher/XC115510.mp3
train,Myiarchus ferox_Short-crested Flycatcher,../../Datasets/BirdClef/features/Myiarchus ferox_Short-crested Flycatcher/XC272115.npy,../../Datasets/BirdClef/audio/Myiarchus ferox_Short-crested Flycatcher/XC272115.mp3
train,Myiarchus swainsoni_Swainson's Flycatcher,../../Datasets/BirdClef/features/Myiarchus swainsoni_Swainson's Flycatcher/XC498194.npy,../../Datasets/BirdClef/audio/Myiarchus swainsoni_Swainson's Flycatcher/XC498194.mp3
train,Myiarchus swainsoni_Swainson's Flycatcher,../../Datasets/BirdClef/features/Myiarchus swainsoni_Swainson's Flycatcher/XC394613.npy,../../Datasets/BirdClef/audio/Myiarchus swainsoni_Swainson's Flycatcher/XC394613.mp3
train,Myiarchus swainsoni_Swainson's Flycatcher,../../Datasets/BirdClef/features/Myiarchus swainsoni_Swainson's Flycatcher/XC332240.npy,../../Datasets/BirdClef/audio/Myiarchus swainsoni_Swainson's Flycatcher/XC332240.mp3
train,Myiarchus swainsoni_Swainson's Flycatcher,../../Datasets/BirdClef/features/Myiarchus swainsoni_Swainson's Flycatcher/XC426195.npy,../../Datasets/BirdClef/audio/Myiarchus swainsoni_Swainson's Flycatcher/XC426195.mp3
train,Myiarchus swainsoni_Swainson's Flycatcher,../../Datasets/BirdClef/features/Myiarchus swainsoni_Swainson's Flycatcher/XC89896.npy,../../Datasets/BirdClef/audio/Myiarchus swainsoni_Swainson's Flycatcher/XC89896.mp3
train,Myiarchus tuberculifer_Dusky-capped Flycatcher,../../Datasets/BirdClef/features/Myiarchus tuberculifer_Dusky-capped Flycatcher/XC123774.npy,../../Datasets/BirdClef/audio/Myiarchus tuberculifer_Dusky-capped Flycatcher/XC123774.mp3
train,Myiarchus tuberculifer_Dusky-capped Flycatcher,../../Datasets/BirdClef/features/Myiarchus tuberculifer_Dusky-capped Flycatcher/XC225927.npy,../../Datasets/BirdClef/audio/Myiarchus tuberculifer_Dusky-capped Flycatcher/XC225927.mp3
train,Myiarchus tuberculifer_Dusky-capped Flycatcher,../../Datasets/BirdClef/features/Myiarchus tuberculifer_Dusky-capped Flycatcher/XC123705.npy,../../Datasets/BirdClef/audio/Myiarchus tuberculifer_Dusky-capped Flycatcher/XC123705.mp3
train,Myiarchus tuberculifer_Dusky-capped Flycatcher,../../Datasets/BirdClef/features/Myiarchus tuberculifer_Dusky-capped Flycatcher/XC322463.npy,../../Datasets/BirdClef/audio/Myiarchus tuberculifer_Dusky-capped Flycatcher/XC322463.mp3
train,Myiarchus tuberculifer_Dusky-capped Flycatcher,../../Datasets/BirdClef/features/Myiarchus tuberculifer_Dusky-capped Flycatcher/XC335886.npy,../../Datasets/BirdClef/audio/Myiarchus tuberculifer_Dusky-capped Flycatcher/XC335886.mp3
train,Myiarchus tyrannulus_Brown-crested Flycatcher,../../Datasets/BirdClef/features/Myiarchus tyrannulus_Brown-crested Flycatcher/XC123120.npy,../../Datasets/BirdClef/audio/Myiarchus tyrannulus_Brown-crested Flycatcher/XC123120.mp3
train,Myiarchus tyrannulus_Brown-crested Flycatcher,../../Datasets/BirdClef/features/Myiarchus tyrannulus_Brown-crested Flycatcher/XC225956.npy,../../Datasets/BirdClef/audio/Myiarchus tyrannulus_Brown-crested Flycatcher/XC225956.mp3
train,Myiarchus tyrannulus_Brown-crested Flycatcher,../../Datasets/BirdClef/features/Myiarchus tyrannulus_Brown-crested Flycatcher/XC273417.npy,../../Datasets/BirdClef/audio/Myiarchus tyrannulus_Brown-crested Flycatcher/XC273417.mp3
train,Myiarchus tyrannulus_Brown-crested Flycatcher,../../Datasets/BirdClef/features/Myiarchus tyrannulus_Brown-crested Flycatcher/XC23458.npy,../../Datasets/BirdClef/audio/Myiarchus tyrannulus_Brown-crested Flycatcher/XC23458.mp3
train,Myiarchus tyrannulus_Brown-crested Flycatcher,../../Datasets/BirdClef/features/Myiarchus tyrannulus_Brown-crested Flycatcher/XC123065.npy,../../Datasets/BirdClef/audio/Myiarchus tyrannulus_Brown-crested Flycatcher/XC123065.mp3
train,Myiodynastes luteiventris_Sulphur-bellied Flycatcher,../../Datasets/BirdClef/features/Myiodynastes luteiventris_Sulphur-bellied Flycatcher/XC124043.npy,../../Datasets/BirdClef/audio/Myiodynastes luteiventris_Sulphur-bellied Flycatcher/XC124043.mp3
train,Myiodynastes luteiventris_Sulphur-bellied Flycatcher,../../Datasets/BirdClef/features/Myiodynastes luteiventris_Sulphur-bellied Flycatcher/XC124023.npy,../../Datasets/BirdClef/audio/Myiodynastes luteiventris_Sulphur-bellied Flycatcher/XC124023.mp3
train,Myiodynastes luteiventris_Sulphur-bellied Flycatcher,../../Datasets/BirdClef/features/Myiodynastes luteiventris_Sulphur-bellied Flycatcher/XC16362.npy,../../Datasets/BirdClef/audio/Myiodynastes luteiventris_Sulphur-bellied Flycatcher/XC16362.mp3
train,Myiodynastes luteiventris_Sulphur-bellied Flycatcher,../../Datasets/BirdClef/features/Myiodynastes luteiventris_Sulphur-bellied Flycatcher/XC124034.npy,../../Datasets/BirdClef/audio/Myiodynastes luteiventris_Sulphur-bellied Flycatcher/XC124034.mp3
train,Myiodynastes luteiventris_Sulphur-bellied Flycatcher,../../Datasets/BirdClef/features/Myiodynastes luteiventris_Sulphur-bellied Flycatcher/XC107210.npy,../../Datasets/BirdClef/audio/Myiodynastes luteiventris_Sulphur-bellied Flycatcher/XC107210.mp3
train,Myiodynastes maculatus_Streaked Flycatcher,../../Datasets/BirdClef/features/Myiodynastes maculatus_Streaked Flycatcher/XC144165.npy,../../Datasets/BirdClef/audio/Myiodynastes maculatus_Streaked Flycatcher/XC144165.mp3
train,Myiodynastes maculatus_Streaked Flycatcher,../../Datasets/BirdClef/features/Myiodynastes maculatus_Streaked Flycatcher/XC46699.npy,../../Datasets/BirdClef/audio/Myiodynastes maculatus_Streaked Flycatcher/XC46699.mp3
train,Myiodynastes maculatus_Streaked Flycatcher,../../Datasets/BirdClef/features/Myiodynastes maculatus_Streaked Flycatcher/XC361108.npy,../../Datasets/BirdClef/audio/Myiodynastes maculatus_Streaked Flycatcher/XC361108.mp3
train,Myiodynastes maculatus_Streaked Flycatcher,../../Datasets/BirdClef/features/Myiodynastes maculatus_Streaked Flycatcher/XC235995.npy,../../Datasets/BirdClef/audio/Myiodynastes maculatus_Streaked Flycatcher/XC235995.mp3
train,Myiodynastes maculatus_Streaked Flycatcher,../../Datasets/BirdClef/features/Myiodynastes maculatus_Streaked Flycatcher/XC376171.npy,../../Datasets/BirdClef/audio/Myiodynastes maculatus_Streaked Flycatcher/XC376171.mp3
train,Myiopagis caniceps_Gray Elaenia,../../Datasets/BirdClef/features/Myiopagis caniceps_Gray Elaenia/XC75579.npy,../../Datasets/BirdClef/audio/Myiopagis caniceps_Gray Elaenia/XC75579.mp3
train,Myiopagis caniceps_Gray Elaenia,../../Datasets/BirdClef/features/Myiopagis caniceps_Gray Elaenia/XC275424.npy,../../Datasets/BirdClef/audio/Myiopagis caniceps_Gray Elaenia/XC275424.mp3
train,Myiopagis caniceps_Gray Elaenia,../../Datasets/BirdClef/features/Myiopagis caniceps_Gray Elaenia/XC46430.npy,../../Datasets/BirdClef/audio/Myiopagis caniceps_Gray Elaenia/XC46430.mp3
train,Myiopagis caniceps_Gray Elaenia,../../Datasets/BirdClef/features/Myiopagis caniceps_Gray Elaenia/XC226088.npy,../../Datasets/BirdClef/audio/Myiopagis caniceps_Gray Elaenia/XC226088.mp3
train,Myiopagis caniceps_Gray Elaenia,../../Datasets/BirdClef/features/Myiopagis caniceps_Gray Elaenia/XC441570.npy,../../Datasets/BirdClef/audio/Myiopagis caniceps_Gray Elaenia/XC441570.mp3
train,Myiopagis gaimardii_Forest Elaenia,../../Datasets/BirdClef/features/Myiopagis gaimardii_Forest Elaenia/XC180349.npy,../../Datasets/BirdClef/audio/Myiopagis gaimardii_Forest Elaenia/XC180349.mp3
train,Myiopagis gaimardii_Forest Elaenia,../../Datasets/BirdClef/features/Myiopagis gaimardii_Forest Elaenia/XC11646.npy,../../Datasets/BirdClef/audio/Myiopagis gaimardii_Forest Elaenia/XC11646.mp3
train,Myiopagis gaimardii_Forest Elaenia,../../Datasets/BirdClef/features/Myiopagis gaimardii_Forest Elaenia/XC226112.npy,../../Datasets/BirdClef/audio/Myiopagis gaimardii_Forest Elaenia/XC226112.mp3
train,Myiopagis gaimardii_Forest Elaenia,../../Datasets/BirdClef/features/Myiopagis gaimardii_Forest Elaenia/XC226109.npy,../../Datasets/BirdClef/audio/Myiopagis gaimardii_Forest Elaenia/XC226109.mp3
train,Myiopagis gaimardii_Forest Elaenia,../../Datasets/BirdClef/features/Myiopagis gaimardii_Forest Elaenia/XC441436.npy,../../Datasets/BirdClef/audio/Myiopagis gaimardii_Forest Elaenia/XC441436.mp3
train,Myiopagis viridicata_Greenish Elaenia,../../Datasets/BirdClef/features/Myiopagis viridicata_Greenish Elaenia/XC45177.npy,../../Datasets/BirdClef/audio/Myiopagis viridicata_Greenish Elaenia/XC45177.mp3
train,Myiopagis viridicata_Greenish Elaenia,../../Datasets/BirdClef/features/Myiopagis viridicata_Greenish Elaenia/XC403202.npy,../../Datasets/BirdClef/audio/Myiopagis viridicata_Greenish Elaenia/XC403202.mp3
train,Myiopagis viridicata_Greenish Elaenia,../../Datasets/BirdClef/features/Myiopagis viridicata_Greenish Elaenia/XC474554.npy,../../Datasets/BirdClef/audio/Myiopagis viridicata_Greenish Elaenia/XC474554.mp3
train,Myiopagis viridicata_Greenish Elaenia,../../Datasets/BirdClef/features/Myiopagis viridicata_Greenish Elaenia/XC32328.npy,../../Datasets/BirdClef/audio/Myiopagis viridicata_Greenish Elaenia/XC32328.mp3
train,Myiopagis viridicata_Greenish Elaenia,../../Datasets/BirdClef/features/Myiopagis viridicata_Greenish Elaenia/XC332383.npy,../../Datasets/BirdClef/audio/Myiopagis viridicata_Greenish Elaenia/XC332383.mp3
train,Myiophobus fasciatus_Bran-colored Flycatcher,../../Datasets/BirdClef/features/Myiophobus fasciatus_Bran-colored Flycatcher/XC235128.npy,../../Datasets/BirdClef/audio/Myiophobus fasciatus_Bran-colored Flycatcher/XC235128.mp3
train,Myiophobus fasciatus_Bran-colored Flycatcher,../../Datasets/BirdClef/features/Myiophobus fasciatus_Bran-colored Flycatcher/XC23457.npy,../../Datasets/BirdClef/audio/Myiophobus fasciatus_Bran-colored Flycatcher/XC23457.mp3
train,Myiophobus fasciatus_Bran-colored Flycatcher,../../Datasets/BirdClef/features/Myiophobus fasciatus_Bran-colored Flycatcher/XC19549.npy,../../Datasets/BirdClef/audio/Myiophobus fasciatus_Bran-colored Flycatcher/XC19549.mp3
train,Myiophobus fasciatus_Bran-colored Flycatcher,../../Datasets/BirdClef/features/Myiophobus fasciatus_Bran-colored Flycatcher/XC250080.npy,../../Datasets/BirdClef/audio/Myiophobus fasciatus_Bran-colored Flycatcher/XC250080.mp3
train,Myiophobus fasciatus_Bran-colored Flycatcher,../../Datasets/BirdClef/features/Myiophobus fasciatus_Bran-colored Flycatcher/XC345027.npy,../../Datasets/BirdClef/audio/Myiophobus fasciatus_Bran-colored Flycatcher/XC345027.mp3
train,Myiornis ecaudatus_Short-tailed Pygmy-Tyrant,../../Datasets/BirdClef/features/Myiornis ecaudatus_Short-tailed Pygmy-Tyrant/XC7882.npy,../../Datasets/BirdClef/audio/Myiornis ecaudatus_Short-tailed Pygmy-Tyrant/XC7882.mp3
train,Myiornis ecaudatus_Short-tailed Pygmy-Tyrant,../../Datasets/BirdClef/features/Myiornis ecaudatus_Short-tailed Pygmy-Tyrant/XC226185.npy,../../Datasets/BirdClef/audio/Myiornis ecaudatus_Short-tailed Pygmy-Tyrant/XC226185.mp3
train,Myiornis ecaudatus_Short-tailed Pygmy-Tyrant,../../Datasets/BirdClef/features/Myiornis ecaudatus_Short-tailed Pygmy-Tyrant/XC257097.npy,../../Datasets/BirdClef/audio/Myiornis ecaudatus_Short-tailed Pygmy-Tyrant/XC257097.mp3
train,Myiornis ecaudatus_Short-tailed Pygmy-Tyrant,../../Datasets/BirdClef/features/Myiornis ecaudatus_Short-tailed Pygmy-Tyrant/XC342765.npy,../../Datasets/BirdClef/audio/Myiornis ecaudatus_Short-tailed Pygmy-Tyrant/XC342765.mp3
train,Myiornis ecaudatus_Short-tailed Pygmy-Tyrant,../../Datasets/BirdClef/features/Myiornis ecaudatus_Short-tailed Pygmy-Tyrant/XC115424.npy,../../Datasets/BirdClef/audio/Myiornis ecaudatus_Short-tailed Pygmy-Tyrant/XC115424.mp3
train,Myiothlypis fulvicauda_Buff-rumped Warbler,../../Datasets/BirdClef/features/Myiothlypis fulvicauda_Buff-rumped Warbler/XC11962.npy,../../Datasets/BirdClef/audio/Myiothlypis fulvicauda_Buff-rumped Warbler/XC11962.mp3
train,Myiothlypis fulvicauda_Buff-rumped Warbler,../../Datasets/BirdClef/features/Myiothlypis fulvicauda_Buff-rumped Warbler/XC245005.npy,../../Datasets/BirdClef/audio/Myiothlypis fulvicauda_Buff-rumped Warbler/XC245005.mp3
train,Myiothlypis fulvicauda_Buff-rumped Warbler,../../Datasets/BirdClef/features/Myiothlypis fulvicauda_Buff-rumped Warbler/XC154060.npy,../../Datasets/BirdClef/audio/Myiothlypis fulvicauda_Buff-rumped Warbler/XC154060.mp3
train,Myiothlypis fulvicauda_Buff-rumped Warbler,../../Datasets/BirdClef/features/Myiothlypis fulvicauda_Buff-rumped Warbler/XC242882.npy,../../Datasets/BirdClef/audio/Myiothlypis fulvicauda_Buff-rumped Warbler/XC242882.mp3
train,Myiothlypis fulvicauda_Buff-rumped Warbler,../../Datasets/BirdClef/features/Myiothlypis fulvicauda_Buff-rumped Warbler/XC113025.npy,../../Datasets/BirdClef/audio/Myiothlypis fulvicauda_Buff-rumped Warbler/XC113025.mp3
train,Myiozetetes cayanensis_Rusty-margined Flycatcher,../../Datasets/BirdClef/features/Myiozetetes cayanensis_Rusty-margined Flycatcher/XC10091.npy,../../Datasets/BirdClef/audio/Myiozetetes cayanensis_Rusty-margined Flycatcher/XC10091.mp3
train,Myiozetetes cayanensis_Rusty-margined Flycatcher,../../Datasets/BirdClef/features/Myiozetetes cayanensis_Rusty-margined Flycatcher/XC272429.npy,../../Datasets/BirdClef/audio/Myiozetetes cayanensis_Rusty-margined Flycatcher/XC272429.mp3
train,Myiozetetes cayanensis_Rusty-margined Flycatcher,../../Datasets/BirdClef/features/Myiozetetes cayanensis_Rusty-margined Flycatcher/XC58405.npy,../../Datasets/BirdClef/audio/Myiozetetes cayanensis_Rusty-margined Flycatcher/XC58405.mp3
train,Myiozetetes cayanensis_Rusty-margined Flycatcher,../../Datasets/BirdClef/features/Myiozetetes cayanensis_Rusty-margined Flycatcher/XC393146.npy,../../Datasets/BirdClef/audio/Myiozetetes cayanensis_Rusty-margined Flycatcher/XC393146.mp3
train,Myiozetetes cayanensis_Rusty-margined Flycatcher,../../Datasets/BirdClef/features/Myiozetetes cayanensis_Rusty-margined Flycatcher/XC272428.npy,../../Datasets/BirdClef/audio/Myiozetetes cayanensis_Rusty-margined Flycatcher/XC272428.mp3
train,Myiozetetes granadensis_Gray-capped Flycatcher,../../Datasets/BirdClef/features/Myiozetetes granadensis_Gray-capped Flycatcher/XC107423.npy,../../Datasets/BirdClef/audio/Myiozetetes granadensis_Gray-capped Flycatcher/XC107423.mp3
train,Myiozetetes granadensis_Gray-capped Flycatcher,../../Datasets/BirdClef/features/Myiozetetes granadensis_Gray-capped Flycatcher/XC357432.npy,../../Datasets/BirdClef/audio/Myiozetetes granadensis_Gray-capped Flycatcher/XC357432.mp3
train,Myiozetetes granadensis_Gray-capped Flycatcher,../../Datasets/BirdClef/features/Myiozetetes granadensis_Gray-capped Flycatcher/XC63682.npy,../../Datasets/BirdClef/audio/Myiozetetes granadensis_Gray-capped Flycatcher/XC63682.mp3
train,Myiozetetes granadensis_Gray-capped Flycatcher,../../Datasets/BirdClef/features/Myiozetetes granadensis_Gray-capped Flycatcher/XC479434.npy,../../Datasets/BirdClef/audio/Myiozetetes granadensis_Gray-capped Flycatcher/XC479434.mp3
train,Myiozetetes granadensis_Gray-capped Flycatcher,../../Datasets/BirdClef/features/Myiozetetes granadensis_Gray-capped Flycatcher/XC436108.npy,../../Datasets/BirdClef/audio/Myiozetetes granadensis_Gray-capped Flycatcher/XC436108.mp3
train,Myiozetetes luteiventris_Dusky-chested Flycatcher,../../Datasets/BirdClef/features/Myiozetetes luteiventris_Dusky-chested Flycatcher/XC249986.npy,../../Datasets/BirdClef/audio/Myiozetetes luteiventris_Dusky-chested Flycatcher/XC249986.mp3
train,Myiozetetes luteiventris_Dusky-chested Flycatcher,../../Datasets/BirdClef/features/Myiozetetes luteiventris_Dusky-chested Flycatcher/XC191556.npy,../../Datasets/BirdClef/audio/Myiozetetes luteiventris_Dusky-chested Flycatcher/XC191556.mp3
train,Myiozetetes luteiventris_Dusky-chested Flycatcher,../../Datasets/BirdClef/features/Myiozetetes luteiventris_Dusky-chested Flycatcher/XC482151.npy,../../Datasets/BirdClef/audio/Myiozetetes luteiventris_Dusky-chested Flycatcher/XC482151.mp3
train,Myiozetetes luteiventris_Dusky-chested Flycatcher,../../Datasets/BirdClef/features/Myiozetetes luteiventris_Dusky-chested Flycatcher/XC309224.npy,../../Datasets/BirdClef/audio/Myiozetetes luteiventris_Dusky-chested Flycatcher/XC309224.mp3
train,Myiozetetes luteiventris_Dusky-chested Flycatcher,../../Datasets/BirdClef/features/Myiozetetes luteiventris_Dusky-chested Flycatcher/XC121474.npy,../../Datasets/BirdClef/audio/Myiozetetes luteiventris_Dusky-chested Flycatcher/XC121474.mp3
train,Myiozetetes similis_Social Flycatcher,../../Datasets/BirdClef/features/Myiozetetes similis_Social Flycatcher/XC169981.npy,../../Datasets/BirdClef/audio/Myiozetetes similis_Social Flycatcher/XC169981.mp3
train,Myiozetetes similis_Social Flycatcher,../../Datasets/BirdClef/features/Myiozetetes similis_Social Flycatcher/XC283819.npy,../../Datasets/BirdClef/audio/Myiozetetes similis_Social Flycatcher/XC283819.mp3
train,Myiozetetes similis_Social Flycatcher,../../Datasets/BirdClef/features/Myiozetetes similis_Social Flycatcher/XC395975.npy,../../Datasets/BirdClef/audio/Myiozetetes similis_Social Flycatcher/XC395975.mp3
train,Myiozetetes similis_Social Flycatcher,../../Datasets/BirdClef/features/Myiozetetes similis_Social Flycatcher/XC194423.npy,../../Datasets/BirdClef/audio/Myiozetetes similis_Social Flycatcher/XC194423.mp3
train,Myiozetetes similis_Social Flycatcher,../../Datasets/BirdClef/features/Myiozetetes similis_Social Flycatcher/XC486460.npy,../../Datasets/BirdClef/audio/Myiozetetes similis_Social Flycatcher/XC486460.mp3
train,Myrmelastes hyperythrus_Plumbeous Antbird,../../Datasets/BirdClef/features/Myrmelastes hyperythrus_Plumbeous Antbird/XC226332.npy,../../Datasets/BirdClef/audio/Myrmelastes hyperythrus_Plumbeous Antbird/XC226332.mp3
train,Myrmelastes hyperythrus_Plumbeous Antbird,../../Datasets/BirdClef/features/Myrmelastes hyperythrus_Plumbeous Antbird/XC128148.npy,../../Datasets/BirdClef/audio/Myrmelastes hyperythrus_Plumbeous Antbird/XC128148.mp3
train,Myrmelastes hyperythrus_Plumbeous Antbird,../../Datasets/BirdClef/features/Myrmelastes hyperythrus_Plumbeous Antbird/XC472246.npy,../../Datasets/BirdClef/audio/Myrmelastes hyperythrus_Plumbeous Antbird/XC472246.mp3
train,Myrmelastes hyperythrus_Plumbeous Antbird,../../Datasets/BirdClef/features/Myrmelastes hyperythrus_Plumbeous Antbird/XC191807.npy,../../Datasets/BirdClef/audio/Myrmelastes hyperythrus_Plumbeous Antbird/XC191807.mp3
train,Myrmelastes hyperythrus_Plumbeous Antbird,../../Datasets/BirdClef/features/Myrmelastes hyperythrus_Plumbeous Antbird/XC276248.npy,../../Datasets/BirdClef/audio/Myrmelastes hyperythrus_Plumbeous Antbird/XC276248.mp3
train,Myrmoborus leucophrys_White-browed Antbird,../../Datasets/BirdClef/features/Myrmoborus leucophrys_White-browed Antbird/XC260805.npy,../../Datasets/BirdClef/audio/Myrmoborus leucophrys_White-browed Antbird/XC260805.mp3
train,Myrmoborus leucophrys_White-browed Antbird,../../Datasets/BirdClef/features/Myrmoborus leucophrys_White-browed Antbird/XC463651.npy,../../Datasets/BirdClef/audio/Myrmoborus leucophrys_White-browed Antbird/XC463651.mp3
train,Myrmoborus leucophrys_White-browed Antbird,../../Datasets/BirdClef/features/Myrmoborus leucophrys_White-browed Antbird/XC463655.npy,../../Datasets/BirdClef/audio/Myrmoborus leucophrys_White-browed Antbird/XC463655.mp3
train,Myrmoborus leucophrys_White-browed Antbird,../../Datasets/BirdClef/features/Myrmoborus leucophrys_White-browed Antbird/XC89240.npy,../../Datasets/BirdClef/audio/Myrmoborus leucophrys_White-browed Antbird/XC89240.mp3
train,Myrmoborus leucophrys_White-browed Antbird,../../Datasets/BirdClef/features/Myrmoborus leucophrys_White-browed Antbird/XC214731.npy,../../Datasets/BirdClef/audio/Myrmoborus leucophrys_White-browed Antbird/XC214731.mp3
train,Myrmoborus lophotes_White-lined Antbird,../../Datasets/BirdClef/features/Myrmoborus lophotes_White-lined Antbird/XC474897.npy,../../Datasets/BirdClef/audio/Myrmoborus lophotes_White-lined Antbird/XC474897.mp3
train,Myrmoborus lophotes_White-lined Antbird,../../Datasets/BirdClef/features/Myrmoborus lophotes_White-lined Antbird/XC227459.npy,../../Datasets/BirdClef/audio/Myrmoborus lophotes_White-lined Antbird/XC227459.mp3
train,Myrmoborus lophotes_White-lined Antbird,../../Datasets/BirdClef/features/Myrmoborus lophotes_White-lined Antbird/XC22482.npy,../../Datasets/BirdClef/audio/Myrmoborus lophotes_White-lined Antbird/XC22482.mp3
train,Myrmoborus lophotes_White-lined Antbird,../../Datasets/BirdClef/features/Myrmoborus lophotes_White-lined Antbird/XC227455.npy,../../Datasets/BirdClef/audio/Myrmoborus lophotes_White-lined Antbird/XC227455.mp3
train,Myrmoborus lophotes_White-lined Antbird,../../Datasets/BirdClef/features/Myrmoborus lophotes_White-lined Antbird/XC253169.npy,../../Datasets/BirdClef/audio/Myrmoborus lophotes_White-lined Antbird/XC253169.mp3
train,Myrmoborus myotherinus_Black-faced Antbird,../../Datasets/BirdClef/features/Myrmoborus myotherinus_Black-faced Antbird/XC505079.npy,../../Datasets/BirdClef/audio/Myrmoborus myotherinus_Black-faced Antbird/XC505079.mp3
train,Myrmoborus myotherinus_Black-faced Antbird,../../Datasets/BirdClef/features/Myrmoborus myotherinus_Black-faced Antbird/XC246005.npy,../../Datasets/BirdClef/audio/Myrmoborus myotherinus_Black-faced Antbird/XC246005.mp3
train,Myrmoborus myotherinus_Black-faced Antbird,../../Datasets/BirdClef/features/Myrmoborus myotherinus_Black-faced Antbird/XC246003.npy,../../Datasets/BirdClef/audio/Myrmoborus myotherinus_Black-faced Antbird/XC246003.mp3
train,Myrmoborus myotherinus_Black-faced Antbird,../../Datasets/BirdClef/features/Myrmoborus myotherinus_Black-faced Antbird/XC258472.npy,../../Datasets/BirdClef/audio/Myrmoborus myotherinus_Black-faced Antbird/XC258472.mp3
train,Myrmoborus myotherinus_Black-faced Antbird,../../Datasets/BirdClef/features/Myrmoborus myotherinus_Black-faced Antbird/XC390416.npy,../../Datasets/BirdClef/audio/Myrmoborus myotherinus_Black-faced Antbird/XC390416.mp3
train,Myrmophylax atrothorax_Black-throated Antbird,../../Datasets/BirdClef/features/Myrmophylax atrothorax_Black-throated Antbird/XC237594.npy,../../Datasets/BirdClef/audio/Myrmophylax atrothorax_Black-throated Antbird/XC237594.mp3
train,Myrmophylax atrothorax_Black-throated Antbird,../../Datasets/BirdClef/features/Myrmophylax atrothorax_Black-throated Antbird/XC471412.npy,../../Datasets/BirdClef/audio/Myrmophylax atrothorax_Black-throated Antbird/XC471412.mp3
train,Myrmophylax atrothorax_Black-throated Antbird,../../Datasets/BirdClef/features/Myrmophylax atrothorax_Black-throated Antbird/XC436523.npy,../../Datasets/BirdClef/audio/Myrmophylax atrothorax_Black-throated Antbird/XC436523.mp3
train,Myrmophylax atrothorax_Black-throated Antbird,../../Datasets/BirdClef/features/Myrmophylax atrothorax_Black-throated Antbird/XC272420.npy,../../Datasets/BirdClef/audio/Myrmophylax atrothorax_Black-throated Antbird/XC272420.mp3
train,Myrmophylax atrothorax_Black-throated Antbird,../../Datasets/BirdClef/features/Myrmophylax atrothorax_Black-throated Antbird/XC276242.npy,../../Datasets/BirdClef/audio/Myrmophylax atrothorax_Black-throated Antbird/XC276242.mp3
train,Myrmothera campanisona_Thrush-like Antpitta,../../Datasets/BirdClef/features/Myrmothera campanisona_Thrush-like Antpitta/XC122386.npy,../../Datasets/BirdClef/audio/Myrmothera campanisona_Thrush-like Antpitta/XC122386.mp3
train,Myrmothera campanisona_Thrush-like Antpitta,../../Datasets/BirdClef/features/Myrmothera campanisona_Thrush-like Antpitta/XC258620.npy,../../Datasets/BirdClef/audio/Myrmothera campanisona_Thrush-like Antpitta/XC258620.mp3
train,Myrmothera campanisona_Thrush-like Antpitta,../../Datasets/BirdClef/features/Myrmothera campanisona_Thrush-like Antpitta/XC463719.npy,../../Datasets/BirdClef/audio/Myrmothera campanisona_Thrush-like Antpitta/XC463719.mp3
train,Myrmothera campanisona_Thrush-like Antpitta,../../Datasets/BirdClef/features/Myrmothera campanisona_Thrush-like Antpitta/XC284934.npy,../../Datasets/BirdClef/audio/Myrmothera campanisona_Thrush-like Antpitta/XC284934.mp3
train,Myrmothera campanisona_Thrush-like Antpitta,../../Datasets/BirdClef/features/Myrmothera campanisona_Thrush-like Antpitta/XC10001.npy,../../Datasets/BirdClef/audio/Myrmothera campanisona_Thrush-like Antpitta/XC10001.mp3
train,Myrmotherula axillaris_White-flanked Antwren,../../Datasets/BirdClef/features/Myrmotherula axillaris_White-flanked Antwren/XC276261.npy,../../Datasets/BirdClef/audio/Myrmotherula axillaris_White-flanked Antwren/XC276261.mp3
train,Myrmotherula axillaris_White-flanked Antwren,../../Datasets/BirdClef/features/Myrmotherula axillaris_White-flanked Antwren/XC77606.npy,../../Datasets/BirdClef/audio/Myrmotherula axillaris_White-flanked Antwren/XC77606.mp3
train,Myrmotherula axillaris_White-flanked Antwren,../../Datasets/BirdClef/features/Myrmotherula axillaris_White-flanked Antwren/XC108691.npy,../../Datasets/BirdClef/audio/Myrmotherula axillaris_White-flanked Antwren/XC108691.mp3
train,Myrmotherula axillaris_White-flanked Antwren,../../Datasets/BirdClef/features/Myrmotherula axillaris_White-flanked Antwren/XC272423.npy,../../Datasets/BirdClef/audio/Myrmotherula axillaris_White-flanked Antwren/XC272423.mp3
train,Myrmotherula axillaris_White-flanked Antwren,../../Datasets/BirdClef/features/Myrmotherula axillaris_White-flanked Antwren/XC226478.npy,../../Datasets/BirdClef/audio/Myrmotherula axillaris_White-flanked Antwren/XC226478.mp3
train,Myrmotherula brachyura_Pygmy Antwren,../../Datasets/BirdClef/features/Myrmotherula brachyura_Pygmy Antwren/XC483132.npy,../../Datasets/BirdClef/audio/Myrmotherula brachyura_Pygmy Antwren/XC483132.mp3
train,Myrmotherula brachyura_Pygmy Antwren,../../Datasets/BirdClef/features/Myrmotherula brachyura_Pygmy Antwren/XC226494.npy,../../Datasets/BirdClef/audio/Myrmotherula brachyura_Pygmy Antwren/XC226494.mp3
train,Myrmotherula brachyura_Pygmy Antwren,../../Datasets/BirdClef/features/Myrmotherula brachyura_Pygmy Antwren/XC282164.npy,../../Datasets/BirdClef/audio/Myrmotherula brachyura_Pygmy Antwren/XC282164.mp3
train,Myrmotherula brachyura_Pygmy Antwren,../../Datasets/BirdClef/features/Myrmotherula brachyura_Pygmy Antwren/XC63269.npy,../../Datasets/BirdClef/audio/Myrmotherula brachyura_Pygmy Antwren/XC63269.mp3
train,Myrmotherula brachyura_Pygmy Antwren,../../Datasets/BirdClef/features/Myrmotherula brachyura_Pygmy Antwren/XC304869.npy,../../Datasets/BirdClef/audio/Myrmotherula brachyura_Pygmy Antwren/XC304869.mp3
train,Myrmotherula longipennis_Long-winged Antwren,../../Datasets/BirdClef/features/Myrmotherula longipennis_Long-winged Antwren/XC452948.npy,../../Datasets/BirdClef/audio/Myrmotherula longipennis_Long-winged Antwren/XC452948.mp3
train,Myrmotherula longipennis_Long-winged Antwren,../../Datasets/BirdClef/features/Myrmotherula longipennis_Long-winged Antwren/XC491870.npy,../../Datasets/BirdClef/audio/Myrmotherula longipennis_Long-winged Antwren/XC491870.mp3
train,Myrmotherula longipennis_Long-winged Antwren,../../Datasets/BirdClef/features/Myrmotherula longipennis_Long-winged Antwren/XC249135.npy,../../Datasets/BirdClef/audio/Myrmotherula longipennis_Long-winged Antwren/XC249135.mp3
train,Myrmotherula longipennis_Long-winged Antwren,../../Datasets/BirdClef/features/Myrmotherula longipennis_Long-winged Antwren/XC474910.npy,../../Datasets/BirdClef/audio/Myrmotherula longipennis_Long-winged Antwren/XC474910.mp3
train,Myrmotherula longipennis_Long-winged Antwren,../../Datasets/BirdClef/features/Myrmotherula longipennis_Long-winged Antwren/XC9436.npy,../../Datasets/BirdClef/audio/Myrmotherula longipennis_Long-winged Antwren/XC9436.mp3
train,Myrmotherula menetriesii_Gray Antwren,../../Datasets/BirdClef/features/Myrmotherula menetriesii_Gray Antwren/XC270850.npy,../../Datasets/BirdClef/audio/Myrmotherula menetriesii_Gray Antwren/XC270850.mp3
train,Myrmotherula menetriesii_Gray Antwren,../../Datasets/BirdClef/features/Myrmotherula menetriesii_Gray Antwren/XC403387.npy,../../Datasets/BirdClef/audio/Myrmotherula menetriesii_Gray Antwren/XC403387.mp3
train,Myrmotherula menetriesii_Gray Antwren,../../Datasets/BirdClef/features/Myrmotherula menetriesii_Gray Antwren/XC270852.npy,../../Datasets/BirdClef/audio/Myrmotherula menetriesii_Gray Antwren/XC270852.mp3
train,Myrmotherula menetriesii_Gray Antwren,../../Datasets/BirdClef/features/Myrmotherula menetriesii_Gray Antwren/XC213313.npy,../../Datasets/BirdClef/audio/Myrmotherula menetriesii_Gray Antwren/XC213313.mp3
train,Myrmotherula menetriesii_Gray Antwren,../../Datasets/BirdClef/features/Myrmotherula menetriesii_Gray Antwren/XC2316.npy,../../Datasets/BirdClef/audio/Myrmotherula menetriesii_Gray Antwren/XC2316.mp3
train,Myrmotherula multostriata_Amazonian Streaked-Antwren,../../Datasets/BirdClef/features/Myrmotherula multostriata_Amazonian Streaked-Antwren/XC68796.npy,../../Datasets/BirdClef/audio/Myrmotherula multostriata_Amazonian Streaked-Antwren/XC68796.mp3
train,Myrmotherula multostriata_Amazonian Streaked-Antwren,../../Datasets/BirdClef/features/Myrmotherula multostriata_Amazonian Streaked-Antwren/XC402856.npy,../../Datasets/BirdClef/audio/Myrmotherula multostriata_Amazonian Streaked-Antwren/XC402856.mp3
train,Myrmotherula multostriata_Amazonian Streaked-Antwren,../../Datasets/BirdClef/features/Myrmotherula multostriata_Amazonian Streaked-Antwren/XC3501.npy,../../Datasets/BirdClef/audio/Myrmotherula multostriata_Amazonian Streaked-Antwren/XC3501.mp3
train,Myrmotherula multostriata_Amazonian Streaked-Antwren,../../Datasets/BirdClef/features/Myrmotherula multostriata_Amazonian Streaked-Antwren/XC483308.npy,../../Datasets/BirdClef/audio/Myrmotherula multostriata_Amazonian Streaked-Antwren/XC483308.mp3
train,Myrmotherula multostriata_Amazonian Streaked-Antwren,../../Datasets/BirdClef/features/Myrmotherula multostriata_Amazonian Streaked-Antwren/XC70283.npy,../../Datasets/BirdClef/audio/Myrmotherula multostriata_Amazonian Streaked-Antwren/XC70283.mp3
train,Myrmotherula sclateri_Sclater's Antwren,../../Datasets/BirdClef/features/Myrmotherula sclateri_Sclater's Antwren/XC413562.npy,../../Datasets/BirdClef/audio/Myrmotherula sclateri_Sclater's Antwren/XC413562.mp3
train,Myrmotherula sclateri_Sclater's Antwren,../../Datasets/BirdClef/features/Myrmotherula sclateri_Sclater's Antwren/XC482087.npy,../../Datasets/BirdClef/audio/Myrmotherula sclateri_Sclater's Antwren/XC482087.mp3
train,Myrmotherula sclateri_Sclater's Antwren,../../Datasets/BirdClef/features/Myrmotherula sclateri_Sclater's Antwren/XC226598.npy,../../Datasets/BirdClef/audio/Myrmotherula sclateri_Sclater's Antwren/XC226598.mp3
train,Myrmotherula sclateri_Sclater's Antwren,../../Datasets/BirdClef/features/Myrmotherula sclateri_Sclater's Antwren/XC119379.npy,../../Datasets/BirdClef/audio/Myrmotherula sclateri_Sclater's Antwren/XC119379.mp3
train,Myrmotherula sclateri_Sclater's Antwren,../../Datasets/BirdClef/features/Myrmotherula sclateri_Sclater's Antwren/XC119518.npy,../../Datasets/BirdClef/audio/Myrmotherula sclateri_Sclater's Antwren/XC119518.mp3
train,Nasica longirostris_Long-billed Woodcreeper,../../Datasets/BirdClef/features/Nasica longirostris_Long-billed Woodcreeper/XC34367.npy,../../Datasets/BirdClef/audio/Nasica longirostris_Long-billed Woodcreeper/XC34367.mp3
train,Nasica longirostris_Long-billed Woodcreeper,../../Datasets/BirdClef/features/Nasica longirostris_Long-billed Woodcreeper/XC258275.npy,../../Datasets/BirdClef/audio/Nasica longirostris_Long-billed Woodcreeper/XC258275.mp3
train,Nasica longirostris_Long-billed Woodcreeper,../../Datasets/BirdClef/features/Nasica longirostris_Long-billed Woodcreeper/XC270858.npy,../../Datasets/BirdClef/audio/Nasica longirostris_Long-billed Woodcreeper/XC270858.mp3
train,Nasica longirostris_Long-billed Woodcreeper,../../Datasets/BirdClef/features/Nasica longirostris_Long-billed Woodcreeper/XC270039.npy,../../Datasets/BirdClef/audio/Nasica longirostris_Long-billed Woodcreeper/XC270039.mp3
train,Nasica longirostris_Long-billed Woodcreeper,../../Datasets/BirdClef/features/Nasica longirostris_Long-billed Woodcreeper/XC445375.npy,../../Datasets/BirdClef/audio/Nasica longirostris_Long-billed Woodcreeper/XC445375.mp3
train,Notharchus hyperrhynchus_White-necked Puffbird,../../Datasets/BirdClef/features/Notharchus hyperrhynchus_White-necked Puffbird/XC421814.npy,../../Datasets/BirdClef/audio/Notharchus hyperrhynchus_White-necked Puffbird/XC421814.mp3
train,Notharchus hyperrhynchus_White-necked Puffbird,../../Datasets/BirdClef/features/Notharchus hyperrhynchus_White-necked Puffbird/XC5661.npy,../../Datasets/BirdClef/audio/Notharchus hyperrhynchus_White-necked Puffbird/XC5661.mp3
train,Notharchus hyperrhynchus_White-necked Puffbird,../../Datasets/BirdClef/features/Notharchus hyperrhynchus_White-necked Puffbird/XC63264.npy,../../Datasets/BirdClef/audio/Notharchus hyperrhynchus_White-necked Puffbird/XC63264.mp3
train,Notharchus hyperrhynchus_White-necked Puffbird,../../Datasets/BirdClef/features/Notharchus hyperrhynchus_White-necked Puffbird/XC226697.npy,../../Datasets/BirdClef/audio/Notharchus hyperrhynchus_White-necked Puffbird/XC226697.mp3
train,Notharchus hyperrhynchus_White-necked Puffbird,../../Datasets/BirdClef/features/Notharchus hyperrhynchus_White-necked Puffbird/XC63793.npy,../../Datasets/BirdClef/audio/Notharchus hyperrhynchus_White-necked Puffbird/XC63793.mp3
train,Nucifraga columbiana_Clark's Nutcracker,../../Datasets/BirdClef/features/Nucifraga columbiana_Clark's Nutcracker/XC102879.npy,../../Datasets/BirdClef/audio/Nucifraga columbiana_Clark's Nutcracker/XC102879.mp3
train,Nucifraga columbiana_Clark's Nutcracker,../../Datasets/BirdClef/features/Nucifraga columbiana_Clark's Nutcracker/XC12207.npy,../../Datasets/BirdClef/audio/Nucifraga columbiana_Clark's Nutcracker/XC12207.mp3
train,Nucifraga columbiana_Clark's Nutcracker,../../Datasets/BirdClef/features/Nucifraga columbiana_Clark's Nutcracker/XC182587.npy,../../Datasets/BirdClef/audio/Nucifraga columbiana_Clark's Nutcracker/XC182587.mp3
train,Nucifraga columbiana_Clark's Nutcracker,../../Datasets/BirdClef/features/Nucifraga columbiana_Clark's Nutcracker/XC294249.npy,../../Datasets/BirdClef/audio/Nucifraga columbiana_Clark's Nutcracker/XC294249.mp3
train,Nucifraga columbiana_Clark's Nutcracker,../../Datasets/BirdClef/features/Nucifraga columbiana_Clark's Nutcracker/XC336943.npy,../../Datasets/BirdClef/audio/Nucifraga columbiana_Clark's Nutcracker/XC336943.mp3
train,Numenius americanus_Long-billed Curlew,../../Datasets/BirdClef/features/Numenius americanus_Long-billed Curlew/XC501473.npy,../../Datasets/BirdClef/audio/Numenius americanus_Long-billed Curlew/XC501473.mp3
train,Numenius americanus_Long-billed Curlew,../../Datasets/BirdClef/features/Numenius americanus_Long-billed Curlew/XC434354.npy,../../Datasets/BirdClef/audio/Numenius americanus_Long-billed Curlew/XC434354.mp3
train,Numenius americanus_Long-billed Curlew,../../Datasets/BirdClef/features/Numenius americanus_Long-billed Curlew/XC482260.npy,../../Datasets/BirdClef/audio/Numenius americanus_Long-billed Curlew/XC482260.mp3
train,Numenius americanus_Long-billed Curlew,../../Datasets/BirdClef/features/Numenius americanus_Long-billed Curlew/XC149442.npy,../../Datasets/BirdClef/audio/Numenius americanus_Long-billed Curlew/XC149442.mp3
train,Numenius americanus_Long-billed Curlew,../../Datasets/BirdClef/features/Numenius americanus_Long-billed Curlew/XC339887.npy,../../Datasets/BirdClef/audio/Numenius americanus_Long-billed Curlew/XC339887.mp3
train,Numenius arquata_Eurasian Curlew,../../Datasets/BirdClef/features/Numenius arquata_Eurasian Curlew/XC404449.npy,../../Datasets/BirdClef/audio/Numenius arquata_Eurasian Curlew/XC404449.mp3
train,Numenius arquata_Eurasian Curlew,../../Datasets/BirdClef/features/Numenius arquata_Eurasian Curlew/XC76839.npy,../../Datasets/BirdClef/audio/Numenius arquata_Eurasian Curlew/XC76839.mp3
train,Numenius arquata_Eurasian Curlew,../../Datasets/BirdClef/features/Numenius arquata_Eurasian Curlew/XC69859.npy,../../Datasets/BirdClef/audio/Numenius arquata_Eurasian Curlew/XC69859.mp3
train,Numenius arquata_Eurasian Curlew,../../Datasets/BirdClef/features/Numenius arquata_Eurasian Curlew/XC70267.npy,../../Datasets/BirdClef/audio/Numenius arquata_Eurasian Curlew/XC70267.mp3
train,Numenius arquata_Eurasian Curlew,../../Datasets/BirdClef/features/Numenius arquata_Eurasian Curlew/XC435710.npy,../../Datasets/BirdClef/audio/Numenius arquata_Eurasian Curlew/XC435710.mp3
train,Nyctibius grandis_Great Potoo,../../Datasets/BirdClef/features/Nyctibius grandis_Great Potoo/XC251263.npy,../../Datasets/BirdClef/audio/Nyctibius grandis_Great Potoo/XC251263.mp3
train,Nyctibius grandis_Great Potoo,../../Datasets/BirdClef/features/Nyctibius grandis_Great Potoo/XC283506.npy,../../Datasets/BirdClef/audio/Nyctibius grandis_Great Potoo/XC283506.mp3
train,Nyctibius grandis_Great Potoo,../../Datasets/BirdClef/features/Nyctibius grandis_Great Potoo/XC428.npy,../../Datasets/BirdClef/audio/Nyctibius grandis_Great Potoo/XC428.mp3
train,Nyctibius grandis_Great Potoo,../../Datasets/BirdClef/features/Nyctibius grandis_Great Potoo/XC3739.npy,../../Datasets/BirdClef/audio/Nyctibius grandis_Great Potoo/XC3739.mp3
train,Nyctibius grandis_Great Potoo,../../Datasets/BirdClef/features/Nyctibius grandis_Great Potoo/XC453562.npy,../../Datasets/BirdClef/audio/Nyctibius grandis_Great Potoo/XC453562.mp3
train,Nyctibius griseus_Common Potoo,../../Datasets/BirdClef/features/Nyctibius griseus_Common Potoo/XC238679.npy,../../Datasets/BirdClef/audio/Nyctibius griseus_Common Potoo/XC238679.mp3
train,Nyctibius griseus_Common Potoo,../../Datasets/BirdClef/features/Nyctibius griseus_Common Potoo/XC452470.npy,../../Datasets/BirdClef/audio/Nyctibius griseus_Common Potoo/XC452470.mp3
train,Nyctibius griseus_Common Potoo,../../Datasets/BirdClef/features/Nyctibius griseus_Common Potoo/XC261658.npy,../../Datasets/BirdClef/audio/Nyctibius griseus_Common Potoo/XC261658.mp3
train,Nyctibius griseus_Common Potoo,../../Datasets/BirdClef/features/Nyctibius griseus_Common Potoo/XC2578.npy,../../Datasets/BirdClef/audio/Nyctibius griseus_Common Potoo/XC2578.mp3
train,Nyctibius griseus_Common Potoo,../../Datasets/BirdClef/features/Nyctibius griseus_Common Potoo/XC10843.npy,../../Datasets/BirdClef/audio/Nyctibius griseus_Common Potoo/XC10843.mp3
train,Nycticorax nycticorax_Black-crowned Night-Heron,../../Datasets/BirdClef/features/Nycticorax nycticorax_Black-crowned Night-Heron/XC280510.npy,../../Datasets/BirdClef/audio/Nycticorax nycticorax_Black-crowned Night-Heron/XC280510.mp3
train,Nycticorax nycticorax_Black-crowned Night-Heron,../../Datasets/BirdClef/features/Nycticorax nycticorax_Black-crowned Night-Heron/XC188000.npy,../../Datasets/BirdClef/audio/Nycticorax nycticorax_Black-crowned Night-Heron/XC188000.mp3
train,Nycticorax nycticorax_Black-crowned Night-Heron,../../Datasets/BirdClef/features/Nycticorax nycticorax_Black-crowned Night-Heron/XC189778.npy,../../Datasets/BirdClef/audio/Nycticorax nycticorax_Black-crowned Night-Heron/XC189778.mp3
train,Nycticorax nycticorax_Black-crowned Night-Heron,../../Datasets/BirdClef/features/Nycticorax nycticorax_Black-crowned Night-Heron/XC256938.npy,../../Datasets/BirdClef/audio/Nycticorax nycticorax_Black-crowned Night-Heron/XC256938.mp3
train,Nycticorax nycticorax_Black-crowned Night-Heron,../../Datasets/BirdClef/features/Nycticorax nycticorax_Black-crowned Night-Heron/XC383283.npy,../../Datasets/BirdClef/audio/Nycticorax nycticorax_Black-crowned Night-Heron/XC383283.mp3
train,Nyctidromus albicollis_Common Pauraque,../../Datasets/BirdClef/features/Nyctidromus albicollis_Common Pauraque/XC254120.npy,../../Datasets/BirdClef/audio/Nyctidromus albicollis_Common Pauraque/XC254120.mp3
train,Nyctidromus albicollis_Common Pauraque,../../Datasets/BirdClef/features/Nyctidromus albicollis_Common Pauraque/XC336121.npy,../../Datasets/BirdClef/audio/Nyctidromus albicollis_Common Pauraque/XC336121.mp3
train,Nyctidromus albicollis_Common Pauraque,../../Datasets/BirdClef/features/Nyctidromus albicollis_Common Pauraque/XC272015.npy,../../Datasets/BirdClef/audio/Nyctidromus albicollis_Common Pauraque/XC272015.mp3
train,Nyctidromus albicollis_Common Pauraque,../../Datasets/BirdClef/features/Nyctidromus albicollis_Common Pauraque/XC276296.npy,../../Datasets/BirdClef/audio/Nyctidromus albicollis_Common Pauraque/XC276296.mp3
train,Nyctidromus albicollis_Common Pauraque,../../Datasets/BirdClef/features/Nyctidromus albicollis_Common Pauraque/XC190039.npy,../../Datasets/BirdClef/audio/Nyctidromus albicollis_Common Pauraque/XC190039.mp3
train,Nyctiphrynus ocellatus_Ocellated Poorwill,../../Datasets/BirdClef/features/Nyctiphrynus ocellatus_Ocellated Poorwill/XC151428.npy,../../Datasets/BirdClef/audio/Nyctiphrynus ocellatus_Ocellated Poorwill/XC151428.mp3
train,Nyctiphrynus ocellatus_Ocellated Poorwill,../../Datasets/BirdClef/features/Nyctiphrynus ocellatus_Ocellated Poorwill/XC45018.npy,../../Datasets/BirdClef/audio/Nyctiphrynus ocellatus_Ocellated Poorwill/XC45018.mp3
train,Nyctiphrynus ocellatus_Ocellated Poorwill,../../Datasets/BirdClef/features/Nyctiphrynus ocellatus_Ocellated Poorwill/XC377342.npy,../../Datasets/BirdClef/audio/Nyctiphrynus ocellatus_Ocellated Poorwill/XC377342.mp3
train,Nyctiphrynus ocellatus_Ocellated Poorwill,../../Datasets/BirdClef/features/Nyctiphrynus ocellatus_Ocellated Poorwill/XC437715.npy,../../Datasets/BirdClef/audio/Nyctiphrynus ocellatus_Ocellated Poorwill/XC437715.mp3
train,Nyctiphrynus ocellatus_Ocellated Poorwill,../../Datasets/BirdClef/features/Nyctiphrynus ocellatus_Ocellated Poorwill/XC345126.npy,../../Datasets/BirdClef/audio/Nyctiphrynus ocellatus_Ocellated Poorwill/XC345126.mp3
train,Oenanthe oenanthe_Northern Wheatear,../../Datasets/BirdClef/features/Oenanthe oenanthe_Northern Wheatear/XC472214.npy,../../Datasets/BirdClef/audio/Oenanthe oenanthe_Northern Wheatear/XC472214.mp3
train,Oenanthe oenanthe_Northern Wheatear,../../Datasets/BirdClef/features/Oenanthe oenanthe_Northern Wheatear/XC472212.npy,../../Datasets/BirdClef/audio/Oenanthe oenanthe_Northern Wheatear/XC472212.mp3
train,Oenanthe oenanthe_Northern Wheatear,../../Datasets/BirdClef/features/Oenanthe oenanthe_Northern Wheatear/XC269733.npy,../../Datasets/BirdClef/audio/Oenanthe oenanthe_Northern Wheatear/XC269733.mp3
train,Oenanthe oenanthe_Northern Wheatear,../../Datasets/BirdClef/features/Oenanthe oenanthe_Northern Wheatear/XC372552.npy,../../Datasets/BirdClef/audio/Oenanthe oenanthe_Northern Wheatear/XC372552.mp3
train,Oenanthe oenanthe_Northern Wheatear,../../Datasets/BirdClef/features/Oenanthe oenanthe_Northern Wheatear/XC401963.npy,../../Datasets/BirdClef/audio/Oenanthe oenanthe_Northern Wheatear/XC401963.mp3
train,Opisthocomus hoazin_Hoatzin,../../Datasets/BirdClef/features/Opisthocomus hoazin_Hoatzin/XC8225.npy,../../Datasets/BirdClef/audio/Opisthocomus hoazin_Hoatzin/XC8225.mp3
train,Opisthocomus hoazin_Hoatzin,../../Datasets/BirdClef/features/Opisthocomus hoazin_Hoatzin/XC238733.npy,../../Datasets/BirdClef/audio/Opisthocomus hoazin_Hoatzin/XC238733.mp3
train,Opisthocomus hoazin_Hoatzin,../../Datasets/BirdClef/features/Opisthocomus hoazin_Hoatzin/XC20826.npy,../../Datasets/BirdClef/audio/Opisthocomus hoazin_Hoatzin/XC20826.mp3
train,Opisthocomus hoazin_Hoatzin,../../Datasets/BirdClef/features/Opisthocomus hoazin_Hoatzin/XC109739.npy,../../Datasets/BirdClef/audio/Opisthocomus hoazin_Hoatzin/XC109739.mp3
train,Opisthocomus hoazin_Hoatzin,../../Datasets/BirdClef/features/Opisthocomus hoazin_Hoatzin/XC472254.npy,../../Datasets/BirdClef/audio/Opisthocomus hoazin_Hoatzin/XC472254.mp3
train,Oriolus oriolus_Eurasian Golden Oriole,../../Datasets/BirdClef/features/Oriolus oriolus_Eurasian Golden Oriole/XC240882.npy,../../Datasets/BirdClef/audio/Oriolus oriolus_Eurasian Golden Oriole/XC240882.mp3
train,Oriolus oriolus_Eurasian Golden Oriole,../../Datasets/BirdClef/features/Oriolus oriolus_Eurasian Golden Oriole/XC485091.npy,../../Datasets/BirdClef/audio/Oriolus oriolus_Eurasian Golden Oriole/XC485091.mp3
train,Oriolus oriolus_Eurasian Golden Oriole,../../Datasets/BirdClef/features/Oriolus oriolus_Eurasian Golden Oriole/XC380498.npy,../../Datasets/BirdClef/audio/Oriolus oriolus_Eurasian Golden Oriole/XC380498.mp3
train,Oriolus oriolus_Eurasian Golden Oriole,../../Datasets/BirdClef/features/Oriolus oriolus_Eurasian Golden Oriole/XC474521.npy,../../Datasets/BirdClef/audio/Oriolus oriolus_Eurasian Golden Oriole/XC474521.mp3
train,Oriolus oriolus_Eurasian Golden Oriole,../../Datasets/BirdClef/features/Oriolus oriolus_Eurasian Golden Oriole/XC394298.npy,../../Datasets/BirdClef/audio/Oriolus oriolus_Eurasian Golden Oriole/XC394298.mp3
train,Ornithion inerme_White-lored Tyrannulet,../../Datasets/BirdClef/features/Ornithion inerme_White-lored Tyrannulet/XC226954.npy,../../Datasets/BirdClef/audio/Ornithion inerme_White-lored Tyrannulet/XC226954.mp3
train,Ornithion inerme_White-lored Tyrannulet,../../Datasets/BirdClef/features/Ornithion inerme_White-lored Tyrannulet/XC427721.npy,../../Datasets/BirdClef/audio/Ornithion inerme_White-lored Tyrannulet/XC427721.mp3
train,Ornithion inerme_White-lored Tyrannulet,../../Datasets/BirdClef/features/Ornithion inerme_White-lored Tyrannulet/XC285167.npy,../../Datasets/BirdClef/audio/Ornithion inerme_White-lored Tyrannulet/XC285167.mp3
train,Ornithion inerme_White-lored Tyrannulet,../../Datasets/BirdClef/features/Ornithion inerme_White-lored Tyrannulet/XC63818.npy,../../Datasets/BirdClef/audio/Ornithion inerme_White-lored Tyrannulet/XC63818.mp3
train,Ornithion inerme_White-lored Tyrannulet,../../Datasets/BirdClef/features/Ornithion inerme_White-lored Tyrannulet/XC157350.npy,../../Datasets/BirdClef/audio/Ornithion inerme_White-lored Tyrannulet/XC157350.mp3
train,Ortalis guttata_Speckled Chachalaca,../../Datasets/BirdClef/features/Ortalis guttata_Speckled Chachalaca/XC47564.npy,../../Datasets/BirdClef/audio/Ortalis guttata_Speckled Chachalaca/XC47564.mp3
train,Ortalis guttata_Speckled Chachalaca,../../Datasets/BirdClef/features/Ortalis guttata_Speckled Chachalaca/XC245204.npy,../../Datasets/BirdClef/audio/Ortalis guttata_Speckled Chachalaca/XC245204.mp3
train,Ortalis guttata_Speckled Chachalaca,../../Datasets/BirdClef/features/Ortalis guttata_Speckled Chachalaca/XC106302.npy,../../Datasets/BirdClef/audio/Ortalis guttata_Speckled Chachalaca/XC106302.mp3
train,Ortalis guttata_Speckled Chachalaca,../../Datasets/BirdClef/features/Ortalis guttata_Speckled Chachalaca/XC2588.npy,../../Datasets/BirdClef/audio/Ortalis guttata_Speckled Chachalaca/XC2588.mp3
train,Ortalis guttata_Speckled Chachalaca,../../Datasets/BirdClef/features/Ortalis guttata_Speckled Chachalaca/XC238744.npy,../../Datasets/BirdClef/audio/Ortalis guttata_Speckled Chachalaca/XC238744.mp3
train,Orthopsittaca manilatus_Red-bellied Macaw,../../Datasets/BirdClef/features/Orthopsittaca manilatus_Red-bellied Macaw/XC141581.npy,../../Datasets/BirdClef/audio/Orthopsittaca manilatus_Red-bellied Macaw/XC141581.mp3
train,Orthopsittaca manilatus_Red-bellied Macaw,../../Datasets/BirdClef/features/Orthopsittaca manilatus_Red-bellied Macaw/XC94856.npy,../../Datasets/BirdClef/audio/Orthopsittaca manilatus_Red-bellied Macaw/XC94856.mp3
train,Orthopsittaca manilatus_Red-bellied Macaw,../../Datasets/BirdClef/features/Orthopsittaca manilatus_Red-bellied Macaw/XC123331.npy,../../Datasets/BirdClef/audio/Orthopsittaca manilatus_Red-bellied Macaw/XC123331.mp3
train,Orthopsittaca manilatus_Red-bellied Macaw,../../Datasets/BirdClef/features/Orthopsittaca manilatus_Red-bellied Macaw/XC134177.npy,../../Datasets/BirdClef/audio/Orthopsittaca manilatus_Red-bellied Macaw/XC134177.mp3
train,Orthopsittaca manilatus_Red-bellied Macaw,../../Datasets/BirdClef/features/Orthopsittaca manilatus_Red-bellied Macaw/XC84902.npy,../../Datasets/BirdClef/audio/Orthopsittaca manilatus_Red-bellied Macaw/XC84902.mp3
train,Pachyramphus castaneus_Chestnut-crowned Becard,../../Datasets/BirdClef/features/Pachyramphus castaneus_Chestnut-crowned Becard/XC4322.npy,../../Datasets/BirdClef/audio/Pachyramphus castaneus_Chestnut-crowned Becard/XC4322.mp3
train,Pachyramphus castaneus_Chestnut-crowned Becard,../../Datasets/BirdClef/features/Pachyramphus castaneus_Chestnut-crowned Becard/XC358653.npy,../../Datasets/BirdClef/audio/Pachyramphus castaneus_Chestnut-crowned Becard/XC358653.mp3
train,Pachyramphus castaneus_Chestnut-crowned Becard,../../Datasets/BirdClef/features/Pachyramphus castaneus_Chestnut-crowned Becard/XC41833.npy,../../Datasets/BirdClef/audio/Pachyramphus castaneus_Chestnut-crowned Becard/XC41833.mp3
train,Pachyramphus castaneus_Chestnut-crowned Becard,../../Datasets/BirdClef/features/Pachyramphus castaneus_Chestnut-crowned Becard/XC227129.npy,../../Datasets/BirdClef/audio/Pachyramphus castaneus_Chestnut-crowned Becard/XC227129.mp3
train,Pachyramphus castaneus_Chestnut-crowned Becard,../../Datasets/BirdClef/features/Pachyramphus castaneus_Chestnut-crowned Becard/XC176870.npy,../../Datasets/BirdClef/audio/Pachyramphus castaneus_Chestnut-crowned Becard/XC176870.mp3
train,Pachyramphus marginatus_Black-capped Becard,../../Datasets/BirdClef/features/Pachyramphus marginatus_Black-capped Becard/XC270877.npy,../../Datasets/BirdClef/audio/Pachyramphus marginatus_Black-capped Becard/XC270877.mp3
train,Pachyramphus marginatus_Black-capped Becard,../../Datasets/BirdClef/features/Pachyramphus marginatus_Black-capped Becard/XC11698.npy,../../Datasets/BirdClef/audio/Pachyramphus marginatus_Black-capped Becard/XC11698.mp3
train,Pachyramphus marginatus_Black-capped Becard,../../Datasets/BirdClef/features/Pachyramphus marginatus_Black-capped Becard/XC262969.npy,../../Datasets/BirdClef/audio/Pachyramphus marginatus_Black-capped Becard/XC262969.mp3
train,Pachyramphus marginatus_Black-capped Becard,../../Datasets/BirdClef/features/Pachyramphus marginatus_Black-capped Becard/XC157127.npy,../../Datasets/BirdClef/audio/Pachyramphus marginatus_Black-capped Becard/XC157127.mp3
train,Pachyramphus marginatus_Black-capped Becard,../../Datasets/BirdClef/features/Pachyramphus marginatus_Black-capped Becard/XC139984.npy,../../Datasets/BirdClef/audio/Pachyramphus marginatus_Black-capped Becard/XC139984.mp3
train,Pachyramphus polychopterus_White-winged Becard,../../Datasets/BirdClef/features/Pachyramphus polychopterus_White-winged Becard/XC244968.npy,../../Datasets/BirdClef/audio/Pachyramphus polychopterus_White-winged Becard/XC244968.mp3
train,Pachyramphus polychopterus_White-winged Becard,../../Datasets/BirdClef/features/Pachyramphus polychopterus_White-winged Becard/XC210067.npy,../../Datasets/BirdClef/audio/Pachyramphus polychopterus_White-winged Becard/XC210067.mp3
train,Pachyramphus polychopterus_White-winged Becard,../../Datasets/BirdClef/features/Pachyramphus polychopterus_White-winged Becard/XC276326.npy,../../Datasets/BirdClef/audio/Pachyramphus polychopterus_White-winged Becard/XC276326.mp3
train,Pachyramphus polychopterus_White-winged Becard,../../Datasets/BirdClef/features/Pachyramphus polychopterus_White-winged Becard/XC227173.npy,../../Datasets/BirdClef/audio/Pachyramphus polychopterus_White-winged Becard/XC227173.mp3
train,Pachyramphus polychopterus_White-winged Becard,../../Datasets/BirdClef/features/Pachyramphus polychopterus_White-winged Becard/XC107784.npy,../../Datasets/BirdClef/audio/Pachyramphus polychopterus_White-winged Becard/XC107784.mp3
train,Pachysylvia hypoxantha_Dusky-capped Greenlet,../../Datasets/BirdClef/features/Pachysylvia hypoxantha_Dusky-capped Greenlet/XC47912.npy,../../Datasets/BirdClef/audio/Pachysylvia hypoxantha_Dusky-capped Greenlet/XC47912.mp3
train,Pachysylvia hypoxantha_Dusky-capped Greenlet,../../Datasets/BirdClef/features/Pachysylvia hypoxantha_Dusky-capped Greenlet/XC224367.npy,../../Datasets/BirdClef/audio/Pachysylvia hypoxantha_Dusky-capped Greenlet/XC224367.mp3
train,Pachysylvia hypoxantha_Dusky-capped Greenlet,../../Datasets/BirdClef/features/Pachysylvia hypoxantha_Dusky-capped Greenlet/XC259172.npy,../../Datasets/BirdClef/audio/Pachysylvia hypoxantha_Dusky-capped Greenlet/XC259172.mp3
train,Pachysylvia hypoxantha_Dusky-capped Greenlet,../../Datasets/BirdClef/features/Pachysylvia hypoxantha_Dusky-capped Greenlet/XC251004.npy,../../Datasets/BirdClef/audio/Pachysylvia hypoxantha_Dusky-capped Greenlet/XC251004.mp3
train,Pachysylvia hypoxantha_Dusky-capped Greenlet,../../Datasets/BirdClef/features/Pachysylvia hypoxantha_Dusky-capped Greenlet/XC374359.npy,../../Datasets/BirdClef/audio/Pachysylvia hypoxantha_Dusky-capped Greenlet/XC374359.mp3
train,Pandion haliaetus_Osprey,../../Datasets/BirdClef/features/Pandion haliaetus_Osprey/XC456741.npy,../../Datasets/BirdClef/audio/Pandion haliaetus_Osprey/XC456741.mp3
train,Pandion haliaetus_Osprey,../../Datasets/BirdClef/features/Pandion haliaetus_Osprey/XC131039.npy,../../Datasets/BirdClef/audio/Pandion haliaetus_Osprey/XC131039.mp3
train,Pandion haliaetus_Osprey,../../Datasets/BirdClef/features/Pandion haliaetus_Osprey/XC194723.npy,../../Datasets/BirdClef/audio/Pandion haliaetus_Osprey/XC194723.mp3
train,Pandion haliaetus_Osprey,../../Datasets/BirdClef/features/Pandion haliaetus_Osprey/XC54043.npy,../../Datasets/BirdClef/audio/Pandion haliaetus_Osprey/XC54043.mp3
train,Pandion haliaetus_Osprey,../../Datasets/BirdClef/features/Pandion haliaetus_Osprey/XC493719.npy,../../Datasets/BirdClef/audio/Pandion haliaetus_Osprey/XC493719.mp3
train,Parkesia noveboracensis_Northern Waterthrush,../../Datasets/BirdClef/features/Parkesia noveboracensis_Northern Waterthrush/XC499362.npy,../../Datasets/BirdClef/audio/Parkesia noveboracensis_Northern Waterthrush/XC499362.mp3
train,Parkesia noveboracensis_Northern Waterthrush,../../Datasets/BirdClef/features/Parkesia noveboracensis_Northern Waterthrush/XC354791.npy,../../Datasets/BirdClef/audio/Parkesia noveboracensis_Northern Waterthrush/XC354791.mp3
train,Parkesia noveboracensis_Northern Waterthrush,../../Datasets/BirdClef/features/Parkesia noveboracensis_Northern Waterthrush/XC420214.npy,../../Datasets/BirdClef/audio/Parkesia noveboracensis_Northern Waterthrush/XC420214.mp3
train,Parkesia noveboracensis_Northern Waterthrush,../../Datasets/BirdClef/features/Parkesia noveboracensis_Northern Waterthrush/XC178128.npy,../../Datasets/BirdClef/audio/Parkesia noveboracensis_Northern Waterthrush/XC178128.mp3
train,Parkesia noveboracensis_Northern Waterthrush,../../Datasets/BirdClef/features/Parkesia noveboracensis_Northern Waterthrush/XC48646.npy,../../Datasets/BirdClef/audio/Parkesia noveboracensis_Northern Waterthrush/XC48646.mp3
train,Parus major_Great Tit,../../Datasets/BirdClef/features/Parus major_Great Tit/XC335499.npy,../../Datasets/BirdClef/audio/Parus major_Great Tit/XC335499.mp3
train,Parus major_Great Tit,../../Datasets/BirdClef/features/Parus major_Great Tit/XC302840.npy,../../Datasets/BirdClef/audio/Parus major_Great Tit/XC302840.mp3
train,Parus major_Great Tit,../../Datasets/BirdClef/features/Parus major_Great Tit/XC315677.npy,../../Datasets/BirdClef/audio/Parus major_Great Tit/XC315677.mp3
train,Parus major_Great Tit,../../Datasets/BirdClef/features/Parus major_Great Tit/XC235125.npy,../../Datasets/BirdClef/audio/Parus major_Great Tit/XC235125.mp3
train,Parus major_Great Tit,../../Datasets/BirdClef/features/Parus major_Great Tit/XC287801.npy,../../Datasets/BirdClef/audio/Parus major_Great Tit/XC287801.mp3
train,Passer domesticus_House Sparrow,../../Datasets/BirdClef/features/Passer domesticus_House Sparrow/XC465285.npy,../../Datasets/BirdClef/audio/Passer domesticus_House Sparrow/XC465285.mp3
train,Passer domesticus_House Sparrow,../../Datasets/BirdClef/features/Passer domesticus_House Sparrow/XC173498.npy,../../Datasets/BirdClef/audio/Passer domesticus_House Sparrow/XC173498.mp3
train,Passer domesticus_House Sparrow,../../Datasets/BirdClef/features/Passer domesticus_House Sparrow/XC139186.npy,../../Datasets/BirdClef/audio/Passer domesticus_House Sparrow/XC139186.mp3
train,Passer domesticus_House Sparrow,../../Datasets/BirdClef/features/Passer domesticus_House Sparrow/XC390512.npy,../../Datasets/BirdClef/audio/Passer domesticus_House Sparrow/XC390512.mp3
train,Passer domesticus_House Sparrow,../../Datasets/BirdClef/features/Passer domesticus_House Sparrow/XC303718.npy,../../Datasets/BirdClef/audio/Passer domesticus_House Sparrow/XC303718.mp3
train,Passer montanus_Eurasian Tree Sparrow,../../Datasets/BirdClef/features/Passer montanus_Eurasian Tree Sparrow/XC241997.npy,../../Datasets/BirdClef/audio/Passer montanus_Eurasian Tree Sparrow/XC241997.mp3
train,Passer montanus_Eurasian Tree Sparrow,../../Datasets/BirdClef/features/Passer montanus_Eurasian Tree Sparrow/XC308790.npy,../../Datasets/BirdClef/audio/Passer montanus_Eurasian Tree Sparrow/XC308790.mp3
train,Passer montanus_Eurasian Tree Sparrow,../../Datasets/BirdClef/features/Passer montanus_Eurasian Tree Sparrow/XC181535.npy,../../Datasets/BirdClef/audio/Passer montanus_Eurasian Tree Sparrow/XC181535.mp3
train,Passer montanus_Eurasian Tree Sparrow,../../Datasets/BirdClef/features/Passer montanus_Eurasian Tree Sparrow/XC261496.npy,../../Datasets/BirdClef/audio/Passer montanus_Eurasian Tree Sparrow/XC261496.mp3
train,Passer montanus_Eurasian Tree Sparrow,../../Datasets/BirdClef/features/Passer montanus_Eurasian Tree Sparrow/XC182228.npy,../../Datasets/BirdClef/audio/Passer montanus_Eurasian Tree Sparrow/XC182228.mp3
train,Passerculus sandwichensis_Savannah Sparrow,../../Datasets/BirdClef/features/Passerculus sandwichensis_Savannah Sparrow/XC465399.npy,../../Datasets/BirdClef/audio/Passerculus sandwichensis_Savannah Sparrow/XC465399.mp3
train,Passerculus sandwichensis_Savannah Sparrow,../../Datasets/BirdClef/features/Passerculus sandwichensis_Savannah Sparrow/XC335701.npy,../../Datasets/BirdClef/audio/Passerculus sandwichensis_Savannah Sparrow/XC335701.mp3
train,Passerculus sandwichensis_Savannah Sparrow,../../Datasets/BirdClef/features/Passerculus sandwichensis_Savannah Sparrow/XC21046.npy,../../Datasets/BirdClef/audio/Passerculus sandwichensis_Savannah Sparrow/XC21046.mp3
train,Passerculus sandwichensis_Savannah Sparrow,../../Datasets/BirdClef/features/Passerculus sandwichensis_Savannah Sparrow/XC449268.npy,../../Datasets/BirdClef/audio/Passerculus sandwichensis_Savannah Sparrow/XC449268.mp3
train,Passerculus sandwichensis_Savannah Sparrow,../../Datasets/BirdClef/features/Passerculus sandwichensis_Savannah Sparrow/XC433077.npy,../../Datasets/BirdClef/audio/Passerculus sandwichensis_Savannah Sparrow/XC433077.mp3
train,Passerella iliaca_Fox Sparrow,../../Datasets/BirdClef/features/Passerella iliaca_Fox Sparrow/XC467697.npy,../../Datasets/BirdClef/audio/Passerella iliaca_Fox Sparrow/XC467697.mp3
train,Passerella iliaca_Fox Sparrow,../../Datasets/BirdClef/features/Passerella iliaca_Fox Sparrow/XC416065.npy,../../Datasets/BirdClef/audio/Passerella iliaca_Fox Sparrow/XC416065.mp3
train,Passerella iliaca_Fox Sparrow,../../Datasets/BirdClef/features/Passerella iliaca_Fox Sparrow/XC338806.npy,../../Datasets/BirdClef/audio/Passerella iliaca_Fox Sparrow/XC338806.mp3
train,Passerella iliaca_Fox Sparrow,../../Datasets/BirdClef/features/Passerella iliaca_Fox Sparrow/XC351631.npy,../../Datasets/BirdClef/audio/Passerella iliaca_Fox Sparrow/XC351631.mp3
train,Passerella iliaca_Fox Sparrow,../../Datasets/BirdClef/features/Passerella iliaca_Fox Sparrow/XC420222.npy,../../Datasets/BirdClef/audio/Passerella iliaca_Fox Sparrow/XC420222.mp3
train,Passerina amoena_Lazuli Bunting,../../Datasets/BirdClef/features/Passerina amoena_Lazuli Bunting/XC325937.npy,../../Datasets/BirdClef/audio/Passerina amoena_Lazuli Bunting/XC325937.mp3
train,Passerina amoena_Lazuli Bunting,../../Datasets/BirdClef/features/Passerina amoena_Lazuli Bunting/XC252848.npy,../../Datasets/BirdClef/audio/Passerina amoena_Lazuli Bunting/XC252848.mp3
train,Passerina amoena_Lazuli Bunting,../../Datasets/BirdClef/features/Passerina amoena_Lazuli Bunting/XC181398.npy,../../Datasets/BirdClef/audio/Passerina amoena_Lazuli Bunting/XC181398.mp3
train,Passerina amoena_Lazuli Bunting,../../Datasets/BirdClef/features/Passerina amoena_Lazuli Bunting/XC381695.npy,../../Datasets/BirdClef/audio/Passerina amoena_Lazuli Bunting/XC381695.mp3
train,Passerina amoena_Lazuli Bunting,../../Datasets/BirdClef/features/Passerina amoena_Lazuli Bunting/XC192329.npy,../../Datasets/BirdClef/audio/Passerina amoena_Lazuli Bunting/XC192329.mp3
train,Passerina caerulea_Blue Grosbeak,../../Datasets/BirdClef/features/Passerina caerulea_Blue Grosbeak/XC428729.npy,../../Datasets/BirdClef/audio/Passerina caerulea_Blue Grosbeak/XC428729.mp3
train,Passerina caerulea_Blue Grosbeak,../../Datasets/BirdClef/features/Passerina caerulea_Blue Grosbeak/XC483215.npy,../../Datasets/BirdClef/audio/Passerina caerulea_Blue Grosbeak/XC483215.mp3
train,Passerina caerulea_Blue Grosbeak,../../Datasets/BirdClef/features/Passerina caerulea_Blue Grosbeak/XC327584.npy,../../Datasets/BirdClef/audio/Passerina caerulea_Blue Grosbeak/XC327584.mp3
train,Passerina caerulea_Blue Grosbeak,../../Datasets/BirdClef/features/Passerina caerulea_Blue Grosbeak/XC34819.npy,../../Datasets/BirdClef/audio/Passerina caerulea_Blue Grosbeak/XC34819.mp3
train,Passerina caerulea_Blue Grosbeak,../../Datasets/BirdClef/features/Passerina caerulea_Blue Grosbeak/XC283403.npy,../../Datasets/BirdClef/audio/Passerina caerulea_Blue Grosbeak/XC283403.mp3
train,Passerina cyanea_Indigo Bunting,../../Datasets/BirdClef/features/Passerina cyanea_Indigo Bunting/XC141480.npy,../../Datasets/BirdClef/audio/Passerina cyanea_Indigo Bunting/XC141480.mp3
train,Passerina cyanea_Indigo Bunting,../../Datasets/BirdClef/features/Passerina cyanea_Indigo Bunting/XC124497.npy,../../Datasets/BirdClef/audio/Passerina cyanea_Indigo Bunting/XC124497.mp3
train,Passerina cyanea_Indigo Bunting,../../Datasets/BirdClef/features/Passerina cyanea_Indigo Bunting/XC479438.npy,../../Datasets/BirdClef/audio/Passerina cyanea_Indigo Bunting/XC479438.mp3
train,Passerina cyanea_Indigo Bunting,../../Datasets/BirdClef/features/Passerina cyanea_Indigo Bunting/XC77273.npy,../../Datasets/BirdClef/audio/Passerina cyanea_Indigo Bunting/XC77273.mp3
train,Passerina cyanea_Indigo Bunting,../../Datasets/BirdClef/features/Passerina cyanea_Indigo Bunting/XC42957.npy,../../Datasets/BirdClef/audio/Passerina cyanea_Indigo Bunting/XC42957.mp3
train,Patagioenas cayennensis_Pale-vented Pigeon,../../Datasets/BirdClef/features/Patagioenas cayennensis_Pale-vented Pigeon/XC221559.npy,../../Datasets/BirdClef/audio/Patagioenas cayennensis_Pale-vented Pigeon/XC221559.mp3
train,Patagioenas cayennensis_Pale-vented Pigeon,../../Datasets/BirdClef/features/Patagioenas cayennensis_Pale-vented Pigeon/XC461630.npy,../../Datasets/BirdClef/audio/Patagioenas cayennensis_Pale-vented Pigeon/XC461630.mp3
train,Patagioenas cayennensis_Pale-vented Pigeon,../../Datasets/BirdClef/features/Patagioenas cayennensis_Pale-vented Pigeon/XC329624.npy,../../Datasets/BirdClef/audio/Patagioenas cayennensis_Pale-vented Pigeon/XC329624.mp3
train,Patagioenas cayennensis_Pale-vented Pigeon,../../Datasets/BirdClef/features/Patagioenas cayennensis_Pale-vented Pigeon/XC221344.npy,../../Datasets/BirdClef/audio/Patagioenas cayennensis_Pale-vented Pigeon/XC221344.mp3
train,Patagioenas cayennensis_Pale-vented Pigeon,../../Datasets/BirdClef/features/Patagioenas cayennensis_Pale-vented Pigeon/XC418591.npy,../../Datasets/BirdClef/audio/Patagioenas cayennensis_Pale-vented Pigeon/XC418591.mp3
train,Patagioenas plumbea_Plumbeous Pigeon,../../Datasets/BirdClef/features/Patagioenas plumbea_Plumbeous Pigeon/XC124882.npy,../../Datasets/BirdClef/audio/Patagioenas plumbea_Plumbeous Pigeon/XC124882.mp3
train,Patagioenas plumbea_Plumbeous Pigeon,../../Datasets/BirdClef/features/Patagioenas plumbea_Plumbeous Pigeon/XC257603.npy,../../Datasets/BirdClef/audio/Patagioenas plumbea_Plumbeous Pigeon/XC257603.mp3
train,Patagioenas plumbea_Plumbeous Pigeon,../../Datasets/BirdClef/features/Patagioenas plumbea_Plumbeous Pigeon/XC341086.npy,../../Datasets/BirdClef/audio/Patagioenas plumbea_Plumbeous Pigeon/XC341086.mp3
train,Patagioenas plumbea_Plumbeous Pigeon,../../Datasets/BirdClef/features/Patagioenas plumbea_Plumbeous Pigeon/XC238770.npy,../../Datasets/BirdClef/audio/Patagioenas plumbea_Plumbeous Pigeon/XC238770.mp3
train,Patagioenas plumbea_Plumbeous Pigeon,../../Datasets/BirdClef/features/Patagioenas plumbea_Plumbeous Pigeon/XC257605.npy,../../Datasets/BirdClef/audio/Patagioenas plumbea_Plumbeous Pigeon/XC257605.mp3
train,Patagioenas speciosa_Scaled Pigeon,../../Datasets/BirdClef/features/Patagioenas speciosa_Scaled Pigeon/XC74008.npy,../../Datasets/BirdClef/audio/Patagioenas speciosa_Scaled Pigeon/XC74008.mp3
train,Patagioenas speciosa_Scaled Pigeon,../../Datasets/BirdClef/features/Patagioenas speciosa_Scaled Pigeon/XC238776.npy,../../Datasets/BirdClef/audio/Patagioenas speciosa_Scaled Pigeon/XC238776.mp3
train,Patagioenas speciosa_Scaled Pigeon,../../Datasets/BirdClef/features/Patagioenas speciosa_Scaled Pigeon/XC264407.npy,../../Datasets/BirdClef/audio/Patagioenas speciosa_Scaled Pigeon/XC264407.mp3
train,Patagioenas speciosa_Scaled Pigeon,../../Datasets/BirdClef/features/Patagioenas speciosa_Scaled Pigeon/XC238774.npy,../../Datasets/BirdClef/audio/Patagioenas speciosa_Scaled Pigeon/XC238774.mp3
train,Patagioenas speciosa_Scaled Pigeon,../../Datasets/BirdClef/features/Patagioenas speciosa_Scaled Pigeon/XC104228.npy,../../Datasets/BirdClef/audio/Patagioenas speciosa_Scaled Pigeon/XC104228.mp3
train,Patagioenas subvinacea_Ruddy Pigeon,../../Datasets/BirdClef/features/Patagioenas subvinacea_Ruddy Pigeon/XC431248.npy,../../Datasets/BirdClef/audio/Patagioenas subvinacea_Ruddy Pigeon/XC431248.mp3
train,Patagioenas subvinacea_Ruddy Pigeon,../../Datasets/BirdClef/features/Patagioenas subvinacea_Ruddy Pigeon/XC72723.npy,../../Datasets/BirdClef/audio/Patagioenas subvinacea_Ruddy Pigeon/XC72723.mp3
train,Patagioenas subvinacea_Ruddy Pigeon,../../Datasets/BirdClef/features/Patagioenas subvinacea_Ruddy Pigeon/XC341381.npy,../../Datasets/BirdClef/audio/Patagioenas subvinacea_Ruddy Pigeon/XC341381.mp3
train,Patagioenas subvinacea_Ruddy Pigeon,../../Datasets/BirdClef/features/Patagioenas subvinacea_Ruddy Pigeon/XC103488.npy,../../Datasets/BirdClef/audio/Patagioenas subvinacea_Ruddy Pigeon/XC103488.mp3
train,Patagioenas subvinacea_Ruddy Pigeon,../../Datasets/BirdClef/features/Patagioenas subvinacea_Ruddy Pigeon/XC189991.npy,../../Datasets/BirdClef/audio/Patagioenas subvinacea_Ruddy Pigeon/XC189991.mp3
train,Penelope jacquacu_Spix's Guan,../../Datasets/BirdClef/features/Penelope jacquacu_Spix's Guan/XC63841.npy,../../Datasets/BirdClef/audio/Penelope jacquacu_Spix's Guan/XC63841.mp3
train,Penelope jacquacu_Spix's Guan,../../Datasets/BirdClef/features/Penelope jacquacu_Spix's Guan/XC63839.npy,../../Datasets/BirdClef/audio/Penelope jacquacu_Spix's Guan/XC63839.mp3
train,Penelope jacquacu_Spix's Guan,../../Datasets/BirdClef/features/Penelope jacquacu_Spix's Guan/XC117387.npy,../../Datasets/BirdClef/audio/Penelope jacquacu_Spix's Guan/XC117387.mp3
train,Penelope jacquacu_Spix's Guan,../../Datasets/BirdClef/features/Penelope jacquacu_Spix's Guan/XC401206.npy,../../Datasets/BirdClef/audio/Penelope jacquacu_Spix's Guan/XC401206.mp3
train,Penelope jacquacu_Spix's Guan,../../Datasets/BirdClef/features/Penelope jacquacu_Spix's Guan/XC476278.npy,../../Datasets/BirdClef/audio/Penelope jacquacu_Spix's Guan/XC476278.mp3
train,Periparus ater_Coal Tit,../../Datasets/BirdClef/features/Periparus ater_Coal Tit/XC158167.npy,../../Datasets/BirdClef/audio/Periparus ater_Coal Tit/XC158167.mp3
train,Periparus ater_Coal Tit,../../Datasets/BirdClef/features/Periparus ater_Coal Tit/XC285749.npy,../../Datasets/BirdClef/audio/Periparus ater_Coal Tit/XC285749.mp3
train,Periparus ater_Coal Tit,../../Datasets/BirdClef/features/Periparus ater_Coal Tit/XC113964.npy,../../Datasets/BirdClef/audio/Periparus ater_Coal Tit/XC113964.mp3
train,Periparus ater_Coal Tit,../../Datasets/BirdClef/features/Periparus ater_Coal Tit/XC285680.npy,../../Datasets/BirdClef/audio/Periparus ater_Coal Tit/XC285680.mp3
train,Periparus ater_Coal Tit,../../Datasets/BirdClef/features/Periparus ater_Coal Tit/XC281662.npy,../../Datasets/BirdClef/audio/Periparus ater_Coal Tit/XC281662.mp3
train,Pernis apivorus_European Honey-buzzard,../../Datasets/BirdClef/features/Pernis apivorus_European Honey-buzzard/XC330957.npy,../../Datasets/BirdClef/audio/Pernis apivorus_European Honey-buzzard/XC330957.mp3
train,Pernis apivorus_European Honey-buzzard,../../Datasets/BirdClef/features/Pernis apivorus_European Honey-buzzard/XC184171.npy,../../Datasets/BirdClef/audio/Pernis apivorus_European Honey-buzzard/XC184171.mp3
train,Pernis apivorus_European Honey-buzzard,../../Datasets/BirdClef/features/Pernis apivorus_European Honey-buzzard/XC164620.npy,../../Datasets/BirdClef/audio/Pernis apivorus_European Honey-buzzard/XC164620.mp3
train,Pernis apivorus_European Honey-buzzard,../../Datasets/BirdClef/features/Pernis apivorus_European Honey-buzzard/XC494695.npy,../../Datasets/BirdClef/audio/Pernis apivorus_European Honey-buzzard/XC494695.mp3
train,Pernis apivorus_European Honey-buzzard,../../Datasets/BirdClef/features/Pernis apivorus_European Honey-buzzard/XC268720.npy,../../Datasets/BirdClef/audio/Pernis apivorus_European Honey-buzzard/XC268720.mp3
train,Petrochelidon pyrrhonota_Cliff Swallow,../../Datasets/BirdClef/features/Petrochelidon pyrrhonota_Cliff Swallow/XC358839.npy,../../Datasets/BirdClef/audio/Petrochelidon pyrrhonota_Cliff Swallow/XC358839.mp3
train,Petrochelidon pyrrhonota_Cliff Swallow,../../Datasets/BirdClef/features/Petrochelidon pyrrhonota_Cliff Swallow/XC109954.npy,../../Datasets/BirdClef/audio/Petrochelidon pyrrhonota_Cliff Swallow/XC109954.mp3
train,Petrochelidon pyrrhonota_Cliff Swallow,../../Datasets/BirdClef/features/Petrochelidon pyrrhonota_Cliff Swallow/XC254492.npy,../../Datasets/BirdClef/audio/Petrochelidon pyrrhonota_Cliff Swallow/XC254492.mp3
train,Petrochelidon pyrrhonota_Cliff Swallow,../../Datasets/BirdClef/features/Petrochelidon pyrrhonota_Cliff Swallow/XC370378.npy,../../Datasets/BirdClef/audio/Petrochelidon pyrrhonota_Cliff Swallow/XC370378.mp3
train,Petrochelidon pyrrhonota_Cliff Swallow,../../Datasets/BirdClef/features/Petrochelidon pyrrhonota_Cliff Swallow/XC322172.npy,../../Datasets/BirdClef/audio/Petrochelidon pyrrhonota_Cliff Swallow/XC322172.mp3
train,Phaeomyias murina_Mouse-colored Tyrannulet,../../Datasets/BirdClef/features/Phaeomyias murina_Mouse-colored Tyrannulet/XC450812.npy,../../Datasets/BirdClef/audio/Phaeomyias murina_Mouse-colored Tyrannulet/XC450812.mp3
train,Phaeomyias murina_Mouse-colored Tyrannulet,../../Datasets/BirdClef/features/Phaeomyias murina_Mouse-colored Tyrannulet/XC227535.npy,../../Datasets/BirdClef/audio/Phaeomyias murina_Mouse-colored Tyrannulet/XC227535.mp3
train,Phaeomyias murina_Mouse-colored Tyrannulet,../../Datasets/BirdClef/features/Phaeomyias murina_Mouse-colored Tyrannulet/XC227534.npy,../../Datasets/BirdClef/audio/Phaeomyias murina_Mouse-colored Tyrannulet/XC227534.mp3
train,Phaeomyias murina_Mouse-colored Tyrannulet,../../Datasets/BirdClef/features/Phaeomyias murina_Mouse-colored Tyrannulet/XC435945.npy,../../Datasets/BirdClef/audio/Phaeomyias murina_Mouse-colored Tyrannulet/XC435945.mp3
train,Phaeomyias murina_Mouse-colored Tyrannulet,../../Datasets/BirdClef/features/Phaeomyias murina_Mouse-colored Tyrannulet/XC91099.npy,../../Datasets/BirdClef/audio/Phaeomyias murina_Mouse-colored Tyrannulet/XC91099.mp3
train,Phaethornis ruber_Reddish Hermit,../../Datasets/BirdClef/features/Phaethornis ruber_Reddish Hermit/XC107978.npy,../../Datasets/BirdClef/audio/Phaethornis ruber_Reddish Hermit/XC107978.mp3
train,Phaethornis ruber_Reddish Hermit,../../Datasets/BirdClef/features/Phaethornis ruber_Reddish Hermit/XC8209.npy,../../Datasets/BirdClef/audio/Phaethornis ruber_Reddish Hermit/XC8209.mp3
train,Phaethornis ruber_Reddish Hermit,../../Datasets/BirdClef/features/Phaethornis ruber_Reddish Hermit/XC63852.npy,../../Datasets/BirdClef/audio/Phaethornis ruber_Reddish Hermit/XC63852.mp3
train,Phaethornis ruber_Reddish Hermit,../../Datasets/BirdClef/features/Phaethornis ruber_Reddish Hermit/XC387679.npy,../../Datasets/BirdClef/audio/Phaethornis ruber_Reddish Hermit/XC387679.mp3
train,Phaethornis ruber_Reddish Hermit,../../Datasets/BirdClef/features/Phaethornis ruber_Reddish Hermit/XC213031.npy,../../Datasets/BirdClef/audio/Phaethornis ruber_Reddish Hermit/XC213031.mp3
train,Phaetusa simplex_Large-billed Tern,../../Datasets/BirdClef/features/Phaetusa simplex_Large-billed Tern/XC422214.npy,../../Datasets/BirdClef/audio/Phaetusa simplex_Large-billed Tern/XC422214.mp3
train,Phaetusa simplex_Large-billed Tern,../../Datasets/BirdClef/features/Phaetusa simplex_Large-billed Tern/XC147641.npy,../../Datasets/BirdClef/audio/Phaetusa simplex_Large-billed Tern/XC147641.mp3
train,Phaetusa simplex_Large-billed Tern,../../Datasets/BirdClef/features/Phaetusa simplex_Large-billed Tern/XC227615.npy,../../Datasets/BirdClef/audio/Phaetusa simplex_Large-billed Tern/XC227615.mp3
train,Phaetusa simplex_Large-billed Tern,../../Datasets/BirdClef/features/Phaetusa simplex_Large-billed Tern/XC144906.npy,../../Datasets/BirdClef/audio/Phaetusa simplex_Large-billed Tern/XC144906.mp3
train,Phaetusa simplex_Large-billed Tern,../../Datasets/BirdClef/features/Phaetusa simplex_Large-billed Tern/XC384529.npy,../../Datasets/BirdClef/audio/Phaetusa simplex_Large-billed Tern/XC384529.mp3
train,Phainopepla nitens_Phainopepla,../../Datasets/BirdClef/features/Phainopepla nitens_Phainopepla/XC72929.npy,../../Datasets/BirdClef/audio/Phainopepla nitens_Phainopepla/XC72929.mp3
train,Phainopepla nitens_Phainopepla,../../Datasets/BirdClef/features/Phainopepla nitens_Phainopepla/XC446450.npy,../../Datasets/BirdClef/audio/Phainopepla nitens_Phainopepla/XC446450.mp3
train,Phainopepla nitens_Phainopepla,../../Datasets/BirdClef/features/Phainopepla nitens_Phainopepla/XC72076.npy,../../Datasets/BirdClef/audio/Phainopepla nitens_Phainopepla/XC72076.mp3
train,Phainopepla nitens_Phainopepla,../../Datasets/BirdClef/features/Phainopepla nitens_Phainopepla/XC227624.npy,../../Datasets/BirdClef/audio/Phainopepla nitens_Phainopepla/XC227624.mp3
train,Phainopepla nitens_Phainopepla,../../Datasets/BirdClef/features/Phainopepla nitens_Phainopepla/XC173175.npy,../../Datasets/BirdClef/audio/Phainopepla nitens_Phainopepla/XC173175.mp3
train,Phalacrocorax brasilianus_Neotropic Cormorant,../../Datasets/BirdClef/features/Phalacrocorax brasilianus_Neotropic Cormorant/XC53239.npy,../../Datasets/BirdClef/audio/Phalacrocorax brasilianus_Neotropic Cormorant/XC53239.mp3
train,Phalacrocorax brasilianus_Neotropic Cormorant,../../Datasets/BirdClef/features/Phalacrocorax brasilianus_Neotropic Cormorant/XC177197.npy,../../Datasets/BirdClef/audio/Phalacrocorax brasilianus_Neotropic Cormorant/XC177197.mp3
train,Phalacrocorax brasilianus_Neotropic Cormorant,../../Datasets/BirdClef/features/Phalacrocorax brasilianus_Neotropic Cormorant/XC213315.npy,../../Datasets/BirdClef/audio/Phalacrocorax brasilianus_Neotropic Cormorant/XC213315.mp3
train,Phalacrocorax brasilianus_Neotropic Cormorant,../../Datasets/BirdClef/features/Phalacrocorax brasilianus_Neotropic Cormorant/XC53240.npy,../../Datasets/BirdClef/audio/Phalacrocorax brasilianus_Neotropic Cormorant/XC53240.mp3
train,Phalacrocorax brasilianus_Neotropic Cormorant,../../Datasets/BirdClef/features/Phalacrocorax brasilianus_Neotropic Cormorant/XC413249.npy,../../Datasets/BirdClef/audio/Phalacrocorax brasilianus_Neotropic Cormorant/XC413249.mp3
train,Phalacrocorax carbo_Great Cormorant,../../Datasets/BirdClef/features/Phalacrocorax carbo_Great Cormorant/XC170184.npy,../../Datasets/BirdClef/audio/Phalacrocorax carbo_Great Cormorant/XC170184.mp3
train,Phalacrocorax carbo_Great Cormorant,../../Datasets/BirdClef/features/Phalacrocorax carbo_Great Cormorant/XC339794.npy,../../Datasets/BirdClef/audio/Phalacrocorax carbo_Great Cormorant/XC339794.mp3
train,Phalacrocorax carbo_Great Cormorant,../../Datasets/BirdClef/features/Phalacrocorax carbo_Great Cormorant/XC90633.npy,../../Datasets/BirdClef/audio/Phalacrocorax carbo_Great Cormorant/XC90633.mp3
train,Phalacrocorax carbo_Great Cormorant,../../Datasets/BirdClef/features/Phalacrocorax carbo_Great Cormorant/XC340915.npy,../../Datasets/BirdClef/audio/Phalacrocorax carbo_Great Cormorant/XC340915.mp3
train,Phalacrocorax carbo_Great Cormorant,../../Datasets/BirdClef/features/Phalacrocorax carbo_Great Cormorant/XC123743.npy,../../Datasets/BirdClef/audio/Phalacrocorax carbo_Great Cormorant/XC123743.mp3
train,Phalaropus lobatus_Red-necked Phalarope,../../Datasets/BirdClef/features/Phalaropus lobatus_Red-necked Phalarope/XC420149.npy,../../Datasets/BirdClef/audio/Phalaropus lobatus_Red-necked Phalarope/XC420149.mp3
train,Phalaropus lobatus_Red-necked Phalarope,../../Datasets/BirdClef/features/Phalaropus lobatus_Red-necked Phalarope/XC342920.npy,../../Datasets/BirdClef/audio/Phalaropus lobatus_Red-necked Phalarope/XC342920.mp3
train,Phalaropus lobatus_Red-necked Phalarope,../../Datasets/BirdClef/features/Phalaropus lobatus_Red-necked Phalarope/XC487865.npy,../../Datasets/BirdClef/audio/Phalaropus lobatus_Red-necked Phalarope/XC487865.mp3
train,Phalaropus lobatus_Red-necked Phalarope,../../Datasets/BirdClef/features/Phalaropus lobatus_Red-necked Phalarope/XC383522.npy,../../Datasets/BirdClef/audio/Phalaropus lobatus_Red-necked Phalarope/XC383522.mp3
train,Phalaropus lobatus_Red-necked Phalarope,../../Datasets/BirdClef/features/Phalaropus lobatus_Red-necked Phalarope/XC187008.npy,../../Datasets/BirdClef/audio/Phalaropus lobatus_Red-necked Phalarope/XC187008.mp3
train,Phasianus colchicus_Ring-necked Pheasant,../../Datasets/BirdClef/features/Phasianus colchicus_Ring-necked Pheasant/XC302765.npy,../../Datasets/BirdClef/audio/Phasianus colchicus_Ring-necked Pheasant/XC302765.mp3
train,Phasianus colchicus_Ring-necked Pheasant,../../Datasets/BirdClef/features/Phasianus colchicus_Ring-necked Pheasant/XC197441.npy,../../Datasets/BirdClef/audio/Phasianus colchicus_Ring-necked Pheasant/XC197441.mp3
train,Phasianus colchicus_Ring-necked Pheasant,../../Datasets/BirdClef/features/Phasianus colchicus_Ring-necked Pheasant/XC155697.npy,../../Datasets/BirdClef/audio/Phasianus colchicus_Ring-necked Pheasant/XC155697.mp3
train,Phasianus colchicus_Ring-necked Pheasant,../../Datasets/BirdClef/features/Phasianus colchicus_Ring-necked Pheasant/XC364710.npy,../../Datasets/BirdClef/audio/Phasianus colchicus_Ring-necked Pheasant/XC364710.mp3
train,Phasianus colchicus_Ring-necked Pheasant,../../Datasets/BirdClef/features/Phasianus colchicus_Ring-necked Pheasant/XC492962.npy,../../Datasets/BirdClef/audio/Phasianus colchicus_Ring-necked Pheasant/XC492962.mp3
train,Pheucticus ludovicianus_Rose-breasted Grosbeak,../../Datasets/BirdClef/features/Pheucticus ludovicianus_Rose-breasted Grosbeak/XC495791.npy,../../Datasets/BirdClef/audio/Pheucticus ludovicianus_Rose-breasted Grosbeak/XC495791.mp3
train,Pheucticus ludovicianus_Rose-breasted Grosbeak,../../Datasets/BirdClef/features/Pheucticus ludovicianus_Rose-breasted Grosbeak/XC79103.npy,../../Datasets/BirdClef/audio/Pheucticus ludovicianus_Rose-breasted Grosbeak/XC79103.mp3
train,Pheucticus ludovicianus_Rose-breasted Grosbeak,../../Datasets/BirdClef/features/Pheucticus ludovicianus_Rose-breasted Grosbeak/XC279587.npy,../../Datasets/BirdClef/audio/Pheucticus ludovicianus_Rose-breasted Grosbeak/XC279587.mp3
train,Pheucticus ludovicianus_Rose-breasted Grosbeak,../../Datasets/BirdClef/features/Pheucticus ludovicianus_Rose-breasted Grosbeak/XC425828.npy,../../Datasets/BirdClef/audio/Pheucticus ludovicianus_Rose-breasted Grosbeak/XC425828.mp3
train,Pheucticus ludovicianus_Rose-breasted Grosbeak,../../Datasets/BirdClef/features/Pheucticus ludovicianus_Rose-breasted Grosbeak/XC107460.npy,../../Datasets/BirdClef/audio/Pheucticus ludovicianus_Rose-breasted Grosbeak/XC107460.mp3
train,Pheucticus melanocephalus_Black-headed Grosbeak,../../Datasets/BirdClef/features/Pheucticus melanocephalus_Black-headed Grosbeak/XC420002.npy,../../Datasets/BirdClef/audio/Pheucticus melanocephalus_Black-headed Grosbeak/XC420002.mp3
train,Pheucticus melanocephalus_Black-headed Grosbeak,../../Datasets/BirdClef/features/Pheucticus melanocephalus_Black-headed Grosbeak/XC61801.npy,../../Datasets/BirdClef/audio/Pheucticus melanocephalus_Black-headed Grosbeak/XC61801.mp3
train,Pheucticus melanocephalus_Black-headed Grosbeak,../../Datasets/BirdClef/features/Pheucticus melanocephalus_Black-headed Grosbeak/XC479931.npy,../../Datasets/BirdClef/audio/Pheucticus melanocephalus_Black-headed Grosbeak/XC479931.mp3
train,Pheucticus melanocephalus_Black-headed Grosbeak,../../Datasets/BirdClef/features/Pheucticus melanocephalus_Black-headed Grosbeak/XC462125.npy,../../Datasets/BirdClef/audio/Pheucticus melanocephalus_Black-headed Grosbeak/XC462125.mp3
train,Pheucticus melanocephalus_Black-headed Grosbeak,../../Datasets/BirdClef/features/Pheucticus melanocephalus_Black-headed Grosbeak/XC382227.npy,../../Datasets/BirdClef/audio/Pheucticus melanocephalus_Black-headed Grosbeak/XC382227.mp3
train,Pheugopedius genibarbis_Moustached Wren,../../Datasets/BirdClef/features/Pheugopedius genibarbis_Moustached Wren/XC438437.npy,../../Datasets/BirdClef/audio/Pheugopedius genibarbis_Moustached Wren/XC438437.mp3
train,Pheugopedius genibarbis_Moustached Wren,../../Datasets/BirdClef/features/Pheugopedius genibarbis_Moustached Wren/XC211513.npy,../../Datasets/BirdClef/audio/Pheugopedius genibarbis_Moustached Wren/XC211513.mp3
train,Pheugopedius genibarbis_Moustached Wren,../../Datasets/BirdClef/features/Pheugopedius genibarbis_Moustached Wren/XC122279.npy,../../Datasets/BirdClef/audio/Pheugopedius genibarbis_Moustached Wren/XC122279.mp3
train,Pheugopedius genibarbis_Moustached Wren,../../Datasets/BirdClef/features/Pheugopedius genibarbis_Moustached Wren/XC404756.npy,../../Datasets/BirdClef/audio/Pheugopedius genibarbis_Moustached Wren/XC404756.mp3
train,Pheugopedius genibarbis_Moustached Wren,../../Datasets/BirdClef/features/Pheugopedius genibarbis_Moustached Wren/XC231038.npy,../../Datasets/BirdClef/audio/Pheugopedius genibarbis_Moustached Wren/XC231038.mp3
train,Philydor erythrocercum_Rufous-rumped Foliage-gleaner,../../Datasets/BirdClef/features/Philydor erythrocercum_Rufous-rumped Foliage-gleaner/XC102572.npy,../../Datasets/BirdClef/audio/Philydor erythrocercum_Rufous-rumped Foliage-gleaner/XC102572.mp3
train,Philydor erythrocercum_Rufous-rumped Foliage-gleaner,../../Datasets/BirdClef/features/Philydor erythrocercum_Rufous-rumped Foliage-gleaner/XC264548.npy,../../Datasets/BirdClef/audio/Philydor erythrocercum_Rufous-rumped Foliage-gleaner/XC264548.mp3
train,Philydor erythrocercum_Rufous-rumped Foliage-gleaner,../../Datasets/BirdClef/features/Philydor erythrocercum_Rufous-rumped Foliage-gleaner/XC147407.npy,../../Datasets/BirdClef/audio/Philydor erythrocercum_Rufous-rumped Foliage-gleaner/XC147407.mp3
train,Philydor erythrocercum_Rufous-rumped Foliage-gleaner,../../Datasets/BirdClef/features/Philydor erythrocercum_Rufous-rumped Foliage-gleaner/XC88382.npy,../../Datasets/BirdClef/audio/Philydor erythrocercum_Rufous-rumped Foliage-gleaner/XC88382.mp3
train,Philydor erythrocercum_Rufous-rumped Foliage-gleaner,../../Datasets/BirdClef/features/Philydor erythrocercum_Rufous-rumped Foliage-gleaner/XC249963.npy,../../Datasets/BirdClef/audio/Philydor erythrocercum_Rufous-rumped Foliage-gleaner/XC249963.mp3
train,Philydor pyrrhodes_Cinnamon-rumped Foliage-gleaner,../../Datasets/BirdClef/features/Philydor pyrrhodes_Cinnamon-rumped Foliage-gleaner/XC8708.npy,../../Datasets/BirdClef/audio/Philydor pyrrhodes_Cinnamon-rumped Foliage-gleaner/XC8708.mp3
train,Philydor pyrrhodes_Cinnamon-rumped Foliage-gleaner,../../Datasets/BirdClef/features/Philydor pyrrhodes_Cinnamon-rumped Foliage-gleaner/XC39954.npy,../../Datasets/BirdClef/audio/Philydor pyrrhodes_Cinnamon-rumped Foliage-gleaner/XC39954.mp3
train,Philydor pyrrhodes_Cinnamon-rumped Foliage-gleaner,../../Datasets/BirdClef/features/Philydor pyrrhodes_Cinnamon-rumped Foliage-gleaner/XC258197.npy,../../Datasets/BirdClef/audio/Philydor pyrrhodes_Cinnamon-rumped Foliage-gleaner/XC258197.mp3
train,Philydor pyrrhodes_Cinnamon-rumped Foliage-gleaner,../../Datasets/BirdClef/features/Philydor pyrrhodes_Cinnamon-rumped Foliage-gleaner/XC258196.npy,../../Datasets/BirdClef/audio/Philydor pyrrhodes_Cinnamon-rumped Foliage-gleaner/XC258196.mp3
train,Philydor pyrrhodes_Cinnamon-rumped Foliage-gleaner,../../Datasets/BirdClef/features/Philydor pyrrhodes_Cinnamon-rumped Foliage-gleaner/XC87218.npy,../../Datasets/BirdClef/audio/Philydor pyrrhodes_Cinnamon-rumped Foliage-gleaner/XC87218.mp3
train,Philydor rufum_Buff-fronted Foliage-gleaner,../../Datasets/BirdClef/features/Philydor rufum_Buff-fronted Foliage-gleaner/XC168227.npy,../../Datasets/BirdClef/audio/Philydor rufum_Buff-fronted Foliage-gleaner/XC168227.mp3
train,Philydor rufum_Buff-fronted Foliage-gleaner,../../Datasets/BirdClef/features/Philydor rufum_Buff-fronted Foliage-gleaner/XC227705.npy,../../Datasets/BirdClef/audio/Philydor rufum_Buff-fronted Foliage-gleaner/XC227705.mp3
train,Philydor rufum_Buff-fronted Foliage-gleaner,../../Datasets/BirdClef/features/Philydor rufum_Buff-fronted Foliage-gleaner/XC70846.npy,../../Datasets/BirdClef/audio/Philydor rufum_Buff-fronted Foliage-gleaner/XC70846.mp3
train,Philydor rufum_Buff-fronted Foliage-gleaner,../../Datasets/BirdClef/features/Philydor rufum_Buff-fronted Foliage-gleaner/XC8455.npy,../../Datasets/BirdClef/audio/Philydor rufum_Buff-fronted Foliage-gleaner/XC8455.mp3
train,Philydor rufum_Buff-fronted Foliage-gleaner,../../Datasets/BirdClef/features/Philydor rufum_Buff-fronted Foliage-gleaner/XC60456.npy,../../Datasets/BirdClef/audio/Philydor rufum_Buff-fronted Foliage-gleaner/XC60456.mp3
train,Phlegopsis nigromaculata_Black-spotted Bare-eye,../../Datasets/BirdClef/features/Phlegopsis nigromaculata_Black-spotted Bare-eye/XC75999.npy,../../Datasets/BirdClef/audio/Phlegopsis nigromaculata_Black-spotted Bare-eye/XC75999.mp3
train,Phlegopsis nigromaculata_Black-spotted Bare-eye,../../Datasets/BirdClef/features/Phlegopsis nigromaculata_Black-spotted Bare-eye/XC201111.npy,../../Datasets/BirdClef/audio/Phlegopsis nigromaculata_Black-spotted Bare-eye/XC201111.mp3
train,Phlegopsis nigromaculata_Black-spotted Bare-eye,../../Datasets/BirdClef/features/Phlegopsis nigromaculata_Black-spotted Bare-eye/XC90357.npy,../../Datasets/BirdClef/audio/Phlegopsis nigromaculata_Black-spotted Bare-eye/XC90357.mp3
train,Phlegopsis nigromaculata_Black-spotted Bare-eye,../../Datasets/BirdClef/features/Phlegopsis nigromaculata_Black-spotted Bare-eye/XC395895.npy,../../Datasets/BirdClef/audio/Phlegopsis nigromaculata_Black-spotted Bare-eye/XC395895.mp3
train,Phlegopsis nigromaculata_Black-spotted Bare-eye,../../Datasets/BirdClef/features/Phlegopsis nigromaculata_Black-spotted Bare-eye/XC13370.npy,../../Datasets/BirdClef/audio/Phlegopsis nigromaculata_Black-spotted Bare-eye/XC13370.mp3
train,Phoenicurus ochruros_Black Redstart,../../Datasets/BirdClef/features/Phoenicurus ochruros_Black Redstart/XC38029.npy,../../Datasets/BirdClef/audio/Phoenicurus ochruros_Black Redstart/XC38029.mp3
train,Phoenicurus ochruros_Black Redstart,../../Datasets/BirdClef/features/Phoenicurus ochruros_Black Redstart/XC57277.npy,../../Datasets/BirdClef/audio/Phoenicurus ochruros_Black Redstart/XC57277.mp3
train,Phoenicurus ochruros_Black Redstart,../../Datasets/BirdClef/features/Phoenicurus ochruros_Black Redstart/XC364612.npy,../../Datasets/BirdClef/audio/Phoenicurus ochruros_Black Redstart/XC364612.mp3
train,Phoenicurus ochruros_Black Redstart,../../Datasets/BirdClef/features/Phoenicurus ochruros_Black Redstart/XC111021.npy,../../Datasets/BirdClef/audio/Phoenicurus ochruros_Black Redstart/XC111021.mp3
train,Phoenicurus ochruros_Black Redstart,../../Datasets/BirdClef/features/Phoenicurus ochruros_Black Redstart/XC237537.npy,../../Datasets/BirdClef/audio/Phoenicurus ochruros_Black Redstart/XC237537.mp3
train,Phoenicurus phoenicurus_Common Redstart,../../Datasets/BirdClef/features/Phoenicurus phoenicurus_Common Redstart/XC278370.npy,../../Datasets/BirdClef/audio/Phoenicurus phoenicurus_Common Redstart/XC278370.mp3
train,Phoenicurus phoenicurus_Common Redstart,../../Datasets/BirdClef/features/Phoenicurus phoenicurus_Common Redstart/XC366515.npy,../../Datasets/BirdClef/audio/Phoenicurus phoenicurus_Common Redstart/XC366515.mp3
train,Phoenicurus phoenicurus_Common Redstart,../../Datasets/BirdClef/features/Phoenicurus phoenicurus_Common Redstart/XC163453.npy,../../Datasets/BirdClef/audio/Phoenicurus phoenicurus_Common Redstart/XC163453.mp3
train,Phoenicurus phoenicurus_Common Redstart,../../Datasets/BirdClef/features/Phoenicurus phoenicurus_Common Redstart/XC321411.npy,../../Datasets/BirdClef/audio/Phoenicurus phoenicurus_Common Redstart/XC321411.mp3
train,Phoenicurus phoenicurus_Common Redstart,../../Datasets/BirdClef/features/Phoenicurus phoenicurus_Common Redstart/XC156978.npy,../../Datasets/BirdClef/audio/Phoenicurus phoenicurus_Common Redstart/XC156978.mp3
train,Phylloscopus collybita_Common Chiffchaff,../../Datasets/BirdClef/features/Phylloscopus collybita_Common Chiffchaff/XC235206.npy,../../Datasets/BirdClef/audio/Phylloscopus collybita_Common Chiffchaff/XC235206.mp3
train,Phylloscopus collybita_Common Chiffchaff,../../Datasets/BirdClef/features/Phylloscopus collybita_Common Chiffchaff/XC237136.npy,../../Datasets/BirdClef/audio/Phylloscopus collybita_Common Chiffchaff/XC237136.mp3
train,Phylloscopus collybita_Common Chiffchaff,../../Datasets/BirdClef/features/Phylloscopus collybita_Common Chiffchaff/XC246021.npy,../../Datasets/BirdClef/audio/Phylloscopus collybita_Common Chiffchaff/XC246021.mp3
train,Phylloscopus collybita_Common Chiffchaff,../../Datasets/BirdClef/features/Phylloscopus collybita_Common Chiffchaff/XC171441.npy,../../Datasets/BirdClef/audio/Phylloscopus collybita_Common Chiffchaff/XC171441.mp3
train,Phylloscopus collybita_Common Chiffchaff,../../Datasets/BirdClef/features/Phylloscopus collybita_Common Chiffchaff/XC197988.npy,../../Datasets/BirdClef/audio/Phylloscopus collybita_Common Chiffchaff/XC197988.mp3
train,Phylloscopus trochilus_Willow Warbler,../../Datasets/BirdClef/features/Phylloscopus trochilus_Willow Warbler/XC280556.npy,../../Datasets/BirdClef/audio/Phylloscopus trochilus_Willow Warbler/XC280556.mp3
train,Phylloscopus trochilus_Willow Warbler,../../Datasets/BirdClef/features/Phylloscopus trochilus_Willow Warbler/XC361980.npy,../../Datasets/BirdClef/audio/Phylloscopus trochilus_Willow Warbler/XC361980.mp3
train,Phylloscopus trochilus_Willow Warbler,../../Datasets/BirdClef/features/Phylloscopus trochilus_Willow Warbler/XC150104.npy,../../Datasets/BirdClef/audio/Phylloscopus trochilus_Willow Warbler/XC150104.mp3
train,Phylloscopus trochilus_Willow Warbler,../../Datasets/BirdClef/features/Phylloscopus trochilus_Willow Warbler/XC179216.npy,../../Datasets/BirdClef/audio/Phylloscopus trochilus_Willow Warbler/XC179216.mp3
train,Phylloscopus trochilus_Willow Warbler,../../Datasets/BirdClef/features/Phylloscopus trochilus_Willow Warbler/XC146755.npy,../../Datasets/BirdClef/audio/Phylloscopus trochilus_Willow Warbler/XC146755.mp3
train,Piaya cayana_Squirrel Cuckoo,../../Datasets/BirdClef/features/Piaya cayana_Squirrel Cuckoo/XC11652.npy,../../Datasets/BirdClef/audio/Piaya cayana_Squirrel Cuckoo/XC11652.mp3
train,Piaya cayana_Squirrel Cuckoo,../../Datasets/BirdClef/features/Piaya cayana_Squirrel Cuckoo/XC197665.npy,../../Datasets/BirdClef/audio/Piaya cayana_Squirrel Cuckoo/XC197665.mp3
train,Piaya cayana_Squirrel Cuckoo,../../Datasets/BirdClef/features/Piaya cayana_Squirrel Cuckoo/XC120149.npy,../../Datasets/BirdClef/audio/Piaya cayana_Squirrel Cuckoo/XC120149.mp3
train,Piaya cayana_Squirrel Cuckoo,../../Datasets/BirdClef/features/Piaya cayana_Squirrel Cuckoo/XC158406.npy,../../Datasets/BirdClef/audio/Piaya cayana_Squirrel Cuckoo/XC158406.mp3
train,Piaya cayana_Squirrel Cuckoo,../../Datasets/BirdClef/features/Piaya cayana_Squirrel Cuckoo/XC376252.npy,../../Datasets/BirdClef/audio/Piaya cayana_Squirrel Cuckoo/XC376252.mp3
train,Pica hudsonia_Black-billed Magpie,../../Datasets/BirdClef/features/Pica hudsonia_Black-billed Magpie/XC206007.npy,../../Datasets/BirdClef/audio/Pica hudsonia_Black-billed Magpie/XC206007.mp3
train,Pica hudsonia_Black-billed Magpie,../../Datasets/BirdClef/features/Pica hudsonia_Black-billed Magpie/XC155357.npy,../../Datasets/BirdClef/audio/Pica hudsonia_Black-billed Magpie/XC155357.mp3
train,Pica hudsonia_Black-billed Magpie,../../Datasets/BirdClef/features/Pica hudsonia_Black-billed Magpie/XC375826.npy,../../Datasets/BirdClef/audio/Pica hudsonia_Black-billed Magpie/XC375826.mp3
train,Pica hudsonia_Black-billed Magpie,../../Datasets/BirdClef/features/Pica hudsonia_Black-billed Magpie/XC291050.npy,../../Datasets/BirdClef/audio/Pica hudsonia_Black-billed Magpie/XC291050.mp3
train,Pica hudsonia_Black-billed Magpie,../../Datasets/BirdClef/features/Pica hudsonia_Black-billed Magpie/XC335650.npy,../../Datasets/BirdClef/audio/Pica hudsonia_Black-billed Magpie/XC335650.mp3
train,Pica pica_Eurasian Magpie,../../Datasets/BirdClef/features/Pica pica_Eurasian Magpie/XC252628.npy,../../Datasets/BirdClef/audio/Pica pica_Eurasian Magpie/XC252628.mp3
train,Pica pica_Eurasian Magpie,../../Datasets/BirdClef/features/Pica pica_Eurasian Magpie/XC281713.npy,../../Datasets/BirdClef/audio/Pica pica_Eurasian Magpie/XC281713.mp3
train,Pica pica_Eurasian Magpie,../../Datasets/BirdClef/features/Pica pica_Eurasian Magpie/XC182444.npy,../../Datasets/BirdClef/audio/Pica pica_Eurasian Magpie/XC182444.mp3
train,Pica pica_Eurasian Magpie,../../Datasets/BirdClef/features/Pica pica_Eurasian Magpie/XC209296.npy,../../Datasets/BirdClef/audio/Pica pica_Eurasian Magpie/XC209296.mp3
train,Pica pica_Eurasian Magpie,../../Datasets/BirdClef/features/Pica pica_Eurasian Magpie/XC183757.npy,../../Datasets/BirdClef/audio/Pica pica_Eurasian Magpie/XC183757.mp3
train,Picus viridis_Eurasian Green Woodpecker,../../Datasets/BirdClef/features/Picus viridis_Eurasian Green Woodpecker/XC324358.npy,../../Datasets/BirdClef/audio/Picus viridis_Eurasian Green Woodpecker/XC324358.mp3
train,Picus viridis_Eurasian Green Woodpecker,../../Datasets/BirdClef/features/Picus viridis_Eurasian Green Woodpecker/XC357122.npy,../../Datasets/BirdClef/audio/Picus viridis_Eurasian Green Woodpecker/XC357122.mp3
train,Picus viridis_Eurasian Green Woodpecker,../../Datasets/BirdClef/features/Picus viridis_Eurasian Green Woodpecker/XC354361.npy,../../Datasets/BirdClef/audio/Picus viridis_Eurasian Green Woodpecker/XC354361.mp3
train,Picus viridis_Eurasian Green Woodpecker,../../Datasets/BirdClef/features/Picus viridis_Eurasian Green Woodpecker/XC35057.npy,../../Datasets/BirdClef/audio/Picus viridis_Eurasian Green Woodpecker/XC35057.mp3
train,Picus viridis_Eurasian Green Woodpecker,../../Datasets/BirdClef/features/Picus viridis_Eurasian Green Woodpecker/XC496898.npy,../../Datasets/BirdClef/audio/Picus viridis_Eurasian Green Woodpecker/XC496898.mp3
train,Pionites leucogaster_White-bellied Parrot,../../Datasets/BirdClef/features/Pionites leucogaster_White-bellied Parrot/XC121161.npy,../../Datasets/BirdClef/audio/Pionites leucogaster_White-bellied Parrot/XC121161.mp3
train,Pionites leucogaster_White-bellied Parrot,../../Datasets/BirdClef/features/Pionites leucogaster_White-bellied Parrot/XC87916.npy,../../Datasets/BirdClef/audio/Pionites leucogaster_White-bellied Parrot/XC87916.mp3
train,Pionites leucogaster_White-bellied Parrot,../../Datasets/BirdClef/features/Pionites leucogaster_White-bellied Parrot/XC63885.npy,../../Datasets/BirdClef/audio/Pionites leucogaster_White-bellied Parrot/XC63885.mp3
train,Pionites leucogaster_White-bellied Parrot,../../Datasets/BirdClef/features/Pionites leucogaster_White-bellied Parrot/XC38496.npy,../../Datasets/BirdClef/audio/Pionites leucogaster_White-bellied Parrot/XC38496.mp3
train,Pionites leucogaster_White-bellied Parrot,../../Datasets/BirdClef/features/Pionites leucogaster_White-bellied Parrot/XC119195.npy,../../Datasets/BirdClef/audio/Pionites leucogaster_White-bellied Parrot/XC119195.mp3
train,Pionus menstruus_Blue-headed Parrot,../../Datasets/BirdClef/features/Pionus menstruus_Blue-headed Parrot/XC228130.npy,../../Datasets/BirdClef/audio/Pionus menstruus_Blue-headed Parrot/XC228130.mp3
train,Pionus menstruus_Blue-headed Parrot,../../Datasets/BirdClef/features/Pionus menstruus_Blue-headed Parrot/XC275220.npy,../../Datasets/BirdClef/audio/Pionus menstruus_Blue-headed Parrot/XC275220.mp3
train,Pionus menstruus_Blue-headed Parrot,../../Datasets/BirdClef/features/Pionus menstruus_Blue-headed Parrot/XC272206.npy,../../Datasets/BirdClef/audio/Pionus menstruus_Blue-headed Parrot/XC272206.mp3
train,Pionus menstruus_Blue-headed Parrot,../../Datasets/BirdClef/features/Pionus menstruus_Blue-headed Parrot/XC357222.npy,../../Datasets/BirdClef/audio/Pionus menstruus_Blue-headed Parrot/XC357222.mp3
train,Pionus menstruus_Blue-headed Parrot,../../Datasets/BirdClef/features/Pionus menstruus_Blue-headed Parrot/XC57151.npy,../../Datasets/BirdClef/audio/Pionus menstruus_Blue-headed Parrot/XC57151.mp3
train,Pipilo chlorurus_Green-tailed Towhee,../../Datasets/BirdClef/features/Pipilo chlorurus_Green-tailed Towhee/XC348963.npy,../../Datasets/BirdClef/audio/Pipilo chlorurus_Green-tailed Towhee/XC348963.mp3
train,Pipilo chlorurus_Green-tailed Towhee,../../Datasets/BirdClef/features/Pipilo chlorurus_Green-tailed Towhee/XC126444.npy,../../Datasets/BirdClef/audio/Pipilo chlorurus_Green-tailed Towhee/XC126444.mp3
train,Pipilo chlorurus_Green-tailed Towhee,../../Datasets/BirdClef/features/Pipilo chlorurus_Green-tailed Towhee/XC112007.npy,../../Datasets/BirdClef/audio/Pipilo chlorurus_Green-tailed Towhee/XC112007.mp3
train,Pipilo chlorurus_Green-tailed Towhee,../../Datasets/BirdClef/features/Pipilo chlorurus_Green-tailed Towhee/XC408316.npy,../../Datasets/BirdClef/audio/Pipilo chlorurus_Green-tailed Towhee/XC408316.mp3
train,Pipilo chlorurus_Green-tailed Towhee,../../Datasets/BirdClef/features/Pipilo chlorurus_Green-tailed Towhee/XC111999.npy,../../Datasets/BirdClef/audio/Pipilo chlorurus_Green-tailed Towhee/XC111999.mp3
train,Pipilo erythrophthalmus_Eastern Towhee,../../Datasets/BirdClef/features/Pipilo erythrophthalmus_Eastern Towhee/XC322495.npy,../../Datasets/BirdClef/audio/Pipilo erythrophthalmus_Eastern Towhee/XC322495.mp3
train,Pipilo erythrophthalmus_Eastern Towhee,../../Datasets/BirdClef/features/Pipilo erythrophthalmus_Eastern Towhee/XC381691.npy,../../Datasets/BirdClef/audio/Pipilo erythrophthalmus_Eastern Towhee/XC381691.mp3
train,Pipilo erythrophthalmus_Eastern Towhee,../../Datasets/BirdClef/features/Pipilo erythrophthalmus_Eastern Towhee/XC430295.npy,../../Datasets/BirdClef/audio/Pipilo erythrophthalmus_Eastern Towhee/XC430295.mp3
train,Pipilo erythrophthalmus_Eastern Towhee,../../Datasets/BirdClef/features/Pipilo erythrophthalmus_Eastern Towhee/XC389899.npy,../../Datasets/BirdClef/audio/Pipilo erythrophthalmus_Eastern Towhee/XC389899.mp3
train,Pipilo erythrophthalmus_Eastern Towhee,../../Datasets/BirdClef/features/Pipilo erythrophthalmus_Eastern Towhee/XC179558.npy,../../Datasets/BirdClef/audio/Pipilo erythrophthalmus_Eastern Towhee/XC179558.mp3
train,Pipilo maculatus_Spotted Towhee,../../Datasets/BirdClef/features/Pipilo maculatus_Spotted Towhee/XC158913.npy,../../Datasets/BirdClef/audio/Pipilo maculatus_Spotted Towhee/XC158913.mp3
train,Pipilo maculatus_Spotted Towhee,../../Datasets/BirdClef/features/Pipilo maculatus_Spotted Towhee/XC181397.npy,../../Datasets/BirdClef/audio/Pipilo maculatus_Spotted Towhee/XC181397.mp3
train,Pipilo maculatus_Spotted Towhee,../../Datasets/BirdClef/features/Pipilo maculatus_Spotted Towhee/XC126678.npy,../../Datasets/BirdClef/audio/Pipilo maculatus_Spotted Towhee/XC126678.mp3
train,Pipilo maculatus_Spotted Towhee,../../Datasets/BirdClef/features/Pipilo maculatus_Spotted Towhee/XC319571.npy,../../Datasets/BirdClef/audio/Pipilo maculatus_Spotted Towhee/XC319571.mp3
train,Pipilo maculatus_Spotted Towhee,../../Datasets/BirdClef/features/Pipilo maculatus_Spotted Towhee/XC32580.npy,../../Datasets/BirdClef/audio/Pipilo maculatus_Spotted Towhee/XC32580.mp3
train,Pipra fasciicauda_Band-tailed Manakin,../../Datasets/BirdClef/features/Pipra fasciicauda_Band-tailed Manakin/XC61714.npy,../../Datasets/BirdClef/audio/Pipra fasciicauda_Band-tailed Manakin/XC61714.mp3
train,Pipra fasciicauda_Band-tailed Manakin,../../Datasets/BirdClef/features/Pipra fasciicauda_Band-tailed Manakin/XC453673.npy,../../Datasets/BirdClef/audio/Pipra fasciicauda_Band-tailed Manakin/XC453673.mp3
train,Pipra fasciicauda_Band-tailed Manakin,../../Datasets/BirdClef/features/Pipra fasciicauda_Band-tailed Manakin/XC427814.npy,../../Datasets/BirdClef/audio/Pipra fasciicauda_Band-tailed Manakin/XC427814.mp3
train,Pipra fasciicauda_Band-tailed Manakin,../../Datasets/BirdClef/features/Pipra fasciicauda_Band-tailed Manakin/XC63901.npy,../../Datasets/BirdClef/audio/Pipra fasciicauda_Band-tailed Manakin/XC63901.mp3
train,Pipra fasciicauda_Band-tailed Manakin,../../Datasets/BirdClef/features/Pipra fasciicauda_Band-tailed Manakin/XC118876.npy,../../Datasets/BirdClef/audio/Pipra fasciicauda_Band-tailed Manakin/XC118876.mp3
train,Piprites chloris_Wing-barred Piprites,../../Datasets/BirdClef/features/Piprites chloris_Wing-barred Piprites/XC228284.npy,../../Datasets/BirdClef/audio/Piprites chloris_Wing-barred Piprites/XC228284.mp3
train,Piprites chloris_Wing-barred Piprites,../../Datasets/BirdClef/features/Piprites chloris_Wing-barred Piprites/XC497995.npy,../../Datasets/BirdClef/audio/Piprites chloris_Wing-barred Piprites/XC497995.mp3
train,Piprites chloris_Wing-barred Piprites,../../Datasets/BirdClef/features/Piprites chloris_Wing-barred Piprites/XC81683.npy,../../Datasets/BirdClef/audio/Piprites chloris_Wing-barred Piprites/XC81683.mp3
train,Piprites chloris_Wing-barred Piprites,../../Datasets/BirdClef/features/Piprites chloris_Wing-barred Piprites/XC256272.npy,../../Datasets/BirdClef/audio/Piprites chloris_Wing-barred Piprites/XC256272.mp3
train,Piprites chloris_Wing-barred Piprites,../../Datasets/BirdClef/features/Piprites chloris_Wing-barred Piprites/XC329327.npy,../../Datasets/BirdClef/audio/Piprites chloris_Wing-barred Piprites/XC329327.mp3
train,Piranga ludoviciana_Western Tanager,../../Datasets/BirdClef/features/Piranga ludoviciana_Western Tanager/XC373824.npy,../../Datasets/BirdClef/audio/Piranga ludoviciana_Western Tanager/XC373824.mp3
train,Piranga ludoviciana_Western Tanager,../../Datasets/BirdClef/features/Piranga ludoviciana_Western Tanager/XC181480.npy,../../Datasets/BirdClef/audio/Piranga ludoviciana_Western Tanager/XC181480.mp3
train,Piranga ludoviciana_Western Tanager,../../Datasets/BirdClef/features/Piranga ludoviciana_Western Tanager/XC179454.npy,../../Datasets/BirdClef/audio/Piranga ludoviciana_Western Tanager/XC179454.mp3
train,Piranga ludoviciana_Western Tanager,../../Datasets/BirdClef/features/Piranga ludoviciana_Western Tanager/XC65725.npy,../../Datasets/BirdClef/audio/Piranga ludoviciana_Western Tanager/XC65725.mp3
train,Piranga ludoviciana_Western Tanager,../../Datasets/BirdClef/features/Piranga ludoviciana_Western Tanager/XC290281.npy,../../Datasets/BirdClef/audio/Piranga ludoviciana_Western Tanager/XC290281.mp3
train,Piranga olivacea_Scarlet Tanager,../../Datasets/BirdClef/features/Piranga olivacea_Scarlet Tanager/XC420841.npy,../../Datasets/BirdClef/audio/Piranga olivacea_Scarlet Tanager/XC420841.mp3
train,Piranga olivacea_Scarlet Tanager,../../Datasets/BirdClef/features/Piranga olivacea_Scarlet Tanager/XC372201.npy,../../Datasets/BirdClef/audio/Piranga olivacea_Scarlet Tanager/XC372201.mp3
train,Piranga olivacea_Scarlet Tanager,../../Datasets/BirdClef/features/Piranga olivacea_Scarlet Tanager/XC179310.npy,../../Datasets/BirdClef/audio/Piranga olivacea_Scarlet Tanager/XC179310.mp3
train,Piranga olivacea_Scarlet Tanager,../../Datasets/BirdClef/features/Piranga olivacea_Scarlet Tanager/XC137053.npy,../../Datasets/BirdClef/audio/Piranga olivacea_Scarlet Tanager/XC137053.mp3
train,Piranga olivacea_Scarlet Tanager,../../Datasets/BirdClef/features/Piranga olivacea_Scarlet Tanager/XC179561.npy,../../Datasets/BirdClef/audio/Piranga olivacea_Scarlet Tanager/XC179561.mp3
train,Piranga rubra_Summer Tanager,../../Datasets/BirdClef/features/Piranga rubra_Summer Tanager/XC382865.npy,../../Datasets/BirdClef/audio/Piranga rubra_Summer Tanager/XC382865.mp3
train,Piranga rubra_Summer Tanager,../../Datasets/BirdClef/features/Piranga rubra_Summer Tanager/XC21800.npy,../../Datasets/BirdClef/audio/Piranga rubra_Summer Tanager/XC21800.mp3
train,Piranga rubra_Summer Tanager,../../Datasets/BirdClef/features/Piranga rubra_Summer Tanager/XC264838.npy,../../Datasets/BirdClef/audio/Piranga rubra_Summer Tanager/XC264838.mp3
train,Piranga rubra_Summer Tanager,../../Datasets/BirdClef/features/Piranga rubra_Summer Tanager/XC305072.npy,../../Datasets/BirdClef/audio/Piranga rubra_Summer Tanager/XC305072.mp3
train,Piranga rubra_Summer Tanager,../../Datasets/BirdClef/features/Piranga rubra_Summer Tanager/XC493953.npy,../../Datasets/BirdClef/audio/Piranga rubra_Summer Tanager/XC493953.mp3
train,Pitangus lictor_Lesser Kiskadee,../../Datasets/BirdClef/features/Pitangus lictor_Lesser Kiskadee/XC258980.npy,../../Datasets/BirdClef/audio/Pitangus lictor_Lesser Kiskadee/XC258980.mp3
train,Pitangus lictor_Lesser Kiskadee,../../Datasets/BirdClef/features/Pitangus lictor_Lesser Kiskadee/XC113576.npy,../../Datasets/BirdClef/audio/Pitangus lictor_Lesser Kiskadee/XC113576.mp3
train,Pitangus lictor_Lesser Kiskadee,../../Datasets/BirdClef/features/Pitangus lictor_Lesser Kiskadee/XC44101.npy,../../Datasets/BirdClef/audio/Pitangus lictor_Lesser Kiskadee/XC44101.mp3
train,Pitangus lictor_Lesser Kiskadee,../../Datasets/BirdClef/features/Pitangus lictor_Lesser Kiskadee/XC30512.npy,../../Datasets/BirdClef/audio/Pitangus lictor_Lesser Kiskadee/XC30512.mp3
train,Pitangus lictor_Lesser Kiskadee,../../Datasets/BirdClef/features/Pitangus lictor_Lesser Kiskadee/XC329323.npy,../../Datasets/BirdClef/audio/Pitangus lictor_Lesser Kiskadee/XC329323.mp3
train,Pitangus sulphuratus_Great Kiskadee,../../Datasets/BirdClef/features/Pitangus sulphuratus_Great Kiskadee/XC393272.npy,../../Datasets/BirdClef/audio/Pitangus sulphuratus_Great Kiskadee/XC393272.mp3
train,Pitangus sulphuratus_Great Kiskadee,../../Datasets/BirdClef/features/Pitangus sulphuratus_Great Kiskadee/XC360954.npy,../../Datasets/BirdClef/audio/Pitangus sulphuratus_Great Kiskadee/XC360954.mp3
train,Pitangus sulphuratus_Great Kiskadee,../../Datasets/BirdClef/features/Pitangus sulphuratus_Great Kiskadee/XC210228.npy,../../Datasets/BirdClef/audio/Pitangus sulphuratus_Great Kiskadee/XC210228.mp3
train,Pitangus sulphuratus_Great Kiskadee,../../Datasets/BirdClef/features/Pitangus sulphuratus_Great Kiskadee/XC448197.npy,../../Datasets/BirdClef/audio/Pitangus sulphuratus_Great Kiskadee/XC448197.mp3
train,Pitangus sulphuratus_Great Kiskadee,../../Datasets/BirdClef/features/Pitangus sulphuratus_Great Kiskadee/XC258974.npy,../../Datasets/BirdClef/audio/Pitangus sulphuratus_Great Kiskadee/XC258974.mp3
train,Platyrinchus coronatus_Golden-crowned Spadebill,../../Datasets/BirdClef/features/Platyrinchus coronatus_Golden-crowned Spadebill/XC270917.npy,../../Datasets/BirdClef/audio/Platyrinchus coronatus_Golden-crowned Spadebill/XC270917.mp3
train,Platyrinchus coronatus_Golden-crowned Spadebill,../../Datasets/BirdClef/features/Platyrinchus coronatus_Golden-crowned Spadebill/XC93679.npy,../../Datasets/BirdClef/audio/Platyrinchus coronatus_Golden-crowned Spadebill/XC93679.mp3
train,Platyrinchus coronatus_Golden-crowned Spadebill,../../Datasets/BirdClef/features/Platyrinchus coronatus_Golden-crowned Spadebill/XC303421.npy,../../Datasets/BirdClef/audio/Platyrinchus coronatus_Golden-crowned Spadebill/XC303421.mp3
train,Platyrinchus coronatus_Golden-crowned Spadebill,../../Datasets/BirdClef/features/Platyrinchus coronatus_Golden-crowned Spadebill/XC371488.npy,../../Datasets/BirdClef/audio/Platyrinchus coronatus_Golden-crowned Spadebill/XC371488.mp3
train,Platyrinchus coronatus_Golden-crowned Spadebill,../../Datasets/BirdClef/features/Platyrinchus coronatus_Golden-crowned Spadebill/XC262198.npy,../../Datasets/BirdClef/audio/Platyrinchus coronatus_Golden-crowned Spadebill/XC262198.mp3
train,Platyrinchus platyrhynchos_White-crested Spadebill,../../Datasets/BirdClef/features/Platyrinchus platyrhynchos_White-crested Spadebill/XC4884.npy,../../Datasets/BirdClef/audio/Platyrinchus platyrhynchos_White-crested Spadebill/XC4884.mp3
train,Platyrinchus platyrhynchos_White-crested Spadebill,../../Datasets/BirdClef/features/Platyrinchus platyrhynchos_White-crested Spadebill/XC108049.npy,../../Datasets/BirdClef/audio/Platyrinchus platyrhynchos_White-crested Spadebill/XC108049.mp3
train,Platyrinchus platyrhynchos_White-crested Spadebill,../../Datasets/BirdClef/features/Platyrinchus platyrhynchos_White-crested Spadebill/XC167370.npy,../../Datasets/BirdClef/audio/Platyrinchus platyrhynchos_White-crested Spadebill/XC167370.mp3
train,Platyrinchus platyrhynchos_White-crested Spadebill,../../Datasets/BirdClef/features/Platyrinchus platyrhynchos_White-crested Spadebill/XC63924.npy,../../Datasets/BirdClef/audio/Platyrinchus platyrhynchos_White-crested Spadebill/XC63924.mp3
train,Platyrinchus platyrhynchos_White-crested Spadebill,../../Datasets/BirdClef/features/Platyrinchus platyrhynchos_White-crested Spadebill/XC119555.npy,../../Datasets/BirdClef/audio/Platyrinchus platyrhynchos_White-crested Spadebill/XC119555.mp3
train,Plegadis chihi_White-faced Ibis,../../Datasets/BirdClef/features/Plegadis chihi_White-faced Ibis/XC228418.npy,../../Datasets/BirdClef/audio/Plegadis chihi_White-faced Ibis/XC228418.mp3
train,Plegadis chihi_White-faced Ibis,../../Datasets/BirdClef/features/Plegadis chihi_White-faced Ibis/XC228416.npy,../../Datasets/BirdClef/audio/Plegadis chihi_White-faced Ibis/XC228416.mp3
train,Plegadis chihi_White-faced Ibis,../../Datasets/BirdClef/features/Plegadis chihi_White-faced Ibis/XC85351.npy,../../Datasets/BirdClef/audio/Plegadis chihi_White-faced Ibis/XC85351.mp3
train,Plegadis chihi_White-faced Ibis,../../Datasets/BirdClef/features/Plegadis chihi_White-faced Ibis/XC291515.npy,../../Datasets/BirdClef/audio/Plegadis chihi_White-faced Ibis/XC291515.mp3
train,Plegadis chihi_White-faced Ibis,../../Datasets/BirdClef/features/Plegadis chihi_White-faced Ibis/XC490767.npy,../../Datasets/BirdClef/audio/Plegadis chihi_White-faced Ibis/XC490767.mp3
train,Plegadis falcinellus_Glossy Ibis,../../Datasets/BirdClef/features/Plegadis falcinellus_Glossy Ibis/XC464853.npy,../../Datasets/BirdClef/audio/Plegadis falcinellus_Glossy Ibis/XC464853.mp3
train,Plegadis falcinellus_Glossy Ibis,../../Datasets/BirdClef/features/Plegadis falcinellus_Glossy Ibis/XC442167.npy,../../Datasets/BirdClef/audio/Plegadis falcinellus_Glossy Ibis/XC442167.mp3
train,Plegadis falcinellus_Glossy Ibis,../../Datasets/BirdClef/features/Plegadis falcinellus_Glossy Ibis/XC312183.npy,../../Datasets/BirdClef/audio/Plegadis falcinellus_Glossy Ibis/XC312183.mp3
train,Plegadis falcinellus_Glossy Ibis,../../Datasets/BirdClef/features/Plegadis falcinellus_Glossy Ibis/XC140511.npy,../../Datasets/BirdClef/audio/Plegadis falcinellus_Glossy Ibis/XC140511.mp3
train,Plegadis falcinellus_Glossy Ibis,../../Datasets/BirdClef/features/Plegadis falcinellus_Glossy Ibis/XC166244.npy,../../Datasets/BirdClef/audio/Plegadis falcinellus_Glossy Ibis/XC166244.mp3
train,Pluvialis dominica_American Golden-Plover,../../Datasets/BirdClef/features/Pluvialis dominica_American Golden-Plover/XC354810.npy,../../Datasets/BirdClef/audio/Pluvialis dominica_American Golden-Plover/XC354810.mp3
train,Pluvialis dominica_American Golden-Plover,../../Datasets/BirdClef/features/Pluvialis dominica_American Golden-Plover/XC354808.npy,../../Datasets/BirdClef/audio/Pluvialis dominica_American Golden-Plover/XC354808.mp3
train,Pluvialis dominica_American Golden-Plover,../../Datasets/BirdClef/features/Pluvialis dominica_American Golden-Plover/XC48585.npy,../../Datasets/BirdClef/audio/Pluvialis dominica_American Golden-Plover/XC48585.mp3
train,Pluvialis dominica_American Golden-Plover,../../Datasets/BirdClef/features/Pluvialis dominica_American Golden-Plover/XC406167.npy,../../Datasets/BirdClef/audio/Pluvialis dominica_American Golden-Plover/XC406167.mp3
train,Pluvialis dominica_American Golden-Plover,../../Datasets/BirdClef/features/Pluvialis dominica_American Golden-Plover/XC237760.npy,../../Datasets/BirdClef/audio/Pluvialis dominica_American Golden-Plover/XC237760.mp3
train,Podiceps auritus_Horned Grebe,../../Datasets/BirdClef/features/Podiceps auritus_Horned Grebe/XC488018.npy,../../Datasets/BirdClef/audio/Podiceps auritus_Horned Grebe/XC488018.mp3
train,Podiceps auritus_Horned Grebe,../../Datasets/BirdClef/features/Podiceps auritus_Horned Grebe/XC181794.npy,../../Datasets/BirdClef/audio/Podiceps auritus_Horned Grebe/XC181794.mp3
train,Podiceps auritus_Horned Grebe,../../Datasets/BirdClef/features/Podiceps auritus_Horned Grebe/XC414352.npy,../../Datasets/BirdClef/audio/Podiceps auritus_Horned Grebe/XC414352.mp3
train,Podiceps auritus_Horned Grebe,../../Datasets/BirdClef/features/Podiceps auritus_Horned Grebe/XC103564.npy,../../Datasets/BirdClef/audio/Podiceps auritus_Horned Grebe/XC103564.mp3
train,Podiceps auritus_Horned Grebe,../../Datasets/BirdClef/features/Podiceps auritus_Horned Grebe/XC318034.npy,../../Datasets/BirdClef/audio/Podiceps auritus_Horned Grebe/XC318034.mp3
train,Podiceps cristatus_Great Crested Grebe,../../Datasets/BirdClef/features/Podiceps cristatus_Great Crested Grebe/XC40183.npy,../../Datasets/BirdClef/audio/Podiceps cristatus_Great Crested Grebe/XC40183.mp3
train,Podiceps cristatus_Great Crested Grebe,../../Datasets/BirdClef/features/Podiceps cristatus_Great Crested Grebe/XC488265.npy,../../Datasets/BirdClef/audio/Podiceps cristatus_Great Crested Grebe/XC488265.mp3
train,Podiceps cristatus_Great Crested Grebe,../../Datasets/BirdClef/features/Podiceps cristatus_Great Crested Grebe/XC252268.npy,../../Datasets/BirdClef/audio/Podiceps cristatus_Great Crested Grebe/XC252268.mp3
train,Podiceps cristatus_Great Crested Grebe,../../Datasets/BirdClef/features/Podiceps cristatus_Great Crested Grebe/XC37502.npy,../../Datasets/BirdClef/audio/Podiceps cristatus_Great Crested Grebe/XC37502.mp3
train,Podiceps cristatus_Great Crested Grebe,../../Datasets/BirdClef/features/Podiceps cristatus_Great Crested Grebe/XC473226.npy,../../Datasets/BirdClef/audio/Podiceps cristatus_Great Crested Grebe/XC473226.mp3
train,Podiceps grisegena_Red-necked Grebe,../../Datasets/BirdClef/features/Podiceps grisegena_Red-necked Grebe/XC432122.npy,../../Datasets/BirdClef/audio/Podiceps grisegena_Red-necked Grebe/XC432122.mp3
train,Podiceps grisegena_Red-necked Grebe,../../Datasets/BirdClef/features/Podiceps grisegena_Red-necked Grebe/XC320448.npy,../../Datasets/BirdClef/audio/Podiceps grisegena_Red-necked Grebe/XC320448.mp3
train,Podiceps grisegena_Red-necked Grebe,../../Datasets/BirdClef/features/Podiceps grisegena_Red-necked Grebe/XC474566.npy,../../Datasets/BirdClef/audio/Podiceps grisegena_Red-necked Grebe/XC474566.mp3
train,Podiceps grisegena_Red-necked Grebe,../../Datasets/BirdClef/features/Podiceps grisegena_Red-necked Grebe/XC149518.npy,../../Datasets/BirdClef/audio/Podiceps grisegena_Red-necked Grebe/XC149518.mp3
train,Podiceps grisegena_Red-necked Grebe,../../Datasets/BirdClef/features/Podiceps grisegena_Red-necked Grebe/XC76437.npy,../../Datasets/BirdClef/audio/Podiceps grisegena_Red-necked Grebe/XC76437.mp3
train,Podiceps nigricollis_Eared Grebe,../../Datasets/BirdClef/features/Podiceps nigricollis_Eared Grebe/XC182452.npy,../../Datasets/BirdClef/audio/Podiceps nigricollis_Eared Grebe/XC182452.mp3
train,Podiceps nigricollis_Eared Grebe,../../Datasets/BirdClef/features/Podiceps nigricollis_Eared Grebe/XC481370.npy,../../Datasets/BirdClef/audio/Podiceps nigricollis_Eared Grebe/XC481370.mp3
train,Podiceps nigricollis_Eared Grebe,../../Datasets/BirdClef/features/Podiceps nigricollis_Eared Grebe/XC280995.npy,../../Datasets/BirdClef/audio/Podiceps nigricollis_Eared Grebe/XC280995.mp3
train,Podiceps nigricollis_Eared Grebe,../../Datasets/BirdClef/features/Podiceps nigricollis_Eared Grebe/XC463852.npy,../../Datasets/BirdClef/audio/Podiceps nigricollis_Eared Grebe/XC463852.mp3
train,Podiceps nigricollis_Eared Grebe,../../Datasets/BirdClef/features/Podiceps nigricollis_Eared Grebe/XC463284.npy,../../Datasets/BirdClef/audio/Podiceps nigricollis_Eared Grebe/XC463284.mp3
train,Podilymbus podiceps_Pied-billed Grebe,../../Datasets/BirdClef/features/Podilymbus podiceps_Pied-billed Grebe/XC211749.npy,../../Datasets/BirdClef/audio/Podilymbus podiceps_Pied-billed Grebe/XC211749.mp3
train,Podilymbus podiceps_Pied-billed Grebe,../../Datasets/BirdClef/features/Podilymbus podiceps_Pied-billed Grebe/XC45464.npy,../../Datasets/BirdClef/audio/Podilymbus podiceps_Pied-billed Grebe/XC45464.mp3
train,Podilymbus podiceps_Pied-billed Grebe,../../Datasets/BirdClef/features/Podilymbus podiceps_Pied-billed Grebe/XC152211.npy,../../Datasets/BirdClef/audio/Podilymbus podiceps_Pied-billed Grebe/XC152211.mp3
train,Podilymbus podiceps_Pied-billed Grebe,../../Datasets/BirdClef/features/Podilymbus podiceps_Pied-billed Grebe/XC228439.npy,../../Datasets/BirdClef/audio/Podilymbus podiceps_Pied-billed Grebe/XC228439.mp3
train,Podilymbus podiceps_Pied-billed Grebe,../../Datasets/BirdClef/features/Podilymbus podiceps_Pied-billed Grebe/XC228437.npy,../../Datasets/BirdClef/audio/Podilymbus podiceps_Pied-billed Grebe/XC228437.mp3
train,Poecile atricapillus_Black-capped Chickadee,../../Datasets/BirdClef/features/Poecile atricapillus_Black-capped Chickadee/XC473417.npy,../../Datasets/BirdClef/audio/Poecile atricapillus_Black-capped Chickadee/XC473417.mp3
train,Poecile atricapillus_Black-capped Chickadee,../../Datasets/BirdClef/features/Poecile atricapillus_Black-capped Chickadee/XC299852.npy,../../Datasets/BirdClef/audio/Poecile atricapillus_Black-capped Chickadee/XC299852.mp3
train,Poecile atricapillus_Black-capped Chickadee,../../Datasets/BirdClef/features/Poecile atricapillus_Black-capped Chickadee/XC351736.npy,../../Datasets/BirdClef/audio/Poecile atricapillus_Black-capped Chickadee/XC351736.mp3
train,Poecile atricapillus_Black-capped Chickadee,../../Datasets/BirdClef/features/Poecile atricapillus_Black-capped Chickadee/XC463411.npy,../../Datasets/BirdClef/audio/Poecile atricapillus_Black-capped Chickadee/XC463411.mp3
train,Poecile atricapillus_Black-capped Chickadee,../../Datasets/BirdClef/features/Poecile atricapillus_Black-capped Chickadee/XC313353.npy,../../Datasets/BirdClef/audio/Poecile atricapillus_Black-capped Chickadee/XC313353.mp3
train,Poecile gambeli_Mountain Chickadee,../../Datasets/BirdClef/features/Poecile gambeli_Mountain Chickadee/XC71781.npy,../../Datasets/BirdClef/audio/Poecile gambeli_Mountain Chickadee/XC71781.mp3
train,Poecile gambeli_Mountain Chickadee,../../Datasets/BirdClef/features/Poecile gambeli_Mountain Chickadee/XC22062.npy,../../Datasets/BirdClef/audio/Poecile gambeli_Mountain Chickadee/XC22062.mp3
train,Poecile gambeli_Mountain Chickadee,../../Datasets/BirdClef/features/Poecile gambeli_Mountain Chickadee/XC71797.npy,../../Datasets/BirdClef/audio/Poecile gambeli_Mountain Chickadee/XC71797.mp3
train,Poecile gambeli_Mountain Chickadee,../../Datasets/BirdClef/features/Poecile gambeli_Mountain Chickadee/XC369972.npy,../../Datasets/BirdClef/audio/Poecile gambeli_Mountain Chickadee/XC369972.mp3
train,Poecile gambeli_Mountain Chickadee,../../Datasets/BirdClef/features/Poecile gambeli_Mountain Chickadee/XC362896.npy,../../Datasets/BirdClef/audio/Poecile gambeli_Mountain Chickadee/XC362896.mp3
train,Poecile palustris_Marsh Tit,../../Datasets/BirdClef/features/Poecile palustris_Marsh Tit/XC153824.npy,../../Datasets/BirdClef/audio/Poecile palustris_Marsh Tit/XC153824.mp3
train,Poecile palustris_Marsh Tit,../../Datasets/BirdClef/features/Poecile palustris_Marsh Tit/XC41248.npy,../../Datasets/BirdClef/audio/Poecile palustris_Marsh Tit/XC41248.mp3
train,Poecile palustris_Marsh Tit,../../Datasets/BirdClef/features/Poecile palustris_Marsh Tit/XC344455.npy,../../Datasets/BirdClef/audio/Poecile palustris_Marsh Tit/XC344455.mp3
train,Poecile palustris_Marsh Tit,../../Datasets/BirdClef/features/Poecile palustris_Marsh Tit/XC196400.npy,../../Datasets/BirdClef/audio/Poecile palustris_Marsh Tit/XC196400.mp3
train,Poecile palustris_Marsh Tit,../../Datasets/BirdClef/features/Poecile palustris_Marsh Tit/XC41264.npy,../../Datasets/BirdClef/audio/Poecile palustris_Marsh Tit/XC41264.mp3
train,Poecilotriccus latirostris_Rusty-fronted Tody-Flycatcher,../../Datasets/BirdClef/features/Poecilotriccus latirostris_Rusty-fronted Tody-Flycatcher/XC53561.npy,../../Datasets/BirdClef/audio/Poecilotriccus latirostris_Rusty-fronted Tody-Flycatcher/XC53561.mp3
train,Poecilotriccus latirostris_Rusty-fronted Tody-Flycatcher,../../Datasets/BirdClef/features/Poecilotriccus latirostris_Rusty-fronted Tody-Flycatcher/XC283997.npy,../../Datasets/BirdClef/audio/Poecilotriccus latirostris_Rusty-fronted Tody-Flycatcher/XC283997.mp3
train,Poecilotriccus latirostris_Rusty-fronted Tody-Flycatcher,../../Datasets/BirdClef/features/Poecilotriccus latirostris_Rusty-fronted Tody-Flycatcher/XC2579.npy,../../Datasets/BirdClef/audio/Poecilotriccus latirostris_Rusty-fronted Tody-Flycatcher/XC2579.mp3
train,Poecilotriccus latirostris_Rusty-fronted Tody-Flycatcher,../../Datasets/BirdClef/features/Poecilotriccus latirostris_Rusty-fronted Tody-Flycatcher/XC231319.npy,../../Datasets/BirdClef/audio/Poecilotriccus latirostris_Rusty-fronted Tody-Flycatcher/XC231319.mp3
train,Poecilotriccus latirostris_Rusty-fronted Tody-Flycatcher,../../Datasets/BirdClef/features/Poecilotriccus latirostris_Rusty-fronted Tody-Flycatcher/XC81401.npy,../../Datasets/BirdClef/audio/Poecilotriccus latirostris_Rusty-fronted Tody-Flycatcher/XC81401.mp3
train,Polioptila caerulea_Blue-gray Gnatcatcher,../../Datasets/BirdClef/features/Polioptila caerulea_Blue-gray Gnatcatcher/XC313741.npy,../../Datasets/BirdClef/audio/Polioptila caerulea_Blue-gray Gnatcatcher/XC313741.mp3
train,Polioptila caerulea_Blue-gray Gnatcatcher,../../Datasets/BirdClef/features/Polioptila caerulea_Blue-gray Gnatcatcher/XC255631.npy,../../Datasets/BirdClef/audio/Polioptila caerulea_Blue-gray Gnatcatcher/XC255631.mp3
train,Polioptila caerulea_Blue-gray Gnatcatcher,../../Datasets/BirdClef/features/Polioptila caerulea_Blue-gray Gnatcatcher/XC247308.npy,../../Datasets/BirdClef/audio/Polioptila caerulea_Blue-gray Gnatcatcher/XC247308.mp3
train,Polioptila caerulea_Blue-gray Gnatcatcher,../../Datasets/BirdClef/features/Polioptila caerulea_Blue-gray Gnatcatcher/XC313507.npy,../../Datasets/BirdClef/audio/Polioptila caerulea_Blue-gray Gnatcatcher/XC313507.mp3
train,Polioptila caerulea_Blue-gray Gnatcatcher,../../Datasets/BirdClef/features/Polioptila caerulea_Blue-gray Gnatcatcher/XC169152.npy,../../Datasets/BirdClef/audio/Polioptila caerulea_Blue-gray Gnatcatcher/XC169152.mp3
train,Pooecetes gramineus_Vesper Sparrow,../../Datasets/BirdClef/features/Pooecetes gramineus_Vesper Sparrow/XC160305.npy,../../Datasets/BirdClef/audio/Pooecetes gramineus_Vesper Sparrow/XC160305.mp3
train,Pooecetes gramineus_Vesper Sparrow,../../Datasets/BirdClef/features/Pooecetes gramineus_Vesper Sparrow/XC377801.npy,../../Datasets/BirdClef/audio/Pooecetes gramineus_Vesper Sparrow/XC377801.mp3
train,Pooecetes gramineus_Vesper Sparrow,../../Datasets/BirdClef/features/Pooecetes gramineus_Vesper Sparrow/XC477783.npy,../../Datasets/BirdClef/audio/Pooecetes gramineus_Vesper Sparrow/XC477783.mp3
train,Pooecetes gramineus_Vesper Sparrow,../../Datasets/BirdClef/features/Pooecetes gramineus_Vesper Sparrow/XC302525.npy,../../Datasets/BirdClef/audio/Pooecetes gramineus_Vesper Sparrow/XC302525.mp3
train,Pooecetes gramineus_Vesper Sparrow,../../Datasets/BirdClef/features/Pooecetes gramineus_Vesper Sparrow/XC12586.npy,../../Datasets/BirdClef/audio/Pooecetes gramineus_Vesper Sparrow/XC12586.mp3
train,Porphyrio martinica_Purple Gallinule,../../Datasets/BirdClef/features/Porphyrio martinica_Purple Gallinule/XC228566.npy,../../Datasets/BirdClef/audio/Porphyrio martinica_Purple Gallinule/XC228566.mp3
train,Porphyrio martinica_Purple Gallinule,../../Datasets/BirdClef/features/Porphyrio martinica_Purple Gallinule/XC443413.npy,../../Datasets/BirdClef/audio/Porphyrio martinica_Purple Gallinule/XC443413.mp3
train,Porphyrio martinica_Purple Gallinule,../../Datasets/BirdClef/features/Porphyrio martinica_Purple Gallinule/XC255140.npy,../../Datasets/BirdClef/audio/Porphyrio martinica_Purple Gallinule/XC255140.mp3
train,Porphyrio martinica_Purple Gallinule,../../Datasets/BirdClef/features/Porphyrio martinica_Purple Gallinule/XC1147.npy,../../Datasets/BirdClef/audio/Porphyrio martinica_Purple Gallinule/XC1147.mp3
train,Porphyrio martinica_Purple Gallinule,../../Datasets/BirdClef/features/Porphyrio martinica_Purple Gallinule/XC317160.npy,../../Datasets/BirdClef/audio/Porphyrio martinica_Purple Gallinule/XC317160.mp3
train,Porzana carolina_Sora,../../Datasets/BirdClef/features/Porzana carolina_Sora/XC129648.npy,../../Datasets/BirdClef/audio/Porzana carolina_Sora/XC129648.mp3
train,Porzana carolina_Sora,../../Datasets/BirdClef/features/Porzana carolina_Sora/XC288239.npy,../../Datasets/BirdClef/audio/Porzana carolina_Sora/XC288239.mp3
train,Porzana carolina_Sora,../../Datasets/BirdClef/features/Porzana carolina_Sora/XC354998.npy,../../Datasets/BirdClef/audio/Porzana carolina_Sora/XC354998.mp3
train,Porzana carolina_Sora,../../Datasets/BirdClef/features/Porzana carolina_Sora/XC160539.npy,../../Datasets/BirdClef/audio/Porzana carolina_Sora/XC160539.mp3
train,Porzana carolina_Sora,../../Datasets/BirdClef/features/Porzana carolina_Sora/XC111154.npy,../../Datasets/BirdClef/audio/Porzana carolina_Sora/XC111154.mp3
train,Progne chalybea_Gray-breasted Martin,../../Datasets/BirdClef/features/Progne chalybea_Gray-breasted Martin/XC211441.npy,../../Datasets/BirdClef/audio/Progne chalybea_Gray-breasted Martin/XC211441.mp3
train,Progne chalybea_Gray-breasted Martin,../../Datasets/BirdClef/features/Progne chalybea_Gray-breasted Martin/XC247620.npy,../../Datasets/BirdClef/audio/Progne chalybea_Gray-breasted Martin/XC247620.mp3
train,Progne chalybea_Gray-breasted Martin,../../Datasets/BirdClef/features/Progne chalybea_Gray-breasted Martin/XC401365.npy,../../Datasets/BirdClef/audio/Progne chalybea_Gray-breasted Martin/XC401365.mp3
train,Progne chalybea_Gray-breasted Martin,../../Datasets/BirdClef/features/Progne chalybea_Gray-breasted Martin/XC105487.npy,../../Datasets/BirdClef/audio/Progne chalybea_Gray-breasted Martin/XC105487.mp3
train,Progne chalybea_Gray-breasted Martin,../../Datasets/BirdClef/features/Progne chalybea_Gray-breasted Martin/XC271539.npy,../../Datasets/BirdClef/audio/Progne chalybea_Gray-breasted Martin/XC271539.mp3
train,Progne tapera_Brown-chested Martin,../../Datasets/BirdClef/features/Progne tapera_Brown-chested Martin/XC63855.npy,../../Datasets/BirdClef/audio/Progne tapera_Brown-chested Martin/XC63855.mp3
train,Progne tapera_Brown-chested Martin,../../Datasets/BirdClef/features/Progne tapera_Brown-chested Martin/XC51529.npy,../../Datasets/BirdClef/audio/Progne tapera_Brown-chested Martin/XC51529.mp3
train,Progne tapera_Brown-chested Martin,../../Datasets/BirdClef/features/Progne tapera_Brown-chested Martin/XC272675.npy,../../Datasets/BirdClef/audio/Progne tapera_Brown-chested Martin/XC272675.mp3
train,Progne tapera_Brown-chested Martin,../../Datasets/BirdClef/features/Progne tapera_Brown-chested Martin/XC7973.npy,../../Datasets/BirdClef/audio/Progne tapera_Brown-chested Martin/XC7973.mp3
train,Progne tapera_Brown-chested Martin,../../Datasets/BirdClef/features/Progne tapera_Brown-chested Martin/XC270922.npy,../../Datasets/BirdClef/audio/Progne tapera_Brown-chested Martin/XC270922.mp3
train,Prunella modularis_Dunnock,../../Datasets/BirdClef/features/Prunella modularis_Dunnock/XC324765.npy,../../Datasets/BirdClef/audio/Prunella modularis_Dunnock/XC324765.mp3
train,Prunella modularis_Dunnock,../../Datasets/BirdClef/features/Prunella modularis_Dunnock/XC141185.npy,../../Datasets/BirdClef/audio/Prunella modularis_Dunnock/XC141185.mp3
train,Prunella modularis_Dunnock,../../Datasets/BirdClef/features/Prunella modularis_Dunnock/XC35039.npy,../../Datasets/BirdClef/audio/Prunella modularis_Dunnock/XC35039.mp3
train,Prunella modularis_Dunnock,../../Datasets/BirdClef/features/Prunella modularis_Dunnock/XC212853.npy,../../Datasets/BirdClef/audio/Prunella modularis_Dunnock/XC212853.mp3
train,Prunella modularis_Dunnock,../../Datasets/BirdClef/features/Prunella modularis_Dunnock/XC447428.npy,../../Datasets/BirdClef/audio/Prunella modularis_Dunnock/XC447428.mp3
train,Psaltriparus minimus_Bushtit,../../Datasets/BirdClef/features/Psaltriparus minimus_Bushtit/XC381411.npy,../../Datasets/BirdClef/audio/Psaltriparus minimus_Bushtit/XC381411.mp3
train,Psaltriparus minimus_Bushtit,../../Datasets/BirdClef/features/Psaltriparus minimus_Bushtit/XC109192.npy,../../Datasets/BirdClef/audio/Psaltriparus minimus_Bushtit/XC109192.mp3
train,Psaltriparus minimus_Bushtit,../../Datasets/BirdClef/features/Psaltriparus minimus_Bushtit/XC149387.npy,../../Datasets/BirdClef/audio/Psaltriparus minimus_Bushtit/XC149387.mp3
train,Psaltriparus minimus_Bushtit,../../Datasets/BirdClef/features/Psaltriparus minimus_Bushtit/XC307863.npy,../../Datasets/BirdClef/audio/Psaltriparus minimus_Bushtit/XC307863.mp3
train,Psaltriparus minimus_Bushtit,../../Datasets/BirdClef/features/Psaltriparus minimus_Bushtit/XC358701.npy,../../Datasets/BirdClef/audio/Psaltriparus minimus_Bushtit/XC358701.mp3
train,Psarocolius angustifrons_Russet-backed Oropendola,../../Datasets/BirdClef/features/Psarocolius angustifrons_Russet-backed Oropendola/XC12151.npy,../../Datasets/BirdClef/audio/Psarocolius angustifrons_Russet-backed Oropendola/XC12151.mp3
train,Psarocolius angustifrons_Russet-backed Oropendola,../../Datasets/BirdClef/features/Psarocolius angustifrons_Russet-backed Oropendola/XC467718.npy,../../Datasets/BirdClef/audio/Psarocolius angustifrons_Russet-backed Oropendola/XC467718.mp3
train,Psarocolius angustifrons_Russet-backed Oropendola,../../Datasets/BirdClef/features/Psarocolius angustifrons_Russet-backed Oropendola/XC261321.npy,../../Datasets/BirdClef/audio/Psarocolius angustifrons_Russet-backed Oropendola/XC261321.mp3
train,Psarocolius angustifrons_Russet-backed Oropendola,../../Datasets/BirdClef/features/Psarocolius angustifrons_Russet-backed Oropendola/XC461807.npy,../../Datasets/BirdClef/audio/Psarocolius angustifrons_Russet-backed Oropendola/XC461807.mp3
train,Psarocolius angustifrons_Russet-backed Oropendola,../../Datasets/BirdClef/features/Psarocolius angustifrons_Russet-backed Oropendola/XC261320.npy,../../Datasets/BirdClef/audio/Psarocolius angustifrons_Russet-backed Oropendola/XC261320.mp3
train,Psarocolius bifasciatus_Olive Oropendola,../../Datasets/BirdClef/features/Psarocolius bifasciatus_Olive Oropendola/XC478232.npy,../../Datasets/BirdClef/audio/Psarocolius bifasciatus_Olive Oropendola/XC478232.mp3
train,Psarocolius bifasciatus_Olive Oropendola,../../Datasets/BirdClef/features/Psarocolius bifasciatus_Olive Oropendola/XC440765.npy,../../Datasets/BirdClef/audio/Psarocolius bifasciatus_Olive Oropendola/XC440765.mp3
train,Psarocolius bifasciatus_Olive Oropendola,../../Datasets/BirdClef/features/Psarocolius bifasciatus_Olive Oropendola/XC35396.npy,../../Datasets/BirdClef/audio/Psarocolius bifasciatus_Olive Oropendola/XC35396.mp3
train,Psarocolius bifasciatus_Olive Oropendola,../../Datasets/BirdClef/features/Psarocolius bifasciatus_Olive Oropendola/XC243012.npy,../../Datasets/BirdClef/audio/Psarocolius bifasciatus_Olive Oropendola/XC243012.mp3
train,Psarocolius bifasciatus_Olive Oropendola,../../Datasets/BirdClef/features/Psarocolius bifasciatus_Olive Oropendola/XC435870.npy,../../Datasets/BirdClef/audio/Psarocolius bifasciatus_Olive Oropendola/XC435870.mp3
train,Psarocolius decumanus_Crested Oropendola,../../Datasets/BirdClef/features/Psarocolius decumanus_Crested Oropendola/XC51604.npy,../../Datasets/BirdClef/audio/Psarocolius decumanus_Crested Oropendola/XC51604.mp3
train,Psarocolius decumanus_Crested Oropendola,../../Datasets/BirdClef/features/Psarocolius decumanus_Crested Oropendola/XC348809.npy,../../Datasets/BirdClef/audio/Psarocolius decumanus_Crested Oropendola/XC348809.mp3
train,Psarocolius decumanus_Crested Oropendola,../../Datasets/BirdClef/features/Psarocolius decumanus_Crested Oropendola/XC2376.npy,../../Datasets/BirdClef/audio/Psarocolius decumanus_Crested Oropendola/XC2376.mp3
train,Psarocolius decumanus_Crested Oropendola,../../Datasets/BirdClef/features/Psarocolius decumanus_Crested Oropendola/XC272785.npy,../../Datasets/BirdClef/audio/Psarocolius decumanus_Crested Oropendola/XC272785.mp3
train,Psarocolius decumanus_Crested Oropendola,../../Datasets/BirdClef/features/Psarocolius decumanus_Crested Oropendola/XC259989.npy,../../Datasets/BirdClef/audio/Psarocolius decumanus_Crested Oropendola/XC259989.mp3
train,Psittacara leucophthalmus_White-eyed Parakeet,../../Datasets/BirdClef/features/Psittacara leucophthalmus_White-eyed Parakeet/XC122657.npy,../../Datasets/BirdClef/audio/Psittacara leucophthalmus_White-eyed Parakeet/XC122657.mp3
train,Psittacara leucophthalmus_White-eyed Parakeet,../../Datasets/BirdClef/features/Psittacara leucophthalmus_White-eyed Parakeet/XC427857.npy,../../Datasets/BirdClef/audio/Psittacara leucophthalmus_White-eyed Parakeet/XC427857.mp3
train,Psittacara leucophthalmus_White-eyed Parakeet,../../Datasets/BirdClef/features/Psittacara leucophthalmus_White-eyed Parakeet/XC213045.npy,../../Datasets/BirdClef/audio/Psittacara leucophthalmus_White-eyed Parakeet/XC213045.mp3
train,Psittacara leucophthalmus_White-eyed Parakeet,../../Datasets/BirdClef/features/Psittacara leucophthalmus_White-eyed Parakeet/XC327299.npy,../../Datasets/BirdClef/audio/Psittacara leucophthalmus_White-eyed Parakeet/XC327299.mp3
train,Psittacara leucophthalmus_White-eyed Parakeet,../../Datasets/BirdClef/features/Psittacara leucophthalmus_White-eyed Parakeet/XC180450.npy,../../Datasets/BirdClef/audio/Psittacara leucophthalmus_White-eyed Parakeet/XC180450.mp3
train,Psittacula krameri_Rose-ringed Parakeet,../../Datasets/BirdClef/features/Psittacula krameri_Rose-ringed Parakeet/XC163097.npy,../../Datasets/BirdClef/audio/Psittacula krameri_Rose-ringed Parakeet/XC163097.mp3
train,Psittacula krameri_Rose-ringed Parakeet,../../Datasets/BirdClef/features/Psittacula krameri_Rose-ringed Parakeet/XC211577.npy,../../Datasets/BirdClef/audio/Psittacula krameri_Rose-ringed Parakeet/XC211577.mp3
train,Psittacula krameri_Rose-ringed Parakeet,../../Datasets/BirdClef/features/Psittacula krameri_Rose-ringed Parakeet/XC189092.npy,../../Datasets/BirdClef/audio/Psittacula krameri_Rose-ringed Parakeet/XC189092.mp3
train,Psittacula krameri_Rose-ringed Parakeet,../../Datasets/BirdClef/features/Psittacula krameri_Rose-ringed Parakeet/XC453150.npy,../../Datasets/BirdClef/audio/Psittacula krameri_Rose-ringed Parakeet/XC453150.mp3
train,Psittacula krameri_Rose-ringed Parakeet,../../Datasets/BirdClef/features/Psittacula krameri_Rose-ringed Parakeet/XC445919.npy,../../Datasets/BirdClef/audio/Psittacula krameri_Rose-ringed Parakeet/XC445919.mp3
train,Pteroglossus castanotis_Chestnut-eared Aracari,../../Datasets/BirdClef/features/Pteroglossus castanotis_Chestnut-eared Aracari/XC174017.npy,../../Datasets/BirdClef/audio/Pteroglossus castanotis_Chestnut-eared Aracari/XC174017.mp3
train,Pteroglossus castanotis_Chestnut-eared Aracari,../../Datasets/BirdClef/features/Pteroglossus castanotis_Chestnut-eared Aracari/XC90834.npy,../../Datasets/BirdClef/audio/Pteroglossus castanotis_Chestnut-eared Aracari/XC90834.mp3
train,Pteroglossus castanotis_Chestnut-eared Aracari,../../Datasets/BirdClef/features/Pteroglossus castanotis_Chestnut-eared Aracari/XC316155.npy,../../Datasets/BirdClef/audio/Pteroglossus castanotis_Chestnut-eared Aracari/XC316155.mp3
train,Pteroglossus castanotis_Chestnut-eared Aracari,../../Datasets/BirdClef/features/Pteroglossus castanotis_Chestnut-eared Aracari/XC148194.npy,../../Datasets/BirdClef/audio/Pteroglossus castanotis_Chestnut-eared Aracari/XC148194.mp3
train,Pteroglossus castanotis_Chestnut-eared Aracari,../../Datasets/BirdClef/features/Pteroglossus castanotis_Chestnut-eared Aracari/XC422340.npy,../../Datasets/BirdClef/audio/Pteroglossus castanotis_Chestnut-eared Aracari/XC422340.mp3
train,Pulsatrix perspicillata_Spectacled Owl,../../Datasets/BirdClef/features/Pulsatrix perspicillata_Spectacled Owl/XC85362.npy,../../Datasets/BirdClef/audio/Pulsatrix perspicillata_Spectacled Owl/XC85362.mp3
train,Pulsatrix perspicillata_Spectacled Owl,../../Datasets/BirdClef/features/Pulsatrix perspicillata_Spectacled Owl/XC28501.npy,../../Datasets/BirdClef/audio/Pulsatrix perspicillata_Spectacled Owl/XC28501.mp3
train,Pulsatrix perspicillata_Spectacled Owl,../../Datasets/BirdClef/features/Pulsatrix perspicillata_Spectacled Owl/XC261644.npy,../../Datasets/BirdClef/audio/Pulsatrix perspicillata_Spectacled Owl/XC261644.mp3
train,Pulsatrix perspicillata_Spectacled Owl,../../Datasets/BirdClef/features/Pulsatrix perspicillata_Spectacled Owl/XC170824.npy,../../Datasets/BirdClef/audio/Pulsatrix perspicillata_Spectacled Owl/XC170824.mp3
train,Pulsatrix perspicillata_Spectacled Owl,../../Datasets/BirdClef/features/Pulsatrix perspicillata_Spectacled Owl/XC388593.npy,../../Datasets/BirdClef/audio/Pulsatrix perspicillata_Spectacled Owl/XC388593.mp3
train,Pygiptila stellaris_Spot-winged Antshrike,../../Datasets/BirdClef/features/Pygiptila stellaris_Spot-winged Antshrike/XC81411.npy,../../Datasets/BirdClef/audio/Pygiptila stellaris_Spot-winged Antshrike/XC81411.mp3
train,Pygiptila stellaris_Spot-winged Antshrike,../../Datasets/BirdClef/features/Pygiptila stellaris_Spot-winged Antshrike/XC84028.npy,../../Datasets/BirdClef/audio/Pygiptila stellaris_Spot-winged Antshrike/XC84028.mp3
train,Pygiptila stellaris_Spot-winged Antshrike,../../Datasets/BirdClef/features/Pygiptila stellaris_Spot-winged Antshrike/XC427863.npy,../../Datasets/BirdClef/audio/Pygiptila stellaris_Spot-winged Antshrike/XC427863.mp3
train,Pygiptila stellaris_Spot-winged Antshrike,../../Datasets/BirdClef/features/Pygiptila stellaris_Spot-winged Antshrike/XC228762.npy,../../Datasets/BirdClef/audio/Pygiptila stellaris_Spot-winged Antshrike/XC228762.mp3
train,Pygiptila stellaris_Spot-winged Antshrike,../../Datasets/BirdClef/features/Pygiptila stellaris_Spot-winged Antshrike/XC258368.npy,../../Datasets/BirdClef/audio/Pygiptila stellaris_Spot-winged Antshrike/XC258368.mp3
train,Pygochelidon cyanoleuca_Blue-and-white Swallow,../../Datasets/BirdClef/features/Pygochelidon cyanoleuca_Blue-and-white Swallow/XC189211.npy,../../Datasets/BirdClef/audio/Pygochelidon cyanoleuca_Blue-and-white Swallow/XC189211.mp3
train,Pygochelidon cyanoleuca_Blue-and-white Swallow,../../Datasets/BirdClef/features/Pygochelidon cyanoleuca_Blue-and-white Swallow/XC251252.npy,../../Datasets/BirdClef/audio/Pygochelidon cyanoleuca_Blue-and-white Swallow/XC251252.mp3
train,Pygochelidon cyanoleuca_Blue-and-white Swallow,../../Datasets/BirdClef/features/Pygochelidon cyanoleuca_Blue-and-white Swallow/XC459549.npy,../../Datasets/BirdClef/audio/Pygochelidon cyanoleuca_Blue-and-white Swallow/XC459549.mp3
train,Pygochelidon cyanoleuca_Blue-and-white Swallow,../../Datasets/BirdClef/features/Pygochelidon cyanoleuca_Blue-and-white Swallow/XC95957.npy,../../Datasets/BirdClef/audio/Pygochelidon cyanoleuca_Blue-and-white Swallow/XC95957.mp3
train,Pygochelidon cyanoleuca_Blue-and-white Swallow,../../Datasets/BirdClef/features/Pygochelidon cyanoleuca_Blue-and-white Swallow/XC287255.npy,../../Datasets/BirdClef/audio/Pygochelidon cyanoleuca_Blue-and-white Swallow/XC287255.mp3
train,Pyrrhula pyrrhula_Eurasian Bullfinch,../../Datasets/BirdClef/features/Pyrrhula pyrrhula_Eurasian Bullfinch/XC152813.npy,../../Datasets/BirdClef/audio/Pyrrhula pyrrhula_Eurasian Bullfinch/XC152813.mp3
train,Pyrrhula pyrrhula_Eurasian Bullfinch,../../Datasets/BirdClef/features/Pyrrhula pyrrhula_Eurasian Bullfinch/XC350477.npy,../../Datasets/BirdClef/audio/Pyrrhula pyrrhula_Eurasian Bullfinch/XC350477.mp3
train,Pyrrhula pyrrhula_Eurasian Bullfinch,../../Datasets/BirdClef/features/Pyrrhula pyrrhula_Eurasian Bullfinch/XC342630.npy,../../Datasets/BirdClef/audio/Pyrrhula pyrrhula_Eurasian Bullfinch/XC342630.mp3
train,Pyrrhula pyrrhula_Eurasian Bullfinch,../../Datasets/BirdClef/features/Pyrrhula pyrrhula_Eurasian Bullfinch/XC447430.npy,../../Datasets/BirdClef/audio/Pyrrhula pyrrhula_Eurasian Bullfinch/XC447430.mp3
train,Pyrrhula pyrrhula_Eurasian Bullfinch,../../Datasets/BirdClef/features/Pyrrhula pyrrhula_Eurasian Bullfinch/XC390264.npy,../../Datasets/BirdClef/audio/Pyrrhula pyrrhula_Eurasian Bullfinch/XC390264.mp3
train,Querula purpurata_Purple-throated Fruitcrow,../../Datasets/BirdClef/features/Querula purpurata_Purple-throated Fruitcrow/XC34669.npy,../../Datasets/BirdClef/audio/Querula purpurata_Purple-throated Fruitcrow/XC34669.mp3
train,Querula purpurata_Purple-throated Fruitcrow,../../Datasets/BirdClef/features/Querula purpurata_Purple-throated Fruitcrow/XC262289.npy,../../Datasets/BirdClef/audio/Querula purpurata_Purple-throated Fruitcrow/XC262289.mp3
train,Querula purpurata_Purple-throated Fruitcrow,../../Datasets/BirdClef/features/Querula purpurata_Purple-throated Fruitcrow/XC200339.npy,../../Datasets/BirdClef/audio/Querula purpurata_Purple-throated Fruitcrow/XC200339.mp3
train,Querula purpurata_Purple-throated Fruitcrow,../../Datasets/BirdClef/features/Querula purpurata_Purple-throated Fruitcrow/XC170556.npy,../../Datasets/BirdClef/audio/Querula purpurata_Purple-throated Fruitcrow/XC170556.mp3
train,Querula purpurata_Purple-throated Fruitcrow,../../Datasets/BirdClef/features/Querula purpurata_Purple-throated Fruitcrow/XC358890.npy,../../Datasets/BirdClef/audio/Querula purpurata_Purple-throated Fruitcrow/XC358890.mp3
train,Quiscalus mexicanus_Great-tailed Grackle,../../Datasets/BirdClef/features/Quiscalus mexicanus_Great-tailed Grackle/XC584.npy,../../Datasets/BirdClef/audio/Quiscalus mexicanus_Great-tailed Grackle/XC584.mp3
train,Quiscalus mexicanus_Great-tailed Grackle,../../Datasets/BirdClef/features/Quiscalus mexicanus_Great-tailed Grackle/XC370704.npy,../../Datasets/BirdClef/audio/Quiscalus mexicanus_Great-tailed Grackle/XC370704.mp3
train,Quiscalus mexicanus_Great-tailed Grackle,../../Datasets/BirdClef/features/Quiscalus mexicanus_Great-tailed Grackle/XC270166.npy,../../Datasets/BirdClef/audio/Quiscalus mexicanus_Great-tailed Grackle/XC270166.mp3
train,Quiscalus mexicanus_Great-tailed Grackle,../../Datasets/BirdClef/features/Quiscalus mexicanus_Great-tailed Grackle/XC366523.npy,../../Datasets/BirdClef/audio/Quiscalus mexicanus_Great-tailed Grackle/XC366523.mp3
train,Quiscalus mexicanus_Great-tailed Grackle,../../Datasets/BirdClef/features/Quiscalus mexicanus_Great-tailed Grackle/XC260025.npy,../../Datasets/BirdClef/audio/Quiscalus mexicanus_Great-tailed Grackle/XC260025.mp3
train,Quiscalus quiscula_Common Grackle,../../Datasets/BirdClef/features/Quiscalus quiscula_Common Grackle/XC448750.npy,../../Datasets/BirdClef/audio/Quiscalus quiscula_Common Grackle/XC448750.mp3
train,Quiscalus quiscula_Common Grackle,../../Datasets/BirdClef/features/Quiscalus quiscula_Common Grackle/XC149254.npy,../../Datasets/BirdClef/audio/Quiscalus quiscula_Common Grackle/XC149254.mp3
train,Quiscalus quiscula_Common Grackle,../../Datasets/BirdClef/features/Quiscalus quiscula_Common Grackle/XC345282.npy,../../Datasets/BirdClef/audio/Quiscalus quiscula_Common Grackle/XC345282.mp3
train,Quiscalus quiscula_Common Grackle,../../Datasets/BirdClef/features/Quiscalus quiscula_Common Grackle/XC109899.npy,../../Datasets/BirdClef/audio/Quiscalus quiscula_Common Grackle/XC109899.mp3
train,Quiscalus quiscula_Common Grackle,../../Datasets/BirdClef/features/Quiscalus quiscula_Common Grackle/XC413722.npy,../../Datasets/BirdClef/audio/Quiscalus quiscula_Common Grackle/XC413722.mp3
train,Rallus aquaticus_Water Rail,../../Datasets/BirdClef/features/Rallus aquaticus_Water Rail/XC155973.npy,../../Datasets/BirdClef/audio/Rallus aquaticus_Water Rail/XC155973.mp3
train,Rallus aquaticus_Water Rail,../../Datasets/BirdClef/features/Rallus aquaticus_Water Rail/XC235200.npy,../../Datasets/BirdClef/audio/Rallus aquaticus_Water Rail/XC235200.mp3
train,Rallus aquaticus_Water Rail,../../Datasets/BirdClef/features/Rallus aquaticus_Water Rail/XC361981.npy,../../Datasets/BirdClef/audio/Rallus aquaticus_Water Rail/XC361981.mp3
train,Rallus aquaticus_Water Rail,../../Datasets/BirdClef/features/Rallus aquaticus_Water Rail/XC394352.npy,../../Datasets/BirdClef/audio/Rallus aquaticus_Water Rail/XC394352.mp3
train,Rallus aquaticus_Water Rail,../../Datasets/BirdClef/features/Rallus aquaticus_Water Rail/XC143126.npy,../../Datasets/BirdClef/audio/Rallus aquaticus_Water Rail/XC143126.mp3
train,Ramphastos tucanus_White-throated Toucan,../../Datasets/BirdClef/features/Ramphastos tucanus_White-throated Toucan/XC112753.npy,../../Datasets/BirdClef/audio/Ramphastos tucanus_White-throated Toucan/XC112753.mp3
train,Ramphastos tucanus_White-throated Toucan,../../Datasets/BirdClef/features/Ramphastos tucanus_White-throated Toucan/XC117388.npy,../../Datasets/BirdClef/audio/Ramphastos tucanus_White-throated Toucan/XC117388.mp3
train,Ramphastos tucanus_White-throated Toucan,../../Datasets/BirdClef/features/Ramphastos tucanus_White-throated Toucan/XC104390.npy,../../Datasets/BirdClef/audio/Ramphastos tucanus_White-throated Toucan/XC104390.mp3
train,Ramphastos tucanus_White-throated Toucan,../../Datasets/BirdClef/features/Ramphastos tucanus_White-throated Toucan/XC122630.npy,../../Datasets/BirdClef/audio/Ramphastos tucanus_White-throated Toucan/XC122630.mp3
train,Ramphastos tucanus_White-throated Toucan,../../Datasets/BirdClef/features/Ramphastos tucanus_White-throated Toucan/XC117386.npy,../../Datasets/BirdClef/audio/Ramphastos tucanus_White-throated Toucan/XC117386.mp3
train,Ramphastos vitellinus_Channel-billed Toucan,../../Datasets/BirdClef/features/Ramphastos vitellinus_Channel-billed Toucan/XC427889.npy,../../Datasets/BirdClef/audio/Ramphastos vitellinus_Channel-billed Toucan/XC427889.mp3
train,Ramphastos vitellinus_Channel-billed Toucan,../../Datasets/BirdClef/features/Ramphastos vitellinus_Channel-billed Toucan/XC199817.npy,../../Datasets/BirdClef/audio/Ramphastos vitellinus_Channel-billed Toucan/XC199817.mp3
train,Ramphastos vitellinus_Channel-billed Toucan,../../Datasets/BirdClef/features/Ramphastos vitellinus_Channel-billed Toucan/XC233623.npy,../../Datasets/BirdClef/audio/Ramphastos vitellinus_Channel-billed Toucan/XC233623.mp3
train,Ramphastos vitellinus_Channel-billed Toucan,../../Datasets/BirdClef/features/Ramphastos vitellinus_Channel-billed Toucan/XC258018.npy,../../Datasets/BirdClef/audio/Ramphastos vitellinus_Channel-billed Toucan/XC258018.mp3
train,Ramphastos vitellinus_Channel-billed Toucan,../../Datasets/BirdClef/features/Ramphastos vitellinus_Channel-billed Toucan/XC290260.npy,../../Datasets/BirdClef/audio/Ramphastos vitellinus_Channel-billed Toucan/XC290260.mp3
train,Ramphocelus carbo_Silver-beaked Tanager,../../Datasets/BirdClef/features/Ramphocelus carbo_Silver-beaked Tanager/XC428452.npy,../../Datasets/BirdClef/audio/Ramphocelus carbo_Silver-beaked Tanager/XC428452.mp3
train,Ramphocelus carbo_Silver-beaked Tanager,../../Datasets/BirdClef/features/Ramphocelus carbo_Silver-beaked Tanager/XC14901.npy,../../Datasets/BirdClef/audio/Ramphocelus carbo_Silver-beaked Tanager/XC14901.mp3
train,Ramphocelus carbo_Silver-beaked Tanager,../../Datasets/BirdClef/features/Ramphocelus carbo_Silver-beaked Tanager/XC462882.npy,../../Datasets/BirdClef/audio/Ramphocelus carbo_Silver-beaked Tanager/XC462882.mp3
train,Ramphocelus carbo_Silver-beaked Tanager,../../Datasets/BirdClef/features/Ramphocelus carbo_Silver-beaked Tanager/XC124252.npy,../../Datasets/BirdClef/audio/Ramphocelus carbo_Silver-beaked Tanager/XC124252.mp3
train,Ramphocelus carbo_Silver-beaked Tanager,../../Datasets/BirdClef/features/Ramphocelus carbo_Silver-beaked Tanager/XC447017.npy,../../Datasets/BirdClef/audio/Ramphocelus carbo_Silver-beaked Tanager/XC447017.mp3
train,Ramphotrigon fuscicauda_Dusky-tailed Flatbill,../../Datasets/BirdClef/features/Ramphotrigon fuscicauda_Dusky-tailed Flatbill/XC264696.npy,../../Datasets/BirdClef/audio/Ramphotrigon fuscicauda_Dusky-tailed Flatbill/XC264696.mp3
train,Ramphotrigon fuscicauda_Dusky-tailed Flatbill,../../Datasets/BirdClef/features/Ramphotrigon fuscicauda_Dusky-tailed Flatbill/XC64128.npy,../../Datasets/BirdClef/audio/Ramphotrigon fuscicauda_Dusky-tailed Flatbill/XC64128.mp3
train,Ramphotrigon fuscicauda_Dusky-tailed Flatbill,../../Datasets/BirdClef/features/Ramphotrigon fuscicauda_Dusky-tailed Flatbill/XC143383.npy,../../Datasets/BirdClef/audio/Ramphotrigon fuscicauda_Dusky-tailed Flatbill/XC143383.mp3
train,Ramphotrigon fuscicauda_Dusky-tailed Flatbill,../../Datasets/BirdClef/features/Ramphotrigon fuscicauda_Dusky-tailed Flatbill/XC151919.npy,../../Datasets/BirdClef/audio/Ramphotrigon fuscicauda_Dusky-tailed Flatbill/XC151919.mp3
train,Ramphotrigon fuscicauda_Dusky-tailed Flatbill,../../Datasets/BirdClef/features/Ramphotrigon fuscicauda_Dusky-tailed Flatbill/XC123311.npy,../../Datasets/BirdClef/audio/Ramphotrigon fuscicauda_Dusky-tailed Flatbill/XC123311.mp3
train,Ramphotrigon megacephalum_Large-headed Flatbill,../../Datasets/BirdClef/features/Ramphotrigon megacephalum_Large-headed Flatbill/XC13213.npy,../../Datasets/BirdClef/audio/Ramphotrigon megacephalum_Large-headed Flatbill/XC13213.mp3
train,Ramphotrigon megacephalum_Large-headed Flatbill,../../Datasets/BirdClef/features/Ramphotrigon megacephalum_Large-headed Flatbill/XC206164.npy,../../Datasets/BirdClef/audio/Ramphotrigon megacephalum_Large-headed Flatbill/XC206164.mp3
train,Ramphotrigon megacephalum_Large-headed Flatbill,../../Datasets/BirdClef/features/Ramphotrigon megacephalum_Large-headed Flatbill/XC14812.npy,../../Datasets/BirdClef/audio/Ramphotrigon megacephalum_Large-headed Flatbill/XC14812.mp3
train,Ramphotrigon megacephalum_Large-headed Flatbill,../../Datasets/BirdClef/features/Ramphotrigon megacephalum_Large-headed Flatbill/XC312956.npy,../../Datasets/BirdClef/audio/Ramphotrigon megacephalum_Large-headed Flatbill/XC312956.mp3
train,Ramphotrigon megacephalum_Large-headed Flatbill,../../Datasets/BirdClef/features/Ramphotrigon megacephalum_Large-headed Flatbill/XC5265.npy,../../Datasets/BirdClef/audio/Ramphotrigon megacephalum_Large-headed Flatbill/XC5265.mp3
train,Ramphotrigon ruficauda_Rufous-tailed Flatbill,../../Datasets/BirdClef/features/Ramphotrigon ruficauda_Rufous-tailed Flatbill/XC95644.npy,../../Datasets/BirdClef/audio/Ramphotrigon ruficauda_Rufous-tailed Flatbill/XC95644.mp3
train,Ramphotrigon ruficauda_Rufous-tailed Flatbill,../../Datasets/BirdClef/features/Ramphotrigon ruficauda_Rufous-tailed Flatbill/XC76085.npy,../../Datasets/BirdClef/audio/Ramphotrigon ruficauda_Rufous-tailed Flatbill/XC76085.mp3
train,Ramphotrigon ruficauda_Rufous-tailed Flatbill,../../Datasets/BirdClef/features/Ramphotrigon ruficauda_Rufous-tailed Flatbill/XC27821.npy,../../Datasets/BirdClef/audio/Ramphotrigon ruficauda_Rufous-tailed Flatbill/XC27821.mp3
train,Ramphotrigon ruficauda_Rufous-tailed Flatbill,../../Datasets/BirdClef/features/Ramphotrigon ruficauda_Rufous-tailed Flatbill/XC436406.npy,../../Datasets/BirdClef/audio/Ramphotrigon ruficauda_Rufous-tailed Flatbill/XC436406.mp3
train,Ramphotrigon ruficauda_Rufous-tailed Flatbill,../../Datasets/BirdClef/features/Ramphotrigon ruficauda_Rufous-tailed Flatbill/XC167373.npy,../../Datasets/BirdClef/audio/Ramphotrigon ruficauda_Rufous-tailed Flatbill/XC167373.mp3
train,Recurvirostra americana_American Avocet,../../Datasets/BirdClef/features/Recurvirostra americana_American Avocet/XC481858.npy,../../Datasets/BirdClef/audio/Recurvirostra americana_American Avocet/XC481858.mp3
train,Recurvirostra americana_American Avocet,../../Datasets/BirdClef/features/Recurvirostra americana_American Avocet/XC480761.npy,../../Datasets/BirdClef/audio/Recurvirostra americana_American Avocet/XC480761.mp3
train,Recurvirostra americana_American Avocet,../../Datasets/BirdClef/features/Recurvirostra americana_American Avocet/XC158641.npy,../../Datasets/BirdClef/audio/Recurvirostra americana_American Avocet/XC158641.mp3
train,Recurvirostra americana_American Avocet,../../Datasets/BirdClef/features/Recurvirostra americana_American Avocet/XC99571.npy,../../Datasets/BirdClef/audio/Recurvirostra americana_American Avocet/XC99571.mp3
train,Recurvirostra americana_American Avocet,../../Datasets/BirdClef/features/Recurvirostra americana_American Avocet/XC452798.npy,../../Datasets/BirdClef/audio/Recurvirostra americana_American Avocet/XC452798.mp3
train,Regulus calendula_Ruby-crowned Kinglet,../../Datasets/BirdClef/features/Regulus calendula_Ruby-crowned Kinglet/XC229930.npy,../../Datasets/BirdClef/audio/Regulus calendula_Ruby-crowned Kinglet/XC229930.mp3
train,Regulus calendula_Ruby-crowned Kinglet,../../Datasets/BirdClef/features/Regulus calendula_Ruby-crowned Kinglet/XC178165.npy,../../Datasets/BirdClef/audio/Regulus calendula_Ruby-crowned Kinglet/XC178165.mp3
train,Regulus calendula_Ruby-crowned Kinglet,../../Datasets/BirdClef/features/Regulus calendula_Ruby-crowned Kinglet/XC185182.npy,../../Datasets/BirdClef/audio/Regulus calendula_Ruby-crowned Kinglet/XC185182.mp3
train,Regulus calendula_Ruby-crowned Kinglet,../../Datasets/BirdClef/features/Regulus calendula_Ruby-crowned Kinglet/XC187471.npy,../../Datasets/BirdClef/audio/Regulus calendula_Ruby-crowned Kinglet/XC187471.mp3
train,Regulus calendula_Ruby-crowned Kinglet,../../Datasets/BirdClef/features/Regulus calendula_Ruby-crowned Kinglet/XC53775.npy,../../Datasets/BirdClef/audio/Regulus calendula_Ruby-crowned Kinglet/XC53775.mp3
train,Regulus ignicapilla_Common Firecrest,../../Datasets/BirdClef/features/Regulus ignicapilla_Common Firecrest/XC313101.npy,../../Datasets/BirdClef/audio/Regulus ignicapilla_Common Firecrest/XC313101.mp3
train,Regulus ignicapilla_Common Firecrest,../../Datasets/BirdClef/features/Regulus ignicapilla_Common Firecrest/XC470694.npy,../../Datasets/BirdClef/audio/Regulus ignicapilla_Common Firecrest/XC470694.mp3
train,Regulus ignicapilla_Common Firecrest,../../Datasets/BirdClef/features/Regulus ignicapilla_Common Firecrest/XC175954.npy,../../Datasets/BirdClef/audio/Regulus ignicapilla_Common Firecrest/XC175954.mp3
train,Regulus ignicapilla_Common Firecrest,../../Datasets/BirdClef/features/Regulus ignicapilla_Common Firecrest/XC270413.npy,../../Datasets/BirdClef/audio/Regulus ignicapilla_Common Firecrest/XC270413.mp3
train,Regulus ignicapilla_Common Firecrest,../../Datasets/BirdClef/features/Regulus ignicapilla_Common Firecrest/XC42179.npy,../../Datasets/BirdClef/audio/Regulus ignicapilla_Common Firecrest/XC42179.mp3
train,Regulus regulus_Goldcrest,../../Datasets/BirdClef/features/Regulus regulus_Goldcrest/XC447523.npy,../../Datasets/BirdClef/audio/Regulus regulus_Goldcrest/XC447523.mp3
train,Regulus regulus_Goldcrest,../../Datasets/BirdClef/features/Regulus regulus_Goldcrest/XC285755.npy,../../Datasets/BirdClef/audio/Regulus regulus_Goldcrest/XC285755.mp3
train,Regulus regulus_Goldcrest,../../Datasets/BirdClef/features/Regulus regulus_Goldcrest/XC293852.npy,../../Datasets/BirdClef/audio/Regulus regulus_Goldcrest/XC293852.mp3
train,Regulus regulus_Goldcrest,../../Datasets/BirdClef/features/Regulus regulus_Goldcrest/XC213775.npy,../../Datasets/BirdClef/audio/Regulus regulus_Goldcrest/XC213775.mp3
train,Regulus regulus_Goldcrest,../../Datasets/BirdClef/features/Regulus regulus_Goldcrest/XC30237.npy,../../Datasets/BirdClef/audio/Regulus regulus_Goldcrest/XC30237.mp3
train,Regulus satrapa_Golden-crowned Kinglet,../../Datasets/BirdClef/features/Regulus satrapa_Golden-crowned Kinglet/XC179789.npy,../../Datasets/BirdClef/audio/Regulus satrapa_Golden-crowned Kinglet/XC179789.mp3
train,Regulus satrapa_Golden-crowned Kinglet,../../Datasets/BirdClef/features/Regulus satrapa_Golden-crowned Kinglet/XC336955.npy,../../Datasets/BirdClef/audio/Regulus satrapa_Golden-crowned Kinglet/XC336955.mp3
train,Regulus satrapa_Golden-crowned Kinglet,../../Datasets/BirdClef/features/Regulus satrapa_Golden-crowned Kinglet/XC159718.npy,../../Datasets/BirdClef/audio/Regulus satrapa_Golden-crowned Kinglet/XC159718.mp3
train,Regulus satrapa_Golden-crowned Kinglet,../../Datasets/BirdClef/features/Regulus satrapa_Golden-crowned Kinglet/XC269232.npy,../../Datasets/BirdClef/audio/Regulus satrapa_Golden-crowned Kinglet/XC269232.mp3
train,Regulus satrapa_Golden-crowned Kinglet,../../Datasets/BirdClef/features/Regulus satrapa_Golden-crowned Kinglet/XC173820.npy,../../Datasets/BirdClef/audio/Regulus satrapa_Golden-crowned Kinglet/XC173820.mp3
train,Rhegmatorhina melanosticta_Hairy-crested Antbird,../../Datasets/BirdClef/features/Rhegmatorhina melanosticta_Hairy-crested Antbird/XC64007.npy,../../Datasets/BirdClef/audio/Rhegmatorhina melanosticta_Hairy-crested Antbird/XC64007.mp3
train,Rhegmatorhina melanosticta_Hairy-crested Antbird,../../Datasets/BirdClef/features/Rhegmatorhina melanosticta_Hairy-crested Antbird/XC260821.npy,../../Datasets/BirdClef/audio/Rhegmatorhina melanosticta_Hairy-crested Antbird/XC260821.mp3
train,Rhegmatorhina melanosticta_Hairy-crested Antbird,../../Datasets/BirdClef/features/Rhegmatorhina melanosticta_Hairy-crested Antbird/XC118913.npy,../../Datasets/BirdClef/audio/Rhegmatorhina melanosticta_Hairy-crested Antbird/XC118913.mp3
train,Rhegmatorhina melanosticta_Hairy-crested Antbird,../../Datasets/BirdClef/features/Rhegmatorhina melanosticta_Hairy-crested Antbird/XC86347.npy,../../Datasets/BirdClef/audio/Rhegmatorhina melanosticta_Hairy-crested Antbird/XC86347.mp3
train,Rhegmatorhina melanosticta_Hairy-crested Antbird,../../Datasets/BirdClef/features/Rhegmatorhina melanosticta_Hairy-crested Antbird/XC97544.npy,../../Datasets/BirdClef/audio/Rhegmatorhina melanosticta_Hairy-crested Antbird/XC97544.mp3
train,Rhynchocyclus olivaceus_Olivaceous Flatbill,../../Datasets/BirdClef/features/Rhynchocyclus olivaceus_Olivaceous Flatbill/XC22171.npy,../../Datasets/BirdClef/audio/Rhynchocyclus olivaceus_Olivaceous Flatbill/XC22171.mp3
train,Rhynchocyclus olivaceus_Olivaceous Flatbill,../../Datasets/BirdClef/features/Rhynchocyclus olivaceus_Olivaceous Flatbill/XC229090.npy,../../Datasets/BirdClef/audio/Rhynchocyclus olivaceus_Olivaceous Flatbill/XC229090.mp3
train,Rhynchocyclus olivaceus_Olivaceous Flatbill,../../Datasets/BirdClef/features/Rhynchocyclus olivaceus_Olivaceous Flatbill/XC229087.npy,../../Datasets/BirdClef/audio/Rhynchocyclus olivaceus_Olivaceous Flatbill/XC229087.mp3
train,Rhynchocyclus olivaceus_Olivaceous Flatbill,../../Datasets/BirdClef/features/Rhynchocyclus olivaceus_Olivaceous Flatbill/XC245900.npy,../../Datasets/BirdClef/audio/Rhynchocyclus olivaceus_Olivaceous Flatbill/XC245900.mp3
train,Rhynchocyclus olivaceus_Olivaceous Flatbill,../../Datasets/BirdClef/features/Rhynchocyclus olivaceus_Olivaceous Flatbill/XC229088.npy,../../Datasets/BirdClef/audio/Rhynchocyclus olivaceus_Olivaceous Flatbill/XC229088.mp3
train,Rhytipterna simplex_Grayish Mourner,../../Datasets/BirdClef/features/Rhytipterna simplex_Grayish Mourner/XC123253.npy,../../Datasets/BirdClef/audio/Rhytipterna simplex_Grayish Mourner/XC123253.mp3
train,Rhytipterna simplex_Grayish Mourner,../../Datasets/BirdClef/features/Rhytipterna simplex_Grayish Mourner/XC421501.npy,../../Datasets/BirdClef/audio/Rhytipterna simplex_Grayish Mourner/XC421501.mp3
train,Rhytipterna simplex_Grayish Mourner,../../Datasets/BirdClef/features/Rhytipterna simplex_Grayish Mourner/XC198968.npy,../../Datasets/BirdClef/audio/Rhytipterna simplex_Grayish Mourner/XC198968.mp3
train,Rhytipterna simplex_Grayish Mourner,../../Datasets/BirdClef/features/Rhytipterna simplex_Grayish Mourner/XC64012.npy,../../Datasets/BirdClef/audio/Rhytipterna simplex_Grayish Mourner/XC64012.mp3
train,Rhytipterna simplex_Grayish Mourner,../../Datasets/BirdClef/features/Rhytipterna simplex_Grayish Mourner/XC2698.npy,../../Datasets/BirdClef/audio/Rhytipterna simplex_Grayish Mourner/XC2698.mp3
train,Riparia riparia_Bank Swallow,../../Datasets/BirdClef/features/Riparia riparia_Bank Swallow/XC443764.npy,../../Datasets/BirdClef/audio/Riparia riparia_Bank Swallow/XC443764.mp3
train,Riparia riparia_Bank Swallow,../../Datasets/BirdClef/features/Riparia riparia_Bank Swallow/XC142696.npy,../../Datasets/BirdClef/audio/Riparia riparia_Bank Swallow/XC142696.mp3
train,Riparia riparia_Bank Swallow,../../Datasets/BirdClef/features/Riparia riparia_Bank Swallow/XC319024.npy,../../Datasets/BirdClef/audio/Riparia riparia_Bank Swallow/XC319024.mp3
train,Riparia riparia_Bank Swallow,../../Datasets/BirdClef/features/Riparia riparia_Bank Swallow/XC160772.npy,../../Datasets/BirdClef/audio/Riparia riparia_Bank Swallow/XC160772.mp3
train,Riparia riparia_Bank Swallow,../../Datasets/BirdClef/features/Riparia riparia_Bank Swallow/XC464530.npy,../../Datasets/BirdClef/audio/Riparia riparia_Bank Swallow/XC464530.mp3
train,Rostrhamus sociabilis_Snail Kite,../../Datasets/BirdClef/features/Rostrhamus sociabilis_Snail Kite/XC486469.npy,../../Datasets/BirdClef/audio/Rostrhamus sociabilis_Snail Kite/XC486469.mp3
train,Rostrhamus sociabilis_Snail Kite,../../Datasets/BirdClef/features/Rostrhamus sociabilis_Snail Kite/XC50304.npy,../../Datasets/BirdClef/audio/Rostrhamus sociabilis_Snail Kite/XC50304.mp3
train,Rostrhamus sociabilis_Snail Kite,../../Datasets/BirdClef/features/Rostrhamus sociabilis_Snail Kite/XC381807.npy,../../Datasets/BirdClef/audio/Rostrhamus sociabilis_Snail Kite/XC381807.mp3
train,Rostrhamus sociabilis_Snail Kite,../../Datasets/BirdClef/features/Rostrhamus sociabilis_Snail Kite/XC51497.npy,../../Datasets/BirdClef/audio/Rostrhamus sociabilis_Snail Kite/XC51497.mp3
train,Rostrhamus sociabilis_Snail Kite,../../Datasets/BirdClef/features/Rostrhamus sociabilis_Snail Kite/XC257349.npy,../../Datasets/BirdClef/audio/Rostrhamus sociabilis_Snail Kite/XC257349.mp3
train,Rupornis magnirostris_Roadside Hawk,../../Datasets/BirdClef/features/Rupornis magnirostris_Roadside Hawk/XC336126.npy,../../Datasets/BirdClef/audio/Rupornis magnirostris_Roadside Hawk/XC336126.mp3
train,Rupornis magnirostris_Roadside Hawk,../../Datasets/BirdClef/features/Rupornis magnirostris_Roadside Hawk/XC219856.npy,../../Datasets/BirdClef/audio/Rupornis magnirostris_Roadside Hawk/XC219856.mp3
train,Rupornis magnirostris_Roadside Hawk,../../Datasets/BirdClef/features/Rupornis magnirostris_Roadside Hawk/XC351788.npy,../../Datasets/BirdClef/audio/Rupornis magnirostris_Roadside Hawk/XC351788.mp3
train,Rupornis magnirostris_Roadside Hawk,../../Datasets/BirdClef/features/Rupornis magnirostris_Roadside Hawk/XC493189.npy,../../Datasets/BirdClef/audio/Rupornis magnirostris_Roadside Hawk/XC493189.mp3
train,Rupornis magnirostris_Roadside Hawk,../../Datasets/BirdClef/features/Rupornis magnirostris_Roadside Hawk/XC205127.npy,../../Datasets/BirdClef/audio/Rupornis magnirostris_Roadside Hawk/XC205127.mp3
train,Rynchops niger_Black Skimmer,../../Datasets/BirdClef/features/Rynchops niger_Black Skimmer/XC191776.npy,../../Datasets/BirdClef/audio/Rynchops niger_Black Skimmer/XC191776.mp3
train,Rynchops niger_Black Skimmer,../../Datasets/BirdClef/features/Rynchops niger_Black Skimmer/XC105384.npy,../../Datasets/BirdClef/audio/Rynchops niger_Black Skimmer/XC105384.mp3
train,Rynchops niger_Black Skimmer,../../Datasets/BirdClef/features/Rynchops niger_Black Skimmer/XC47268.npy,../../Datasets/BirdClef/audio/Rynchops niger_Black Skimmer/XC47268.mp3
train,Rynchops niger_Black Skimmer,../../Datasets/BirdClef/features/Rynchops niger_Black Skimmer/XC271743.npy,../../Datasets/BirdClef/audio/Rynchops niger_Black Skimmer/XC271743.mp3
train,Rynchops niger_Black Skimmer,../../Datasets/BirdClef/features/Rynchops niger_Black Skimmer/XC375734.npy,../../Datasets/BirdClef/audio/Rynchops niger_Black Skimmer/XC375734.mp3
train,Salpinctes obsoletus_Rock Wren,../../Datasets/BirdClef/features/Salpinctes obsoletus_Rock Wren/XC451711.npy,../../Datasets/BirdClef/audio/Salpinctes obsoletus_Rock Wren/XC451711.mp3
train,Salpinctes obsoletus_Rock Wren,../../Datasets/BirdClef/features/Salpinctes obsoletus_Rock Wren/XC72444.npy,../../Datasets/BirdClef/audio/Salpinctes obsoletus_Rock Wren/XC72444.mp3
train,Salpinctes obsoletus_Rock Wren,../../Datasets/BirdClef/features/Salpinctes obsoletus_Rock Wren/XC179855.npy,../../Datasets/BirdClef/audio/Salpinctes obsoletus_Rock Wren/XC179855.mp3
train,Salpinctes obsoletus_Rock Wren,../../Datasets/BirdClef/features/Salpinctes obsoletus_Rock Wren/XC475296.npy,../../Datasets/BirdClef/audio/Salpinctes obsoletus_Rock Wren/XC475296.mp3
train,Salpinctes obsoletus_Rock Wren,../../Datasets/BirdClef/features/Salpinctes obsoletus_Rock Wren/XC205765.npy,../../Datasets/BirdClef/audio/Salpinctes obsoletus_Rock Wren/XC205765.mp3
train,Saltator coerulescens_Grayish Saltator,../../Datasets/BirdClef/features/Saltator coerulescens_Grayish Saltator/XC259785.npy,../../Datasets/BirdClef/audio/Saltator coerulescens_Grayish Saltator/XC259785.mp3
train,Saltator coerulescens_Grayish Saltator,../../Datasets/BirdClef/features/Saltator coerulescens_Grayish Saltator/XC332678.npy,../../Datasets/BirdClef/audio/Saltator coerulescens_Grayish Saltator/XC332678.mp3
train,Saltator coerulescens_Grayish Saltator,../../Datasets/BirdClef/features/Saltator coerulescens_Grayish Saltator/XC197700.npy,../../Datasets/BirdClef/audio/Saltator coerulescens_Grayish Saltator/XC197700.mp3
train,Saltator coerulescens_Grayish Saltator,../../Datasets/BirdClef/features/Saltator coerulescens_Grayish Saltator/XC174062.npy,../../Datasets/BirdClef/audio/Saltator coerulescens_Grayish Saltator/XC174062.mp3
train,Saltator coerulescens_Grayish Saltator,../../Datasets/BirdClef/features/Saltator coerulescens_Grayish Saltator/XC264852.npy,../../Datasets/BirdClef/audio/Saltator coerulescens_Grayish Saltator/XC264852.mp3
train,Saltator grossus_Slate-colored Grosbeak,../../Datasets/BirdClef/features/Saltator grossus_Slate-colored Grosbeak/XC11177.npy,../../Datasets/BirdClef/audio/Saltator grossus_Slate-colored Grosbeak/XC11177.mp3
train,Saltator grossus_Slate-colored Grosbeak,../../Datasets/BirdClef/features/Saltator grossus_Slate-colored Grosbeak/XC71470.npy,../../Datasets/BirdClef/audio/Saltator grossus_Slate-colored Grosbeak/XC71470.mp3
train,Saltator grossus_Slate-colored Grosbeak,../../Datasets/BirdClef/features/Saltator grossus_Slate-colored Grosbeak/XC27833.npy,../../Datasets/BirdClef/audio/Saltator grossus_Slate-colored Grosbeak/XC27833.mp3
train,Saltator grossus_Slate-colored Grosbeak,../../Datasets/BirdClef/features/Saltator grossus_Slate-colored Grosbeak/XC214626.npy,../../Datasets/BirdClef/audio/Saltator grossus_Slate-colored Grosbeak/XC214626.mp3
train,Saltator grossus_Slate-colored Grosbeak,../../Datasets/BirdClef/features/Saltator grossus_Slate-colored Grosbeak/XC308849.npy,../../Datasets/BirdClef/audio/Saltator grossus_Slate-colored Grosbeak/XC308849.mp3
train,Saltator maximus_Buff-throated Saltator,../../Datasets/BirdClef/features/Saltator maximus_Buff-throated Saltator/XC315663.npy,../../Datasets/BirdClef/audio/Saltator maximus_Buff-throated Saltator/XC315663.mp3
train,Saltator maximus_Buff-throated Saltator,../../Datasets/BirdClef/features/Saltator maximus_Buff-throated Saltator/XC500155.npy,../../Datasets/BirdClef/audio/Saltator maximus_Buff-throated Saltator/XC500155.mp3
train,Saltator maximus_Buff-throated Saltator,../../Datasets/BirdClef/features/Saltator maximus_Buff-throated Saltator/XC101812.npy,../../Datasets/BirdClef/audio/Saltator maximus_Buff-throated Saltator/XC101812.mp3
train,Saltator maximus_Buff-throated Saltator,../../Datasets/BirdClef/features/Saltator maximus_Buff-throated Saltator/XC259768.npy,../../Datasets/BirdClef/audio/Saltator maximus_Buff-throated Saltator/XC259768.mp3
train,Saltator maximus_Buff-throated Saltator,../../Datasets/BirdClef/features/Saltator maximus_Buff-throated Saltator/XC84666.npy,../../Datasets/BirdClef/audio/Saltator maximus_Buff-throated Saltator/XC84666.mp3
train,Saxicola rubicola_European Stonechat,../../Datasets/BirdClef/features/Saxicola rubicola_European Stonechat/XC469822.npy,../../Datasets/BirdClef/audio/Saxicola rubicola_European Stonechat/XC469822.mp3
train,Saxicola rubicola_European Stonechat,../../Datasets/BirdClef/features/Saxicola rubicola_European Stonechat/XC374998.npy,../../Datasets/BirdClef/audio/Saxicola rubicola_European Stonechat/XC374998.mp3
train,Saxicola rubicola_European Stonechat,../../Datasets/BirdClef/features/Saxicola rubicola_European Stonechat/XC422331.npy,../../Datasets/BirdClef/audio/Saxicola rubicola_European Stonechat/XC422331.mp3
train,Saxicola rubicola_European Stonechat,../../Datasets/BirdClef/features/Saxicola rubicola_European Stonechat/XC307936.npy,../../Datasets/BirdClef/audio/Saxicola rubicola_European Stonechat/XC307936.mp3
train,Saxicola rubicola_European Stonechat,../../Datasets/BirdClef/features/Saxicola rubicola_European Stonechat/XC464847.npy,../../Datasets/BirdClef/audio/Saxicola rubicola_European Stonechat/XC464847.mp3
train,Sayornis nigricans_Black Phoebe,../../Datasets/BirdClef/features/Sayornis nigricans_Black Phoebe/XC192016.npy,../../Datasets/BirdClef/audio/Sayornis nigricans_Black Phoebe/XC192016.mp3
train,Sayornis nigricans_Black Phoebe,../../Datasets/BirdClef/features/Sayornis nigricans_Black Phoebe/XC368494.npy,../../Datasets/BirdClef/audio/Sayornis nigricans_Black Phoebe/XC368494.mp3
train,Sayornis nigricans_Black Phoebe,../../Datasets/BirdClef/features/Sayornis nigricans_Black Phoebe/XC277800.npy,../../Datasets/BirdClef/audio/Sayornis nigricans_Black Phoebe/XC277800.mp3
train,Sayornis nigricans_Black Phoebe,../../Datasets/BirdClef/features/Sayornis nigricans_Black Phoebe/XC124992.npy,../../Datasets/BirdClef/audio/Sayornis nigricans_Black Phoebe/XC124992.mp3
train,Sayornis nigricans_Black Phoebe,../../Datasets/BirdClef/features/Sayornis nigricans_Black Phoebe/XC131925.npy,../../Datasets/BirdClef/audio/Sayornis nigricans_Black Phoebe/XC131925.mp3
train,Sayornis phoebe_Eastern Phoebe,../../Datasets/BirdClef/features/Sayornis phoebe_Eastern Phoebe/XC318747.npy,../../Datasets/BirdClef/audio/Sayornis phoebe_Eastern Phoebe/XC318747.mp3
train,Sayornis phoebe_Eastern Phoebe,../../Datasets/BirdClef/features/Sayornis phoebe_Eastern Phoebe/XC416800.npy,../../Datasets/BirdClef/audio/Sayornis phoebe_Eastern Phoebe/XC416800.mp3
train,Sayornis phoebe_Eastern Phoebe,../../Datasets/BirdClef/features/Sayornis phoebe_Eastern Phoebe/XC370485.npy,../../Datasets/BirdClef/audio/Sayornis phoebe_Eastern Phoebe/XC370485.mp3
train,Sayornis phoebe_Eastern Phoebe,../../Datasets/BirdClef/features/Sayornis phoebe_Eastern Phoebe/XC49875.npy,../../Datasets/BirdClef/audio/Sayornis phoebe_Eastern Phoebe/XC49875.mp3
train,Sayornis phoebe_Eastern Phoebe,../../Datasets/BirdClef/features/Sayornis phoebe_Eastern Phoebe/XC385024.npy,../../Datasets/BirdClef/audio/Sayornis phoebe_Eastern Phoebe/XC385024.mp3
train,Sayornis saya_Say's Phoebe,../../Datasets/BirdClef/features/Sayornis saya_Say's Phoebe/XC132885.npy,../../Datasets/BirdClef/audio/Sayornis saya_Say's Phoebe/XC132885.mp3
train,Sayornis saya_Say's Phoebe,../../Datasets/BirdClef/features/Sayornis saya_Say's Phoebe/XC174092.npy,../../Datasets/BirdClef/audio/Sayornis saya_Say's Phoebe/XC174092.mp3
train,Sayornis saya_Say's Phoebe,../../Datasets/BirdClef/features/Sayornis saya_Say's Phoebe/XC83067.npy,../../Datasets/BirdClef/audio/Sayornis saya_Say's Phoebe/XC83067.mp3
train,Sayornis saya_Say's Phoebe,../../Datasets/BirdClef/features/Sayornis saya_Say's Phoebe/XC367883.npy,../../Datasets/BirdClef/audio/Sayornis saya_Say's Phoebe/XC367883.mp3
train,Sayornis saya_Say's Phoebe,../../Datasets/BirdClef/features/Sayornis saya_Say's Phoebe/XC144104.npy,../../Datasets/BirdClef/audio/Sayornis saya_Say's Phoebe/XC144104.mp3
train,Schiffornis major_Varzea Schiffornis,../../Datasets/BirdClef/features/Schiffornis major_Varzea Schiffornis/XC275105.npy,../../Datasets/BirdClef/audio/Schiffornis major_Varzea Schiffornis/XC275105.mp3
train,Schiffornis major_Varzea Schiffornis,../../Datasets/BirdClef/features/Schiffornis major_Varzea Schiffornis/XC270940.npy,../../Datasets/BirdClef/audio/Schiffornis major_Varzea Schiffornis/XC270940.mp3
train,Schiffornis major_Varzea Schiffornis,../../Datasets/BirdClef/features/Schiffornis major_Varzea Schiffornis/XC202158.npy,../../Datasets/BirdClef/audio/Schiffornis major_Varzea Schiffornis/XC202158.mp3
train,Schiffornis major_Varzea Schiffornis,../../Datasets/BirdClef/features/Schiffornis major_Varzea Schiffornis/XC87262.npy,../../Datasets/BirdClef/audio/Schiffornis major_Varzea Schiffornis/XC87262.mp3
train,Schiffornis major_Varzea Schiffornis,../../Datasets/BirdClef/features/Schiffornis major_Varzea Schiffornis/XC135214.npy,../../Datasets/BirdClef/audio/Schiffornis major_Varzea Schiffornis/XC135214.mp3
train,Schiffornis turdina_Brown-winged Schiffornis,../../Datasets/BirdClef/features/Schiffornis turdina_Brown-winged Schiffornis/XC3556.npy,../../Datasets/BirdClef/audio/Schiffornis turdina_Brown-winged Schiffornis/XC3556.mp3
train,Schiffornis turdina_Brown-winged Schiffornis,../../Datasets/BirdClef/features/Schiffornis turdina_Brown-winged Schiffornis/XC82821.npy,../../Datasets/BirdClef/audio/Schiffornis turdina_Brown-winged Schiffornis/XC82821.mp3
train,Schiffornis turdina_Brown-winged Schiffornis,../../Datasets/BirdClef/features/Schiffornis turdina_Brown-winged Schiffornis/XC27841.npy,../../Datasets/BirdClef/audio/Schiffornis turdina_Brown-winged Schiffornis/XC27841.mp3
train,Schiffornis turdina_Brown-winged Schiffornis,../../Datasets/BirdClef/features/Schiffornis turdina_Brown-winged Schiffornis/XC14003.npy,../../Datasets/BirdClef/audio/Schiffornis turdina_Brown-winged Schiffornis/XC14003.mp3
train,Schiffornis turdina_Brown-winged Schiffornis,../../Datasets/BirdClef/features/Schiffornis turdina_Brown-winged Schiffornis/XC248993.npy,../../Datasets/BirdClef/audio/Schiffornis turdina_Brown-winged Schiffornis/XC248993.mp3
train,Sciaphylax hemimelaena_Chestnut-tailed Antbird,../../Datasets/BirdClef/features/Sciaphylax hemimelaena_Chestnut-tailed Antbird/XC73890.npy,../../Datasets/BirdClef/audio/Sciaphylax hemimelaena_Chestnut-tailed Antbird/XC73890.mp3
train,Sciaphylax hemimelaena_Chestnut-tailed Antbird,../../Datasets/BirdClef/features/Sciaphylax hemimelaena_Chestnut-tailed Antbird/XC437471.npy,../../Datasets/BirdClef/audio/Sciaphylax hemimelaena_Chestnut-tailed Antbird/XC437471.mp3
train,Sciaphylax hemimelaena_Chestnut-tailed Antbird,../../Datasets/BirdClef/features/Sciaphylax hemimelaena_Chestnut-tailed Antbird/XC73885.npy,../../Datasets/BirdClef/audio/Sciaphylax hemimelaena_Chestnut-tailed Antbird/XC73885.mp3
train,Sciaphylax hemimelaena_Chestnut-tailed Antbird,../../Datasets/BirdClef/features/Sciaphylax hemimelaena_Chestnut-tailed Antbird/XC404935.npy,../../Datasets/BirdClef/audio/Sciaphylax hemimelaena_Chestnut-tailed Antbird/XC404935.mp3
train,Sciaphylax hemimelaena_Chestnut-tailed Antbird,../../Datasets/BirdClef/features/Sciaphylax hemimelaena_Chestnut-tailed Antbird/XC76032.npy,../../Datasets/BirdClef/audio/Sciaphylax hemimelaena_Chestnut-tailed Antbird/XC76032.mp3
train,Sclateria naevia_Silvered Antbird,../../Datasets/BirdClef/features/Sclateria naevia_Silvered Antbird/XC483161.npy,../../Datasets/BirdClef/audio/Sclateria naevia_Silvered Antbird/XC483161.mp3
train,Sclateria naevia_Silvered Antbird,../../Datasets/BirdClef/features/Sclateria naevia_Silvered Antbird/XC448613.npy,../../Datasets/BirdClef/audio/Sclateria naevia_Silvered Antbird/XC448613.mp3
train,Sclateria naevia_Silvered Antbird,../../Datasets/BirdClef/features/Sclateria naevia_Silvered Antbird/XC47962.npy,../../Datasets/BirdClef/audio/Sclateria naevia_Silvered Antbird/XC47962.mp3
train,Sclateria naevia_Silvered Antbird,../../Datasets/BirdClef/features/Sclateria naevia_Silvered Antbird/XC41538.npy,../../Datasets/BirdClef/audio/Sclateria naevia_Silvered Antbird/XC41538.mp3
train,Sclateria naevia_Silvered Antbird,../../Datasets/BirdClef/features/Sclateria naevia_Silvered Antbird/XC108068.npy,../../Datasets/BirdClef/audio/Sclateria naevia_Silvered Antbird/XC108068.mp3
train,Sclerurus caudacutus_Black-tailed Leaftosser,../../Datasets/BirdClef/features/Sclerurus caudacutus_Black-tailed Leaftosser/XC400644.npy,../../Datasets/BirdClef/audio/Sclerurus caudacutus_Black-tailed Leaftosser/XC400644.mp3
train,Sclerurus caudacutus_Black-tailed Leaftosser,../../Datasets/BirdClef/features/Sclerurus caudacutus_Black-tailed Leaftosser/XC42095.npy,../../Datasets/BirdClef/audio/Sclerurus caudacutus_Black-tailed Leaftosser/XC42095.mp3
train,Sclerurus caudacutus_Black-tailed Leaftosser,../../Datasets/BirdClef/features/Sclerurus caudacutus_Black-tailed Leaftosser/XC427928.npy,../../Datasets/BirdClef/audio/Sclerurus caudacutus_Black-tailed Leaftosser/XC427928.mp3
train,Sclerurus caudacutus_Black-tailed Leaftosser,../../Datasets/BirdClef/features/Sclerurus caudacutus_Black-tailed Leaftosser/XC93716.npy,../../Datasets/BirdClef/audio/Sclerurus caudacutus_Black-tailed Leaftosser/XC93716.mp3
train,Sclerurus caudacutus_Black-tailed Leaftosser,../../Datasets/BirdClef/features/Sclerurus caudacutus_Black-tailed Leaftosser/XC94836.npy,../../Datasets/BirdClef/audio/Sclerurus caudacutus_Black-tailed Leaftosser/XC94836.mp3
train,Scolopax minor_American Woodcock,../../Datasets/BirdClef/features/Scolopax minor_American Woodcock/XC388693.npy,../../Datasets/BirdClef/audio/Scolopax minor_American Woodcock/XC388693.mp3
train,Scolopax minor_American Woodcock,../../Datasets/BirdClef/features/Scolopax minor_American Woodcock/XC134501.npy,../../Datasets/BirdClef/audio/Scolopax minor_American Woodcock/XC134501.mp3
train,Scolopax minor_American Woodcock,../../Datasets/BirdClef/features/Scolopax minor_American Woodcock/XC216509.npy,../../Datasets/BirdClef/audio/Scolopax minor_American Woodcock/XC216509.mp3
train,Scolopax minor_American Woodcock,../../Datasets/BirdClef/features/Scolopax minor_American Woodcock/XC418105.npy,../../Datasets/BirdClef/audio/Scolopax minor_American Woodcock/XC418105.mp3
train,Scolopax minor_American Woodcock,../../Datasets/BirdClef/features/Scolopax minor_American Woodcock/XC217817.npy,../../Datasets/BirdClef/audio/Scolopax minor_American Woodcock/XC217817.mp3
train,Scolopax rusticola_Eurasian Woodcock,../../Datasets/BirdClef/features/Scolopax rusticola_Eurasian Woodcock/XC328177.npy,../../Datasets/BirdClef/audio/Scolopax rusticola_Eurasian Woodcock/XC328177.mp3
train,Scolopax rusticola_Eurasian Woodcock,../../Datasets/BirdClef/features/Scolopax rusticola_Eurasian Woodcock/XC199640.npy,../../Datasets/BirdClef/audio/Scolopax rusticola_Eurasian Woodcock/XC199640.mp3
train,Scolopax rusticola_Eurasian Woodcock,../../Datasets/BirdClef/features/Scolopax rusticola_Eurasian Woodcock/XC290350.npy,../../Datasets/BirdClef/audio/Scolopax rusticola_Eurasian Woodcock/XC290350.mp3
train,Scolopax rusticola_Eurasian Woodcock,../../Datasets/BirdClef/features/Scolopax rusticola_Eurasian Woodcock/XC182255.npy,../../Datasets/BirdClef/audio/Scolopax rusticola_Eurasian Woodcock/XC182255.mp3
train,Scolopax rusticola_Eurasian Woodcock,../../Datasets/BirdClef/features/Scolopax rusticola_Eurasian Woodcock/XC171890.npy,../../Datasets/BirdClef/audio/Scolopax rusticola_Eurasian Woodcock/XC171890.mp3
train,Seiurus aurocapilla_Ovenbird,../../Datasets/BirdClef/features/Seiurus aurocapilla_Ovenbird/XC143938.npy,../../Datasets/BirdClef/audio/Seiurus aurocapilla_Ovenbird/XC143938.mp3
train,Seiurus aurocapilla_Ovenbird,../../Datasets/BirdClef/features/Seiurus aurocapilla_Ovenbird/XC79093.npy,../../Datasets/BirdClef/audio/Seiurus aurocapilla_Ovenbird/XC79093.mp3
train,Seiurus aurocapilla_Ovenbird,../../Datasets/BirdClef/features/Seiurus aurocapilla_Ovenbird/XC77882.npy,../../Datasets/BirdClef/audio/Seiurus aurocapilla_Ovenbird/XC77882.mp3
train,Seiurus aurocapilla_Ovenbird,../../Datasets/BirdClef/features/Seiurus aurocapilla_Ovenbird/XC407391.npy,../../Datasets/BirdClef/audio/Seiurus aurocapilla_Ovenbird/XC407391.mp3
train,Seiurus aurocapilla_Ovenbird,../../Datasets/BirdClef/features/Seiurus aurocapilla_Ovenbird/XC244523.npy,../../Datasets/BirdClef/audio/Seiurus aurocapilla_Ovenbird/XC244523.mp3
train,Selasphorus platycercus_Broad-tailed Hummingbird,../../Datasets/BirdClef/features/Selasphorus platycercus_Broad-tailed Hummingbird/XC132902.npy,../../Datasets/BirdClef/audio/Selasphorus platycercus_Broad-tailed Hummingbird/XC132902.mp3
train,Selasphorus platycercus_Broad-tailed Hummingbird,../../Datasets/BirdClef/features/Selasphorus platycercus_Broad-tailed Hummingbird/XC132835.npy,../../Datasets/BirdClef/audio/Selasphorus platycercus_Broad-tailed Hummingbird/XC132835.mp3
train,Selasphorus platycercus_Broad-tailed Hummingbird,../../Datasets/BirdClef/features/Selasphorus platycercus_Broad-tailed Hummingbird/XC463255.npy,../../Datasets/BirdClef/audio/Selasphorus platycercus_Broad-tailed Hummingbird/XC463255.mp3
train,Selasphorus platycercus_Broad-tailed Hummingbird,../../Datasets/BirdClef/features/Selasphorus platycercus_Broad-tailed Hummingbird/XC132838.npy,../../Datasets/BirdClef/audio/Selasphorus platycercus_Broad-tailed Hummingbird/XC132838.mp3
train,Selasphorus platycercus_Broad-tailed Hummingbird,../../Datasets/BirdClef/features/Selasphorus platycercus_Broad-tailed Hummingbird/XC132839.npy,../../Datasets/BirdClef/audio/Selasphorus platycercus_Broad-tailed Hummingbird/XC132839.mp3
train,Selasphorus rufus_Rufous Hummingbird,../../Datasets/BirdClef/features/Selasphorus rufus_Rufous Hummingbird/XC133561.npy,../../Datasets/BirdClef/audio/Selasphorus rufus_Rufous Hummingbird/XC133561.mp3
train,Selasphorus rufus_Rufous Hummingbird,../../Datasets/BirdClef/features/Selasphorus rufus_Rufous Hummingbird/XC411405.npy,../../Datasets/BirdClef/audio/Selasphorus rufus_Rufous Hummingbird/XC411405.mp3
train,Selasphorus rufus_Rufous Hummingbird,../../Datasets/BirdClef/features/Selasphorus rufus_Rufous Hummingbird/XC170403.npy,../../Datasets/BirdClef/audio/Selasphorus rufus_Rufous Hummingbird/XC170403.mp3
train,Selasphorus rufus_Rufous Hummingbird,../../Datasets/BirdClef/features/Selasphorus rufus_Rufous Hummingbird/XC93093.npy,../../Datasets/BirdClef/audio/Selasphorus rufus_Rufous Hummingbird/XC93093.mp3
train,Selasphorus rufus_Rufous Hummingbird,../../Datasets/BirdClef/features/Selasphorus rufus_Rufous Hummingbird/XC133562.npy,../../Datasets/BirdClef/audio/Selasphorus rufus_Rufous Hummingbird/XC133562.mp3
train,Selenidera reinwardtii_Golden-collared Toucanet,../../Datasets/BirdClef/features/Selenidera reinwardtii_Golden-collared Toucanet/XC117408.npy,../../Datasets/BirdClef/audio/Selenidera reinwardtii_Golden-collared Toucanet/XC117408.mp3
train,Selenidera reinwardtii_Golden-collared Toucanet,../../Datasets/BirdClef/features/Selenidera reinwardtii_Golden-collared Toucanet/XC12298.npy,../../Datasets/BirdClef/audio/Selenidera reinwardtii_Golden-collared Toucanet/XC12298.mp3
train,Selenidera reinwardtii_Golden-collared Toucanet,../../Datasets/BirdClef/features/Selenidera reinwardtii_Golden-collared Toucanet/XC276489.npy,../../Datasets/BirdClef/audio/Selenidera reinwardtii_Golden-collared Toucanet/XC276489.mp3
train,Selenidera reinwardtii_Golden-collared Toucanet,../../Datasets/BirdClef/features/Selenidera reinwardtii_Golden-collared Toucanet/XC17286.npy,../../Datasets/BirdClef/audio/Selenidera reinwardtii_Golden-collared Toucanet/XC17286.mp3
train,Selenidera reinwardtii_Golden-collared Toucanet,../../Datasets/BirdClef/features/Selenidera reinwardtii_Golden-collared Toucanet/XC229660.npy,../../Datasets/BirdClef/audio/Selenidera reinwardtii_Golden-collared Toucanet/XC229660.mp3
train,Serinus serinus_European Serin,../../Datasets/BirdClef/features/Serinus serinus_European Serin/XC379606.npy,../../Datasets/BirdClef/audio/Serinus serinus_European Serin/XC379606.mp3
train,Serinus serinus_European Serin,../../Datasets/BirdClef/features/Serinus serinus_European Serin/XC102091.npy,../../Datasets/BirdClef/audio/Serinus serinus_European Serin/XC102091.mp3
train,Serinus serinus_European Serin,../../Datasets/BirdClef/features/Serinus serinus_European Serin/XC141629.npy,../../Datasets/BirdClef/audio/Serinus serinus_European Serin/XC141629.mp3
train,Serinus serinus_European Serin,../../Datasets/BirdClef/features/Serinus serinus_European Serin/XC325402.npy,../../Datasets/BirdClef/audio/Serinus serinus_European Serin/XC325402.mp3
train,Serinus serinus_European Serin,../../Datasets/BirdClef/features/Serinus serinus_European Serin/XC358673.npy,../../Datasets/BirdClef/audio/Serinus serinus_European Serin/XC358673.mp3
train,Setopagis parvula_Little Nightjar,../../Datasets/BirdClef/features/Setopagis parvula_Little Nightjar/XC504464.npy,../../Datasets/BirdClef/audio/Setopagis parvula_Little Nightjar/XC504464.mp3
train,Setopagis parvula_Little Nightjar,../../Datasets/BirdClef/features/Setopagis parvula_Little Nightjar/XC220365.npy,../../Datasets/BirdClef/audio/Setopagis parvula_Little Nightjar/XC220365.mp3
train,Setopagis parvula_Little Nightjar,../../Datasets/BirdClef/features/Setopagis parvula_Little Nightjar/XC496332.npy,../../Datasets/BirdClef/audio/Setopagis parvula_Little Nightjar/XC496332.mp3
train,Setopagis parvula_Little Nightjar,../../Datasets/BirdClef/features/Setopagis parvula_Little Nightjar/XC128796.npy,../../Datasets/BirdClef/audio/Setopagis parvula_Little Nightjar/XC128796.mp3
train,Setopagis parvula_Little Nightjar,../../Datasets/BirdClef/features/Setopagis parvula_Little Nightjar/XC220368.npy,../../Datasets/BirdClef/audio/Setopagis parvula_Little Nightjar/XC220368.mp3
train,Setophaga citrina_Hooded Warbler,../../Datasets/BirdClef/features/Setophaga citrina_Hooded Warbler/XC256774.npy,../../Datasets/BirdClef/audio/Setophaga citrina_Hooded Warbler/XC256774.mp3
train,Setophaga citrina_Hooded Warbler,../../Datasets/BirdClef/features/Setophaga citrina_Hooded Warbler/XC421275.npy,../../Datasets/BirdClef/audio/Setophaga citrina_Hooded Warbler/XC421275.mp3
train,Setophaga citrina_Hooded Warbler,../../Datasets/BirdClef/features/Setophaga citrina_Hooded Warbler/XC313275.npy,../../Datasets/BirdClef/audio/Setophaga citrina_Hooded Warbler/XC313275.mp3
train,Setophaga citrina_Hooded Warbler,../../Datasets/BirdClef/features/Setophaga citrina_Hooded Warbler/XC82112.npy,../../Datasets/BirdClef/audio/Setophaga citrina_Hooded Warbler/XC82112.mp3
train,Setophaga citrina_Hooded Warbler,../../Datasets/BirdClef/features/Setophaga citrina_Hooded Warbler/XC107568.npy,../../Datasets/BirdClef/audio/Setophaga citrina_Hooded Warbler/XC107568.mp3
train,Setophaga coronata_Yellow-rumped Warbler,../../Datasets/BirdClef/features/Setophaga coronata_Yellow-rumped Warbler/XC247849.npy,../../Datasets/BirdClef/audio/Setophaga coronata_Yellow-rumped Warbler/XC247849.mp3
train,Setophaga coronata_Yellow-rumped Warbler,../../Datasets/BirdClef/features/Setophaga coronata_Yellow-rumped Warbler/XC475102.npy,../../Datasets/BirdClef/audio/Setophaga coronata_Yellow-rumped Warbler/XC475102.mp3
train,Setophaga coronata_Yellow-rumped Warbler,../../Datasets/BirdClef/features/Setophaga coronata_Yellow-rumped Warbler/XC378354.npy,../../Datasets/BirdClef/audio/Setophaga coronata_Yellow-rumped Warbler/XC378354.mp3
train,Setophaga coronata_Yellow-rumped Warbler,../../Datasets/BirdClef/features/Setophaga coronata_Yellow-rumped Warbler/XC353483.npy,../../Datasets/BirdClef/audio/Setophaga coronata_Yellow-rumped Warbler/XC353483.mp3
train,Setophaga coronata_Yellow-rumped Warbler,../../Datasets/BirdClef/features/Setophaga coronata_Yellow-rumped Warbler/XC135651.npy,../../Datasets/BirdClef/audio/Setophaga coronata_Yellow-rumped Warbler/XC135651.mp3
train,Setophaga discolor_Prairie Warbler,../../Datasets/BirdClef/features/Setophaga discolor_Prairie Warbler/XC33533.npy,../../Datasets/BirdClef/audio/Setophaga discolor_Prairie Warbler/XC33533.mp3
train,Setophaga discolor_Prairie Warbler,../../Datasets/BirdClef/features/Setophaga discolor_Prairie Warbler/XC140646.npy,../../Datasets/BirdClef/audio/Setophaga discolor_Prairie Warbler/XC140646.mp3
train,Setophaga discolor_Prairie Warbler,../../Datasets/BirdClef/features/Setophaga discolor_Prairie Warbler/XC416009.npy,../../Datasets/BirdClef/audio/Setophaga discolor_Prairie Warbler/XC416009.mp3
train,Setophaga discolor_Prairie Warbler,../../Datasets/BirdClef/features/Setophaga discolor_Prairie Warbler/XC244521.npy,../../Datasets/BirdClef/audio/Setophaga discolor_Prairie Warbler/XC244521.mp3
train,Setophaga discolor_Prairie Warbler,../../Datasets/BirdClef/features/Setophaga discolor_Prairie Warbler/XC102812.npy,../../Datasets/BirdClef/audio/Setophaga discolor_Prairie Warbler/XC102812.mp3
train,Setophaga fusca_Blackburnian Warbler,../../Datasets/BirdClef/features/Setophaga fusca_Blackburnian Warbler/XC13765.npy,../../Datasets/BirdClef/audio/Setophaga fusca_Blackburnian Warbler/XC13765.mp3
train,Setophaga fusca_Blackburnian Warbler,../../Datasets/BirdClef/features/Setophaga fusca_Blackburnian Warbler/XC101845.npy,../../Datasets/BirdClef/audio/Setophaga fusca_Blackburnian Warbler/XC101845.mp3
train,Setophaga fusca_Blackburnian Warbler,../../Datasets/BirdClef/features/Setophaga fusca_Blackburnian Warbler/XC201098.npy,../../Datasets/BirdClef/audio/Setophaga fusca_Blackburnian Warbler/XC201098.mp3
train,Setophaga fusca_Blackburnian Warbler,../../Datasets/BirdClef/features/Setophaga fusca_Blackburnian Warbler/XC275582.npy,../../Datasets/BirdClef/audio/Setophaga fusca_Blackburnian Warbler/XC275582.mp3
train,Setophaga fusca_Blackburnian Warbler,../../Datasets/BirdClef/features/Setophaga fusca_Blackburnian Warbler/XC253814.npy,../../Datasets/BirdClef/audio/Setophaga fusca_Blackburnian Warbler/XC253814.mp3
train,Setophaga magnolia_Magnolia Warbler,../../Datasets/BirdClef/features/Setophaga magnolia_Magnolia Warbler/XC380135.npy,../../Datasets/BirdClef/audio/Setophaga magnolia_Magnolia Warbler/XC380135.mp3
train,Setophaga magnolia_Magnolia Warbler,../../Datasets/BirdClef/features/Setophaga magnolia_Magnolia Warbler/XC133365.npy,../../Datasets/BirdClef/audio/Setophaga magnolia_Magnolia Warbler/XC133365.mp3
train,Setophaga magnolia_Magnolia Warbler,../../Datasets/BirdClef/features/Setophaga magnolia_Magnolia Warbler/XC213516.npy,../../Datasets/BirdClef/audio/Setophaga magnolia_Magnolia Warbler/XC213516.mp3
train,Setophaga magnolia_Magnolia Warbler,../../Datasets/BirdClef/features/Setophaga magnolia_Magnolia Warbler/XC382125.npy,../../Datasets/BirdClef/audio/Setophaga magnolia_Magnolia Warbler/XC382125.mp3
train,Setophaga magnolia_Magnolia Warbler,../../Datasets/BirdClef/features/Setophaga magnolia_Magnolia Warbler/XC187611.npy,../../Datasets/BirdClef/audio/Setophaga magnolia_Magnolia Warbler/XC187611.mp3
train,Setophaga nigrescens_Black-throated Gray Warbler,../../Datasets/BirdClef/features/Setophaga nigrescens_Black-throated Gray Warbler/XC180679.npy,../../Datasets/BirdClef/audio/Setophaga nigrescens_Black-throated Gray Warbler/XC180679.mp3
train,Setophaga nigrescens_Black-throated Gray Warbler,../../Datasets/BirdClef/features/Setophaga nigrescens_Black-throated Gray Warbler/XC13669.npy,../../Datasets/BirdClef/audio/Setophaga nigrescens_Black-throated Gray Warbler/XC13669.mp3
train,Setophaga nigrescens_Black-throated Gray Warbler,../../Datasets/BirdClef/features/Setophaga nigrescens_Black-throated Gray Warbler/XC240258.npy,../../Datasets/BirdClef/audio/Setophaga nigrescens_Black-throated Gray Warbler/XC240258.mp3
train,Setophaga nigrescens_Black-throated Gray Warbler,../../Datasets/BirdClef/features/Setophaga nigrescens_Black-throated Gray Warbler/XC420494.npy,../../Datasets/BirdClef/audio/Setophaga nigrescens_Black-throated Gray Warbler/XC420494.mp3
train,Setophaga nigrescens_Black-throated Gray Warbler,../../Datasets/BirdClef/features/Setophaga nigrescens_Black-throated Gray Warbler/XC72301.npy,../../Datasets/BirdClef/audio/Setophaga nigrescens_Black-throated Gray Warbler/XC72301.mp3
train,Setophaga palmarum_Palm Warbler,../../Datasets/BirdClef/features/Setophaga palmarum_Palm Warbler/XC313389.npy,../../Datasets/BirdClef/audio/Setophaga palmarum_Palm Warbler/XC313389.mp3
train,Setophaga palmarum_Palm Warbler,../../Datasets/BirdClef/features/Setophaga palmarum_Palm Warbler/XC17030.npy,../../Datasets/BirdClef/audio/Setophaga palmarum_Palm Warbler/XC17030.mp3
train,Setophaga palmarum_Palm Warbler,../../Datasets/BirdClef/features/Setophaga palmarum_Palm Warbler/XC313824.npy,../../Datasets/BirdClef/audio/Setophaga palmarum_Palm Warbler/XC313824.mp3
train,Setophaga palmarum_Palm Warbler,../../Datasets/BirdClef/features/Setophaga palmarum_Palm Warbler/XC445583.npy,../../Datasets/BirdClef/audio/Setophaga palmarum_Palm Warbler/XC445583.mp3
train,Setophaga palmarum_Palm Warbler,../../Datasets/BirdClef/features/Setophaga palmarum_Palm Warbler/XC189083.npy,../../Datasets/BirdClef/audio/Setophaga palmarum_Palm Warbler/XC189083.mp3
train,Setophaga pensylvanica_Chestnut-sided Warbler,../../Datasets/BirdClef/features/Setophaga pensylvanica_Chestnut-sided Warbler/XC195313.npy,../../Datasets/BirdClef/audio/Setophaga pensylvanica_Chestnut-sided Warbler/XC195313.mp3
train,Setophaga pensylvanica_Chestnut-sided Warbler,../../Datasets/BirdClef/features/Setophaga pensylvanica_Chestnut-sided Warbler/XC179964.npy,../../Datasets/BirdClef/audio/Setophaga pensylvanica_Chestnut-sided Warbler/XC179964.mp3
train,Setophaga pensylvanica_Chestnut-sided Warbler,../../Datasets/BirdClef/features/Setophaga pensylvanica_Chestnut-sided Warbler/XC48285.npy,../../Datasets/BirdClef/audio/Setophaga pensylvanica_Chestnut-sided Warbler/XC48285.mp3
train,Setophaga pensylvanica_Chestnut-sided Warbler,../../Datasets/BirdClef/features/Setophaga pensylvanica_Chestnut-sided Warbler/XC202251.npy,../../Datasets/BirdClef/audio/Setophaga pensylvanica_Chestnut-sided Warbler/XC202251.mp3
train,Setophaga pensylvanica_Chestnut-sided Warbler,../../Datasets/BirdClef/features/Setophaga pensylvanica_Chestnut-sided Warbler/XC383967.npy,../../Datasets/BirdClef/audio/Setophaga pensylvanica_Chestnut-sided Warbler/XC383967.mp3
train,Setophaga petechia_Yellow Warbler,../../Datasets/BirdClef/features/Setophaga petechia_Yellow Warbler/XC332397.npy,../../Datasets/BirdClef/audio/Setophaga petechia_Yellow Warbler/XC332397.mp3
train,Setophaga petechia_Yellow Warbler,../../Datasets/BirdClef/features/Setophaga petechia_Yellow Warbler/XC259450.npy,../../Datasets/BirdClef/audio/Setophaga petechia_Yellow Warbler/XC259450.mp3
train,Setophaga petechia_Yellow Warbler,../../Datasets/BirdClef/features/Setophaga petechia_Yellow Warbler/XC488247.npy,../../Datasets/BirdClef/audio/Setophaga petechia_Yellow Warbler/XC488247.mp3
train,Setophaga petechia_Yellow Warbler,../../Datasets/BirdClef/features/Setophaga petechia_Yellow Warbler/XC243089.npy,../../Datasets/BirdClef/audio/Setophaga petechia_Yellow Warbler/XC243089.mp3
train,Setophaga petechia_Yellow Warbler,../../Datasets/BirdClef/features/Setophaga petechia_Yellow Warbler/XC488452.npy,../../Datasets/BirdClef/audio/Setophaga petechia_Yellow Warbler/XC488452.mp3
train,Setophaga pinus_Pine Warbler,../../Datasets/BirdClef/features/Setophaga pinus_Pine Warbler/XC140648.npy,../../Datasets/BirdClef/audio/Setophaga pinus_Pine Warbler/XC140648.mp3
train,Setophaga pinus_Pine Warbler,../../Datasets/BirdClef/features/Setophaga pinus_Pine Warbler/XC101741.npy,../../Datasets/BirdClef/audio/Setophaga pinus_Pine Warbler/XC101741.mp3
train,Setophaga pinus_Pine Warbler,../../Datasets/BirdClef/features/Setophaga pinus_Pine Warbler/XC141223.npy,../../Datasets/BirdClef/audio/Setophaga pinus_Pine Warbler/XC141223.mp3
train,Setophaga pinus_Pine Warbler,../../Datasets/BirdClef/features/Setophaga pinus_Pine Warbler/XC177987.npy,../../Datasets/BirdClef/audio/Setophaga pinus_Pine Warbler/XC177987.mp3
train,Setophaga pinus_Pine Warbler,../../Datasets/BirdClef/features/Setophaga pinus_Pine Warbler/XC469144.npy,../../Datasets/BirdClef/audio/Setophaga pinus_Pine Warbler/XC469144.mp3
train,Setophaga ruticilla_American Redstart,../../Datasets/BirdClef/features/Setophaga ruticilla_American Redstart/XC33775.npy,../../Datasets/BirdClef/audio/Setophaga ruticilla_American Redstart/XC33775.mp3
train,Setophaga ruticilla_American Redstart,../../Datasets/BirdClef/features/Setophaga ruticilla_American Redstart/XC187783.npy,../../Datasets/BirdClef/audio/Setophaga ruticilla_American Redstart/XC187783.mp3
train,Setophaga ruticilla_American Redstart,../../Datasets/BirdClef/features/Setophaga ruticilla_American Redstart/XC178310.npy,../../Datasets/BirdClef/audio/Setophaga ruticilla_American Redstart/XC178310.mp3
train,Setophaga ruticilla_American Redstart,../../Datasets/BirdClef/features/Setophaga ruticilla_American Redstart/XC179661.npy,../../Datasets/BirdClef/audio/Setophaga ruticilla_American Redstart/XC179661.mp3
train,Setophaga ruticilla_American Redstart,../../Datasets/BirdClef/features/Setophaga ruticilla_American Redstart/XC177037.npy,../../Datasets/BirdClef/audio/Setophaga ruticilla_American Redstart/XC177037.mp3
train,Setophaga striata_Blackpoll Warbler,../../Datasets/BirdClef/features/Setophaga striata_Blackpoll Warbler/XC241395.npy,../../Datasets/BirdClef/audio/Setophaga striata_Blackpoll Warbler/XC241395.mp3
train,Setophaga striata_Blackpoll Warbler,../../Datasets/BirdClef/features/Setophaga striata_Blackpoll Warbler/XC319516.npy,../../Datasets/BirdClef/audio/Setophaga striata_Blackpoll Warbler/XC319516.mp3
train,Setophaga striata_Blackpoll Warbler,../../Datasets/BirdClef/features/Setophaga striata_Blackpoll Warbler/XC322844.npy,../../Datasets/BirdClef/audio/Setophaga striata_Blackpoll Warbler/XC322844.mp3
train,Setophaga striata_Blackpoll Warbler,../../Datasets/BirdClef/features/Setophaga striata_Blackpoll Warbler/XC316998.npy,../../Datasets/BirdClef/audio/Setophaga striata_Blackpoll Warbler/XC316998.mp3
train,Setophaga striata_Blackpoll Warbler,../../Datasets/BirdClef/features/Setophaga striata_Blackpoll Warbler/XC328710.npy,../../Datasets/BirdClef/audio/Setophaga striata_Blackpoll Warbler/XC328710.mp3
train,Setophaga virens_Black-throated Green Warbler,../../Datasets/BirdClef/features/Setophaga virens_Black-throated Green Warbler/XC48516.npy,../../Datasets/BirdClef/audio/Setophaga virens_Black-throated Green Warbler/XC48516.mp3
train,Setophaga virens_Black-throated Green Warbler,../../Datasets/BirdClef/features/Setophaga virens_Black-throated Green Warbler/XC319181.npy,../../Datasets/BirdClef/audio/Setophaga virens_Black-throated Green Warbler/XC319181.mp3
train,Setophaga virens_Black-throated Green Warbler,../../Datasets/BirdClef/features/Setophaga virens_Black-throated Green Warbler/XC69999.npy,../../Datasets/BirdClef/audio/Setophaga virens_Black-throated Green Warbler/XC69999.mp3
train,Setophaga virens_Black-throated Green Warbler,../../Datasets/BirdClef/features/Setophaga virens_Black-throated Green Warbler/XC371048.npy,../../Datasets/BirdClef/audio/Setophaga virens_Black-throated Green Warbler/XC371048.mp3
train,Setophaga virens_Black-throated Green Warbler,../../Datasets/BirdClef/features/Setophaga virens_Black-throated Green Warbler/XC49211.npy,../../Datasets/BirdClef/audio/Setophaga virens_Black-throated Green Warbler/XC49211.mp3
train,Sialia mexicana_Western Bluebird,../../Datasets/BirdClef/features/Sialia mexicana_Western Bluebird/XC229707.npy,../../Datasets/BirdClef/audio/Sialia mexicana_Western Bluebird/XC229707.mp3
train,Sialia mexicana_Western Bluebird,../../Datasets/BirdClef/features/Sialia mexicana_Western Bluebird/XC322143.npy,../../Datasets/BirdClef/audio/Sialia mexicana_Western Bluebird/XC322143.mp3
train,Sialia mexicana_Western Bluebird,../../Datasets/BirdClef/features/Sialia mexicana_Western Bluebird/XC408654.npy,../../Datasets/BirdClef/audio/Sialia mexicana_Western Bluebird/XC408654.mp3
train,Sialia mexicana_Western Bluebird,../../Datasets/BirdClef/features/Sialia mexicana_Western Bluebird/XC481707.npy,../../Datasets/BirdClef/audio/Sialia mexicana_Western Bluebird/XC481707.mp3
train,Sialia mexicana_Western Bluebird,../../Datasets/BirdClef/features/Sialia mexicana_Western Bluebird/XC71757.npy,../../Datasets/BirdClef/audio/Sialia mexicana_Western Bluebird/XC71757.mp3
train,Sialia sialis_Eastern Bluebird,../../Datasets/BirdClef/features/Sialia sialis_Eastern Bluebird/XC497622.npy,../../Datasets/BirdClef/audio/Sialia sialis_Eastern Bluebird/XC497622.mp3
train,Sialia sialis_Eastern Bluebird,../../Datasets/BirdClef/features/Sialia sialis_Eastern Bluebird/XC337449.npy,../../Datasets/BirdClef/audio/Sialia sialis_Eastern Bluebird/XC337449.mp3
train,Sialia sialis_Eastern Bluebird,../../Datasets/BirdClef/features/Sialia sialis_Eastern Bluebird/XC173985.npy,../../Datasets/BirdClef/audio/Sialia sialis_Eastern Bluebird/XC173985.mp3
train,Sialia sialis_Eastern Bluebird,../../Datasets/BirdClef/features/Sialia sialis_Eastern Bluebird/XC283265.npy,../../Datasets/BirdClef/audio/Sialia sialis_Eastern Bluebird/XC283265.mp3
train,Sialia sialis_Eastern Bluebird,../../Datasets/BirdClef/features/Sialia sialis_Eastern Bluebird/XC18392.npy,../../Datasets/BirdClef/audio/Sialia sialis_Eastern Bluebird/XC18392.mp3
train,Sicalis flaveola_Saffron Finch,../../Datasets/BirdClef/features/Sicalis flaveola_Saffron Finch/XC273744.npy,../../Datasets/BirdClef/audio/Sicalis flaveola_Saffron Finch/XC273744.mp3
train,Sicalis flaveola_Saffron Finch,../../Datasets/BirdClef/features/Sicalis flaveola_Saffron Finch/XC2786.npy,../../Datasets/BirdClef/audio/Sicalis flaveola_Saffron Finch/XC2786.mp3
train,Sicalis flaveola_Saffron Finch,../../Datasets/BirdClef/features/Sicalis flaveola_Saffron Finch/XC273120.npy,../../Datasets/BirdClef/audio/Sicalis flaveola_Saffron Finch/XC273120.mp3
train,Sicalis flaveola_Saffron Finch,../../Datasets/BirdClef/features/Sicalis flaveola_Saffron Finch/XC273117.npy,../../Datasets/BirdClef/audio/Sicalis flaveola_Saffron Finch/XC273117.mp3
train,Sicalis flaveola_Saffron Finch,../../Datasets/BirdClef/features/Sicalis flaveola_Saffron Finch/XC197761.npy,../../Datasets/BirdClef/audio/Sicalis flaveola_Saffron Finch/XC197761.mp3
train,Sitta canadensis_Red-breasted Nuthatch,../../Datasets/BirdClef/features/Sitta canadensis_Red-breasted Nuthatch/XC373661.npy,../../Datasets/BirdClef/audio/Sitta canadensis_Red-breasted Nuthatch/XC373661.mp3
train,Sitta canadensis_Red-breasted Nuthatch,../../Datasets/BirdClef/features/Sitta canadensis_Red-breasted Nuthatch/XC110382.npy,../../Datasets/BirdClef/audio/Sitta canadensis_Red-breasted Nuthatch/XC110382.mp3
train,Sitta canadensis_Red-breasted Nuthatch,../../Datasets/BirdClef/features/Sitta canadensis_Red-breasted Nuthatch/XC301614.npy,../../Datasets/BirdClef/audio/Sitta canadensis_Red-breasted Nuthatch/XC301614.mp3
train,Sitta canadensis_Red-breasted Nuthatch,../../Datasets/BirdClef/features/Sitta canadensis_Red-breasted Nuthatch/XC160016.npy,../../Datasets/BirdClef/audio/Sitta canadensis_Red-breasted Nuthatch/XC160016.mp3
train,Sitta canadensis_Red-breasted Nuthatch,../../Datasets/BirdClef/features/Sitta canadensis_Red-breasted Nuthatch/XC72043.npy,../../Datasets/BirdClef/audio/Sitta canadensis_Red-breasted Nuthatch/XC72043.mp3
train,Sitta carolinensis_White-breasted Nuthatch,../../Datasets/BirdClef/features/Sitta carolinensis_White-breasted Nuthatch/XC310954.npy,../../Datasets/BirdClef/audio/Sitta carolinensis_White-breasted Nuthatch/XC310954.mp3
train,Sitta carolinensis_White-breasted Nuthatch,../../Datasets/BirdClef/features/Sitta carolinensis_White-breasted Nuthatch/XC350765.npy,../../Datasets/BirdClef/audio/Sitta carolinensis_White-breasted Nuthatch/XC350765.mp3
train,Sitta carolinensis_White-breasted Nuthatch,../../Datasets/BirdClef/features/Sitta carolinensis_White-breasted Nuthatch/XC298587.npy,../../Datasets/BirdClef/audio/Sitta carolinensis_White-breasted Nuthatch/XC298587.mp3
train,Sitta carolinensis_White-breasted Nuthatch,../../Datasets/BirdClef/features/Sitta carolinensis_White-breasted Nuthatch/XC110384.npy,../../Datasets/BirdClef/audio/Sitta carolinensis_White-breasted Nuthatch/XC110384.mp3
train,Sitta carolinensis_White-breasted Nuthatch,../../Datasets/BirdClef/features/Sitta carolinensis_White-breasted Nuthatch/XC210488.npy,../../Datasets/BirdClef/audio/Sitta carolinensis_White-breasted Nuthatch/XC210488.mp3
train,Sitta europaea_Eurasian Nuthatch,../../Datasets/BirdClef/features/Sitta europaea_Eurasian Nuthatch/XC324781.npy,../../Datasets/BirdClef/audio/Sitta europaea_Eurasian Nuthatch/XC324781.mp3
train,Sitta europaea_Eurasian Nuthatch,../../Datasets/BirdClef/features/Sitta europaea_Eurasian Nuthatch/XC116413.npy,../../Datasets/BirdClef/audio/Sitta europaea_Eurasian Nuthatch/XC116413.mp3
train,Sitta europaea_Eurasian Nuthatch,../../Datasets/BirdClef/features/Sitta europaea_Eurasian Nuthatch/XC210681.npy,../../Datasets/BirdClef/audio/Sitta europaea_Eurasian Nuthatch/XC210681.mp3
train,Sitta europaea_Eurasian Nuthatch,../../Datasets/BirdClef/features/Sitta europaea_Eurasian Nuthatch/XC28222.npy,../../Datasets/BirdClef/audio/Sitta europaea_Eurasian Nuthatch/XC28222.mp3
train,Sitta europaea_Eurasian Nuthatch,../../Datasets/BirdClef/features/Sitta europaea_Eurasian Nuthatch/XC35040.npy,../../Datasets/BirdClef/audio/Sitta europaea_Eurasian Nuthatch/XC35040.mp3
train,Sitta pygmaea_Pygmy Nuthatch,../../Datasets/BirdClef/features/Sitta pygmaea_Pygmy Nuthatch/XC20129.npy,../../Datasets/BirdClef/audio/Sitta pygmaea_Pygmy Nuthatch/XC20129.mp3
train,Sitta pygmaea_Pygmy Nuthatch,../../Datasets/BirdClef/features/Sitta pygmaea_Pygmy Nuthatch/XC5001.npy,../../Datasets/BirdClef/audio/Sitta pygmaea_Pygmy Nuthatch/XC5001.mp3
train,Sitta pygmaea_Pygmy Nuthatch,../../Datasets/BirdClef/features/Sitta pygmaea_Pygmy Nuthatch/XC229769.npy,../../Datasets/BirdClef/audio/Sitta pygmaea_Pygmy Nuthatch/XC229769.mp3
train,Sitta pygmaea_Pygmy Nuthatch,../../Datasets/BirdClef/features/Sitta pygmaea_Pygmy Nuthatch/XC348593.npy,../../Datasets/BirdClef/audio/Sitta pygmaea_Pygmy Nuthatch/XC348593.mp3
train,Sitta pygmaea_Pygmy Nuthatch,../../Datasets/BirdClef/features/Sitta pygmaea_Pygmy Nuthatch/XC282855.npy,../../Datasets/BirdClef/audio/Sitta pygmaea_Pygmy Nuthatch/XC282855.mp3
train,Sittasomus griseicapillus_Olivaceous Woodcreeper,../../Datasets/BirdClef/features/Sittasomus griseicapillus_Olivaceous Woodcreeper/XC43269.npy,../../Datasets/BirdClef/audio/Sittasomus griseicapillus_Olivaceous Woodcreeper/XC43269.mp3
train,Sittasomus griseicapillus_Olivaceous Woodcreeper,../../Datasets/BirdClef/features/Sittasomus griseicapillus_Olivaceous Woodcreeper/XC428636.npy,../../Datasets/BirdClef/audio/Sittasomus griseicapillus_Olivaceous Woodcreeper/XC428636.mp3
train,Sittasomus griseicapillus_Olivaceous Woodcreeper,../../Datasets/BirdClef/features/Sittasomus griseicapillus_Olivaceous Woodcreeper/XC337375.npy,../../Datasets/BirdClef/audio/Sittasomus griseicapillus_Olivaceous Woodcreeper/XC337375.mp3
train,Sittasomus griseicapillus_Olivaceous Woodcreeper,../../Datasets/BirdClef/features/Sittasomus griseicapillus_Olivaceous Woodcreeper/XC329794.npy,../../Datasets/BirdClef/audio/Sittasomus griseicapillus_Olivaceous Woodcreeper/XC329794.mp3
train,Sittasomus griseicapillus_Olivaceous Woodcreeper,../../Datasets/BirdClef/features/Sittasomus griseicapillus_Olivaceous Woodcreeper/XC29624.npy,../../Datasets/BirdClef/audio/Sittasomus griseicapillus_Olivaceous Woodcreeper/XC29624.mp3
train,Spatula clypeata_Northern Shoveler,../../Datasets/BirdClef/features/Spatula clypeata_Northern Shoveler/XC471481.npy,../../Datasets/BirdClef/audio/Spatula clypeata_Northern Shoveler/XC471481.mp3
train,Spatula clypeata_Northern Shoveler,../../Datasets/BirdClef/features/Spatula clypeata_Northern Shoveler/XC464100.npy,../../Datasets/BirdClef/audio/Spatula clypeata_Northern Shoveler/XC464100.mp3
train,Spatula clypeata_Northern Shoveler,../../Datasets/BirdClef/features/Spatula clypeata_Northern Shoveler/XC308706.npy,../../Datasets/BirdClef/audio/Spatula clypeata_Northern Shoveler/XC308706.mp3
train,Spatula clypeata_Northern Shoveler,../../Datasets/BirdClef/features/Spatula clypeata_Northern Shoveler/XC308953.npy,../../Datasets/BirdClef/audio/Spatula clypeata_Northern Shoveler/XC308953.mp3
train,Spatula clypeata_Northern Shoveler,../../Datasets/BirdClef/features/Spatula clypeata_Northern Shoveler/XC455574.npy,../../Datasets/BirdClef/audio/Spatula clypeata_Northern Shoveler/XC455574.mp3
train,Spatula discors_Blue-winged Teal,../../Datasets/BirdClef/features/Spatula discors_Blue-winged Teal/XC153336.npy,../../Datasets/BirdClef/audio/Spatula discors_Blue-winged Teal/XC153336.mp3
train,Spatula discors_Blue-winged Teal,../../Datasets/BirdClef/features/Spatula discors_Blue-winged Teal/XC52151.npy,../../Datasets/BirdClef/audio/Spatula discors_Blue-winged Teal/XC52151.mp3
train,Spatula discors_Blue-winged Teal,../../Datasets/BirdClef/features/Spatula discors_Blue-winged Teal/XC179673.npy,../../Datasets/BirdClef/audio/Spatula discors_Blue-winged Teal/XC179673.mp3
train,Spatula discors_Blue-winged Teal,../../Datasets/BirdClef/features/Spatula discors_Blue-winged Teal/XC97021.npy,../../Datasets/BirdClef/audio/Spatula discors_Blue-winged Teal/XC97021.mp3
train,Spatula discors_Blue-winged Teal,../../Datasets/BirdClef/features/Spatula discors_Blue-winged Teal/XC16917.npy,../../Datasets/BirdClef/audio/Spatula discors_Blue-winged Teal/XC16917.mp3
train,Spatula querquedula_Garganey,../../Datasets/BirdClef/features/Spatula querquedula_Garganey/XC405991.npy,../../Datasets/BirdClef/audio/Spatula querquedula_Garganey/XC405991.mp3
train,Spatula querquedula_Garganey,../../Datasets/BirdClef/features/Spatula querquedula_Garganey/XC501880.npy,../../Datasets/BirdClef/audio/Spatula querquedula_Garganey/XC501880.mp3
train,Spatula querquedula_Garganey,../../Datasets/BirdClef/features/Spatula querquedula_Garganey/XC365756.npy,../../Datasets/BirdClef/audio/Spatula querquedula_Garganey/XC365756.mp3
train,Spatula querquedula_Garganey,../../Datasets/BirdClef/features/Spatula querquedula_Garganey/XC134700.npy,../../Datasets/BirdClef/audio/Spatula querquedula_Garganey/XC134700.mp3
train,Spatula querquedula_Garganey,../../Datasets/BirdClef/features/Spatula querquedula_Garganey/XC26963.npy,../../Datasets/BirdClef/audio/Spatula querquedula_Garganey/XC26963.mp3
train,Sphyrapicus varius_Yellow-bellied Sapsucker,../../Datasets/BirdClef/features/Sphyrapicus varius_Yellow-bellied Sapsucker/XC137670.npy,../../Datasets/BirdClef/audio/Sphyrapicus varius_Yellow-bellied Sapsucker/XC137670.mp3
train,Sphyrapicus varius_Yellow-bellied Sapsucker,../../Datasets/BirdClef/features/Sphyrapicus varius_Yellow-bellied Sapsucker/XC101888.npy,../../Datasets/BirdClef/audio/Sphyrapicus varius_Yellow-bellied Sapsucker/XC101888.mp3
train,Sphyrapicus varius_Yellow-bellied Sapsucker,../../Datasets/BirdClef/features/Sphyrapicus varius_Yellow-bellied Sapsucker/XC388169.npy,../../Datasets/BirdClef/audio/Sphyrapicus varius_Yellow-bellied Sapsucker/XC388169.mp3
train,Sphyrapicus varius_Yellow-bellied Sapsucker,../../Datasets/BirdClef/features/Sphyrapicus varius_Yellow-bellied Sapsucker/XC166116.npy,../../Datasets/BirdClef/audio/Sphyrapicus varius_Yellow-bellied Sapsucker/XC166116.mp3
train,Sphyrapicus varius_Yellow-bellied Sapsucker,../../Datasets/BirdClef/features/Sphyrapicus varius_Yellow-bellied Sapsucker/XC418335.npy,../../Datasets/BirdClef/audio/Sphyrapicus varius_Yellow-bellied Sapsucker/XC418335.mp3
train,Spinus pinus_Pine Siskin,../../Datasets/BirdClef/features/Spinus pinus_Pine Siskin/XC322596.npy,../../Datasets/BirdClef/audio/Spinus pinus_Pine Siskin/XC322596.mp3
train,Spinus pinus_Pine Siskin,../../Datasets/BirdClef/features/Spinus pinus_Pine Siskin/XC348823.npy,../../Datasets/BirdClef/audio/Spinus pinus_Pine Siskin/XC348823.mp3
train,Spinus pinus_Pine Siskin,../../Datasets/BirdClef/features/Spinus pinus_Pine Siskin/XC135329.npy,../../Datasets/BirdClef/audio/Spinus pinus_Pine Siskin/XC135329.mp3
train,Spinus pinus_Pine Siskin,../../Datasets/BirdClef/features/Spinus pinus_Pine Siskin/XC135655.npy,../../Datasets/BirdClef/audio/Spinus pinus_Pine Siskin/XC135655.mp3
train,Spinus pinus_Pine Siskin,../../Datasets/BirdClef/features/Spinus pinus_Pine Siskin/XC159009.npy,../../Datasets/BirdClef/audio/Spinus pinus_Pine Siskin/XC159009.mp3
train,Spinus psaltria_Lesser Goldfinch,../../Datasets/BirdClef/features/Spinus psaltria_Lesser Goldfinch/XC492372.npy,../../Datasets/BirdClef/audio/Spinus psaltria_Lesser Goldfinch/XC492372.mp3
train,Spinus psaltria_Lesser Goldfinch,../../Datasets/BirdClef/features/Spinus psaltria_Lesser Goldfinch/XC255636.npy,../../Datasets/BirdClef/audio/Spinus psaltria_Lesser Goldfinch/XC255636.mp3
train,Spinus psaltria_Lesser Goldfinch,../../Datasets/BirdClef/features/Spinus psaltria_Lesser Goldfinch/XC327512.npy,../../Datasets/BirdClef/audio/Spinus psaltria_Lesser Goldfinch/XC327512.mp3
train,Spinus psaltria_Lesser Goldfinch,../../Datasets/BirdClef/features/Spinus psaltria_Lesser Goldfinch/XC220455.npy,../../Datasets/BirdClef/audio/Spinus psaltria_Lesser Goldfinch/XC220455.mp3
train,Spinus psaltria_Lesser Goldfinch,../../Datasets/BirdClef/features/Spinus psaltria_Lesser Goldfinch/XC219946.npy,../../Datasets/BirdClef/audio/Spinus psaltria_Lesser Goldfinch/XC219946.mp3
train,Spinus spinus_Eurasian Siskin,../../Datasets/BirdClef/features/Spinus spinus_Eurasian Siskin/XC458941.npy,../../Datasets/BirdClef/audio/Spinus spinus_Eurasian Siskin/XC458941.mp3
train,Spinus spinus_Eurasian Siskin,../../Datasets/BirdClef/features/Spinus spinus_Eurasian Siskin/XC270147.npy,../../Datasets/BirdClef/audio/Spinus spinus_Eurasian Siskin/XC270147.mp3
train,Spinus spinus_Eurasian Siskin,../../Datasets/BirdClef/features/Spinus spinus_Eurasian Siskin/XC35045.npy,../../Datasets/BirdClef/audio/Spinus spinus_Eurasian Siskin/XC35045.mp3
train,Spinus spinus_Eurasian Siskin,../../Datasets/BirdClef/features/Spinus spinus_Eurasian Siskin/XC462615.npy,../../Datasets/BirdClef/audio/Spinus spinus_Eurasian Siskin/XC462615.mp3
train,Spinus spinus_Eurasian Siskin,../../Datasets/BirdClef/features/Spinus spinus_Eurasian Siskin/XC281782.npy,../../Datasets/BirdClef/audio/Spinus spinus_Eurasian Siskin/XC281782.mp3
train,Spinus tristis_American Goldfinch,../../Datasets/BirdClef/features/Spinus tristis_American Goldfinch/XC385027.npy,../../Datasets/BirdClef/audio/Spinus tristis_American Goldfinch/XC385027.mp3
train,Spinus tristis_American Goldfinch,../../Datasets/BirdClef/features/Spinus tristis_American Goldfinch/XC179304.npy,../../Datasets/BirdClef/audio/Spinus tristis_American Goldfinch/XC179304.mp3
train,Spinus tristis_American Goldfinch,../../Datasets/BirdClef/features/Spinus tristis_American Goldfinch/XC169085.npy,../../Datasets/BirdClef/audio/Spinus tristis_American Goldfinch/XC169085.mp3
train,Spinus tristis_American Goldfinch,../../Datasets/BirdClef/features/Spinus tristis_American Goldfinch/XC210732.npy,../../Datasets/BirdClef/audio/Spinus tristis_American Goldfinch/XC210732.mp3
train,Spinus tristis_American Goldfinch,../../Datasets/BirdClef/features/Spinus tristis_American Goldfinch/XC429266.npy,../../Datasets/BirdClef/audio/Spinus tristis_American Goldfinch/XC429266.mp3
train,Spizaetus ornatus_Ornate Hawk-Eagle,../../Datasets/BirdClef/features/Spizaetus ornatus_Ornate Hawk-Eagle/XC7826.npy,../../Datasets/BirdClef/audio/Spizaetus ornatus_Ornate Hawk-Eagle/XC7826.mp3
train,Spizaetus ornatus_Ornate Hawk-Eagle,../../Datasets/BirdClef/features/Spizaetus ornatus_Ornate Hawk-Eagle/XC64592.npy,../../Datasets/BirdClef/audio/Spizaetus ornatus_Ornate Hawk-Eagle/XC64592.mp3
train,Spizaetus ornatus_Ornate Hawk-Eagle,../../Datasets/BirdClef/features/Spizaetus ornatus_Ornate Hawk-Eagle/XC275181.npy,../../Datasets/BirdClef/audio/Spizaetus ornatus_Ornate Hawk-Eagle/XC275181.mp3
train,Spizaetus ornatus_Ornate Hawk-Eagle,../../Datasets/BirdClef/features/Spizaetus ornatus_Ornate Hawk-Eagle/XC315582.npy,../../Datasets/BirdClef/audio/Spizaetus ornatus_Ornate Hawk-Eagle/XC315582.mp3
train,Spizaetus ornatus_Ornate Hawk-Eagle,../../Datasets/BirdClef/features/Spizaetus ornatus_Ornate Hawk-Eagle/XC274917.npy,../../Datasets/BirdClef/audio/Spizaetus ornatus_Ornate Hawk-Eagle/XC274917.mp3
train,Spizaetus tyrannus_Black Hawk-Eagle,../../Datasets/BirdClef/features/Spizaetus tyrannus_Black Hawk-Eagle/XC481821.npy,../../Datasets/BirdClef/audio/Spizaetus tyrannus_Black Hawk-Eagle/XC481821.mp3
train,Spizaetus tyrannus_Black Hawk-Eagle,../../Datasets/BirdClef/features/Spizaetus tyrannus_Black Hawk-Eagle/XC85419.npy,../../Datasets/BirdClef/audio/Spizaetus tyrannus_Black Hawk-Eagle/XC85419.mp3
train,Spizaetus tyrannus_Black Hawk-Eagle,../../Datasets/BirdClef/features/Spizaetus tyrannus_Black Hawk-Eagle/XC14948.npy,../../Datasets/BirdClef/audio/Spizaetus tyrannus_Black Hawk-Eagle/XC14948.mp3
train,Spizaetus tyrannus_Black Hawk-Eagle,../../Datasets/BirdClef/features/Spizaetus tyrannus_Black Hawk-Eagle/XC42806.npy,../../Datasets/BirdClef/audio/Spizaetus tyrannus_Black Hawk-Eagle/XC42806.mp3
train,Spizaetus tyrannus_Black Hawk-Eagle,../../Datasets/BirdClef/features/Spizaetus tyrannus_Black Hawk-Eagle/XC28328.npy,../../Datasets/BirdClef/audio/Spizaetus tyrannus_Black Hawk-Eagle/XC28328.mp3
train,Spizella breweri_Brewer's Sparrow,../../Datasets/BirdClef/features/Spizella breweri_Brewer's Sparrow/XC82724.npy,../../Datasets/BirdClef/audio/Spizella breweri_Brewer's Sparrow/XC82724.mp3
train,Spizella breweri_Brewer's Sparrow,../../Datasets/BirdClef/features/Spizella breweri_Brewer's Sparrow/XC362523.npy,../../Datasets/BirdClef/audio/Spizella breweri_Brewer's Sparrow/XC362523.mp3
train,Spizella breweri_Brewer's Sparrow,../../Datasets/BirdClef/features/Spizella breweri_Brewer's Sparrow/XC483211.npy,../../Datasets/BirdClef/audio/Spizella breweri_Brewer's Sparrow/XC483211.mp3
train,Spizella breweri_Brewer's Sparrow,../../Datasets/BirdClef/features/Spizella breweri_Brewer's Sparrow/XC187663.npy,../../Datasets/BirdClef/audio/Spizella breweri_Brewer's Sparrow/XC187663.mp3
train,Spizella breweri_Brewer's Sparrow,../../Datasets/BirdClef/features/Spizella breweri_Brewer's Sparrow/XC179912.npy,../../Datasets/BirdClef/audio/Spizella breweri_Brewer's Sparrow/XC179912.mp3
train,Spizella passerina_Chipping Sparrow,../../Datasets/BirdClef/features/Spizella passerina_Chipping Sparrow/XC467080.npy,../../Datasets/BirdClef/audio/Spizella passerina_Chipping Sparrow/XC467080.mp3
train,Spizella passerina_Chipping Sparrow,../../Datasets/BirdClef/features/Spizella passerina_Chipping Sparrow/XC412683.npy,../../Datasets/BirdClef/audio/Spizella passerina_Chipping Sparrow/XC412683.mp3
train,Spizella passerina_Chipping Sparrow,../../Datasets/BirdClef/features/Spizella passerina_Chipping Sparrow/XC476734.npy,../../Datasets/BirdClef/audio/Spizella passerina_Chipping Sparrow/XC476734.mp3
train,Spizella passerina_Chipping Sparrow,../../Datasets/BirdClef/features/Spizella passerina_Chipping Sparrow/XC483739.npy,../../Datasets/BirdClef/audio/Spizella passerina_Chipping Sparrow/XC483739.mp3
train,Spizella passerina_Chipping Sparrow,../../Datasets/BirdClef/features/Spizella passerina_Chipping Sparrow/XC322659.npy,../../Datasets/BirdClef/audio/Spizella passerina_Chipping Sparrow/XC322659.mp3
train,Spizella pusilla_Field Sparrow,../../Datasets/BirdClef/features/Spizella pusilla_Field Sparrow/XC102971.npy,../../Datasets/BirdClef/audio/Spizella pusilla_Field Sparrow/XC102971.mp3
train,Spizella pusilla_Field Sparrow,../../Datasets/BirdClef/features/Spizella pusilla_Field Sparrow/XC167932.npy,../../Datasets/BirdClef/audio/Spizella pusilla_Field Sparrow/XC167932.mp3
train,Spizella pusilla_Field Sparrow,../../Datasets/BirdClef/features/Spizella pusilla_Field Sparrow/XC330443.npy,../../Datasets/BirdClef/audio/Spizella pusilla_Field Sparrow/XC330443.mp3
train,Spizella pusilla_Field Sparrow,../../Datasets/BirdClef/features/Spizella pusilla_Field Sparrow/XC167934.npy,../../Datasets/BirdClef/audio/Spizella pusilla_Field Sparrow/XC167934.mp3
train,Spizella pusilla_Field Sparrow,../../Datasets/BirdClef/features/Spizella pusilla_Field Sparrow/XC155240.npy,../../Datasets/BirdClef/audio/Spizella pusilla_Field Sparrow/XC155240.mp3
train,Spizelloides arborea_American Tree Sparrow,../../Datasets/BirdClef/features/Spizelloides arborea_American Tree Sparrow/XC156643.npy,../../Datasets/BirdClef/audio/Spizelloides arborea_American Tree Sparrow/XC156643.mp3
train,Spizelloides arborea_American Tree Sparrow,../../Datasets/BirdClef/features/Spizelloides arborea_American Tree Sparrow/XC236564.npy,../../Datasets/BirdClef/audio/Spizelloides arborea_American Tree Sparrow/XC236564.mp3
train,Spizelloides arborea_American Tree Sparrow,../../Datasets/BirdClef/features/Spizelloides arborea_American Tree Sparrow/XC21042.npy,../../Datasets/BirdClef/audio/Spizelloides arborea_American Tree Sparrow/XC21042.mp3
train,Spizelloides arborea_American Tree Sparrow,../../Datasets/BirdClef/features/Spizelloides arborea_American Tree Sparrow/XC43841.npy,../../Datasets/BirdClef/audio/Spizelloides arborea_American Tree Sparrow/XC43841.mp3
train,Spizelloides arborea_American Tree Sparrow,../../Datasets/BirdClef/features/Spizelloides arborea_American Tree Sparrow/XC142069.npy,../../Datasets/BirdClef/audio/Spizelloides arborea_American Tree Sparrow/XC142069.mp3
train,Sporophila angolensis_Chestnut-bellied Seed-Finch,../../Datasets/BirdClef/features/Sporophila angolensis_Chestnut-bellied Seed-Finch/XC227028.npy,../../Datasets/BirdClef/audio/Sporophila angolensis_Chestnut-bellied Seed-Finch/XC227028.mp3
train,Sporophila angolensis_Chestnut-bellied Seed-Finch,../../Datasets/BirdClef/features/Sporophila angolensis_Chestnut-bellied Seed-Finch/XC2592.npy,../../Datasets/BirdClef/audio/Sporophila angolensis_Chestnut-bellied Seed-Finch/XC2592.mp3
train,Sporophila angolensis_Chestnut-bellied Seed-Finch,../../Datasets/BirdClef/features/Sporophila angolensis_Chestnut-bellied Seed-Finch/XC216316.npy,../../Datasets/BirdClef/audio/Sporophila angolensis_Chestnut-bellied Seed-Finch/XC216316.mp3
train,Sporophila angolensis_Chestnut-bellied Seed-Finch,../../Datasets/BirdClef/features/Sporophila angolensis_Chestnut-bellied Seed-Finch/XC216327.npy,../../Datasets/BirdClef/audio/Sporophila angolensis_Chestnut-bellied Seed-Finch/XC216327.mp3
train,Sporophila angolensis_Chestnut-bellied Seed-Finch,../../Datasets/BirdClef/features/Sporophila angolensis_Chestnut-bellied Seed-Finch/XC63822.npy,../../Datasets/BirdClef/audio/Sporophila angolensis_Chestnut-bellied Seed-Finch/XC63822.mp3
train,Sporophila caerulescens_Double-collared Seedeater,../../Datasets/BirdClef/features/Sporophila caerulescens_Double-collared Seedeater/XC131413.npy,../../Datasets/BirdClef/audio/Sporophila caerulescens_Double-collared Seedeater/XC131413.mp3
train,Sporophila caerulescens_Double-collared Seedeater,../../Datasets/BirdClef/features/Sporophila caerulescens_Double-collared Seedeater/XC131061.npy,../../Datasets/BirdClef/audio/Sporophila caerulescens_Double-collared Seedeater/XC131061.mp3
train,Sporophila caerulescens_Double-collared Seedeater,../../Datasets/BirdClef/features/Sporophila caerulescens_Double-collared Seedeater/XC51922.npy,../../Datasets/BirdClef/audio/Sporophila caerulescens_Double-collared Seedeater/XC51922.mp3
train,Sporophila caerulescens_Double-collared Seedeater,../../Datasets/BirdClef/features/Sporophila caerulescens_Double-collared Seedeater/XC470887.npy,../../Datasets/BirdClef/audio/Sporophila caerulescens_Double-collared Seedeater/XC470887.mp3
train,Sporophila caerulescens_Double-collared Seedeater,../../Datasets/BirdClef/features/Sporophila caerulescens_Double-collared Seedeater/XC355808.npy,../../Datasets/BirdClef/audio/Sporophila caerulescens_Double-collared Seedeater/XC355808.mp3
train,Sporophila lineola_Lined Seedeater,../../Datasets/BirdClef/features/Sporophila lineola_Lined Seedeater/XC173314.npy,../../Datasets/BirdClef/audio/Sporophila lineola_Lined Seedeater/XC173314.mp3
train,Sporophila lineola_Lined Seedeater,../../Datasets/BirdClef/features/Sporophila lineola_Lined Seedeater/XC287840.npy,../../Datasets/BirdClef/audio/Sporophila lineola_Lined Seedeater/XC287840.mp3
train,Sporophila lineola_Lined Seedeater,../../Datasets/BirdClef/features/Sporophila lineola_Lined Seedeater/XC51930.npy,../../Datasets/BirdClef/audio/Sporophila lineola_Lined Seedeater/XC51930.mp3
train,Sporophila lineola_Lined Seedeater,../../Datasets/BirdClef/features/Sporophila lineola_Lined Seedeater/XC216130.npy,../../Datasets/BirdClef/audio/Sporophila lineola_Lined Seedeater/XC216130.mp3
train,Sporophila lineola_Lined Seedeater,../../Datasets/BirdClef/features/Sporophila lineola_Lined Seedeater/XC84733.npy,../../Datasets/BirdClef/audio/Sporophila lineola_Lined Seedeater/XC84733.mp3
train,Sporophila luctuosa_Black-and-white Seedeater,../../Datasets/BirdClef/features/Sporophila luctuosa_Black-and-white Seedeater/XC146562.npy,../../Datasets/BirdClef/audio/Sporophila luctuosa_Black-and-white Seedeater/XC146562.mp3
train,Sporophila luctuosa_Black-and-white Seedeater,../../Datasets/BirdClef/features/Sporophila luctuosa_Black-and-white Seedeater/XC93747.npy,../../Datasets/BirdClef/audio/Sporophila luctuosa_Black-and-white Seedeater/XC93747.mp3
train,Sporophila luctuosa_Black-and-white Seedeater,../../Datasets/BirdClef/features/Sporophila luctuosa_Black-and-white Seedeater/XC14676.npy,../../Datasets/BirdClef/audio/Sporophila luctuosa_Black-and-white Seedeater/XC14676.mp3
train,Sporophila luctuosa_Black-and-white Seedeater,../../Datasets/BirdClef/features/Sporophila luctuosa_Black-and-white Seedeater/XC72721.npy,../../Datasets/BirdClef/audio/Sporophila luctuosa_Black-and-white Seedeater/XC72721.mp3
train,Sporophila luctuosa_Black-and-white Seedeater,../../Datasets/BirdClef/features/Sporophila luctuosa_Black-and-white Seedeater/XC236399.npy,../../Datasets/BirdClef/audio/Sporophila luctuosa_Black-and-white Seedeater/XC236399.mp3
train,Sporophila schistacea_Slate-colored Seedeater,../../Datasets/BirdClef/features/Sporophila schistacea_Slate-colored Seedeater/XC11170.npy,../../Datasets/BirdClef/audio/Sporophila schistacea_Slate-colored Seedeater/XC11170.mp3
train,Sporophila schistacea_Slate-colored Seedeater,../../Datasets/BirdClef/features/Sporophila schistacea_Slate-colored Seedeater/XC393927.npy,../../Datasets/BirdClef/audio/Sporophila schistacea_Slate-colored Seedeater/XC393927.mp3
train,Sporophila schistacea_Slate-colored Seedeater,../../Datasets/BirdClef/features/Sporophila schistacea_Slate-colored Seedeater/XC61914.npy,../../Datasets/BirdClef/audio/Sporophila schistacea_Slate-colored Seedeater/XC61914.mp3
train,Sporophila schistacea_Slate-colored Seedeater,../../Datasets/BirdClef/features/Sporophila schistacea_Slate-colored Seedeater/XC276507.npy,../../Datasets/BirdClef/audio/Sporophila schistacea_Slate-colored Seedeater/XC276507.mp3
train,Sporophila schistacea_Slate-colored Seedeater,../../Datasets/BirdClef/features/Sporophila schistacea_Slate-colored Seedeater/XC309488.npy,../../Datasets/BirdClef/audio/Sporophila schistacea_Slate-colored Seedeater/XC309488.mp3
train,Stelgidopteryx ruficollis_Southern Rough-winged Swallow,../../Datasets/BirdClef/features/Stelgidopteryx ruficollis_Southern Rough-winged Swallow/XC15348.npy,../../Datasets/BirdClef/audio/Stelgidopteryx ruficollis_Southern Rough-winged Swallow/XC15348.mp3
train,Stelgidopteryx ruficollis_Southern Rough-winged Swallow,../../Datasets/BirdClef/features/Stelgidopteryx ruficollis_Southern Rough-winged Swallow/XC121229.npy,../../Datasets/BirdClef/audio/Stelgidopteryx ruficollis_Southern Rough-winged Swallow/XC121229.mp3
train,Stelgidopteryx ruficollis_Southern Rough-winged Swallow,../../Datasets/BirdClef/features/Stelgidopteryx ruficollis_Southern Rough-winged Swallow/XC212247.npy,../../Datasets/BirdClef/audio/Stelgidopteryx ruficollis_Southern Rough-winged Swallow/XC212247.mp3
train,Stelgidopteryx ruficollis_Southern Rough-winged Swallow,../../Datasets/BirdClef/features/Stelgidopteryx ruficollis_Southern Rough-winged Swallow/XC415066.npy,../../Datasets/BirdClef/audio/Stelgidopteryx ruficollis_Southern Rough-winged Swallow/XC415066.mp3
train,Stelgidopteryx ruficollis_Southern Rough-winged Swallow,../../Datasets/BirdClef/features/Stelgidopteryx ruficollis_Southern Rough-winged Swallow/XC97577.npy,../../Datasets/BirdClef/audio/Stelgidopteryx ruficollis_Southern Rough-winged Swallow/XC97577.mp3
train,Sterna hirundo_Common Tern,../../Datasets/BirdClef/features/Sterna hirundo_Common Tern/XC180813.npy,../../Datasets/BirdClef/audio/Sterna hirundo_Common Tern/XC180813.mp3
train,Sterna hirundo_Common Tern,../../Datasets/BirdClef/features/Sterna hirundo_Common Tern/XC474037.npy,../../Datasets/BirdClef/audio/Sterna hirundo_Common Tern/XC474037.mp3
train,Sterna hirundo_Common Tern,../../Datasets/BirdClef/features/Sterna hirundo_Common Tern/XC353699.npy,../../Datasets/BirdClef/audio/Sterna hirundo_Common Tern/XC353699.mp3
train,Sterna hirundo_Common Tern,../../Datasets/BirdClef/features/Sterna hirundo_Common Tern/XC145318.npy,../../Datasets/BirdClef/audio/Sterna hirundo_Common Tern/XC145318.mp3
train,Sterna hirundo_Common Tern,../../Datasets/BirdClef/features/Sterna hirundo_Common Tern/XC189376.npy,../../Datasets/BirdClef/audio/Sterna hirundo_Common Tern/XC189376.mp3
train,Streptopelia decaocto_Eurasian Collared-Dove,../../Datasets/BirdClef/features/Streptopelia decaocto_Eurasian Collared-Dove/XC381631.npy,../../Datasets/BirdClef/audio/Streptopelia decaocto_Eurasian Collared-Dove/XC381631.mp3
train,Streptopelia decaocto_Eurasian Collared-Dove,../../Datasets/BirdClef/features/Streptopelia decaocto_Eurasian Collared-Dove/XC148870.npy,../../Datasets/BirdClef/audio/Streptopelia decaocto_Eurasian Collared-Dove/XC148870.mp3
train,Streptopelia decaocto_Eurasian Collared-Dove,../../Datasets/BirdClef/features/Streptopelia decaocto_Eurasian Collared-Dove/XC491007.npy,../../Datasets/BirdClef/audio/Streptopelia decaocto_Eurasian Collared-Dove/XC491007.mp3
train,Streptopelia decaocto_Eurasian Collared-Dove,../../Datasets/BirdClef/features/Streptopelia decaocto_Eurasian Collared-Dove/XC493956.npy,../../Datasets/BirdClef/audio/Streptopelia decaocto_Eurasian Collared-Dove/XC493956.mp3
train,Streptopelia decaocto_Eurasian Collared-Dove,../../Datasets/BirdClef/features/Streptopelia decaocto_Eurasian Collared-Dove/XC106863.npy,../../Datasets/BirdClef/audio/Streptopelia decaocto_Eurasian Collared-Dove/XC106863.mp3
train,Streptopelia turtur_European Turtle-Dove,../../Datasets/BirdClef/features/Streptopelia turtur_European Turtle-Dove/XC145556.npy,../../Datasets/BirdClef/audio/Streptopelia turtur_European Turtle-Dove/XC145556.mp3
train,Streptopelia turtur_European Turtle-Dove,../../Datasets/BirdClef/features/Streptopelia turtur_European Turtle-Dove/XC129619.npy,../../Datasets/BirdClef/audio/Streptopelia turtur_European Turtle-Dove/XC129619.mp3
train,Streptopelia turtur_European Turtle-Dove,../../Datasets/BirdClef/features/Streptopelia turtur_European Turtle-Dove/XC470713.npy,../../Datasets/BirdClef/audio/Streptopelia turtur_European Turtle-Dove/XC470713.mp3
train,Streptopelia turtur_European Turtle-Dove,../../Datasets/BirdClef/features/Streptopelia turtur_European Turtle-Dove/XC252955.npy,../../Datasets/BirdClef/audio/Streptopelia turtur_European Turtle-Dove/XC252955.mp3
train,Streptopelia turtur_European Turtle-Dove,../../Datasets/BirdClef/features/Streptopelia turtur_European Turtle-Dove/XC233270.npy,../../Datasets/BirdClef/audio/Streptopelia turtur_European Turtle-Dove/XC233270.mp3
train,Streptoprocne zonaris_White-collared Swift,../../Datasets/BirdClef/features/Streptoprocne zonaris_White-collared Swift/XC251569.npy,../../Datasets/BirdClef/audio/Streptoprocne zonaris_White-collared Swift/XC251569.mp3
train,Streptoprocne zonaris_White-collared Swift,../../Datasets/BirdClef/features/Streptoprocne zonaris_White-collared Swift/XC260444.npy,../../Datasets/BirdClef/audio/Streptoprocne zonaris_White-collared Swift/XC260444.mp3
train,Streptoprocne zonaris_White-collared Swift,../../Datasets/BirdClef/features/Streptoprocne zonaris_White-collared Swift/XC52081.npy,../../Datasets/BirdClef/audio/Streptoprocne zonaris_White-collared Swift/XC52081.mp3
train,Streptoprocne zonaris_White-collared Swift,../../Datasets/BirdClef/features/Streptoprocne zonaris_White-collared Swift/XC274462.npy,../../Datasets/BirdClef/audio/Streptoprocne zonaris_White-collared Swift/XC274462.mp3
train,Streptoprocne zonaris_White-collared Swift,../../Datasets/BirdClef/features/Streptoprocne zonaris_White-collared Swift/XC44224.npy,../../Datasets/BirdClef/audio/Streptoprocne zonaris_White-collared Swift/XC44224.mp3
train,Sturnella magna_Eastern Meadowlark,../../Datasets/BirdClef/features/Sturnella magna_Eastern Meadowlark/XC84007.npy,../../Datasets/BirdClef/audio/Sturnella magna_Eastern Meadowlark/XC84007.mp3
train,Sturnella magna_Eastern Meadowlark,../../Datasets/BirdClef/features/Sturnella magna_Eastern Meadowlark/XC406008.npy,../../Datasets/BirdClef/audio/Sturnella magna_Eastern Meadowlark/XC406008.mp3
train,Sturnella magna_Eastern Meadowlark,../../Datasets/BirdClef/features/Sturnella magna_Eastern Meadowlark/XC406586.npy,../../Datasets/BirdClef/audio/Sturnella magna_Eastern Meadowlark/XC406586.mp3
train,Sturnella magna_Eastern Meadowlark,../../Datasets/BirdClef/features/Sturnella magna_Eastern Meadowlark/XC163993.npy,../../Datasets/BirdClef/audio/Sturnella magna_Eastern Meadowlark/XC163993.mp3
train,Sturnella magna_Eastern Meadowlark,../../Datasets/BirdClef/features/Sturnella magna_Eastern Meadowlark/XC361027.npy,../../Datasets/BirdClef/audio/Sturnella magna_Eastern Meadowlark/XC361027.mp3
train,Sturnella neglecta_Western Meadowlark,../../Datasets/BirdClef/features/Sturnella neglecta_Western Meadowlark/XC94642.npy,../../Datasets/BirdClef/audio/Sturnella neglecta_Western Meadowlark/XC94642.mp3
train,Sturnella neglecta_Western Meadowlark,../../Datasets/BirdClef/features/Sturnella neglecta_Western Meadowlark/XC453112.npy,../../Datasets/BirdClef/audio/Sturnella neglecta_Western Meadowlark/XC453112.mp3
train,Sturnella neglecta_Western Meadowlark,../../Datasets/BirdClef/features/Sturnella neglecta_Western Meadowlark/XC124865.npy,../../Datasets/BirdClef/audio/Sturnella neglecta_Western Meadowlark/XC124865.mp3
train,Sturnella neglecta_Western Meadowlark,../../Datasets/BirdClef/features/Sturnella neglecta_Western Meadowlark/XC232501.npy,../../Datasets/BirdClef/audio/Sturnella neglecta_Western Meadowlark/XC232501.mp3
train,Sturnella neglecta_Western Meadowlark,../../Datasets/BirdClef/features/Sturnella neglecta_Western Meadowlark/XC54610.npy,../../Datasets/BirdClef/audio/Sturnella neglecta_Western Meadowlark/XC54610.mp3
train,Sturnus vulgaris_European Starling,../../Datasets/BirdClef/features/Sturnus vulgaris_European Starling/XC349809.npy,../../Datasets/BirdClef/audio/Sturnus vulgaris_European Starling/XC349809.mp3
train,Sturnus vulgaris_European Starling,../../Datasets/BirdClef/features/Sturnus vulgaris_European Starling/XC100963.npy,../../Datasets/BirdClef/audio/Sturnus vulgaris_European Starling/XC100963.mp3
train,Sturnus vulgaris_European Starling,../../Datasets/BirdClef/features/Sturnus vulgaris_European Starling/XC256821.npy,../../Datasets/BirdClef/audio/Sturnus vulgaris_European Starling/XC256821.mp3
train,Sturnus vulgaris_European Starling,../../Datasets/BirdClef/features/Sturnus vulgaris_European Starling/XC162076.npy,../../Datasets/BirdClef/audio/Sturnus vulgaris_European Starling/XC162076.mp3
train,Sturnus vulgaris_European Starling,../../Datasets/BirdClef/features/Sturnus vulgaris_European Starling/XC327881.npy,../../Datasets/BirdClef/audio/Sturnus vulgaris_European Starling/XC327881.mp3
train,Sublegatus modestus_Southern Scrub-Flycatcher,../../Datasets/BirdClef/features/Sublegatus modestus_Southern Scrub-Flycatcher/XC33336.npy,../../Datasets/BirdClef/audio/Sublegatus modestus_Southern Scrub-Flycatcher/XC33336.mp3
train,Sublegatus modestus_Southern Scrub-Flycatcher,../../Datasets/BirdClef/features/Sublegatus modestus_Southern Scrub-Flycatcher/XC74250.npy,../../Datasets/BirdClef/audio/Sublegatus modestus_Southern Scrub-Flycatcher/XC74250.mp3
train,Sublegatus modestus_Southern Scrub-Flycatcher,../../Datasets/BirdClef/features/Sublegatus modestus_Southern Scrub-Flycatcher/XC46748.npy,../../Datasets/BirdClef/audio/Sublegatus modestus_Southern Scrub-Flycatcher/XC46748.mp3
train,Sublegatus modestus_Southern Scrub-Flycatcher,../../Datasets/BirdClef/features/Sublegatus modestus_Southern Scrub-Flycatcher/XC343802.npy,../../Datasets/BirdClef/audio/Sublegatus modestus_Southern Scrub-Flycatcher/XC343802.mp3
train,Sublegatus modestus_Southern Scrub-Flycatcher,../../Datasets/BirdClef/features/Sublegatus modestus_Southern Scrub-Flycatcher/XC197397.npy,../../Datasets/BirdClef/audio/Sublegatus modestus_Southern Scrub-Flycatcher/XC197397.mp3
train,Sylvia atricapilla_Eurasian Blackcap,../../Datasets/BirdClef/features/Sylvia atricapilla_Eurasian Blackcap/XC288107.npy,../../Datasets/BirdClef/audio/Sylvia atricapilla_Eurasian Blackcap/XC288107.mp3
train,Sylvia atricapilla_Eurasian Blackcap,../../Datasets/BirdClef/features/Sylvia atricapilla_Eurasian Blackcap/XC297646.npy,../../Datasets/BirdClef/audio/Sylvia atricapilla_Eurasian Blackcap/XC297646.mp3
train,Sylvia atricapilla_Eurasian Blackcap,../../Datasets/BirdClef/features/Sylvia atricapilla_Eurasian Blackcap/XC348644.npy,../../Datasets/BirdClef/audio/Sylvia atricapilla_Eurasian Blackcap/XC348644.mp3
train,Sylvia atricapilla_Eurasian Blackcap,../../Datasets/BirdClef/features/Sylvia atricapilla_Eurasian Blackcap/XC256707.npy,../../Datasets/BirdClef/audio/Sylvia atricapilla_Eurasian Blackcap/XC256707.mp3
train,Sylvia atricapilla_Eurasian Blackcap,../../Datasets/BirdClef/features/Sylvia atricapilla_Eurasian Blackcap/XC235844.npy,../../Datasets/BirdClef/audio/Sylvia atricapilla_Eurasian Blackcap/XC235844.mp3
train,Sylvia borin_Garden Warbler,../../Datasets/BirdClef/features/Sylvia borin_Garden Warbler/XC139165.npy,../../Datasets/BirdClef/audio/Sylvia borin_Garden Warbler/XC139165.mp3
train,Sylvia borin_Garden Warbler,../../Datasets/BirdClef/features/Sylvia borin_Garden Warbler/XC26384.npy,../../Datasets/BirdClef/audio/Sylvia borin_Garden Warbler/XC26384.mp3
train,Sylvia borin_Garden Warbler,../../Datasets/BirdClef/features/Sylvia borin_Garden Warbler/XC27131.npy,../../Datasets/BirdClef/audio/Sylvia borin_Garden Warbler/XC27131.mp3
train,Sylvia borin_Garden Warbler,../../Datasets/BirdClef/features/Sylvia borin_Garden Warbler/XC326500.npy,../../Datasets/BirdClef/audio/Sylvia borin_Garden Warbler/XC326500.mp3
train,Sylvia borin_Garden Warbler,../../Datasets/BirdClef/features/Sylvia borin_Garden Warbler/XC25138.npy,../../Datasets/BirdClef/audio/Sylvia borin_Garden Warbler/XC25138.mp3
train,Sylvia communis_Greater Whitethroat,../../Datasets/BirdClef/features/Sylvia communis_Greater Whitethroat/XC161911.npy,../../Datasets/BirdClef/audio/Sylvia communis_Greater Whitethroat/XC161911.mp3
train,Sylvia communis_Greater Whitethroat,../../Datasets/BirdClef/features/Sylvia communis_Greater Whitethroat/XC182875.npy,../../Datasets/BirdClef/audio/Sylvia communis_Greater Whitethroat/XC182875.mp3
train,Sylvia communis_Greater Whitethroat,../../Datasets/BirdClef/features/Sylvia communis_Greater Whitethroat/XC183869.npy,../../Datasets/BirdClef/audio/Sylvia communis_Greater Whitethroat/XC183869.mp3
train,Sylvia communis_Greater Whitethroat,../../Datasets/BirdClef/features/Sylvia communis_Greater Whitethroat/XC143105.npy,../../Datasets/BirdClef/audio/Sylvia communis_Greater Whitethroat/XC143105.mp3
train,Sylvia communis_Greater Whitethroat,../../Datasets/BirdClef/features/Sylvia communis_Greater Whitethroat/XC136184.npy,../../Datasets/BirdClef/audio/Sylvia communis_Greater Whitethroat/XC136184.mp3
train,Sylvia curruca_Lesser Whitethroat,../../Datasets/BirdClef/features/Sylvia curruca_Lesser Whitethroat/XC316697.npy,../../Datasets/BirdClef/audio/Sylvia curruca_Lesser Whitethroat/XC316697.mp3
train,Sylvia curruca_Lesser Whitethroat,../../Datasets/BirdClef/features/Sylvia curruca_Lesser Whitethroat/XC187894.npy,../../Datasets/BirdClef/audio/Sylvia curruca_Lesser Whitethroat/XC187894.mp3
train,Sylvia curruca_Lesser Whitethroat,../../Datasets/BirdClef/features/Sylvia curruca_Lesser Whitethroat/XC35193.npy,../../Datasets/BirdClef/audio/Sylvia curruca_Lesser Whitethroat/XC35193.mp3
train,Sylvia curruca_Lesser Whitethroat,../../Datasets/BirdClef/features/Sylvia curruca_Lesser Whitethroat/XC319237.npy,../../Datasets/BirdClef/audio/Sylvia curruca_Lesser Whitethroat/XC319237.mp3
train,Sylvia curruca_Lesser Whitethroat,../../Datasets/BirdClef/features/Sylvia curruca_Lesser Whitethroat/XC132234.npy,../../Datasets/BirdClef/audio/Sylvia curruca_Lesser Whitethroat/XC132234.mp3
train,Synallaxis albescens_Pale-breasted Spinetail,../../Datasets/BirdClef/features/Synallaxis albescens_Pale-breasted Spinetail/XC14831.npy,../../Datasets/BirdClef/audio/Synallaxis albescens_Pale-breasted Spinetail/XC14831.mp3
train,Synallaxis albescens_Pale-breasted Spinetail,../../Datasets/BirdClef/features/Synallaxis albescens_Pale-breasted Spinetail/XC80876.npy,../../Datasets/BirdClef/audio/Synallaxis albescens_Pale-breasted Spinetail/XC80876.mp3
train,Synallaxis albescens_Pale-breasted Spinetail,../../Datasets/BirdClef/features/Synallaxis albescens_Pale-breasted Spinetail/XC230144.npy,../../Datasets/BirdClef/audio/Synallaxis albescens_Pale-breasted Spinetail/XC230144.mp3
train,Synallaxis albescens_Pale-breasted Spinetail,../../Datasets/BirdClef/features/Synallaxis albescens_Pale-breasted Spinetail/XC279245.npy,../../Datasets/BirdClef/audio/Synallaxis albescens_Pale-breasted Spinetail/XC279245.mp3
train,Synallaxis albescens_Pale-breasted Spinetail,../../Datasets/BirdClef/features/Synallaxis albescens_Pale-breasted Spinetail/XC391582.npy,../../Datasets/BirdClef/audio/Synallaxis albescens_Pale-breasted Spinetail/XC391582.mp3
train,Synallaxis albigularis_Dark-breasted Spinetail,../../Datasets/BirdClef/features/Synallaxis albigularis_Dark-breasted Spinetail/XC258112.npy,../../Datasets/BirdClef/audio/Synallaxis albigularis_Dark-breasted Spinetail/XC258112.mp3
train,Synallaxis albigularis_Dark-breasted Spinetail,../../Datasets/BirdClef/features/Synallaxis albigularis_Dark-breasted Spinetail/XC30252.npy,../../Datasets/BirdClef/audio/Synallaxis albigularis_Dark-breasted Spinetail/XC30252.mp3
train,Synallaxis albigularis_Dark-breasted Spinetail,../../Datasets/BirdClef/features/Synallaxis albigularis_Dark-breasted Spinetail/XC249363.npy,../../Datasets/BirdClef/audio/Synallaxis albigularis_Dark-breasted Spinetail/XC249363.mp3
train,Synallaxis albigularis_Dark-breasted Spinetail,../../Datasets/BirdClef/features/Synallaxis albigularis_Dark-breasted Spinetail/XC208618.npy,../../Datasets/BirdClef/audio/Synallaxis albigularis_Dark-breasted Spinetail/XC208618.mp3
train,Synallaxis albigularis_Dark-breasted Spinetail,../../Datasets/BirdClef/features/Synallaxis albigularis_Dark-breasted Spinetail/XC118626.npy,../../Datasets/BirdClef/audio/Synallaxis albigularis_Dark-breasted Spinetail/XC118626.mp3
train,Synallaxis gujanensis_Plain-crowned Spinetail,../../Datasets/BirdClef/features/Synallaxis gujanensis_Plain-crowned Spinetail/XC230284.npy,../../Datasets/BirdClef/audio/Synallaxis gujanensis_Plain-crowned Spinetail/XC230284.mp3
train,Synallaxis gujanensis_Plain-crowned Spinetail,../../Datasets/BirdClef/features/Synallaxis gujanensis_Plain-crowned Spinetail/XC94771.npy,../../Datasets/BirdClef/audio/Synallaxis gujanensis_Plain-crowned Spinetail/XC94771.mp3
train,Synallaxis gujanensis_Plain-crowned Spinetail,../../Datasets/BirdClef/features/Synallaxis gujanensis_Plain-crowned Spinetail/XC12190.npy,../../Datasets/BirdClef/audio/Synallaxis gujanensis_Plain-crowned Spinetail/XC12190.mp3
train,Synallaxis gujanensis_Plain-crowned Spinetail,../../Datasets/BirdClef/features/Synallaxis gujanensis_Plain-crowned Spinetail/XC43192.npy,../../Datasets/BirdClef/audio/Synallaxis gujanensis_Plain-crowned Spinetail/XC43192.mp3
train,Synallaxis gujanensis_Plain-crowned Spinetail,../../Datasets/BirdClef/features/Synallaxis gujanensis_Plain-crowned Spinetail/XC1933.npy,../../Datasets/BirdClef/audio/Synallaxis gujanensis_Plain-crowned Spinetail/XC1933.mp3
train,Synallaxis rutilans_Ruddy Spinetail,../../Datasets/BirdClef/features/Synallaxis rutilans_Ruddy Spinetail/XC399698.npy,../../Datasets/BirdClef/audio/Synallaxis rutilans_Ruddy Spinetail/XC399698.mp3
train,Synallaxis rutilans_Ruddy Spinetail,../../Datasets/BirdClef/features/Synallaxis rutilans_Ruddy Spinetail/XC94606.npy,../../Datasets/BirdClef/audio/Synallaxis rutilans_Ruddy Spinetail/XC94606.mp3
train,Synallaxis rutilans_Ruddy Spinetail,../../Datasets/BirdClef/features/Synallaxis rutilans_Ruddy Spinetail/XC61349.npy,../../Datasets/BirdClef/audio/Synallaxis rutilans_Ruddy Spinetail/XC61349.mp3
train,Synallaxis rutilans_Ruddy Spinetail,../../Datasets/BirdClef/features/Synallaxis rutilans_Ruddy Spinetail/XC260654.npy,../../Datasets/BirdClef/audio/Synallaxis rutilans_Ruddy Spinetail/XC260654.mp3
train,Synallaxis rutilans_Ruddy Spinetail,../../Datasets/BirdClef/features/Synallaxis rutilans_Ruddy Spinetail/XC170558.npy,../../Datasets/BirdClef/audio/Synallaxis rutilans_Ruddy Spinetail/XC170558.mp3
train,Syndactyla ucayalae_Peruvian Recurvebill,../../Datasets/BirdClef/features/Syndactyla ucayalae_Peruvian Recurvebill/XC384516.npy,../../Datasets/BirdClef/audio/Syndactyla ucayalae_Peruvian Recurvebill/XC384516.mp3
train,Syndactyla ucayalae_Peruvian Recurvebill,../../Datasets/BirdClef/features/Syndactyla ucayalae_Peruvian Recurvebill/XC61029.npy,../../Datasets/BirdClef/audio/Syndactyla ucayalae_Peruvian Recurvebill/XC61029.mp3
train,Syndactyla ucayalae_Peruvian Recurvebill,../../Datasets/BirdClef/features/Syndactyla ucayalae_Peruvian Recurvebill/XC428019.npy,../../Datasets/BirdClef/audio/Syndactyla ucayalae_Peruvian Recurvebill/XC428019.mp3
train,Syndactyla ucayalae_Peruvian Recurvebill,../../Datasets/BirdClef/features/Syndactyla ucayalae_Peruvian Recurvebill/XC676.npy,../../Datasets/BirdClef/audio/Syndactyla ucayalae_Peruvian Recurvebill/XC676.mp3
train,Syndactyla ucayalae_Peruvian Recurvebill,../../Datasets/BirdClef/features/Syndactyla ucayalae_Peruvian Recurvebill/XC122761.npy,../../Datasets/BirdClef/audio/Syndactyla ucayalae_Peruvian Recurvebill/XC122761.mp3
train,Tachybaptus dominicus_Least Grebe,../../Datasets/BirdClef/features/Tachybaptus dominicus_Least Grebe/XC391022.npy,../../Datasets/BirdClef/audio/Tachybaptus dominicus_Least Grebe/XC391022.mp3
train,Tachybaptus dominicus_Least Grebe,../../Datasets/BirdClef/features/Tachybaptus dominicus_Least Grebe/XC257015.npy,../../Datasets/BirdClef/audio/Tachybaptus dominicus_Least Grebe/XC257015.mp3
train,Tachybaptus dominicus_Least Grebe,../../Datasets/BirdClef/features/Tachybaptus dominicus_Least Grebe/XC428022.npy,../../Datasets/BirdClef/audio/Tachybaptus dominicus_Least Grebe/XC428022.mp3
train,Tachybaptus dominicus_Least Grebe,../../Datasets/BirdClef/features/Tachybaptus dominicus_Least Grebe/XC174449.npy,../../Datasets/BirdClef/audio/Tachybaptus dominicus_Least Grebe/XC174449.mp3
train,Tachybaptus dominicus_Least Grebe,../../Datasets/BirdClef/features/Tachybaptus dominicus_Least Grebe/XC385290.npy,../../Datasets/BirdClef/audio/Tachybaptus dominicus_Least Grebe/XC385290.mp3
train,Tachybaptus ruficollis_Little Grebe,../../Datasets/BirdClef/features/Tachybaptus ruficollis_Little Grebe/XC296001.npy,../../Datasets/BirdClef/audio/Tachybaptus ruficollis_Little Grebe/XC296001.mp3
train,Tachybaptus ruficollis_Little Grebe,../../Datasets/BirdClef/features/Tachybaptus ruficollis_Little Grebe/XC183440.npy,../../Datasets/BirdClef/audio/Tachybaptus ruficollis_Little Grebe/XC183440.mp3
train,Tachybaptus ruficollis_Little Grebe,../../Datasets/BirdClef/features/Tachybaptus ruficollis_Little Grebe/XC280983.npy,../../Datasets/BirdClef/audio/Tachybaptus ruficollis_Little Grebe/XC280983.mp3
train,Tachybaptus ruficollis_Little Grebe,../../Datasets/BirdClef/features/Tachybaptus ruficollis_Little Grebe/XC381777.npy,../../Datasets/BirdClef/audio/Tachybaptus ruficollis_Little Grebe/XC381777.mp3
train,Tachybaptus ruficollis_Little Grebe,../../Datasets/BirdClef/features/Tachybaptus ruficollis_Little Grebe/XC381781.npy,../../Datasets/BirdClef/audio/Tachybaptus ruficollis_Little Grebe/XC381781.mp3
train,Tachycineta bicolor_Tree Swallow,../../Datasets/BirdClef/features/Tachycineta bicolor_Tree Swallow/XC163174.npy,../../Datasets/BirdClef/audio/Tachycineta bicolor_Tree Swallow/XC163174.mp3
train,Tachycineta bicolor_Tree Swallow,../../Datasets/BirdClef/features/Tachycineta bicolor_Tree Swallow/XC313909.npy,../../Datasets/BirdClef/audio/Tachycineta bicolor_Tree Swallow/XC313909.mp3
train,Tachycineta bicolor_Tree Swallow,../../Datasets/BirdClef/features/Tachycineta bicolor_Tree Swallow/XC479942.npy,../../Datasets/BirdClef/audio/Tachycineta bicolor_Tree Swallow/XC479942.mp3
train,Tachycineta bicolor_Tree Swallow,../../Datasets/BirdClef/features/Tachycineta bicolor_Tree Swallow/XC142484.npy,../../Datasets/BirdClef/audio/Tachycineta bicolor_Tree Swallow/XC142484.mp3
train,Tachycineta bicolor_Tree Swallow,../../Datasets/BirdClef/features/Tachycineta bicolor_Tree Swallow/XC388170.npy,../../Datasets/BirdClef/audio/Tachycineta bicolor_Tree Swallow/XC388170.mp3
train,Tachycineta thalassina_Violet-green Swallow,../../Datasets/BirdClef/features/Tachycineta thalassina_Violet-green Swallow/XC419998.npy,../../Datasets/BirdClef/audio/Tachycineta thalassina_Violet-green Swallow/XC419998.mp3
train,Tachycineta thalassina_Violet-green Swallow,../../Datasets/BirdClef/features/Tachycineta thalassina_Violet-green Swallow/XC348951.npy,../../Datasets/BirdClef/audio/Tachycineta thalassina_Violet-green Swallow/XC348951.mp3
train,Tachycineta thalassina_Violet-green Swallow,../../Datasets/BirdClef/features/Tachycineta thalassina_Violet-green Swallow/XC72210.npy,../../Datasets/BirdClef/audio/Tachycineta thalassina_Violet-green Swallow/XC72210.mp3
train,Tachycineta thalassina_Violet-green Swallow,../../Datasets/BirdClef/features/Tachycineta thalassina_Violet-green Swallow/XC420849.npy,../../Datasets/BirdClef/audio/Tachycineta thalassina_Violet-green Swallow/XC420849.mp3
train,Tachycineta thalassina_Violet-green Swallow,../../Datasets/BirdClef/features/Tachycineta thalassina_Violet-green Swallow/XC72214.npy,../../Datasets/BirdClef/audio/Tachycineta thalassina_Violet-green Swallow/XC72214.mp3
train,Tachyphonus luctuosus_White-shouldered Tanager,../../Datasets/BirdClef/features/Tachyphonus luctuosus_White-shouldered Tanager/XC244805.npy,../../Datasets/BirdClef/audio/Tachyphonus luctuosus_White-shouldered Tanager/XC244805.mp3
train,Tachyphonus luctuosus_White-shouldered Tanager,../../Datasets/BirdClef/features/Tachyphonus luctuosus_White-shouldered Tanager/XC14535.npy,../../Datasets/BirdClef/audio/Tachyphonus luctuosus_White-shouldered Tanager/XC14535.mp3
train,Tachyphonus luctuosus_White-shouldered Tanager,../../Datasets/BirdClef/features/Tachyphonus luctuosus_White-shouldered Tanager/XC411498.npy,../../Datasets/BirdClef/audio/Tachyphonus luctuosus_White-shouldered Tanager/XC411498.mp3
train,Tachyphonus luctuosus_White-shouldered Tanager,../../Datasets/BirdClef/features/Tachyphonus luctuosus_White-shouldered Tanager/XC411102.npy,../../Datasets/BirdClef/audio/Tachyphonus luctuosus_White-shouldered Tanager/XC411102.mp3
train,Tachyphonus luctuosus_White-shouldered Tanager,../../Datasets/BirdClef/features/Tachyphonus luctuosus_White-shouldered Tanager/XC74200.npy,../../Datasets/BirdClef/audio/Tachyphonus luctuosus_White-shouldered Tanager/XC74200.mp3
train,Tadorna tadorna_Common Shelduck,../../Datasets/BirdClef/features/Tadorna tadorna_Common Shelduck/XC193338.npy,../../Datasets/BirdClef/audio/Tadorna tadorna_Common Shelduck/XC193338.mp3
train,Tadorna tadorna_Common Shelduck,../../Datasets/BirdClef/features/Tadorna tadorna_Common Shelduck/XC474041.npy,../../Datasets/BirdClef/audio/Tadorna tadorna_Common Shelduck/XC474041.mp3
train,Tadorna tadorna_Common Shelduck,../../Datasets/BirdClef/features/Tadorna tadorna_Common Shelduck/XC370957.npy,../../Datasets/BirdClef/audio/Tadorna tadorna_Common Shelduck/XC370957.mp3
train,Tadorna tadorna_Common Shelduck,../../Datasets/BirdClef/features/Tadorna tadorna_Common Shelduck/XC67100.npy,../../Datasets/BirdClef/audio/Tadorna tadorna_Common Shelduck/XC67100.mp3
train,Tadorna tadorna_Common Shelduck,../../Datasets/BirdClef/features/Tadorna tadorna_Common Shelduck/XC287756.npy,../../Datasets/BirdClef/audio/Tadorna tadorna_Common Shelduck/XC287756.mp3
train,Tangara chilensis_Paradise Tanager,../../Datasets/BirdClef/features/Tangara chilensis_Paradise Tanager/XC230483.npy,../../Datasets/BirdClef/audio/Tangara chilensis_Paradise Tanager/XC230483.mp3
train,Tangara chilensis_Paradise Tanager,../../Datasets/BirdClef/features/Tangara chilensis_Paradise Tanager/XC91085.npy,../../Datasets/BirdClef/audio/Tangara chilensis_Paradise Tanager/XC91085.mp3
train,Tangara chilensis_Paradise Tanager,../../Datasets/BirdClef/features/Tangara chilensis_Paradise Tanager/XC230486.npy,../../Datasets/BirdClef/audio/Tangara chilensis_Paradise Tanager/XC230486.mp3
train,Tangara chilensis_Paradise Tanager,../../Datasets/BirdClef/features/Tangara chilensis_Paradise Tanager/XC14841.npy,../../Datasets/BirdClef/audio/Tangara chilensis_Paradise Tanager/XC14841.mp3
train,Tangara chilensis_Paradise Tanager,../../Datasets/BirdClef/features/Tangara chilensis_Paradise Tanager/XC215282.npy,../../Datasets/BirdClef/audio/Tangara chilensis_Paradise Tanager/XC215282.mp3
train,Tangara gyrola_Bay-headed Tanager,../../Datasets/BirdClef/features/Tangara gyrola_Bay-headed Tanager/XC259648.npy,../../Datasets/BirdClef/audio/Tangara gyrola_Bay-headed Tanager/XC259648.mp3
train,Tangara gyrola_Bay-headed Tanager,../../Datasets/BirdClef/features/Tangara gyrola_Bay-headed Tanager/XC237851.npy,../../Datasets/BirdClef/audio/Tangara gyrola_Bay-headed Tanager/XC237851.mp3
train,Tangara gyrola_Bay-headed Tanager,../../Datasets/BirdClef/features/Tangara gyrola_Bay-headed Tanager/XC98046.npy,../../Datasets/BirdClef/audio/Tangara gyrola_Bay-headed Tanager/XC98046.mp3
train,Tangara gyrola_Bay-headed Tanager,../../Datasets/BirdClef/features/Tangara gyrola_Bay-headed Tanager/XC390535.npy,../../Datasets/BirdClef/audio/Tangara gyrola_Bay-headed Tanager/XC390535.mp3
train,Tangara gyrola_Bay-headed Tanager,../../Datasets/BirdClef/features/Tangara gyrola_Bay-headed Tanager/XC259647.npy,../../Datasets/BirdClef/audio/Tangara gyrola_Bay-headed Tanager/XC259647.mp3
train,Tapera naevia_Striped Cuckoo,../../Datasets/BirdClef/features/Tapera naevia_Striped Cuckoo/XC428633.npy,../../Datasets/BirdClef/audio/Tapera naevia_Striped Cuckoo/XC428633.mp3
train,Tapera naevia_Striped Cuckoo,../../Datasets/BirdClef/features/Tapera naevia_Striped Cuckoo/XC443294.npy,../../Datasets/BirdClef/audio/Tapera naevia_Striped Cuckoo/XC443294.mp3
train,Tapera naevia_Striped Cuckoo,../../Datasets/BirdClef/features/Tapera naevia_Striped Cuckoo/XC203223.npy,../../Datasets/BirdClef/audio/Tapera naevia_Striped Cuckoo/XC203223.mp3
train,Tapera naevia_Striped Cuckoo,../../Datasets/BirdClef/features/Tapera naevia_Striped Cuckoo/XC145953.npy,../../Datasets/BirdClef/audio/Tapera naevia_Striped Cuckoo/XC145953.mp3
train,Tapera naevia_Striped Cuckoo,../../Datasets/BirdClef/features/Tapera naevia_Striped Cuckoo/XC62484.npy,../../Datasets/BirdClef/audio/Tapera naevia_Striped Cuckoo/XC62484.mp3
train,Taraba major_Great Antshrike,../../Datasets/BirdClef/features/Taraba major_Great Antshrike/XC87595.npy,../../Datasets/BirdClef/audio/Taraba major_Great Antshrike/XC87595.mp3
train,Taraba major_Great Antshrike,../../Datasets/BirdClef/features/Taraba major_Great Antshrike/XC60978.npy,../../Datasets/BirdClef/audio/Taraba major_Great Antshrike/XC60978.mp3
train,Taraba major_Great Antshrike,../../Datasets/BirdClef/features/Taraba major_Great Antshrike/XC214742.npy,../../Datasets/BirdClef/audio/Taraba major_Great Antshrike/XC214742.mp3
train,Taraba major_Great Antshrike,../../Datasets/BirdClef/features/Taraba major_Great Antshrike/XC243946.npy,../../Datasets/BirdClef/audio/Taraba major_Great Antshrike/XC243946.mp3
train,Taraba major_Great Antshrike,../../Datasets/BirdClef/features/Taraba major_Great Antshrike/XC49071.npy,../../Datasets/BirdClef/audio/Taraba major_Great Antshrike/XC49071.mp3
train,Terenotriccus erythrurus_Ruddy-tailed Flycatcher,../../Datasets/BirdClef/features/Terenotriccus erythrurus_Ruddy-tailed Flycatcher/XC276555.npy,../../Datasets/BirdClef/audio/Terenotriccus erythrurus_Ruddy-tailed Flycatcher/XC276555.mp3
train,Terenotriccus erythrurus_Ruddy-tailed Flycatcher,../../Datasets/BirdClef/features/Terenotriccus erythrurus_Ruddy-tailed Flycatcher/XC27817.npy,../../Datasets/BirdClef/audio/Terenotriccus erythrurus_Ruddy-tailed Flycatcher/XC27817.mp3
train,Terenotriccus erythrurus_Ruddy-tailed Flycatcher,../../Datasets/BirdClef/features/Terenotriccus erythrurus_Ruddy-tailed Flycatcher/XC225995.npy,../../Datasets/BirdClef/audio/Terenotriccus erythrurus_Ruddy-tailed Flycatcher/XC225995.mp3
train,Terenotriccus erythrurus_Ruddy-tailed Flycatcher,../../Datasets/BirdClef/features/Terenotriccus erythrurus_Ruddy-tailed Flycatcher/XC200252.npy,../../Datasets/BirdClef/audio/Terenotriccus erythrurus_Ruddy-tailed Flycatcher/XC200252.mp3
train,Terenotriccus erythrurus_Ruddy-tailed Flycatcher,../../Datasets/BirdClef/features/Terenotriccus erythrurus_Ruddy-tailed Flycatcher/XC479111.npy,../../Datasets/BirdClef/audio/Terenotriccus erythrurus_Ruddy-tailed Flycatcher/XC479111.mp3
train,Tersina viridis_Swallow Tanager,../../Datasets/BirdClef/features/Tersina viridis_Swallow Tanager/XC81336.npy,../../Datasets/BirdClef/audio/Tersina viridis_Swallow Tanager/XC81336.mp3
train,Tersina viridis_Swallow Tanager,../../Datasets/BirdClef/features/Tersina viridis_Swallow Tanager/XC261220.npy,../../Datasets/BirdClef/audio/Tersina viridis_Swallow Tanager/XC261220.mp3
train,Tersina viridis_Swallow Tanager,../../Datasets/BirdClef/features/Tersina viridis_Swallow Tanager/XC245319.npy,../../Datasets/BirdClef/audio/Tersina viridis_Swallow Tanager/XC245319.mp3
train,Tersina viridis_Swallow Tanager,../../Datasets/BirdClef/features/Tersina viridis_Swallow Tanager/XC428052.npy,../../Datasets/BirdClef/audio/Tersina viridis_Swallow Tanager/XC428052.mp3
train,Tersina viridis_Swallow Tanager,../../Datasets/BirdClef/features/Tersina viridis_Swallow Tanager/XC14900.npy,../../Datasets/BirdClef/audio/Tersina viridis_Swallow Tanager/XC14900.mp3
train,Thamnomanes ardesiacus_Dusky-throated Antshrike,../../Datasets/BirdClef/features/Thamnomanes ardesiacus_Dusky-throated Antshrike/XC64241.npy,../../Datasets/BirdClef/audio/Thamnomanes ardesiacus_Dusky-throated Antshrike/XC64241.mp3
train,Thamnomanes ardesiacus_Dusky-throated Antshrike,../../Datasets/BirdClef/features/Thamnomanes ardesiacus_Dusky-throated Antshrike/XC87790.npy,../../Datasets/BirdClef/audio/Thamnomanes ardesiacus_Dusky-throated Antshrike/XC87790.mp3
train,Thamnomanes ardesiacus_Dusky-throated Antshrike,../../Datasets/BirdClef/features/Thamnomanes ardesiacus_Dusky-throated Antshrike/XC293772.npy,../../Datasets/BirdClef/audio/Thamnomanes ardesiacus_Dusky-throated Antshrike/XC293772.mp3
train,Thamnomanes ardesiacus_Dusky-throated Antshrike,../../Datasets/BirdClef/features/Thamnomanes ardesiacus_Dusky-throated Antshrike/XC61366.npy,../../Datasets/BirdClef/audio/Thamnomanes ardesiacus_Dusky-throated Antshrike/XC61366.mp3
train,Thamnomanes ardesiacus_Dusky-throated Antshrike,../../Datasets/BirdClef/features/Thamnomanes ardesiacus_Dusky-throated Antshrike/XC49825.npy,../../Datasets/BirdClef/audio/Thamnomanes ardesiacus_Dusky-throated Antshrike/XC49825.mp3
train,Thamnomanes schistogynus_Bluish-slate Antshrike,../../Datasets/BirdClef/features/Thamnomanes schistogynus_Bluish-slate Antshrike/XC76073.npy,../../Datasets/BirdClef/audio/Thamnomanes schistogynus_Bluish-slate Antshrike/XC76073.mp3
train,Thamnomanes schistogynus_Bluish-slate Antshrike,../../Datasets/BirdClef/features/Thamnomanes schistogynus_Bluish-slate Antshrike/XC66680.npy,../../Datasets/BirdClef/audio/Thamnomanes schistogynus_Bluish-slate Antshrike/XC66680.mp3
train,Thamnomanes schistogynus_Bluish-slate Antshrike,../../Datasets/BirdClef/features/Thamnomanes schistogynus_Bluish-slate Antshrike/XC41525.npy,../../Datasets/BirdClef/audio/Thamnomanes schistogynus_Bluish-slate Antshrike/XC41525.mp3
train,Thamnomanes schistogynus_Bluish-slate Antshrike,../../Datasets/BirdClef/features/Thamnomanes schistogynus_Bluish-slate Antshrike/XC237707.npy,../../Datasets/BirdClef/audio/Thamnomanes schistogynus_Bluish-slate Antshrike/XC237707.mp3
train,Thamnomanes schistogynus_Bluish-slate Antshrike,../../Datasets/BirdClef/features/Thamnomanes schistogynus_Bluish-slate Antshrike/XC230655.npy,../../Datasets/BirdClef/audio/Thamnomanes schistogynus_Bluish-slate Antshrike/XC230655.mp3
train,Thamnophilus aethiops_White-shouldered Antshrike,../../Datasets/BirdClef/features/Thamnophilus aethiops_White-shouldered Antshrike/XC230670.npy,../../Datasets/BirdClef/audio/Thamnophilus aethiops_White-shouldered Antshrike/XC230670.mp3
train,Thamnophilus aethiops_White-shouldered Antshrike,../../Datasets/BirdClef/features/Thamnophilus aethiops_White-shouldered Antshrike/XC505322.npy,../../Datasets/BirdClef/audio/Thamnophilus aethiops_White-shouldered Antshrike/XC505322.mp3
train,Thamnophilus aethiops_White-shouldered Antshrike,../../Datasets/BirdClef/features/Thamnophilus aethiops_White-shouldered Antshrike/XC147219.npy,../../Datasets/BirdClef/audio/Thamnophilus aethiops_White-shouldered Antshrike/XC147219.mp3
train,Thamnophilus aethiops_White-shouldered Antshrike,../../Datasets/BirdClef/features/Thamnophilus aethiops_White-shouldered Antshrike/XC87773.npy,../../Datasets/BirdClef/audio/Thamnophilus aethiops_White-shouldered Antshrike/XC87773.mp3
train,Thamnophilus aethiops_White-shouldered Antshrike,../../Datasets/BirdClef/features/Thamnophilus aethiops_White-shouldered Antshrike/XC230665.npy,../../Datasets/BirdClef/audio/Thamnophilus aethiops_White-shouldered Antshrike/XC230665.mp3
train,Thamnophilus amazonicus_Amazonian Antshrike,../../Datasets/BirdClef/features/Thamnophilus amazonicus_Amazonian Antshrike/XC163201.npy,../../Datasets/BirdClef/audio/Thamnophilus amazonicus_Amazonian Antshrike/XC163201.mp3
train,Thamnophilus amazonicus_Amazonian Antshrike,../../Datasets/BirdClef/features/Thamnophilus amazonicus_Amazonian Antshrike/XC154646.npy,../../Datasets/BirdClef/audio/Thamnophilus amazonicus_Amazonian Antshrike/XC154646.mp3
train,Thamnophilus amazonicus_Amazonian Antshrike,../../Datasets/BirdClef/features/Thamnophilus amazonicus_Amazonian Antshrike/XC230678.npy,../../Datasets/BirdClef/audio/Thamnophilus amazonicus_Amazonian Antshrike/XC230678.mp3
train,Thamnophilus amazonicus_Amazonian Antshrike,../../Datasets/BirdClef/features/Thamnophilus amazonicus_Amazonian Antshrike/XC119471.npy,../../Datasets/BirdClef/audio/Thamnophilus amazonicus_Amazonian Antshrike/XC119471.mp3
train,Thamnophilus amazonicus_Amazonian Antshrike,../../Datasets/BirdClef/features/Thamnophilus amazonicus_Amazonian Antshrike/XC87776.npy,../../Datasets/BirdClef/audio/Thamnophilus amazonicus_Amazonian Antshrike/XC87776.mp3
train,Thamnophilus doliatus_Barred Antshrike,../../Datasets/BirdClef/features/Thamnophilus doliatus_Barred Antshrike/XC244869.npy,../../Datasets/BirdClef/audio/Thamnophilus doliatus_Barred Antshrike/XC244869.mp3
train,Thamnophilus doliatus_Barred Antshrike,../../Datasets/BirdClef/features/Thamnophilus doliatus_Barred Antshrike/XC335882.npy,../../Datasets/BirdClef/audio/Thamnophilus doliatus_Barred Antshrike/XC335882.mp3
train,Thamnophilus doliatus_Barred Antshrike,../../Datasets/BirdClef/features/Thamnophilus doliatus_Barred Antshrike/XC236205.npy,../../Datasets/BirdClef/audio/Thamnophilus doliatus_Barred Antshrike/XC236205.mp3
train,Thamnophilus doliatus_Barred Antshrike,../../Datasets/BirdClef/features/Thamnophilus doliatus_Barred Antshrike/XC230719.npy,../../Datasets/BirdClef/audio/Thamnophilus doliatus_Barred Antshrike/XC230719.mp3
train,Thamnophilus doliatus_Barred Antshrike,../../Datasets/BirdClef/features/Thamnophilus doliatus_Barred Antshrike/XC436775.npy,../../Datasets/BirdClef/audio/Thamnophilus doliatus_Barred Antshrike/XC436775.mp3
train,Thamnophilus schistaceus_Plain-winged Antshrike,../../Datasets/BirdClef/features/Thamnophilus schistaceus_Plain-winged Antshrike/XC463652.npy,../../Datasets/BirdClef/audio/Thamnophilus schistaceus_Plain-winged Antshrike/XC463652.mp3
train,Thamnophilus schistaceus_Plain-winged Antshrike,../../Datasets/BirdClef/features/Thamnophilus schistaceus_Plain-winged Antshrike/XC158853.npy,../../Datasets/BirdClef/audio/Thamnophilus schistaceus_Plain-winged Antshrike/XC158853.mp3
train,Thamnophilus schistaceus_Plain-winged Antshrike,../../Datasets/BirdClef/features/Thamnophilus schistaceus_Plain-winged Antshrike/XC87709.npy,../../Datasets/BirdClef/audio/Thamnophilus schistaceus_Plain-winged Antshrike/XC87709.mp3
train,Thamnophilus schistaceus_Plain-winged Antshrike,../../Datasets/BirdClef/features/Thamnophilus schistaceus_Plain-winged Antshrike/XC24398.npy,../../Datasets/BirdClef/audio/Thamnophilus schistaceus_Plain-winged Antshrike/XC24398.mp3
train,Thamnophilus schistaceus_Plain-winged Antshrike,../../Datasets/BirdClef/features/Thamnophilus schistaceus_Plain-winged Antshrike/XC258358.npy,../../Datasets/BirdClef/audio/Thamnophilus schistaceus_Plain-winged Antshrike/XC258358.mp3
train,Thlypopsis sordida_Orange-headed Tanager,../../Datasets/BirdClef/features/Thlypopsis sordida_Orange-headed Tanager/XC84778.npy,../../Datasets/BirdClef/audio/Thlypopsis sordida_Orange-headed Tanager/XC84778.mp3
train,Thlypopsis sordida_Orange-headed Tanager,../../Datasets/BirdClef/features/Thlypopsis sordida_Orange-headed Tanager/XC122955.npy,../../Datasets/BirdClef/audio/Thlypopsis sordida_Orange-headed Tanager/XC122955.mp3
train,Thlypopsis sordida_Orange-headed Tanager,../../Datasets/BirdClef/features/Thlypopsis sordida_Orange-headed Tanager/XC336681.npy,../../Datasets/BirdClef/audio/Thlypopsis sordida_Orange-headed Tanager/XC336681.mp3
train,Thlypopsis sordida_Orange-headed Tanager,../../Datasets/BirdClef/features/Thlypopsis sordida_Orange-headed Tanager/XC428084.npy,../../Datasets/BirdClef/audio/Thlypopsis sordida_Orange-headed Tanager/XC428084.mp3
train,Thlypopsis sordida_Orange-headed Tanager,../../Datasets/BirdClef/features/Thlypopsis sordida_Orange-headed Tanager/XC139259.npy,../../Datasets/BirdClef/audio/Thlypopsis sordida_Orange-headed Tanager/XC139259.mp3
train,Thraupis episcopus_Blue-gray Tanager,../../Datasets/BirdClef/features/Thraupis episcopus_Blue-gray Tanager/XC371158.npy,../../Datasets/BirdClef/audio/Thraupis episcopus_Blue-gray Tanager/XC371158.mp3
train,Thraupis episcopus_Blue-gray Tanager,../../Datasets/BirdClef/features/Thraupis episcopus_Blue-gray Tanager/XC212072.npy,../../Datasets/BirdClef/audio/Thraupis episcopus_Blue-gray Tanager/XC212072.mp3
train,Thraupis episcopus_Blue-gray Tanager,../../Datasets/BirdClef/features/Thraupis episcopus_Blue-gray Tanager/XC100092.npy,../../Datasets/BirdClef/audio/Thraupis episcopus_Blue-gray Tanager/XC100092.mp3
train,Thraupis episcopus_Blue-gray Tanager,../../Datasets/BirdClef/features/Thraupis episcopus_Blue-gray Tanager/XC439061.npy,../../Datasets/BirdClef/audio/Thraupis episcopus_Blue-gray Tanager/XC439061.mp3
train,Thraupis episcopus_Blue-gray Tanager,../../Datasets/BirdClef/features/Thraupis episcopus_Blue-gray Tanager/XC315080.npy,../../Datasets/BirdClef/audio/Thraupis episcopus_Blue-gray Tanager/XC315080.mp3
train,Thraupis palmarum_Palm Tanager,../../Datasets/BirdClef/features/Thraupis palmarum_Palm Tanager/XC421601.npy,../../Datasets/BirdClef/audio/Thraupis palmarum_Palm Tanager/XC421601.mp3
train,Thraupis palmarum_Palm Tanager,../../Datasets/BirdClef/features/Thraupis palmarum_Palm Tanager/XC271627.npy,../../Datasets/BirdClef/audio/Thraupis palmarum_Palm Tanager/XC271627.mp3
train,Thraupis palmarum_Palm Tanager,../../Datasets/BirdClef/features/Thraupis palmarum_Palm Tanager/XC439063.npy,../../Datasets/BirdClef/audio/Thraupis palmarum_Palm Tanager/XC439063.mp3
train,Thraupis palmarum_Palm Tanager,../../Datasets/BirdClef/features/Thraupis palmarum_Palm Tanager/XC354905.npy,../../Datasets/BirdClef/audio/Thraupis palmarum_Palm Tanager/XC354905.mp3
train,Thraupis palmarum_Palm Tanager,../../Datasets/BirdClef/features/Thraupis palmarum_Palm Tanager/XC276573.npy,../../Datasets/BirdClef/audio/Thraupis palmarum_Palm Tanager/XC276573.mp3
train,Thryomanes bewickii_Bewick's Wren,../../Datasets/BirdClef/features/Thryomanes bewickii_Bewick's Wren/XC469010.npy,../../Datasets/BirdClef/audio/Thryomanes bewickii_Bewick's Wren/XC469010.mp3
train,Thryomanes bewickii_Bewick's Wren,../../Datasets/BirdClef/features/Thryomanes bewickii_Bewick's Wren/XC408453.npy,../../Datasets/BirdClef/audio/Thryomanes bewickii_Bewick's Wren/XC408453.mp3
train,Thryomanes bewickii_Bewick's Wren,../../Datasets/BirdClef/features/Thryomanes bewickii_Bewick's Wren/XC325137.npy,../../Datasets/BirdClef/audio/Thryomanes bewickii_Bewick's Wren/XC325137.mp3
train,Thryomanes bewickii_Bewick's Wren,../../Datasets/BirdClef/features/Thryomanes bewickii_Bewick's Wren/XC163210.npy,../../Datasets/BirdClef/audio/Thryomanes bewickii_Bewick's Wren/XC163210.mp3
train,Thryomanes bewickii_Bewick's Wren,../../Datasets/BirdClef/features/Thryomanes bewickii_Bewick's Wren/XC159376.npy,../../Datasets/BirdClef/audio/Thryomanes bewickii_Bewick's Wren/XC159376.mp3
train,Thryothorus ludovicianus_Carolina Wren,../../Datasets/BirdClef/features/Thryothorus ludovicianus_Carolina Wren/XC501898.npy,../../Datasets/BirdClef/audio/Thryothorus ludovicianus_Carolina Wren/XC501898.mp3
train,Thryothorus ludovicianus_Carolina Wren,../../Datasets/BirdClef/features/Thryothorus ludovicianus_Carolina Wren/XC109027.npy,../../Datasets/BirdClef/audio/Thryothorus ludovicianus_Carolina Wren/XC109027.mp3
train,Thryothorus ludovicianus_Carolina Wren,../../Datasets/BirdClef/features/Thryothorus ludovicianus_Carolina Wren/XC255711.npy,../../Datasets/BirdClef/audio/Thryothorus ludovicianus_Carolina Wren/XC255711.mp3
train,Thryothorus ludovicianus_Carolina Wren,../../Datasets/BirdClef/features/Thryothorus ludovicianus_Carolina Wren/XC168625.npy,../../Datasets/BirdClef/audio/Thryothorus ludovicianus_Carolina Wren/XC168625.mp3
train,Thryothorus ludovicianus_Carolina Wren,../../Datasets/BirdClef/features/Thryothorus ludovicianus_Carolina Wren/XC314878.npy,../../Datasets/BirdClef/audio/Thryothorus ludovicianus_Carolina Wren/XC314878.mp3
train,Tigrisoma lineatum_Rufescent Tiger-Heron,../../Datasets/BirdClef/features/Tigrisoma lineatum_Rufescent Tiger-Heron/XC116097.npy,../../Datasets/BirdClef/audio/Tigrisoma lineatum_Rufescent Tiger-Heron/XC116097.mp3
train,Tigrisoma lineatum_Rufescent Tiger-Heron,../../Datasets/BirdClef/features/Tigrisoma lineatum_Rufescent Tiger-Heron/XC251886.npy,../../Datasets/BirdClef/audio/Tigrisoma lineatum_Rufescent Tiger-Heron/XC251886.mp3
train,Tigrisoma lineatum_Rufescent Tiger-Heron,../../Datasets/BirdClef/features/Tigrisoma lineatum_Rufescent Tiger-Heron/XC257303.npy,../../Datasets/BirdClef/audio/Tigrisoma lineatum_Rufescent Tiger-Heron/XC257303.mp3
train,Tigrisoma lineatum_Rufescent Tiger-Heron,../../Datasets/BirdClef/features/Tigrisoma lineatum_Rufescent Tiger-Heron/XC2268.npy,../../Datasets/BirdClef/audio/Tigrisoma lineatum_Rufescent Tiger-Heron/XC2268.mp3
train,Tigrisoma lineatum_Rufescent Tiger-Heron,../../Datasets/BirdClef/features/Tigrisoma lineatum_Rufescent Tiger-Heron/XC221587.npy,../../Datasets/BirdClef/audio/Tigrisoma lineatum_Rufescent Tiger-Heron/XC221587.mp3
train,Tinamus major_Great Tinamou,../../Datasets/BirdClef/features/Tinamus major_Great Tinamou/XC441799.npy,../../Datasets/BirdClef/audio/Tinamus major_Great Tinamou/XC441799.mp3
train,Tinamus major_Great Tinamou,../../Datasets/BirdClef/features/Tinamus major_Great Tinamou/XC45159.npy,../../Datasets/BirdClef/audio/Tinamus major_Great Tinamou/XC45159.mp3
train,Tinamus major_Great Tinamou,../../Datasets/BirdClef/features/Tinamus major_Great Tinamou/XC239088.npy,../../Datasets/BirdClef/audio/Tinamus major_Great Tinamou/XC239088.mp3
train,Tinamus major_Great Tinamou,../../Datasets/BirdClef/features/Tinamus major_Great Tinamou/XC182258.npy,../../Datasets/BirdClef/audio/Tinamus major_Great Tinamou/XC182258.mp3
train,Tinamus major_Great Tinamou,../../Datasets/BirdClef/features/Tinamus major_Great Tinamou/XC129750.npy,../../Datasets/BirdClef/audio/Tinamus major_Great Tinamou/XC129750.mp3
train,Tityra cayana_Black-tailed Tityra,../../Datasets/BirdClef/features/Tityra cayana_Black-tailed Tityra/XC340023.npy,../../Datasets/BirdClef/audio/Tityra cayana_Black-tailed Tityra/XC340023.mp3
train,Tityra cayana_Black-tailed Tityra,../../Datasets/BirdClef/features/Tityra cayana_Black-tailed Tityra/XC349052.npy,../../Datasets/BirdClef/audio/Tityra cayana_Black-tailed Tityra/XC349052.mp3
train,Tityra cayana_Black-tailed Tityra,../../Datasets/BirdClef/features/Tityra cayana_Black-tailed Tityra/XC395138.npy,../../Datasets/BirdClef/audio/Tityra cayana_Black-tailed Tityra/XC395138.mp3
train,Tityra cayana_Black-tailed Tityra,../../Datasets/BirdClef/features/Tityra cayana_Black-tailed Tityra/XC304868.npy,../../Datasets/BirdClef/audio/Tityra cayana_Black-tailed Tityra/XC304868.mp3
train,Tityra cayana_Black-tailed Tityra,../../Datasets/BirdClef/features/Tityra cayana_Black-tailed Tityra/XC82439.npy,../../Datasets/BirdClef/audio/Tityra cayana_Black-tailed Tityra/XC82439.mp3
train,Tityra semifasciata_Masked Tityra,../../Datasets/BirdClef/features/Tityra semifasciata_Masked Tityra/XC302435.npy,../../Datasets/BirdClef/audio/Tityra semifasciata_Masked Tityra/XC302435.mp3
train,Tityra semifasciata_Masked Tityra,../../Datasets/BirdClef/features/Tityra semifasciata_Masked Tityra/XC231268.npy,../../Datasets/BirdClef/audio/Tityra semifasciata_Masked Tityra/XC231268.mp3
train,Tityra semifasciata_Masked Tityra,../../Datasets/BirdClef/features/Tityra semifasciata_Masked Tityra/XC361907.npy,../../Datasets/BirdClef/audio/Tityra semifasciata_Masked Tityra/XC361907.mp3
train,Tityra semifasciata_Masked Tityra,../../Datasets/BirdClef/features/Tityra semifasciata_Masked Tityra/XC437346.npy,../../Datasets/BirdClef/audio/Tityra semifasciata_Masked Tityra/XC437346.mp3
train,Tityra semifasciata_Masked Tityra,../../Datasets/BirdClef/features/Tityra semifasciata_Masked Tityra/XC259062.npy,../../Datasets/BirdClef/audio/Tityra semifasciata_Masked Tityra/XC259062.mp3
train,Todirostrum chrysocrotaphum_Yellow-browed Tody-Flycatcher,../../Datasets/BirdClef/features/Todirostrum chrysocrotaphum_Yellow-browed Tody-Flycatcher/XC258793.npy,../../Datasets/BirdClef/audio/Todirostrum chrysocrotaphum_Yellow-browed Tody-Flycatcher/XC258793.mp3
train,Todirostrum chrysocrotaphum_Yellow-browed Tody-Flycatcher,../../Datasets/BirdClef/features/Todirostrum chrysocrotaphum_Yellow-browed Tody-Flycatcher/XC270979.npy,../../Datasets/BirdClef/audio/Todirostrum chrysocrotaphum_Yellow-browed Tody-Flycatcher/XC270979.mp3
train,Todirostrum chrysocrotaphum_Yellow-browed Tody-Flycatcher,../../Datasets/BirdClef/features/Todirostrum chrysocrotaphum_Yellow-browed Tody-Flycatcher/XC439734.npy,../../Datasets/BirdClef/audio/Todirostrum chrysocrotaphum_Yellow-browed Tody-Flycatcher/XC439734.mp3
train,Todirostrum chrysocrotaphum_Yellow-browed Tody-Flycatcher,../../Datasets/BirdClef/features/Todirostrum chrysocrotaphum_Yellow-browed Tody-Flycatcher/XC231279.npy,../../Datasets/BirdClef/audio/Todirostrum chrysocrotaphum_Yellow-browed Tody-Flycatcher/XC231279.mp3
train,Todirostrum chrysocrotaphum_Yellow-browed Tody-Flycatcher,../../Datasets/BirdClef/features/Todirostrum chrysocrotaphum_Yellow-browed Tody-Flycatcher/XC435893.npy,../../Datasets/BirdClef/audio/Todirostrum chrysocrotaphum_Yellow-browed Tody-Flycatcher/XC435893.mp3
train,Tolmomyias assimilis_Yellow-margined Flycatcher,../../Datasets/BirdClef/features/Tolmomyias assimilis_Yellow-margined Flycatcher/XC97070.npy,../../Datasets/BirdClef/audio/Tolmomyias assimilis_Yellow-margined Flycatcher/XC97070.mp3
train,Tolmomyias assimilis_Yellow-margined Flycatcher,../../Datasets/BirdClef/features/Tolmomyias assimilis_Yellow-margined Flycatcher/XC17665.npy,../../Datasets/BirdClef/audio/Tolmomyias assimilis_Yellow-margined Flycatcher/XC17665.mp3
train,Tolmomyias assimilis_Yellow-margined Flycatcher,../../Datasets/BirdClef/features/Tolmomyias assimilis_Yellow-margined Flycatcher/XC231378.npy,../../Datasets/BirdClef/audio/Tolmomyias assimilis_Yellow-margined Flycatcher/XC231378.mp3
train,Tolmomyias assimilis_Yellow-margined Flycatcher,../../Datasets/BirdClef/features/Tolmomyias assimilis_Yellow-margined Flycatcher/XC130310.npy,../../Datasets/BirdClef/audio/Tolmomyias assimilis_Yellow-margined Flycatcher/XC130310.mp3
train,Tolmomyias assimilis_Yellow-margined Flycatcher,../../Datasets/BirdClef/features/Tolmomyias assimilis_Yellow-margined Flycatcher/XC9250.npy,../../Datasets/BirdClef/audio/Tolmomyias assimilis_Yellow-margined Flycatcher/XC9250.mp3
train,Tolmomyias flaviventris_Yellow-breasted Flycatcher,../../Datasets/BirdClef/features/Tolmomyias flaviventris_Yellow-breasted Flycatcher/XC419567.npy,../../Datasets/BirdClef/audio/Tolmomyias flaviventris_Yellow-breasted Flycatcher/XC419567.mp3
train,Tolmomyias flaviventris_Yellow-breasted Flycatcher,../../Datasets/BirdClef/features/Tolmomyias flaviventris_Yellow-breasted Flycatcher/XC245480.npy,../../Datasets/BirdClef/audio/Tolmomyias flaviventris_Yellow-breasted Flycatcher/XC245480.mp3
train,Tolmomyias flaviventris_Yellow-breasted Flycatcher,../../Datasets/BirdClef/features/Tolmomyias flaviventris_Yellow-breasted Flycatcher/XC387380.npy,../../Datasets/BirdClef/audio/Tolmomyias flaviventris_Yellow-breasted Flycatcher/XC387380.mp3
train,Tolmomyias flaviventris_Yellow-breasted Flycatcher,../../Datasets/BirdClef/features/Tolmomyias flaviventris_Yellow-breasted Flycatcher/XC34525.npy,../../Datasets/BirdClef/audio/Tolmomyias flaviventris_Yellow-breasted Flycatcher/XC34525.mp3
train,Tolmomyias flaviventris_Yellow-breasted Flycatcher,../../Datasets/BirdClef/features/Tolmomyias flaviventris_Yellow-breasted Flycatcher/XC354910.npy,../../Datasets/BirdClef/audio/Tolmomyias flaviventris_Yellow-breasted Flycatcher/XC354910.mp3
train,Tolmomyias poliocephalus_Gray-crowned Flycatcher,../../Datasets/BirdClef/features/Tolmomyias poliocephalus_Gray-crowned Flycatcher/XC231411.npy,../../Datasets/BirdClef/audio/Tolmomyias poliocephalus_Gray-crowned Flycatcher/XC231411.mp3
train,Tolmomyias poliocephalus_Gray-crowned Flycatcher,../../Datasets/BirdClef/features/Tolmomyias poliocephalus_Gray-crowned Flycatcher/XC283337.npy,../../Datasets/BirdClef/audio/Tolmomyias poliocephalus_Gray-crowned Flycatcher/XC283337.mp3
train,Tolmomyias poliocephalus_Gray-crowned Flycatcher,../../Datasets/BirdClef/features/Tolmomyias poliocephalus_Gray-crowned Flycatcher/XC231412.npy,../../Datasets/BirdClef/audio/Tolmomyias poliocephalus_Gray-crowned Flycatcher/XC231412.mp3
train,Tolmomyias poliocephalus_Gray-crowned Flycatcher,../../Datasets/BirdClef/features/Tolmomyias poliocephalus_Gray-crowned Flycatcher/XC231409.npy,../../Datasets/BirdClef/audio/Tolmomyias poliocephalus_Gray-crowned Flycatcher/XC231409.mp3
train,Tolmomyias poliocephalus_Gray-crowned Flycatcher,../../Datasets/BirdClef/features/Tolmomyias poliocephalus_Gray-crowned Flycatcher/XC231401.npy,../../Datasets/BirdClef/audio/Tolmomyias poliocephalus_Gray-crowned Flycatcher/XC231401.mp3
train,Tolmomyias sulphurescens_Yellow-olive Flycatcher,../../Datasets/BirdClef/features/Tolmomyias sulphurescens_Yellow-olive Flycatcher/XC268534.npy,../../Datasets/BirdClef/audio/Tolmomyias sulphurescens_Yellow-olive Flycatcher/XC268534.mp3
train,Tolmomyias sulphurescens_Yellow-olive Flycatcher,../../Datasets/BirdClef/features/Tolmomyias sulphurescens_Yellow-olive Flycatcher/XC179689.npy,../../Datasets/BirdClef/audio/Tolmomyias sulphurescens_Yellow-olive Flycatcher/XC179689.mp3
train,Tolmomyias sulphurescens_Yellow-olive Flycatcher,../../Datasets/BirdClef/features/Tolmomyias sulphurescens_Yellow-olive Flycatcher/XC361117.npy,../../Datasets/BirdClef/audio/Tolmomyias sulphurescens_Yellow-olive Flycatcher/XC361117.mp3
train,Tolmomyias sulphurescens_Yellow-olive Flycatcher,../../Datasets/BirdClef/features/Tolmomyias sulphurescens_Yellow-olive Flycatcher/XC187468.npy,../../Datasets/BirdClef/audio/Tolmomyias sulphurescens_Yellow-olive Flycatcher/XC187468.mp3
train,Tolmomyias sulphurescens_Yellow-olive Flycatcher,../../Datasets/BirdClef/features/Tolmomyias sulphurescens_Yellow-olive Flycatcher/XC421886.npy,../../Datasets/BirdClef/audio/Tolmomyias sulphurescens_Yellow-olive Flycatcher/XC421886.mp3
train,Toxostoma rufum_Brown Thrasher,../../Datasets/BirdClef/features/Toxostoma rufum_Brown Thrasher/XC320485.npy,../../Datasets/BirdClef/audio/Toxostoma rufum_Brown Thrasher/XC320485.mp3
train,Toxostoma rufum_Brown Thrasher,../../Datasets/BirdClef/features/Toxostoma rufum_Brown Thrasher/XC49871.npy,../../Datasets/BirdClef/audio/Toxostoma rufum_Brown Thrasher/XC49871.mp3
train,Toxostoma rufum_Brown Thrasher,../../Datasets/BirdClef/features/Toxostoma rufum_Brown Thrasher/XC316666.npy,../../Datasets/BirdClef/audio/Toxostoma rufum_Brown Thrasher/XC316666.mp3
train,Toxostoma rufum_Brown Thrasher,../../Datasets/BirdClef/features/Toxostoma rufum_Brown Thrasher/XC243993.npy,../../Datasets/BirdClef/audio/Toxostoma rufum_Brown Thrasher/XC243993.mp3
train,Toxostoma rufum_Brown Thrasher,../../Datasets/BirdClef/features/Toxostoma rufum_Brown Thrasher/XC341521.npy,../../Datasets/BirdClef/audio/Toxostoma rufum_Brown Thrasher/XC341521.mp3
train,Tringa erythropus_Spotted Redshank,../../Datasets/BirdClef/features/Tringa erythropus_Spotted Redshank/XC109640.npy,../../Datasets/BirdClef/audio/Tringa erythropus_Spotted Redshank/XC109640.mp3
train,Tringa erythropus_Spotted Redshank,../../Datasets/BirdClef/features/Tringa erythropus_Spotted Redshank/XC435041.npy,../../Datasets/BirdClef/audio/Tringa erythropus_Spotted Redshank/XC435041.mp3
train,Tringa erythropus_Spotted Redshank,../../Datasets/BirdClef/features/Tringa erythropus_Spotted Redshank/XC448903.npy,../../Datasets/BirdClef/audio/Tringa erythropus_Spotted Redshank/XC448903.mp3
train,Tringa erythropus_Spotted Redshank,../../Datasets/BirdClef/features/Tringa erythropus_Spotted Redshank/XC490175.npy,../../Datasets/BirdClef/audio/Tringa erythropus_Spotted Redshank/XC490175.mp3
train,Tringa erythropus_Spotted Redshank,../../Datasets/BirdClef/features/Tringa erythropus_Spotted Redshank/XC476690.npy,../../Datasets/BirdClef/audio/Tringa erythropus_Spotted Redshank/XC476690.mp3
train,Tringa flavipes_Lesser Yellowlegs,../../Datasets/BirdClef/features/Tringa flavipes_Lesser Yellowlegs/XC350125.npy,../../Datasets/BirdClef/audio/Tringa flavipes_Lesser Yellowlegs/XC350125.mp3
train,Tringa flavipes_Lesser Yellowlegs,../../Datasets/BirdClef/features/Tringa flavipes_Lesser Yellowlegs/XC257513.npy,../../Datasets/BirdClef/audio/Tringa flavipes_Lesser Yellowlegs/XC257513.mp3
train,Tringa flavipes_Lesser Yellowlegs,../../Datasets/BirdClef/features/Tringa flavipes_Lesser Yellowlegs/XC145822.npy,../../Datasets/BirdClef/audio/Tringa flavipes_Lesser Yellowlegs/XC145822.mp3
train,Tringa flavipes_Lesser Yellowlegs,../../Datasets/BirdClef/features/Tringa flavipes_Lesser Yellowlegs/XC149943.npy,../../Datasets/BirdClef/audio/Tringa flavipes_Lesser Yellowlegs/XC149943.mp3
train,Tringa flavipes_Lesser Yellowlegs,../../Datasets/BirdClef/features/Tringa flavipes_Lesser Yellowlegs/XC344795.npy,../../Datasets/BirdClef/audio/Tringa flavipes_Lesser Yellowlegs/XC344795.mp3
train,Tringa glareola_Wood Sandpiper,../../Datasets/BirdClef/features/Tringa glareola_Wood Sandpiper/XC473086.npy,../../Datasets/BirdClef/audio/Tringa glareola_Wood Sandpiper/XC473086.mp3
train,Tringa glareola_Wood Sandpiper,../../Datasets/BirdClef/features/Tringa glareola_Wood Sandpiper/XC118334.npy,../../Datasets/BirdClef/audio/Tringa glareola_Wood Sandpiper/XC118334.mp3
train,Tringa glareola_Wood Sandpiper,../../Datasets/BirdClef/features/Tringa glareola_Wood Sandpiper/XC150087.npy,../../Datasets/BirdClef/audio/Tringa glareola_Wood Sandpiper/XC150087.mp3
train,Tringa glareola_Wood Sandpiper,../../Datasets/BirdClef/features/Tringa glareola_Wood Sandpiper/XC191236.npy,../../Datasets/BirdClef/audio/Tringa glareola_Wood Sandpiper/XC191236.mp3
train,Tringa glareola_Wood Sandpiper,../../Datasets/BirdClef/features/Tringa glareola_Wood Sandpiper/XC146617.npy,../../Datasets/BirdClef/audio/Tringa glareola_Wood Sandpiper/XC146617.mp3
train,Tringa melanoleuca_Greater Yellowlegs,../../Datasets/BirdClef/features/Tringa melanoleuca_Greater Yellowlegs/XC290345.npy,../../Datasets/BirdClef/audio/Tringa melanoleuca_Greater Yellowlegs/XC290345.mp3
train,Tringa melanoleuca_Greater Yellowlegs,../../Datasets/BirdClef/features/Tringa melanoleuca_Greater Yellowlegs/XC309451.npy,../../Datasets/BirdClef/audio/Tringa melanoleuca_Greater Yellowlegs/XC309451.mp3
train,Tringa melanoleuca_Greater Yellowlegs,../../Datasets/BirdClef/features/Tringa melanoleuca_Greater Yellowlegs/XC155052.npy,../../Datasets/BirdClef/audio/Tringa melanoleuca_Greater Yellowlegs/XC155052.mp3
train,Tringa melanoleuca_Greater Yellowlegs,../../Datasets/BirdClef/features/Tringa melanoleuca_Greater Yellowlegs/XC156734.npy,../../Datasets/BirdClef/audio/Tringa melanoleuca_Greater Yellowlegs/XC156734.mp3
train,Tringa melanoleuca_Greater Yellowlegs,../../Datasets/BirdClef/features/Tringa melanoleuca_Greater Yellowlegs/XC231534.npy,../../Datasets/BirdClef/audio/Tringa melanoleuca_Greater Yellowlegs/XC231534.mp3
train,Tringa nebularia_Common Greenshank,../../Datasets/BirdClef/features/Tringa nebularia_Common Greenshank/XC263894.npy,../../Datasets/BirdClef/audio/Tringa nebularia_Common Greenshank/XC263894.mp3
train,Tringa nebularia_Common Greenshank,../../Datasets/BirdClef/features/Tringa nebularia_Common Greenshank/XC435520.npy,../../Datasets/BirdClef/audio/Tringa nebularia_Common Greenshank/XC435520.mp3
train,Tringa nebularia_Common Greenshank,../../Datasets/BirdClef/features/Tringa nebularia_Common Greenshank/XC263893.npy,../../Datasets/BirdClef/audio/Tringa nebularia_Common Greenshank/XC263893.mp3
train,Tringa nebularia_Common Greenshank,../../Datasets/BirdClef/features/Tringa nebularia_Common Greenshank/XC395269.npy,../../Datasets/BirdClef/audio/Tringa nebularia_Common Greenshank/XC395269.mp3
train,Tringa nebularia_Common Greenshank,../../Datasets/BirdClef/features/Tringa nebularia_Common Greenshank/XC396615.npy,../../Datasets/BirdClef/audio/Tringa nebularia_Common Greenshank/XC396615.mp3
train,Tringa ochropus_Green Sandpiper,../../Datasets/BirdClef/features/Tringa ochropus_Green Sandpiper/XC107447.npy,../../Datasets/BirdClef/audio/Tringa ochropus_Green Sandpiper/XC107447.mp3
train,Tringa ochropus_Green Sandpiper,../../Datasets/BirdClef/features/Tringa ochropus_Green Sandpiper/XC110342.npy,../../Datasets/BirdClef/audio/Tringa ochropus_Green Sandpiper/XC110342.mp3
train,Tringa ochropus_Green Sandpiper,../../Datasets/BirdClef/features/Tringa ochropus_Green Sandpiper/XC435546.npy,../../Datasets/BirdClef/audio/Tringa ochropus_Green Sandpiper/XC435546.mp3
train,Tringa ochropus_Green Sandpiper,../../Datasets/BirdClef/features/Tringa ochropus_Green Sandpiper/XC211882.npy,../../Datasets/BirdClef/audio/Tringa ochropus_Green Sandpiper/XC211882.mp3
train,Tringa ochropus_Green Sandpiper,../../Datasets/BirdClef/features/Tringa ochropus_Green Sandpiper/XC243477.npy,../../Datasets/BirdClef/audio/Tringa ochropus_Green Sandpiper/XC243477.mp3
train,Tringa solitaria_Solitary Sandpiper,../../Datasets/BirdClef/features/Tringa solitaria_Solitary Sandpiper/XC184634.npy,../../Datasets/BirdClef/audio/Tringa solitaria_Solitary Sandpiper/XC184634.mp3
train,Tringa solitaria_Solitary Sandpiper,../../Datasets/BirdClef/features/Tringa solitaria_Solitary Sandpiper/XC350124.npy,../../Datasets/BirdClef/audio/Tringa solitaria_Solitary Sandpiper/XC350124.mp3
train,Tringa solitaria_Solitary Sandpiper,../../Datasets/BirdClef/features/Tringa solitaria_Solitary Sandpiper/XC188791.npy,../../Datasets/BirdClef/audio/Tringa solitaria_Solitary Sandpiper/XC188791.mp3
train,Tringa solitaria_Solitary Sandpiper,../../Datasets/BirdClef/features/Tringa solitaria_Solitary Sandpiper/XC152799.npy,../../Datasets/BirdClef/audio/Tringa solitaria_Solitary Sandpiper/XC152799.mp3
train,Tringa solitaria_Solitary Sandpiper,../../Datasets/BirdClef/features/Tringa solitaria_Solitary Sandpiper/XC53494.npy,../../Datasets/BirdClef/audio/Tringa solitaria_Solitary Sandpiper/XC53494.mp3
train,Troglodytes aedon_House Wren,../../Datasets/BirdClef/features/Troglodytes aedon_House Wren/XC199827.npy,../../Datasets/BirdClef/audio/Troglodytes aedon_House Wren/XC199827.mp3
train,Troglodytes aedon_House Wren,../../Datasets/BirdClef/features/Troglodytes aedon_House Wren/XC231553.npy,../../Datasets/BirdClef/audio/Troglodytes aedon_House Wren/XC231553.mp3
train,Troglodytes aedon_House Wren,../../Datasets/BirdClef/features/Troglodytes aedon_House Wren/XC259364.npy,../../Datasets/BirdClef/audio/Troglodytes aedon_House Wren/XC259364.mp3
train,Troglodytes aedon_House Wren,../../Datasets/BirdClef/features/Troglodytes aedon_House Wren/XC101570.npy,../../Datasets/BirdClef/audio/Troglodytes aedon_House Wren/XC101570.mp3
train,Troglodytes aedon_House Wren,../../Datasets/BirdClef/features/Troglodytes aedon_House Wren/XC263716.npy,../../Datasets/BirdClef/audio/Troglodytes aedon_House Wren/XC263716.mp3
train,Troglodytes troglodytes_Eurasian Wren,../../Datasets/BirdClef/features/Troglodytes troglodytes_Eurasian Wren/XC194300.npy,../../Datasets/BirdClef/audio/Troglodytes troglodytes_Eurasian Wren/XC194300.mp3
train,Troglodytes troglodytes_Eurasian Wren,../../Datasets/BirdClef/features/Troglodytes troglodytes_Eurasian Wren/XC234925.npy,../../Datasets/BirdClef/audio/Troglodytes troglodytes_Eurasian Wren/XC234925.mp3
train,Troglodytes troglodytes_Eurasian Wren,../../Datasets/BirdClef/features/Troglodytes troglodytes_Eurasian Wren/XC147756.npy,../../Datasets/BirdClef/audio/Troglodytes troglodytes_Eurasian Wren/XC147756.mp3
train,Troglodytes troglodytes_Eurasian Wren,../../Datasets/BirdClef/features/Troglodytes troglodytes_Eurasian Wren/XC236472.npy,../../Datasets/BirdClef/audio/Troglodytes troglodytes_Eurasian Wren/XC236472.mp3
train,Troglodytes troglodytes_Eurasian Wren,../../Datasets/BirdClef/features/Troglodytes troglodytes_Eurasian Wren/XC211617.npy,../../Datasets/BirdClef/audio/Troglodytes troglodytes_Eurasian Wren/XC211617.mp3
train,Trogon collaris_Collared Trogon,../../Datasets/BirdClef/features/Trogon collaris_Collared Trogon/XC276599.npy,../../Datasets/BirdClef/audio/Trogon collaris_Collared Trogon/XC276599.mp3
train,Trogon collaris_Collared Trogon,../../Datasets/BirdClef/features/Trogon collaris_Collared Trogon/XC174083.npy,../../Datasets/BirdClef/audio/Trogon collaris_Collared Trogon/XC174083.mp3
train,Trogon collaris_Collared Trogon,../../Datasets/BirdClef/features/Trogon collaris_Collared Trogon/XC154461.npy,../../Datasets/BirdClef/audio/Trogon collaris_Collared Trogon/XC154461.mp3
train,Trogon collaris_Collared Trogon,../../Datasets/BirdClef/features/Trogon collaris_Collared Trogon/XC239115.npy,../../Datasets/BirdClef/audio/Trogon collaris_Collared Trogon/XC239115.mp3
train,Trogon collaris_Collared Trogon,../../Datasets/BirdClef/features/Trogon collaris_Collared Trogon/XC275279.npy,../../Datasets/BirdClef/audio/Trogon collaris_Collared Trogon/XC275279.mp3
train,Trogon curucui_Blue-crowned Trogon,../../Datasets/BirdClef/features/Trogon curucui_Blue-crowned Trogon/XC239134.npy,../../Datasets/BirdClef/audio/Trogon curucui_Blue-crowned Trogon/XC239134.mp3
train,Trogon curucui_Blue-crowned Trogon,../../Datasets/BirdClef/features/Trogon curucui_Blue-crowned Trogon/XC151945.npy,../../Datasets/BirdClef/audio/Trogon curucui_Blue-crowned Trogon/XC151945.mp3
train,Trogon curucui_Blue-crowned Trogon,../../Datasets/BirdClef/features/Trogon curucui_Blue-crowned Trogon/XC121285.npy,../../Datasets/BirdClef/audio/Trogon curucui_Blue-crowned Trogon/XC121285.mp3
train,Trogon curucui_Blue-crowned Trogon,../../Datasets/BirdClef/features/Trogon curucui_Blue-crowned Trogon/XC144293.npy,../../Datasets/BirdClef/audio/Trogon curucui_Blue-crowned Trogon/XC144293.mp3
train,Trogon curucui_Blue-crowned Trogon,../../Datasets/BirdClef/features/Trogon curucui_Blue-crowned Trogon/XC281866.npy,../../Datasets/BirdClef/audio/Trogon curucui_Blue-crowned Trogon/XC281866.mp3
train,Trogon melanurus_Black-tailed Trogon,../../Datasets/BirdClef/features/Trogon melanurus_Black-tailed Trogon/XC272200.npy,../../Datasets/BirdClef/audio/Trogon melanurus_Black-tailed Trogon/XC272200.mp3
train,Trogon melanurus_Black-tailed Trogon,../../Datasets/BirdClef/features/Trogon melanurus_Black-tailed Trogon/XC295983.npy,../../Datasets/BirdClef/audio/Trogon melanurus_Black-tailed Trogon/XC295983.mp3
train,Trogon melanurus_Black-tailed Trogon,../../Datasets/BirdClef/features/Trogon melanurus_Black-tailed Trogon/XC272199.npy,../../Datasets/BirdClef/audio/Trogon melanurus_Black-tailed Trogon/XC272199.mp3
train,Trogon melanurus_Black-tailed Trogon,../../Datasets/BirdClef/features/Trogon melanurus_Black-tailed Trogon/XC64311.npy,../../Datasets/BirdClef/audio/Trogon melanurus_Black-tailed Trogon/XC64311.mp3
train,Trogon melanurus_Black-tailed Trogon,../../Datasets/BirdClef/features/Trogon melanurus_Black-tailed Trogon/XC113577.npy,../../Datasets/BirdClef/audio/Trogon melanurus_Black-tailed Trogon/XC113577.mp3
train,Trogon ramonianus_Amazonian Trogon,../../Datasets/BirdClef/features/Trogon ramonianus_Amazonian Trogon/XC231734.npy,../../Datasets/BirdClef/audio/Trogon ramonianus_Amazonian Trogon/XC231734.mp3
train,Trogon ramonianus_Amazonian Trogon,../../Datasets/BirdClef/features/Trogon ramonianus_Amazonian Trogon/XC37015.npy,../../Datasets/BirdClef/audio/Trogon ramonianus_Amazonian Trogon/XC37015.mp3
train,Trogon ramonianus_Amazonian Trogon,../../Datasets/BirdClef/features/Trogon ramonianus_Amazonian Trogon/XC333054.npy,../../Datasets/BirdClef/audio/Trogon ramonianus_Amazonian Trogon/XC333054.mp3
train,Trogon ramonianus_Amazonian Trogon,../../Datasets/BirdClef/features/Trogon ramonianus_Amazonian Trogon/XC293724.npy,../../Datasets/BirdClef/audio/Trogon ramonianus_Amazonian Trogon/XC293724.mp3
train,Trogon ramonianus_Amazonian Trogon,../../Datasets/BirdClef/features/Trogon ramonianus_Amazonian Trogon/XC86895.npy,../../Datasets/BirdClef/audio/Trogon ramonianus_Amazonian Trogon/XC86895.mp3
train,Trogon viridis_Green-backed Trogon,../../Datasets/BirdClef/features/Trogon viridis_Green-backed Trogon/XC271995.npy,../../Datasets/BirdClef/audio/Trogon viridis_Green-backed Trogon/XC271995.mp3
train,Trogon viridis_Green-backed Trogon,../../Datasets/BirdClef/features/Trogon viridis_Green-backed Trogon/XC36454.npy,../../Datasets/BirdClef/audio/Trogon viridis_Green-backed Trogon/XC36454.mp3
train,Trogon viridis_Green-backed Trogon,../../Datasets/BirdClef/features/Trogon viridis_Green-backed Trogon/XC182456.npy,../../Datasets/BirdClef/audio/Trogon viridis_Green-backed Trogon/XC182456.mp3
train,Trogon viridis_Green-backed Trogon,../../Datasets/BirdClef/features/Trogon viridis_Green-backed Trogon/XC231767.npy,../../Datasets/BirdClef/audio/Trogon viridis_Green-backed Trogon/XC231767.mp3
train,Trogon viridis_Green-backed Trogon,../../Datasets/BirdClef/features/Trogon viridis_Green-backed Trogon/XC333516.npy,../../Datasets/BirdClef/audio/Trogon viridis_Green-backed Trogon/XC333516.mp3
train,Tunchiornis ochraceiceps_Tawny-crowned Greenlet,../../Datasets/BirdClef/features/Tunchiornis ochraceiceps_Tawny-crowned Greenlet/XC60985.npy,../../Datasets/BirdClef/audio/Tunchiornis ochraceiceps_Tawny-crowned Greenlet/XC60985.mp3
train,Tunchiornis ochraceiceps_Tawny-crowned Greenlet,../../Datasets/BirdClef/features/Tunchiornis ochraceiceps_Tawny-crowned Greenlet/XC262350.npy,../../Datasets/BirdClef/audio/Tunchiornis ochraceiceps_Tawny-crowned Greenlet/XC262350.mp3
train,Tunchiornis ochraceiceps_Tawny-crowned Greenlet,../../Datasets/BirdClef/features/Tunchiornis ochraceiceps_Tawny-crowned Greenlet/XC224384.npy,../../Datasets/BirdClef/audio/Tunchiornis ochraceiceps_Tawny-crowned Greenlet/XC224384.mp3
train,Tunchiornis ochraceiceps_Tawny-crowned Greenlet,../../Datasets/BirdClef/features/Tunchiornis ochraceiceps_Tawny-crowned Greenlet/XC3129.npy,../../Datasets/BirdClef/audio/Tunchiornis ochraceiceps_Tawny-crowned Greenlet/XC3129.mp3
train,Tunchiornis ochraceiceps_Tawny-crowned Greenlet,../../Datasets/BirdClef/features/Tunchiornis ochraceiceps_Tawny-crowned Greenlet/XC453862.npy,../../Datasets/BirdClef/audio/Tunchiornis ochraceiceps_Tawny-crowned Greenlet/XC453862.mp3
train,Turdus albicollis_White-necked Thrush,../../Datasets/BirdClef/features/Turdus albicollis_White-necked Thrush/XC491794.npy,../../Datasets/BirdClef/audio/Turdus albicollis_White-necked Thrush/XC491794.mp3
train,Turdus albicollis_White-necked Thrush,../../Datasets/BirdClef/features/Turdus albicollis_White-necked Thrush/XC395350.npy,../../Datasets/BirdClef/audio/Turdus albicollis_White-necked Thrush/XC395350.mp3
train,Turdus albicollis_White-necked Thrush,../../Datasets/BirdClef/features/Turdus albicollis_White-necked Thrush/XC435618.npy,../../Datasets/BirdClef/audio/Turdus albicollis_White-necked Thrush/XC435618.mp3
train,Turdus albicollis_White-necked Thrush,../../Datasets/BirdClef/features/Turdus albicollis_White-necked Thrush/XC286663.npy,../../Datasets/BirdClef/audio/Turdus albicollis_White-necked Thrush/XC286663.mp3
train,Turdus albicollis_White-necked Thrush,../../Datasets/BirdClef/features/Turdus albicollis_White-necked Thrush/XC87292.npy,../../Datasets/BirdClef/audio/Turdus albicollis_White-necked Thrush/XC87292.mp3
train,Turdus amaurochalinus_Creamy-bellied Thrush,../../Datasets/BirdClef/features/Turdus amaurochalinus_Creamy-bellied Thrush/XC52183.npy,../../Datasets/BirdClef/audio/Turdus amaurochalinus_Creamy-bellied Thrush/XC52183.mp3
train,Turdus amaurochalinus_Creamy-bellied Thrush,../../Datasets/BirdClef/features/Turdus amaurochalinus_Creamy-bellied Thrush/XC174741.npy,../../Datasets/BirdClef/audio/Turdus amaurochalinus_Creamy-bellied Thrush/XC174741.mp3
train,Turdus amaurochalinus_Creamy-bellied Thrush,../../Datasets/BirdClef/features/Turdus amaurochalinus_Creamy-bellied Thrush/XC457397.npy,../../Datasets/BirdClef/audio/Turdus amaurochalinus_Creamy-bellied Thrush/XC457397.mp3
train,Turdus amaurochalinus_Creamy-bellied Thrush,../../Datasets/BirdClef/features/Turdus amaurochalinus_Creamy-bellied Thrush/XC282766.npy,../../Datasets/BirdClef/audio/Turdus amaurochalinus_Creamy-bellied Thrush/XC282766.mp3
train,Turdus amaurochalinus_Creamy-bellied Thrush,../../Datasets/BirdClef/features/Turdus amaurochalinus_Creamy-bellied Thrush/XC46883.npy,../../Datasets/BirdClef/audio/Turdus amaurochalinus_Creamy-bellied Thrush/XC46883.mp3
train,Turdus hauxwelli_Hauxwell's Thrush,../../Datasets/BirdClef/features/Turdus hauxwelli_Hauxwell's Thrush/XC402233.npy,../../Datasets/BirdClef/audio/Turdus hauxwelli_Hauxwell's Thrush/XC402233.mp3
train,Turdus hauxwelli_Hauxwell's Thrush,../../Datasets/BirdClef/features/Turdus hauxwelli_Hauxwell's Thrush/XC203444.npy,../../Datasets/BirdClef/audio/Turdus hauxwelli_Hauxwell's Thrush/XC203444.mp3
train,Turdus hauxwelli_Hauxwell's Thrush,../../Datasets/BirdClef/features/Turdus hauxwelli_Hauxwell's Thrush/XC23385.npy,../../Datasets/BirdClef/audio/Turdus hauxwelli_Hauxwell's Thrush/XC23385.mp3
train,Turdus hauxwelli_Hauxwell's Thrush,../../Datasets/BirdClef/features/Turdus hauxwelli_Hauxwell's Thrush/XC64337.npy,../../Datasets/BirdClef/audio/Turdus hauxwelli_Hauxwell's Thrush/XC64337.mp3
train,Turdus hauxwelli_Hauxwell's Thrush,../../Datasets/BirdClef/features/Turdus hauxwelli_Hauxwell's Thrush/XC64335.npy,../../Datasets/BirdClef/audio/Turdus hauxwelli_Hauxwell's Thrush/XC64335.mp3
train,Turdus ignobilis_Black-billed Thrush,../../Datasets/BirdClef/features/Turdus ignobilis_Black-billed Thrush/XC387083.npy,../../Datasets/BirdClef/audio/Turdus ignobilis_Black-billed Thrush/XC387083.mp3
train,Turdus ignobilis_Black-billed Thrush,../../Datasets/BirdClef/features/Turdus ignobilis_Black-billed Thrush/XC212154.npy,../../Datasets/BirdClef/audio/Turdus ignobilis_Black-billed Thrush/XC212154.mp3
train,Turdus ignobilis_Black-billed Thrush,../../Datasets/BirdClef/features/Turdus ignobilis_Black-billed Thrush/XC237554.npy,../../Datasets/BirdClef/audio/Turdus ignobilis_Black-billed Thrush/XC237554.mp3
train,Turdus ignobilis_Black-billed Thrush,../../Datasets/BirdClef/features/Turdus ignobilis_Black-billed Thrush/XC9397.npy,../../Datasets/BirdClef/audio/Turdus ignobilis_Black-billed Thrush/XC9397.mp3
train,Turdus ignobilis_Black-billed Thrush,../../Datasets/BirdClef/features/Turdus ignobilis_Black-billed Thrush/XC74300.npy,../../Datasets/BirdClef/audio/Turdus ignobilis_Black-billed Thrush/XC74300.mp3
train,Turdus iliacus_Redwing,../../Datasets/BirdClef/features/Turdus iliacus_Redwing/XC211862.npy,../../Datasets/BirdClef/audio/Turdus iliacus_Redwing/XC211862.mp3
train,Turdus iliacus_Redwing,../../Datasets/BirdClef/features/Turdus iliacus_Redwing/XC385870.npy,../../Datasets/BirdClef/audio/Turdus iliacus_Redwing/XC385870.mp3
train,Turdus iliacus_Redwing,../../Datasets/BirdClef/features/Turdus iliacus_Redwing/XC376527.npy,../../Datasets/BirdClef/audio/Turdus iliacus_Redwing/XC376527.mp3
train,Turdus iliacus_Redwing,../../Datasets/BirdClef/features/Turdus iliacus_Redwing/XC443433.npy,../../Datasets/BirdClef/audio/Turdus iliacus_Redwing/XC443433.mp3
train,Turdus iliacus_Redwing,../../Datasets/BirdClef/features/Turdus iliacus_Redwing/XC27967.npy,../../Datasets/BirdClef/audio/Turdus iliacus_Redwing/XC27967.mp3
train,Turdus lawrencii_Lawrence's Thrush,../../Datasets/BirdClef/features/Turdus lawrencii_Lawrence's Thrush/XC39840.npy,../../Datasets/BirdClef/audio/Turdus lawrencii_Lawrence's Thrush/XC39840.mp3
train,Turdus lawrencii_Lawrence's Thrush,../../Datasets/BirdClef/features/Turdus lawrencii_Lawrence's Thrush/XC452807.npy,../../Datasets/BirdClef/audio/Turdus lawrencii_Lawrence's Thrush/XC452807.mp3
train,Turdus lawrencii_Lawrence's Thrush,../../Datasets/BirdClef/features/Turdus lawrencii_Lawrence's Thrush/XC144864.npy,../../Datasets/BirdClef/audio/Turdus lawrencii_Lawrence's Thrush/XC144864.mp3
train,Turdus lawrencii_Lawrence's Thrush,../../Datasets/BirdClef/features/Turdus lawrencii_Lawrence's Thrush/XC119443.npy,../../Datasets/BirdClef/audio/Turdus lawrencii_Lawrence's Thrush/XC119443.mp3
train,Turdus lawrencii_Lawrence's Thrush,../../Datasets/BirdClef/features/Turdus lawrencii_Lawrence's Thrush/XC191673.npy,../../Datasets/BirdClef/audio/Turdus lawrencii_Lawrence's Thrush/XC191673.mp3
train,Turdus merula_Eurasian Blackbird,../../Datasets/BirdClef/features/Turdus merula_Eurasian Blackbird/XC374975.npy,../../Datasets/BirdClef/audio/Turdus merula_Eurasian Blackbird/XC374975.mp3
train,Turdus merula_Eurasian Blackbird,../../Datasets/BirdClef/features/Turdus merula_Eurasian Blackbird/XC461856.npy,../../Datasets/BirdClef/audio/Turdus merula_Eurasian Blackbird/XC461856.mp3
train,Turdus merula_Eurasian Blackbird,../../Datasets/BirdClef/features/Turdus merula_Eurasian Blackbird/XC456731.npy,../../Datasets/BirdClef/audio/Turdus merula_Eurasian Blackbird/XC456731.mp3
train,Turdus merula_Eurasian Blackbird,../../Datasets/BirdClef/features/Turdus merula_Eurasian Blackbird/XC382836.npy,../../Datasets/BirdClef/audio/Turdus merula_Eurasian Blackbird/XC382836.mp3
train,Turdus merula_Eurasian Blackbird,../../Datasets/BirdClef/features/Turdus merula_Eurasian Blackbird/XC360512.npy,../../Datasets/BirdClef/audio/Turdus merula_Eurasian Blackbird/XC360512.mp3
train,Turdus migratorius_American Robin,../../Datasets/BirdClef/features/Turdus migratorius_American Robin/XC383961.npy,../../Datasets/BirdClef/audio/Turdus migratorius_American Robin/XC383961.mp3
train,Turdus migratorius_American Robin,../../Datasets/BirdClef/features/Turdus migratorius_American Robin/XC171727.npy,../../Datasets/BirdClef/audio/Turdus migratorius_American Robin/XC171727.mp3
train,Turdus migratorius_American Robin,../../Datasets/BirdClef/features/Turdus migratorius_American Robin/XC165300.npy,../../Datasets/BirdClef/audio/Turdus migratorius_American Robin/XC165300.mp3
train,Turdus migratorius_American Robin,../../Datasets/BirdClef/features/Turdus migratorius_American Robin/XC408817.npy,../../Datasets/BirdClef/audio/Turdus migratorius_American Robin/XC408817.mp3
train,Turdus migratorius_American Robin,../../Datasets/BirdClef/features/Turdus migratorius_American Robin/XC464766.npy,../../Datasets/BirdClef/audio/Turdus migratorius_American Robin/XC464766.mp3
train,Turdus philomelos_Song Thrush,../../Datasets/BirdClef/features/Turdus philomelos_Song Thrush/XC120404.npy,../../Datasets/BirdClef/audio/Turdus philomelos_Song Thrush/XC120404.mp3
train,Turdus philomelos_Song Thrush,../../Datasets/BirdClef/features/Turdus philomelos_Song Thrush/XC200976.npy,../../Datasets/BirdClef/audio/Turdus philomelos_Song Thrush/XC200976.mp3
train,Turdus philomelos_Song Thrush,../../Datasets/BirdClef/features/Turdus philomelos_Song Thrush/XC209313.npy,../../Datasets/BirdClef/audio/Turdus philomelos_Song Thrush/XC209313.mp3
train,Turdus philomelos_Song Thrush,../../Datasets/BirdClef/features/Turdus philomelos_Song Thrush/XC306098.npy,../../Datasets/BirdClef/audio/Turdus philomelos_Song Thrush/XC306098.mp3
train,Turdus philomelos_Song Thrush,../../Datasets/BirdClef/features/Turdus philomelos_Song Thrush/XC214280.npy,../../Datasets/BirdClef/audio/Turdus philomelos_Song Thrush/XC214280.mp3
train,Turdus pilaris_Fieldfare,../../Datasets/BirdClef/features/Turdus pilaris_Fieldfare/XC370544.npy,../../Datasets/BirdClef/audio/Turdus pilaris_Fieldfare/XC370544.mp3
train,Turdus pilaris_Fieldfare,../../Datasets/BirdClef/features/Turdus pilaris_Fieldfare/XC470967.npy,../../Datasets/BirdClef/audio/Turdus pilaris_Fieldfare/XC470967.mp3
train,Turdus pilaris_Fieldfare,../../Datasets/BirdClef/features/Turdus pilaris_Fieldfare/XC236541.npy,../../Datasets/BirdClef/audio/Turdus pilaris_Fieldfare/XC236541.mp3
train,Turdus pilaris_Fieldfare,../../Datasets/BirdClef/features/Turdus pilaris_Fieldfare/XC263927.npy,../../Datasets/BirdClef/audio/Turdus pilaris_Fieldfare/XC263927.mp3
train,Turdus pilaris_Fieldfare,../../Datasets/BirdClef/features/Turdus pilaris_Fieldfare/XC245941.npy,../../Datasets/BirdClef/audio/Turdus pilaris_Fieldfare/XC245941.mp3
train,Turdus viscivorus_Mistle Thrush,../../Datasets/BirdClef/features/Turdus viscivorus_Mistle Thrush/XC281460.npy,../../Datasets/BirdClef/audio/Turdus viscivorus_Mistle Thrush/XC281460.mp3
train,Turdus viscivorus_Mistle Thrush,../../Datasets/BirdClef/features/Turdus viscivorus_Mistle Thrush/XC167163.npy,../../Datasets/BirdClef/audio/Turdus viscivorus_Mistle Thrush/XC167163.mp3
train,Turdus viscivorus_Mistle Thrush,../../Datasets/BirdClef/features/Turdus viscivorus_Mistle Thrush/XC367099.npy,../../Datasets/BirdClef/audio/Turdus viscivorus_Mistle Thrush/XC367099.mp3
train,Turdus viscivorus_Mistle Thrush,../../Datasets/BirdClef/features/Turdus viscivorus_Mistle Thrush/XC134144.npy,../../Datasets/BirdClef/audio/Turdus viscivorus_Mistle Thrush/XC134144.mp3
train,Turdus viscivorus_Mistle Thrush,../../Datasets/BirdClef/features/Turdus viscivorus_Mistle Thrush/XC463469.npy,../../Datasets/BirdClef/audio/Turdus viscivorus_Mistle Thrush/XC463469.mp3
train,Tyranneutes stolzmanni_Dwarf Tyrant-Manakin,../../Datasets/BirdClef/features/Tyranneutes stolzmanni_Dwarf Tyrant-Manakin/XC249175.npy,../../Datasets/BirdClef/audio/Tyranneutes stolzmanni_Dwarf Tyrant-Manakin/XC249175.mp3
train,Tyranneutes stolzmanni_Dwarf Tyrant-Manakin,../../Datasets/BirdClef/features/Tyranneutes stolzmanni_Dwarf Tyrant-Manakin/XC12105.npy,../../Datasets/BirdClef/audio/Tyranneutes stolzmanni_Dwarf Tyrant-Manakin/XC12105.mp3
train,Tyranneutes stolzmanni_Dwarf Tyrant-Manakin,../../Datasets/BirdClef/features/Tyranneutes stolzmanni_Dwarf Tyrant-Manakin/XC64358.npy,../../Datasets/BirdClef/audio/Tyranneutes stolzmanni_Dwarf Tyrant-Manakin/XC64358.mp3
train,Tyranneutes stolzmanni_Dwarf Tyrant-Manakin,../../Datasets/BirdClef/features/Tyranneutes stolzmanni_Dwarf Tyrant-Manakin/XC198316.npy,../../Datasets/BirdClef/audio/Tyranneutes stolzmanni_Dwarf Tyrant-Manakin/XC198316.mp3
train,Tyranneutes stolzmanni_Dwarf Tyrant-Manakin,../../Datasets/BirdClef/features/Tyranneutes stolzmanni_Dwarf Tyrant-Manakin/XC154777.npy,../../Datasets/BirdClef/audio/Tyranneutes stolzmanni_Dwarf Tyrant-Manakin/XC154777.mp3
train,Tyrannopsis sulphurea_Sulphury Flycatcher,../../Datasets/BirdClef/features/Tyrannopsis sulphurea_Sulphury Flycatcher/XC259032.npy,../../Datasets/BirdClef/audio/Tyrannopsis sulphurea_Sulphury Flycatcher/XC259032.mp3
train,Tyrannopsis sulphurea_Sulphury Flycatcher,../../Datasets/BirdClef/features/Tyrannopsis sulphurea_Sulphury Flycatcher/XC64431.npy,../../Datasets/BirdClef/audio/Tyrannopsis sulphurea_Sulphury Flycatcher/XC64431.mp3
train,Tyrannopsis sulphurea_Sulphury Flycatcher,../../Datasets/BirdClef/features/Tyrannopsis sulphurea_Sulphury Flycatcher/XC494094.npy,../../Datasets/BirdClef/audio/Tyrannopsis sulphurea_Sulphury Flycatcher/XC494094.mp3
train,Tyrannopsis sulphurea_Sulphury Flycatcher,../../Datasets/BirdClef/features/Tyrannopsis sulphurea_Sulphury Flycatcher/XC34306.npy,../../Datasets/BirdClef/audio/Tyrannopsis sulphurea_Sulphury Flycatcher/XC34306.mp3
train,Tyrannopsis sulphurea_Sulphury Flycatcher,../../Datasets/BirdClef/features/Tyrannopsis sulphurea_Sulphury Flycatcher/XC158181.npy,../../Datasets/BirdClef/audio/Tyrannopsis sulphurea_Sulphury Flycatcher/XC158181.mp3
train,Tyrannulus elatus_Yellow-crowned Tyrannulet,../../Datasets/BirdClef/features/Tyrannulus elatus_Yellow-crowned Tyrannulet/XC479436.npy,../../Datasets/BirdClef/audio/Tyrannulus elatus_Yellow-crowned Tyrannulet/XC479436.mp3
train,Tyrannulus elatus_Yellow-crowned Tyrannulet,../../Datasets/BirdClef/features/Tyrannulus elatus_Yellow-crowned Tyrannulet/XC72789.npy,../../Datasets/BirdClef/audio/Tyrannulus elatus_Yellow-crowned Tyrannulet/XC72789.mp3
train,Tyrannulus elatus_Yellow-crowned Tyrannulet,../../Datasets/BirdClef/features/Tyrannulus elatus_Yellow-crowned Tyrannulet/XC484691.npy,../../Datasets/BirdClef/audio/Tyrannulus elatus_Yellow-crowned Tyrannulet/XC484691.mp3
train,Tyrannulus elatus_Yellow-crowned Tyrannulet,../../Datasets/BirdClef/features/Tyrannulus elatus_Yellow-crowned Tyrannulet/XC47090.npy,../../Datasets/BirdClef/audio/Tyrannulus elatus_Yellow-crowned Tyrannulet/XC47090.mp3
train,Tyrannulus elatus_Yellow-crowned Tyrannulet,../../Datasets/BirdClef/features/Tyrannulus elatus_Yellow-crowned Tyrannulet/XC86692.npy,../../Datasets/BirdClef/audio/Tyrannulus elatus_Yellow-crowned Tyrannulet/XC86692.mp3
train,Tyrannus melancholicus_Tropical Kingbird,../../Datasets/BirdClef/features/Tyrannus melancholicus_Tropical Kingbird/XC451992.npy,../../Datasets/BirdClef/audio/Tyrannus melancholicus_Tropical Kingbird/XC451992.mp3
train,Tyrannus melancholicus_Tropical Kingbird,../../Datasets/BirdClef/features/Tyrannus melancholicus_Tropical Kingbird/XC167035.npy,../../Datasets/BirdClef/audio/Tyrannus melancholicus_Tropical Kingbird/XC167035.mp3
train,Tyrannus melancholicus_Tropical Kingbird,../../Datasets/BirdClef/features/Tyrannus melancholicus_Tropical Kingbird/XC259039.npy,../../Datasets/BirdClef/audio/Tyrannus melancholicus_Tropical Kingbird/XC259039.mp3
train,Tyrannus melancholicus_Tropical Kingbird,../../Datasets/BirdClef/features/Tyrannus melancholicus_Tropical Kingbird/XC262261.npy,../../Datasets/BirdClef/audio/Tyrannus melancholicus_Tropical Kingbird/XC262261.mp3
train,Tyrannus melancholicus_Tropical Kingbird,../../Datasets/BirdClef/features/Tyrannus melancholicus_Tropical Kingbird/XC424152.npy,../../Datasets/BirdClef/audio/Tyrannus melancholicus_Tropical Kingbird/XC424152.mp3
train,Tyrannus savana_Fork-tailed Flycatcher,../../Datasets/BirdClef/features/Tyrannus savana_Fork-tailed Flycatcher/XC112746.npy,../../Datasets/BirdClef/audio/Tyrannus savana_Fork-tailed Flycatcher/XC112746.mp3
train,Tyrannus savana_Fork-tailed Flycatcher,../../Datasets/BirdClef/features/Tyrannus savana_Fork-tailed Flycatcher/XC213410.npy,../../Datasets/BirdClef/audio/Tyrannus savana_Fork-tailed Flycatcher/XC213410.mp3
train,Tyrannus savana_Fork-tailed Flycatcher,../../Datasets/BirdClef/features/Tyrannus savana_Fork-tailed Flycatcher/XC371179.npy,../../Datasets/BirdClef/audio/Tyrannus savana_Fork-tailed Flycatcher/XC371179.mp3
train,Tyrannus savana_Fork-tailed Flycatcher,../../Datasets/BirdClef/features/Tyrannus savana_Fork-tailed Flycatcher/XC231961.npy,../../Datasets/BirdClef/audio/Tyrannus savana_Fork-tailed Flycatcher/XC231961.mp3
train,Tyrannus savana_Fork-tailed Flycatcher,../../Datasets/BirdClef/features/Tyrannus savana_Fork-tailed Flycatcher/XC457251.npy,../../Datasets/BirdClef/audio/Tyrannus savana_Fork-tailed Flycatcher/XC457251.mp3
train,Tyrannus tyrannus_Eastern Kingbird,../../Datasets/BirdClef/features/Tyrannus tyrannus_Eastern Kingbird/XC179633.npy,../../Datasets/BirdClef/audio/Tyrannus tyrannus_Eastern Kingbird/XC179633.mp3
train,Tyrannus tyrannus_Eastern Kingbird,../../Datasets/BirdClef/features/Tyrannus tyrannus_Eastern Kingbird/XC231963.npy,../../Datasets/BirdClef/audio/Tyrannus tyrannus_Eastern Kingbird/XC231963.mp3
train,Tyrannus tyrannus_Eastern Kingbird,../../Datasets/BirdClef/features/Tyrannus tyrannus_Eastern Kingbird/XC102967.npy,../../Datasets/BirdClef/audio/Tyrannus tyrannus_Eastern Kingbird/XC102967.mp3
train,Tyrannus tyrannus_Eastern Kingbird,../../Datasets/BirdClef/features/Tyrannus tyrannus_Eastern Kingbird/XC177850.npy,../../Datasets/BirdClef/audio/Tyrannus tyrannus_Eastern Kingbird/XC177850.mp3
train,Tyrannus tyrannus_Eastern Kingbird,../../Datasets/BirdClef/features/Tyrannus tyrannus_Eastern Kingbird/XC330235.npy,../../Datasets/BirdClef/audio/Tyrannus tyrannus_Eastern Kingbird/XC330235.mp3
train,Tyrannus verticalis_Western Kingbird,../../Datasets/BirdClef/features/Tyrannus verticalis_Western Kingbird/XC292661.npy,../../Datasets/BirdClef/audio/Tyrannus verticalis_Western Kingbird/XC292661.mp3
train,Tyrannus verticalis_Western Kingbird,../../Datasets/BirdClef/features/Tyrannus verticalis_Western Kingbird/XC305464.npy,../../Datasets/BirdClef/audio/Tyrannus verticalis_Western Kingbird/XC305464.mp3
train,Tyrannus verticalis_Western Kingbird,../../Datasets/BirdClef/features/Tyrannus verticalis_Western Kingbird/XC12126.npy,../../Datasets/BirdClef/audio/Tyrannus verticalis_Western Kingbird/XC12126.mp3
train,Tyrannus verticalis_Western Kingbird,../../Datasets/BirdClef/features/Tyrannus verticalis_Western Kingbird/XC13193.npy,../../Datasets/BirdClef/audio/Tyrannus verticalis_Western Kingbird/XC13193.mp3
train,Tyrannus verticalis_Western Kingbird,../../Datasets/BirdClef/features/Tyrannus verticalis_Western Kingbird/XC89861.npy,../../Datasets/BirdClef/audio/Tyrannus verticalis_Western Kingbird/XC89861.mp3
train,Tyto alba_Barn Owl,../../Datasets/BirdClef/features/Tyto alba_Barn Owl/XC487374.npy,../../Datasets/BirdClef/audio/Tyto alba_Barn Owl/XC487374.mp3
train,Tyto alba_Barn Owl,../../Datasets/BirdClef/features/Tyto alba_Barn Owl/XC345927.npy,../../Datasets/BirdClef/audio/Tyto alba_Barn Owl/XC345927.mp3
train,Tyto alba_Barn Owl,../../Datasets/BirdClef/features/Tyto alba_Barn Owl/XC499053.npy,../../Datasets/BirdClef/audio/Tyto alba_Barn Owl/XC499053.mp3
train,Tyto alba_Barn Owl,../../Datasets/BirdClef/features/Tyto alba_Barn Owl/XC476281.npy,../../Datasets/BirdClef/audio/Tyto alba_Barn Owl/XC476281.mp3
train,Tyto alba_Barn Owl,../../Datasets/BirdClef/features/Tyto alba_Barn Owl/XC343141.npy,../../Datasets/BirdClef/audio/Tyto alba_Barn Owl/XC343141.mp3
train,Vanellus chilensis_Southern Lapwing,../../Datasets/BirdClef/features/Vanellus chilensis_Southern Lapwing/XC131138.npy,../../Datasets/BirdClef/audio/Vanellus chilensis_Southern Lapwing/XC131138.mp3
train,Vanellus chilensis_Southern Lapwing,../../Datasets/BirdClef/features/Vanellus chilensis_Southern Lapwing/XC199139.npy,../../Datasets/BirdClef/audio/Vanellus chilensis_Southern Lapwing/XC199139.mp3
train,Vanellus chilensis_Southern Lapwing,../../Datasets/BirdClef/features/Vanellus chilensis_Southern Lapwing/XC317796.npy,../../Datasets/BirdClef/audio/Vanellus chilensis_Southern Lapwing/XC317796.mp3
train,Vanellus chilensis_Southern Lapwing,../../Datasets/BirdClef/features/Vanellus chilensis_Southern Lapwing/XC450220.npy,../../Datasets/BirdClef/audio/Vanellus chilensis_Southern Lapwing/XC450220.mp3
train,Vanellus chilensis_Southern Lapwing,../../Datasets/BirdClef/features/Vanellus chilensis_Southern Lapwing/XC446953.npy,../../Datasets/BirdClef/audio/Vanellus chilensis_Southern Lapwing/XC446953.mp3
train,Vanellus vanellus_Northern Lapwing,../../Datasets/BirdClef/features/Vanellus vanellus_Northern Lapwing/XC213338.npy,../../Datasets/BirdClef/audio/Vanellus vanellus_Northern Lapwing/XC213338.mp3
train,Vanellus vanellus_Northern Lapwing,../../Datasets/BirdClef/features/Vanellus vanellus_Northern Lapwing/XC505626.npy,../../Datasets/BirdClef/audio/Vanellus vanellus_Northern Lapwing/XC505626.mp3
train,Vanellus vanellus_Northern Lapwing,../../Datasets/BirdClef/features/Vanellus vanellus_Northern Lapwing/XC420938.npy,../../Datasets/BirdClef/audio/Vanellus vanellus_Northern Lapwing/XC420938.mp3
train,Vanellus vanellus_Northern Lapwing,../../Datasets/BirdClef/features/Vanellus vanellus_Northern Lapwing/XC327485.npy,../../Datasets/BirdClef/audio/Vanellus vanellus_Northern Lapwing/XC327485.mp3
train,Vanellus vanellus_Northern Lapwing,../../Datasets/BirdClef/features/Vanellus vanellus_Northern Lapwing/XC67486.npy,../../Datasets/BirdClef/audio/Vanellus vanellus_Northern Lapwing/XC67486.mp3
train,Vermivora cyanoptera_Blue-winged Warbler,../../Datasets/BirdClef/features/Vermivora cyanoptera_Blue-winged Warbler/XC101665.npy,../../Datasets/BirdClef/audio/Vermivora cyanoptera_Blue-winged Warbler/XC101665.mp3
train,Vermivora cyanoptera_Blue-winged Warbler,../../Datasets/BirdClef/features/Vermivora cyanoptera_Blue-winged Warbler/XC243829.npy,../../Datasets/BirdClef/audio/Vermivora cyanoptera_Blue-winged Warbler/XC243829.mp3
train,Vermivora cyanoptera_Blue-winged Warbler,../../Datasets/BirdClef/features/Vermivora cyanoptera_Blue-winged Warbler/XC31312.npy,../../Datasets/BirdClef/audio/Vermivora cyanoptera_Blue-winged Warbler/XC31312.mp3
train,Vermivora cyanoptera_Blue-winged Warbler,../../Datasets/BirdClef/features/Vermivora cyanoptera_Blue-winged Warbler/XC205952.npy,../../Datasets/BirdClef/audio/Vermivora cyanoptera_Blue-winged Warbler/XC205952.mp3
train,Vermivora cyanoptera_Blue-winged Warbler,../../Datasets/BirdClef/features/Vermivora cyanoptera_Blue-winged Warbler/XC31125.npy,../../Datasets/BirdClef/audio/Vermivora cyanoptera_Blue-winged Warbler/XC31125.mp3
train,Vireo cassinii_Cassin's Vireo,../../Datasets/BirdClef/features/Vireo cassinii_Cassin's Vireo/XC41111.npy,../../Datasets/BirdClef/audio/Vireo cassinii_Cassin's Vireo/XC41111.mp3
train,Vireo cassinii_Cassin's Vireo,../../Datasets/BirdClef/features/Vireo cassinii_Cassin's Vireo/XC195839.npy,../../Datasets/BirdClef/audio/Vireo cassinii_Cassin's Vireo/XC195839.mp3
train,Vireo cassinii_Cassin's Vireo,../../Datasets/BirdClef/features/Vireo cassinii_Cassin's Vireo/XC72259.npy,../../Datasets/BirdClef/audio/Vireo cassinii_Cassin's Vireo/XC72259.mp3
train,Vireo cassinii_Cassin's Vireo,../../Datasets/BirdClef/features/Vireo cassinii_Cassin's Vireo/XC72267.npy,../../Datasets/BirdClef/audio/Vireo cassinii_Cassin's Vireo/XC72267.mp3
train,Vireo cassinii_Cassin's Vireo,../../Datasets/BirdClef/features/Vireo cassinii_Cassin's Vireo/XC497917.npy,../../Datasets/BirdClef/audio/Vireo cassinii_Cassin's Vireo/XC497917.mp3
train,Vireo chivi_Chivi Vireo,../../Datasets/BirdClef/features/Vireo chivi_Chivi Vireo/XC2099.npy,../../Datasets/BirdClef/audio/Vireo chivi_Chivi Vireo/XC2099.mp3
train,Vireo chivi_Chivi Vireo,../../Datasets/BirdClef/features/Vireo chivi_Chivi Vireo/XC127175.npy,../../Datasets/BirdClef/audio/Vireo chivi_Chivi Vireo/XC127175.mp3
train,Vireo chivi_Chivi Vireo,../../Datasets/BirdClef/features/Vireo chivi_Chivi Vireo/XC11830.npy,../../Datasets/BirdClef/audio/Vireo chivi_Chivi Vireo/XC11830.mp3
train,Vireo chivi_Chivi Vireo,../../Datasets/BirdClef/features/Vireo chivi_Chivi Vireo/XC205380.npy,../../Datasets/BirdClef/audio/Vireo chivi_Chivi Vireo/XC205380.mp3
train,Vireo chivi_Chivi Vireo,../../Datasets/BirdClef/features/Vireo chivi_Chivi Vireo/XC341350.npy,../../Datasets/BirdClef/audio/Vireo chivi_Chivi Vireo/XC341350.mp3
train,Vireo flavifrons_Yellow-throated Vireo,../../Datasets/BirdClef/features/Vireo flavifrons_Yellow-throated Vireo/XC194427.npy,../../Datasets/BirdClef/audio/Vireo flavifrons_Yellow-throated Vireo/XC194427.mp3
train,Vireo flavifrons_Yellow-throated Vireo,../../Datasets/BirdClef/features/Vireo flavifrons_Yellow-throated Vireo/XC477410.npy,../../Datasets/BirdClef/audio/Vireo flavifrons_Yellow-throated Vireo/XC477410.mp3
train,Vireo flavifrons_Yellow-throated Vireo,../../Datasets/BirdClef/features/Vireo flavifrons_Yellow-throated Vireo/XC368489.npy,../../Datasets/BirdClef/audio/Vireo flavifrons_Yellow-throated Vireo/XC368489.mp3
train,Vireo flavifrons_Yellow-throated Vireo,../../Datasets/BirdClef/features/Vireo flavifrons_Yellow-throated Vireo/XC376747.npy,../../Datasets/BirdClef/audio/Vireo flavifrons_Yellow-throated Vireo/XC376747.mp3
train,Vireo flavifrons_Yellow-throated Vireo,../../Datasets/BirdClef/features/Vireo flavifrons_Yellow-throated Vireo/XC154485.npy,../../Datasets/BirdClef/audio/Vireo flavifrons_Yellow-throated Vireo/XC154485.mp3
train,Vireo flavoviridis_Yellow-green Vireo,../../Datasets/BirdClef/features/Vireo flavoviridis_Yellow-green Vireo/XC77748.npy,../../Datasets/BirdClef/audio/Vireo flavoviridis_Yellow-green Vireo/XC77748.mp3
train,Vireo flavoviridis_Yellow-green Vireo,../../Datasets/BirdClef/features/Vireo flavoviridis_Yellow-green Vireo/XC187803.npy,../../Datasets/BirdClef/audio/Vireo flavoviridis_Yellow-green Vireo/XC187803.mp3
train,Vireo flavoviridis_Yellow-green Vireo,../../Datasets/BirdClef/features/Vireo flavoviridis_Yellow-green Vireo/XC450912.npy,../../Datasets/BirdClef/audio/Vireo flavoviridis_Yellow-green Vireo/XC450912.mp3
train,Vireo flavoviridis_Yellow-green Vireo,../../Datasets/BirdClef/features/Vireo flavoviridis_Yellow-green Vireo/XC332952.npy,../../Datasets/BirdClef/audio/Vireo flavoviridis_Yellow-green Vireo/XC332952.mp3
train,Vireo flavoviridis_Yellow-green Vireo,../../Datasets/BirdClef/features/Vireo flavoviridis_Yellow-green Vireo/XC498138.npy,../../Datasets/BirdClef/audio/Vireo flavoviridis_Yellow-green Vireo/XC498138.mp3
train,Vireo gilvus_Warbling Vireo,../../Datasets/BirdClef/features/Vireo gilvus_Warbling Vireo/XC372858.npy,../../Datasets/BirdClef/audio/Vireo gilvus_Warbling Vireo/XC372858.mp3
train,Vireo gilvus_Warbling Vireo,../../Datasets/BirdClef/features/Vireo gilvus_Warbling Vireo/XC415056.npy,../../Datasets/BirdClef/audio/Vireo gilvus_Warbling Vireo/XC415056.mp3
train,Vireo gilvus_Warbling Vireo,../../Datasets/BirdClef/features/Vireo gilvus_Warbling Vireo/XC102969.npy,../../Datasets/BirdClef/audio/Vireo gilvus_Warbling Vireo/XC102969.mp3
train,Vireo gilvus_Warbling Vireo,../../Datasets/BirdClef/features/Vireo gilvus_Warbling Vireo/XC31132.npy,../../Datasets/BirdClef/audio/Vireo gilvus_Warbling Vireo/XC31132.mp3
train,Vireo gilvus_Warbling Vireo,../../Datasets/BirdClef/features/Vireo gilvus_Warbling Vireo/XC105676.npy,../../Datasets/BirdClef/audio/Vireo gilvus_Warbling Vireo/XC105676.mp3
train,Vireo olivaceus_Red-eyed Vireo,../../Datasets/BirdClef/features/Vireo olivaceus_Red-eyed Vireo/XC375055.npy,../../Datasets/BirdClef/audio/Vireo olivaceus_Red-eyed Vireo/XC375055.mp3
train,Vireo olivaceus_Red-eyed Vireo,../../Datasets/BirdClef/features/Vireo olivaceus_Red-eyed Vireo/XC246974.npy,../../Datasets/BirdClef/audio/Vireo olivaceus_Red-eyed Vireo/XC246974.mp3
train,Vireo olivaceus_Red-eyed Vireo,../../Datasets/BirdClef/features/Vireo olivaceus_Red-eyed Vireo/XC144025.npy,../../Datasets/BirdClef/audio/Vireo olivaceus_Red-eyed Vireo/XC144025.mp3
train,Vireo olivaceus_Red-eyed Vireo,../../Datasets/BirdClef/features/Vireo olivaceus_Red-eyed Vireo/XC375051.npy,../../Datasets/BirdClef/audio/Vireo olivaceus_Red-eyed Vireo/XC375051.mp3
train,Vireo olivaceus_Red-eyed Vireo,../../Datasets/BirdClef/features/Vireo olivaceus_Red-eyed Vireo/XC145841.npy,../../Datasets/BirdClef/audio/Vireo olivaceus_Red-eyed Vireo/XC145841.mp3
train,Vireo plumbeus_Plumbeous Vireo,../../Datasets/BirdClef/features/Vireo plumbeus_Plumbeous Vireo/XC21768.npy,../../Datasets/BirdClef/audio/Vireo plumbeus_Plumbeous Vireo/XC21768.mp3
train,Vireo plumbeus_Plumbeous Vireo,../../Datasets/BirdClef/features/Vireo plumbeus_Plumbeous Vireo/XC483013.npy,../../Datasets/BirdClef/audio/Vireo plumbeus_Plumbeous Vireo/XC483013.mp3
train,Vireo plumbeus_Plumbeous Vireo,../../Datasets/BirdClef/features/Vireo plumbeus_Plumbeous Vireo/XC318953.npy,../../Datasets/BirdClef/audio/Vireo plumbeus_Plumbeous Vireo/XC318953.mp3
train,Vireo plumbeus_Plumbeous Vireo,../../Datasets/BirdClef/features/Vireo plumbeus_Plumbeous Vireo/XC48193.npy,../../Datasets/BirdClef/audio/Vireo plumbeus_Plumbeous Vireo/XC48193.mp3
train,Vireo plumbeus_Plumbeous Vireo,../../Datasets/BirdClef/features/Vireo plumbeus_Plumbeous Vireo/XC384914.npy,../../Datasets/BirdClef/audio/Vireo plumbeus_Plumbeous Vireo/XC384914.mp3
train,Vireo solitarius_Blue-headed Vireo,../../Datasets/BirdClef/features/Vireo solitarius_Blue-headed Vireo/XC253812.npy,../../Datasets/BirdClef/audio/Vireo solitarius_Blue-headed Vireo/XC253812.mp3
train,Vireo solitarius_Blue-headed Vireo,../../Datasets/BirdClef/features/Vireo solitarius_Blue-headed Vireo/XC391436.npy,../../Datasets/BirdClef/audio/Vireo solitarius_Blue-headed Vireo/XC391436.mp3
train,Vireo solitarius_Blue-headed Vireo,../../Datasets/BirdClef/features/Vireo solitarius_Blue-headed Vireo/XC367004.npy,../../Datasets/BirdClef/audio/Vireo solitarius_Blue-headed Vireo/XC367004.mp3
train,Vireo solitarius_Blue-headed Vireo,../../Datasets/BirdClef/features/Vireo solitarius_Blue-headed Vireo/XC469328.npy,../../Datasets/BirdClef/audio/Vireo solitarius_Blue-headed Vireo/XC469328.mp3
train,Vireo solitarius_Blue-headed Vireo,../../Datasets/BirdClef/features/Vireo solitarius_Blue-headed Vireo/XC101957.npy,../../Datasets/BirdClef/audio/Vireo solitarius_Blue-headed Vireo/XC101957.mp3
train,Vireolanius leucotis_Slaty-capped Shrike-Vireo,../../Datasets/BirdClef/features/Vireolanius leucotis_Slaty-capped Shrike-Vireo/XC388371.npy,../../Datasets/BirdClef/audio/Vireolanius leucotis_Slaty-capped Shrike-Vireo/XC388371.mp3
train,Vireolanius leucotis_Slaty-capped Shrike-Vireo,../../Datasets/BirdClef/features/Vireolanius leucotis_Slaty-capped Shrike-Vireo/XC108604.npy,../../Datasets/BirdClef/audio/Vireolanius leucotis_Slaty-capped Shrike-Vireo/XC108604.mp3
train,Vireolanius leucotis_Slaty-capped Shrike-Vireo,../../Datasets/BirdClef/features/Vireolanius leucotis_Slaty-capped Shrike-Vireo/XC171026.npy,../../Datasets/BirdClef/audio/Vireolanius leucotis_Slaty-capped Shrike-Vireo/XC171026.mp3
train,Vireolanius leucotis_Slaty-capped Shrike-Vireo,../../Datasets/BirdClef/features/Vireolanius leucotis_Slaty-capped Shrike-Vireo/XC64369.npy,../../Datasets/BirdClef/audio/Vireolanius leucotis_Slaty-capped Shrike-Vireo/XC64369.mp3
train,Vireolanius leucotis_Slaty-capped Shrike-Vireo,../../Datasets/BirdClef/features/Vireolanius leucotis_Slaty-capped Shrike-Vireo/XC61401.npy,../../Datasets/BirdClef/audio/Vireolanius leucotis_Slaty-capped Shrike-Vireo/XC61401.mp3
train,Volatinia jacarina_Blue-black Grassquit,../../Datasets/BirdClef/features/Volatinia jacarina_Blue-black Grassquit/XC232232.npy,../../Datasets/BirdClef/audio/Volatinia jacarina_Blue-black Grassquit/XC232232.mp3
train,Volatinia jacarina_Blue-black Grassquit,../../Datasets/BirdClef/features/Volatinia jacarina_Blue-black Grassquit/XC347872.npy,../../Datasets/BirdClef/audio/Volatinia jacarina_Blue-black Grassquit/XC347872.mp3
train,Volatinia jacarina_Blue-black Grassquit,../../Datasets/BirdClef/features/Volatinia jacarina_Blue-black Grassquit/XC259827.npy,../../Datasets/BirdClef/audio/Volatinia jacarina_Blue-black Grassquit/XC259827.mp3
train,Volatinia jacarina_Blue-black Grassquit,../../Datasets/BirdClef/features/Volatinia jacarina_Blue-black Grassquit/XC32428.npy,../../Datasets/BirdClef/audio/Volatinia jacarina_Blue-black Grassquit/XC32428.mp3
train,Volatinia jacarina_Blue-black Grassquit,../../Datasets/BirdClef/features/Volatinia jacarina_Blue-black Grassquit/XC374926.npy,../../Datasets/BirdClef/audio/Volatinia jacarina_Blue-black Grassquit/XC374926.mp3
train,Willisornis poecilinotus_Common Scale-backed Antbird,../../Datasets/BirdClef/features/Willisornis poecilinotus_Common Scale-backed Antbird/XC486898.npy,../../Datasets/BirdClef/audio/Willisornis poecilinotus_Common Scale-backed Antbird/XC486898.mp3
train,Willisornis poecilinotus_Common Scale-backed Antbird,../../Datasets/BirdClef/features/Willisornis poecilinotus_Common Scale-backed Antbird/XC437949.npy,../../Datasets/BirdClef/audio/Willisornis poecilinotus_Common Scale-backed Antbird/XC437949.mp3
train,Willisornis poecilinotus_Common Scale-backed Antbird,../../Datasets/BirdClef/features/Willisornis poecilinotus_Common Scale-backed Antbird/XC232243.npy,../../Datasets/BirdClef/audio/Willisornis poecilinotus_Common Scale-backed Antbird/XC232243.mp3
train,Willisornis poecilinotus_Common Scale-backed Antbird,../../Datasets/BirdClef/features/Willisornis poecilinotus_Common Scale-backed Antbird/XC475779.npy,../../Datasets/BirdClef/audio/Willisornis poecilinotus_Common Scale-backed Antbird/XC475779.mp3
train,Willisornis poecilinotus_Common Scale-backed Antbird,../../Datasets/BirdClef/features/Willisornis poecilinotus_Common Scale-backed Antbird/XC203196.npy,../../Datasets/BirdClef/audio/Willisornis poecilinotus_Common Scale-backed Antbird/XC203196.mp3
train,Xanthocephalus xanthocephalus_Yellow-headed Blackbird,../../Datasets/BirdClef/features/Xanthocephalus xanthocephalus_Yellow-headed Blackbird/XC185516.npy,../../Datasets/BirdClef/audio/Xanthocephalus xanthocephalus_Yellow-headed Blackbird/XC185516.mp3
train,Xanthocephalus xanthocephalus_Yellow-headed Blackbird,../../Datasets/BirdClef/features/Xanthocephalus xanthocephalus_Yellow-headed Blackbird/XC160333.npy,../../Datasets/BirdClef/audio/Xanthocephalus xanthocephalus_Yellow-headed Blackbird/XC160333.mp3
train,Xanthocephalus xanthocephalus_Yellow-headed Blackbird,../../Datasets/BirdClef/features/Xanthocephalus xanthocephalus_Yellow-headed Blackbird/XC160503.npy,../../Datasets/BirdClef/audio/Xanthocephalus xanthocephalus_Yellow-headed Blackbird/XC160503.mp3
train,Xanthocephalus xanthocephalus_Yellow-headed Blackbird,../../Datasets/BirdClef/features/Xanthocephalus xanthocephalus_Yellow-headed Blackbird/XC479947.npy,../../Datasets/BirdClef/audio/Xanthocephalus xanthocephalus_Yellow-headed Blackbird/XC479947.mp3
train,Xanthocephalus xanthocephalus_Yellow-headed Blackbird,../../Datasets/BirdClef/features/Xanthocephalus xanthocephalus_Yellow-headed Blackbird/XC153745.npy,../../Datasets/BirdClef/audio/Xanthocephalus xanthocephalus_Yellow-headed Blackbird/XC153745.mp3
train,Xenops minutus_Plain Xenops,../../Datasets/BirdClef/features/Xenops minutus_Plain Xenops/XC282029.npy,../../Datasets/BirdClef/audio/Xenops minutus_Plain Xenops/XC282029.mp3
train,Xenops minutus_Plain Xenops,../../Datasets/BirdClef/features/Xenops minutus_Plain Xenops/XC55155.npy,../../Datasets/BirdClef/audio/Xenops minutus_Plain Xenops/XC55155.mp3
train,Xenops minutus_Plain Xenops,../../Datasets/BirdClef/features/Xenops minutus_Plain Xenops/XC400075.npy,../../Datasets/BirdClef/audio/Xenops minutus_Plain Xenops/XC400075.mp3
train,Xenops minutus_Plain Xenops,../../Datasets/BirdClef/features/Xenops minutus_Plain Xenops/XC263383.npy,../../Datasets/BirdClef/audio/Xenops minutus_Plain Xenops/XC263383.mp3
train,Xenops minutus_Plain Xenops,../../Datasets/BirdClef/features/Xenops minutus_Plain Xenops/XC279649.npy,../../Datasets/BirdClef/audio/Xenops minutus_Plain Xenops/XC279649.mp3
train,Xenops rutilans_Streaked Xenops,../../Datasets/BirdClef/features/Xenops rutilans_Streaked Xenops/XC223883.npy,../../Datasets/BirdClef/audio/Xenops rutilans_Streaked Xenops/XC223883.mp3
train,Xenops rutilans_Streaked Xenops,../../Datasets/BirdClef/features/Xenops rutilans_Streaked Xenops/XC342280.npy,../../Datasets/BirdClef/audio/Xenops rutilans_Streaked Xenops/XC342280.mp3
train,Xenops rutilans_Streaked Xenops,../../Datasets/BirdClef/features/Xenops rutilans_Streaked Xenops/XC260705.npy,../../Datasets/BirdClef/audio/Xenops rutilans_Streaked Xenops/XC260705.mp3
train,Xenops rutilans_Streaked Xenops,../../Datasets/BirdClef/features/Xenops rutilans_Streaked Xenops/XC174032.npy,../../Datasets/BirdClef/audio/Xenops rutilans_Streaked Xenops/XC174032.mp3
train,Xenops rutilans_Streaked Xenops,../../Datasets/BirdClef/features/Xenops rutilans_Streaked Xenops/XC302175.npy,../../Datasets/BirdClef/audio/Xenops rutilans_Streaked Xenops/XC302175.mp3
train,Xiphocolaptes promeropirhynchus_Strong-billed Woodcreeper,../../Datasets/BirdClef/features/Xiphocolaptes promeropirhynchus_Strong-billed Woodcreeper/XC301250.npy,../../Datasets/BirdClef/audio/Xiphocolaptes promeropirhynchus_Strong-billed Woodcreeper/XC301250.mp3
train,Xiphocolaptes promeropirhynchus_Strong-billed Woodcreeper,../../Datasets/BirdClef/features/Xiphocolaptes promeropirhynchus_Strong-billed Woodcreeper/XC101679.npy,../../Datasets/BirdClef/audio/Xiphocolaptes promeropirhynchus_Strong-billed Woodcreeper/XC101679.mp3
train,Xiphocolaptes promeropirhynchus_Strong-billed Woodcreeper,../../Datasets/BirdClef/features/Xiphocolaptes promeropirhynchus_Strong-billed Woodcreeper/XC251775.npy,../../Datasets/BirdClef/audio/Xiphocolaptes promeropirhynchus_Strong-billed Woodcreeper/XC251775.mp3
train,Xiphocolaptes promeropirhynchus_Strong-billed Woodcreeper,../../Datasets/BirdClef/features/Xiphocolaptes promeropirhynchus_Strong-billed Woodcreeper/XC47978.npy,../../Datasets/BirdClef/audio/Xiphocolaptes promeropirhynchus_Strong-billed Woodcreeper/XC47978.mp3
train,Xiphocolaptes promeropirhynchus_Strong-billed Woodcreeper,../../Datasets/BirdClef/features/Xiphocolaptes promeropirhynchus_Strong-billed Woodcreeper/XC8253.npy,../../Datasets/BirdClef/audio/Xiphocolaptes promeropirhynchus_Strong-billed Woodcreeper/XC8253.mp3
train,Xiphorhynchus elegans_Elegant Woodcreeper,../../Datasets/BirdClef/features/Xiphorhynchus elegans_Elegant Woodcreeper/XC489412.npy,../../Datasets/BirdClef/audio/Xiphorhynchus elegans_Elegant Woodcreeper/XC489412.mp3
train,Xiphorhynchus elegans_Elegant Woodcreeper,../../Datasets/BirdClef/features/Xiphorhynchus elegans_Elegant Woodcreeper/XC158859.npy,../../Datasets/BirdClef/audio/Xiphorhynchus elegans_Elegant Woodcreeper/XC158859.mp3
train,Xiphorhynchus elegans_Elegant Woodcreeper,../../Datasets/BirdClef/features/Xiphorhynchus elegans_Elegant Woodcreeper/XC205666.npy,../../Datasets/BirdClef/audio/Xiphorhynchus elegans_Elegant Woodcreeper/XC205666.mp3
train,Xiphorhynchus elegans_Elegant Woodcreeper,../../Datasets/BirdClef/features/Xiphorhynchus elegans_Elegant Woodcreeper/XC249864.npy,../../Datasets/BirdClef/audio/Xiphorhynchus elegans_Elegant Woodcreeper/XC249864.mp3
train,Xiphorhynchus elegans_Elegant Woodcreeper,../../Datasets/BirdClef/features/Xiphorhynchus elegans_Elegant Woodcreeper/XC91275.npy,../../Datasets/BirdClef/audio/Xiphorhynchus elegans_Elegant Woodcreeper/XC91275.mp3
train,Xiphorhynchus guttatus_Buff-throated Woodcreeper,../../Datasets/BirdClef/features/Xiphorhynchus guttatus_Buff-throated Woodcreeper/XC305391.npy,../../Datasets/BirdClef/audio/Xiphorhynchus guttatus_Buff-throated Woodcreeper/XC305391.mp3
train,Xiphorhynchus guttatus_Buff-throated Woodcreeper,../../Datasets/BirdClef/features/Xiphorhynchus guttatus_Buff-throated Woodcreeper/XC91433.npy,../../Datasets/BirdClef/audio/Xiphorhynchus guttatus_Buff-throated Woodcreeper/XC91433.mp3
train,Xiphorhynchus guttatus_Buff-throated Woodcreeper,../../Datasets/BirdClef/features/Xiphorhynchus guttatus_Buff-throated Woodcreeper/XC1756.npy,../../Datasets/BirdClef/audio/Xiphorhynchus guttatus_Buff-throated Woodcreeper/XC1756.mp3
train,Xiphorhynchus guttatus_Buff-throated Woodcreeper,../../Datasets/BirdClef/features/Xiphorhynchus guttatus_Buff-throated Woodcreeper/XC403810.npy,../../Datasets/BirdClef/audio/Xiphorhynchus guttatus_Buff-throated Woodcreeper/XC403810.mp3
train,Xiphorhynchus guttatus_Buff-throated Woodcreeper,../../Datasets/BirdClef/features/Xiphorhynchus guttatus_Buff-throated Woodcreeper/XC258305.npy,../../Datasets/BirdClef/audio/Xiphorhynchus guttatus_Buff-throated Woodcreeper/XC258305.mp3
train,Xiphorhynchus obsoletus_Striped Woodcreeper,../../Datasets/BirdClef/features/Xiphorhynchus obsoletus_Striped Woodcreeper/XC440965.npy,../../Datasets/BirdClef/audio/Xiphorhynchus obsoletus_Striped Woodcreeper/XC440965.mp3
train,Xiphorhynchus obsoletus_Striped Woodcreeper,../../Datasets/BirdClef/features/Xiphorhynchus obsoletus_Striped Woodcreeper/XC232441.npy,../../Datasets/BirdClef/audio/Xiphorhynchus obsoletus_Striped Woodcreeper/XC232441.mp3
train,Xiphorhynchus obsoletus_Striped Woodcreeper,../../Datasets/BirdClef/features/Xiphorhynchus obsoletus_Striped Woodcreeper/XC477068.npy,../../Datasets/BirdClef/audio/Xiphorhynchus obsoletus_Striped Woodcreeper/XC477068.mp3
train,Xiphorhynchus obsoletus_Striped Woodcreeper,../../Datasets/BirdClef/features/Xiphorhynchus obsoletus_Striped Woodcreeper/XC258297.npy,../../Datasets/BirdClef/audio/Xiphorhynchus obsoletus_Striped Woodcreeper/XC258297.mp3
train,Xiphorhynchus obsoletus_Striped Woodcreeper,../../Datasets/BirdClef/features/Xiphorhynchus obsoletus_Striped Woodcreeper/XC232439.npy,../../Datasets/BirdClef/audio/Xiphorhynchus obsoletus_Striped Woodcreeper/XC232439.mp3
train,Zebrilus undulatus_Zigzag Heron,../../Datasets/BirdClef/features/Zebrilus undulatus_Zigzag Heron/XC257296.npy,../../Datasets/BirdClef/audio/Zebrilus undulatus_Zigzag Heron/XC257296.mp3
train,Zebrilus undulatus_Zigzag Heron,../../Datasets/BirdClef/features/Zebrilus undulatus_Zigzag Heron/XC119578.npy,../../Datasets/BirdClef/audio/Zebrilus undulatus_Zigzag Heron/XC119578.mp3
train,Zebrilus undulatus_Zigzag Heron,../../Datasets/BirdClef/features/Zebrilus undulatus_Zigzag Heron/XC232534.npy,../../Datasets/BirdClef/audio/Zebrilus undulatus_Zigzag Heron/XC232534.mp3
train,Zebrilus undulatus_Zigzag Heron,../../Datasets/BirdClef/features/Zebrilus undulatus_Zigzag Heron/XC333408.npy,../../Datasets/BirdClef/audio/Zebrilus undulatus_Zigzag Heron/XC333408.mp3
train,Zebrilus undulatus_Zigzag Heron,../../Datasets/BirdClef/features/Zebrilus undulatus_Zigzag Heron/XC232537.npy,../../Datasets/BirdClef/audio/Zebrilus undulatus_Zigzag Heron/XC232537.mp3
train,Zenaida macroura_Mourning Dove,../../Datasets/BirdClef/features/Zenaida macroura_Mourning Dove/XC1157.npy,../../Datasets/BirdClef/audio/Zenaida macroura_Mourning Dove/XC1157.mp3
train,Zenaida macroura_Mourning Dove,../../Datasets/BirdClef/features/Zenaida macroura_Mourning Dove/XC160290.npy,../../Datasets/BirdClef/audio/Zenaida macroura_Mourning Dove/XC160290.mp3
train,Zenaida macroura_Mourning Dove,../../Datasets/BirdClef/features/Zenaida macroura_Mourning Dove/XC391151.npy,../../Datasets/BirdClef/audio/Zenaida macroura_Mourning Dove/XC391151.mp3
train,Zenaida macroura_Mourning Dove,../../Datasets/BirdClef/features/Zenaida macroura_Mourning Dove/XC179721.npy,../../Datasets/BirdClef/audio/Zenaida macroura_Mourning Dove/XC179721.mp3
train,Zenaida macroura_Mourning Dove,../../Datasets/BirdClef/features/Zenaida macroura_Mourning Dove/XC14872.npy,../../Datasets/BirdClef/audio/Zenaida macroura_Mourning Dove/XC14872.mp3
train,Zimmerius gracilipes_Slender-footed Tyrannulet,../../Datasets/BirdClef/features/Zimmerius gracilipes_Slender-footed Tyrannulet/XC81851.npy,../../Datasets/BirdClef/audio/Zimmerius gracilipes_Slender-footed Tyrannulet/XC81851.mp3
train,Zimmerius gracilipes_Slender-footed Tyrannulet,../../Datasets/BirdClef/features/Zimmerius gracilipes_Slender-footed Tyrannulet/XC258670.npy,../../Datasets/BirdClef/audio/Zimmerius gracilipes_Slender-footed Tyrannulet/XC258670.mp3
train,Zimmerius gracilipes_Slender-footed Tyrannulet,../../Datasets/BirdClef/features/Zimmerius gracilipes_Slender-footed Tyrannulet/XC482137.npy,../../Datasets/BirdClef/audio/Zimmerius gracilipes_Slender-footed Tyrannulet/XC482137.mp3
train,Zimmerius gracilipes_Slender-footed Tyrannulet,../../Datasets/BirdClef/features/Zimmerius gracilipes_Slender-footed Tyrannulet/XC264660.npy,../../Datasets/BirdClef/audio/Zimmerius gracilipes_Slender-footed Tyrannulet/XC264660.mp3
train,Zimmerius gracilipes_Slender-footed Tyrannulet,../../Datasets/BirdClef/features/Zimmerius gracilipes_Slender-footed Tyrannulet/XC232588.npy,../../Datasets/BirdClef/audio/Zimmerius gracilipes_Slender-footed Tyrannulet/XC232588.mp3
train,Zonotrichia albicollis_White-throated Sparrow,../../Datasets/BirdClef/features/Zonotrichia albicollis_White-throated Sparrow/XC290098.npy,../../Datasets/BirdClef/audio/Zonotrichia albicollis_White-throated Sparrow/XC290098.mp3
train,Zonotrichia albicollis_White-throated Sparrow,../../Datasets/BirdClef/features/Zonotrichia albicollis_White-throated Sparrow/XC373304.npy,../../Datasets/BirdClef/audio/Zonotrichia albicollis_White-throated Sparrow/XC373304.mp3
train,Zonotrichia albicollis_White-throated Sparrow,../../Datasets/BirdClef/features/Zonotrichia albicollis_White-throated Sparrow/XC340725.npy,../../Datasets/BirdClef/audio/Zonotrichia albicollis_White-throated Sparrow/XC340725.mp3
train,Zonotrichia albicollis_White-throated Sparrow,../../Datasets/BirdClef/features/Zonotrichia albicollis_White-throated Sparrow/XC191897.npy,../../Datasets/BirdClef/audio/Zonotrichia albicollis_White-throated Sparrow/XC191897.mp3
train,Zonotrichia albicollis_White-throated Sparrow,../../Datasets/BirdClef/features/Zonotrichia albicollis_White-throated Sparrow/XC1397.npy,../../Datasets/BirdClef/audio/Zonotrichia albicollis_White-throated Sparrow/XC1397.mp3
train,Zonotrichia atricapilla_Golden-crowned Sparrow,../../Datasets/BirdClef/features/Zonotrichia atricapilla_Golden-crowned Sparrow/XC192829.npy,../../Datasets/BirdClef/audio/Zonotrichia atricapilla_Golden-crowned Sparrow/XC192829.mp3
train,Zonotrichia atricapilla_Golden-crowned Sparrow,../../Datasets/BirdClef/features/Zonotrichia atricapilla_Golden-crowned Sparrow/XC157585.npy,../../Datasets/BirdClef/audio/Zonotrichia atricapilla_Golden-crowned Sparrow/XC157585.mp3
train,Zonotrichia atricapilla_Golden-crowned Sparrow,../../Datasets/BirdClef/features/Zonotrichia atricapilla_Golden-crowned Sparrow/XC157682.npy,../../Datasets/BirdClef/audio/Zonotrichia atricapilla_Golden-crowned Sparrow/XC157682.mp3
train,Zonotrichia atricapilla_Golden-crowned Sparrow,../../Datasets/BirdClef/features/Zonotrichia atricapilla_Golden-crowned Sparrow/XC448841.npy,../../Datasets/BirdClef/audio/Zonotrichia atricapilla_Golden-crowned Sparrow/XC448841.mp3
train,Zonotrichia atricapilla_Golden-crowned Sparrow,../../Datasets/BirdClef/features/Zonotrichia atricapilla_Golden-crowned Sparrow/XC431962.npy,../../Datasets/BirdClef/audio/Zonotrichia atricapilla_Golden-crowned Sparrow/XC431962.mp3
train,Zonotrichia leucophrys_White-crowned Sparrow,../../Datasets/BirdClef/features/Zonotrichia leucophrys_White-crowned Sparrow/XC111748.npy,../../Datasets/BirdClef/audio/Zonotrichia leucophrys_White-crowned Sparrow/XC111748.mp3
train,Zonotrichia leucophrys_White-crowned Sparrow,../../Datasets/BirdClef/features/Zonotrichia leucophrys_White-crowned Sparrow/XC156524.npy,../../Datasets/BirdClef/audio/Zonotrichia leucophrys_White-crowned Sparrow/XC156524.mp3
train,Zonotrichia leucophrys_White-crowned Sparrow,../../Datasets/BirdClef/features/Zonotrichia leucophrys_White-crowned Sparrow/XC14294.npy,../../Datasets/BirdClef/audio/Zonotrichia leucophrys_White-crowned Sparrow/XC14294.mp3
train,Zonotrichia leucophrys_White-crowned Sparrow,../../Datasets/BirdClef/features/Zonotrichia leucophrys_White-crowned Sparrow/XC206129.npy,../../Datasets/BirdClef/audio/Zonotrichia leucophrys_White-crowned Sparrow/XC206129.mp3
train,Zonotrichia leucophrys_White-crowned Sparrow,../../Datasets/BirdClef/features/Zonotrichia leucophrys_White-crowned Sparrow/XC302250.npy,../../Datasets/BirdClef/audio/Zonotrichia leucophrys_White-crowned Sparrow/XC302250.mp3
