split,class_name,npy_path,wav_path
train,Acanthis flammea_Common Redpoll,../../Datasets/BirdClef/features/Acanthis flammea_Common Redpoll/XC388931.npy,../../Datasets/BirdClef/audio/Acanthis flammea_Common Redpoll/XC388931.mp3
train,Accipiter cooperii_Cooper's Hawk,../../Datasets/BirdClef/features/Accipiter cooperii_Cooper's Hawk/XC54303.npy,../../Datasets/BirdClef/audio/Accipiter cooperii_Cooper's Hawk/XC54303.mp3
train,Accipiter gentilis_Northern Goshawk,../../Datasets/BirdClef/features/Accipiter gentilis_Northern Goshawk/XC429760.npy,../../Datasets/BirdClef/audio/Accipiter gentilis_Northern Goshawk/XC429760.mp3
train,Accipiter nisus_Eurasian Sparrowhawk,../../Datasets/BirdClef/features/Accipiter nisus_Eurasian Sparrowhawk/XC152350.npy,../../Datasets/BirdClef/audio/Accipiter nisus_Eurasian Sparrowhawk/XC152350.mp3
train,Acrocephalus arundinaceus_Great Reed Warbler,../../Datasets/BirdClef/features/Acrocephalus arundinaceus_Great Reed Warbler/XC247482.npy,../../Datasets/BirdClef/audio/Acrocephalus arundinaceus_Great Reed Warbler/XC247482.mp3
train,Acrocephalus scirpaceus_Eurasian Reed Warbler,../../Datasets/BirdClef/features/Acrocephalus scirpaceus_Eurasian Reed Warbler/XC347284.npy,../../Datasets/BirdClef/audio/Acrocephalus scirpaceus_Eurasian Reed Warbler/XC347284.mp3
train,Actitis hypoleucos_Common Sandpiper,../../Datasets/BirdClef/features/Actitis hypoleucos_Common Sandpiper/XC281130.npy,../../Datasets/BirdClef/audio/Actitis hypoleucos_Common Sandpiper/XC281130.mp3
train,Actitis macularius_Spotted Sandpiper,../../Datasets/BirdClef/features/Actitis macularius_Spotted Sandpiper/XC53495.npy,../../Datasets/BirdClef/audio/Actitis macularius_Spotted Sandpiper/XC53495.mp3
train,Aegithalos caudatus_Long-tailed Tit,../../Datasets/BirdClef/features/Aegithalos caudatus_Long-tailed Tit/XC215028.npy,../../Datasets/BirdClef/audio/Aegithalos caudatus_Long-tailed Tit/XC215028.mp3
train,Agelaius phoeniceus_Red-winged Blackbird,../../Datasets/BirdClef/features/Agelaius phoeniceus_Red-winged Blackbird/XC468997.npy,../../Datasets/BirdClef/audio/Agelaius phoeniceus_Red-winged Blackbird/XC468997.mp3
train,Aix galericulata_Mandarin Duck,../../Datasets/BirdClef/features/Aix galericulata_Mandarin Duck/XC357999.npy,../../Datasets/BirdClef/audio/Aix galericulata_Mandarin Duck/XC357999.mp3
train,Aix sponsa_Wood Duck,../../Datasets/BirdClef/features/Aix sponsa_Wood Duck/XC174542.npy,../../Datasets/BirdClef/audio/Aix sponsa_Wood Duck/XC174542.mp3
train,Akletos goeldii_Goeldi's Antbird,../../Datasets/BirdClef/features/Akletos goeldii_Goeldi's Antbird/XC11792.npy,../../Datasets/BirdClef/audio/Akletos goeldii_Goeldi's Antbird/XC11792.mp3
train,Alauda arvensis_Eurasian Skylark,../../Datasets/BirdClef/features/Alauda arvensis_Eurasian Skylark/XC199763.npy,../../Datasets/BirdClef/audio/Alauda arvensis_Eurasian Skylark/XC199763.mp3
train,Alcedo atthis_Common Kingfisher,../../Datasets/BirdClef/features/Alcedo atthis_Common Kingfisher/XC166122.npy,../../Datasets/BirdClef/audio/Alcedo atthis_Common Kingfisher/XC166122.mp3
train,Alopochen aegyptiaca_Egyptian Goose,../../Datasets/BirdClef/features/Alopochen aegyptiaca_Egyptian Goose/XC281831.npy,../../Datasets/BirdClef/audio/Alopochen aegyptiaca_Egyptian Goose/XC281831.mp3
train,Amazona farinosa_Mealy Parrot,../../Datasets/BirdClef/features/Amazona farinosa_Mealy Parrot/XC205971.npy,../../Datasets/BirdClef/audio/Amazona farinosa_Mealy Parrot/XC205971.mp3
train,Amazona ochrocephala_Yellow-crowned Parrot,../../Datasets/BirdClef/features/Amazona ochrocephala_Yellow-crowned Parrot/XC237959.npy,../../Datasets/BirdClef/audio/Amazona ochrocephala_Yellow-crowned Parrot/XC237959.mp3
train,Ammodramus aurifrons_Yellow-browed Sparrow,../../Datasets/BirdClef/features/Ammodramus aurifrons_Yellow-browed Sparrow/XC427062.npy,../../Datasets/BirdClef/audio/Ammodramus aurifrons_Yellow-browed Sparrow/XC427062.mp3
train,Ammodramus humeralis_Grassland Sparrow,../../Datasets/BirdClef/features/Ammodramus humeralis_Grassland Sparrow/XC7445.npy,../../Datasets/BirdClef/audio/Ammodramus humeralis_Grassland Sparrow/XC7445.mp3
train,Amphispiza bilineata_Black-throated Sparrow,../../Datasets/BirdClef/features/Amphispiza bilineata_Black-throated Sparrow/XC111307.npy,../../Datasets/BirdClef/audio/Amphispiza bilineata_Black-throated Sparrow/XC111307.mp3
train,Anas acuta_Northern Pintail,../../Datasets/BirdClef/features/Anas acuta_Northern Pintail/XC104580.npy,../../Datasets/BirdClef/audio/Anas acuta_Northern Pintail/XC104580.mp3
train,Anas crecca_Green-winged Teal,../../Datasets/BirdClef/features/Anas crecca_Green-winged Teal/XC356387.npy,../../Datasets/BirdClef/audio/Anas crecca_Green-winged Teal/XC356387.mp3
train,Anas platyrhynchos_Mallard,../../Datasets/BirdClef/features/Anas platyrhynchos_Mallard/XC252165.npy,../../Datasets/BirdClef/audio/Anas platyrhynchos_Mallard/XC252165.mp3
train,Anhima cornuta_Horned Screamer,../../Datasets/BirdClef/features/Anhima cornuta_Horned Screamer/XC49682.npy,../../Datasets/BirdClef/audio/Anhima cornuta_Horned Screamer/XC49682.mp3
train,Anser albifrons_Greater White-fronted Goose,../../Datasets/BirdClef/features/Anser albifrons_Greater White-fronted Goose/XC424444.npy,../../Datasets/BirdClef/audio/Anser albifrons_Greater White-fronted Goose/XC424444.mp3
train,Anser anser_Graylag Goose,../../Datasets/BirdClef/features/Anser anser_Graylag Goose/XC149169.npy,../../Datasets/BirdClef/audio/Anser anser_Graylag Goose/XC149169.mp3
train,Anser caerulescens_Snow Goose,../../Datasets/BirdClef/features/Anser caerulescens_Snow Goose/XC357944.npy,../../Datasets/BirdClef/audio/Anser caerulescens_Snow Goose/XC357944.mp3
train,Anthus pratensis_Meadow Pipit,../../Datasets/BirdClef/features/Anthus pratensis_Meadow Pipit/XC180270.npy,../../Datasets/BirdClef/audio/Anthus pratensis_Meadow Pipit/XC180270.mp3
train,Anthus rubescens_American Pipit,../../Datasets/BirdClef/features/Anthus rubescens_American Pipit/XC144540.npy,../../Datasets/BirdClef/audio/Anthus rubescens_American Pipit/XC144540.mp3
train,Anthus trivialis_Tree Pipit,../../Datasets/BirdClef/features/Anthus trivialis_Tree Pipit/XC329728.npy,../../Datasets/BirdClef/audio/Anthus trivialis_Tree Pipit/XC329728.mp3
train,Anurolimnas castaneiceps_Chestnut-headed Crake,../../Datasets/BirdClef/features/Anurolimnas castaneiceps_Chestnut-headed Crake/XC270594.npy,../../Datasets/BirdClef/audio/Anurolimnas castaneiceps_Chestnut-headed Crake/XC270594.mp3
train,Aphelocoma californica_California Scrub-Jay,../../Datasets/BirdClef/features/Aphelocoma californica_California Scrub-Jay/XC348775.npy,../../Datasets/BirdClef/audio/Aphelocoma californica_California Scrub-Jay/XC348775.mp3
train,Aphelocoma woodhouseii_Woodhouse's Scrub-Jay,../../Datasets/BirdClef/features/Aphelocoma woodhouseii_Woodhouse's Scrub-Jay/XC289374.npy,../../Datasets/BirdClef/audio/Aphelocoma woodhouseii_Woodhouse's Scrub-Jay/XC289374.mp3
train,Apus apus_Common Swift,../../Datasets/BirdClef/features/Apus apus_Common Swift/XC27276.npy,../../Datasets/BirdClef/audio/Apus apus_Common Swift/XC27276.mp3
train,Ara ararauna_Blue-and-yellow Macaw,../../Datasets/BirdClef/features/Ara ararauna_Blue-and-yellow Macaw/XC106569.npy,../../Datasets/BirdClef/audio/Ara ararauna_Blue-and-yellow Macaw/XC106569.mp3
train,Ara chloropterus_Red-and-green Macaw,../../Datasets/BirdClef/features/Ara chloropterus_Red-and-green Macaw/XC119905.npy,../../Datasets/BirdClef/audio/Ara chloropterus_Red-and-green Macaw/XC119905.mp3
train,Ara macao_Scarlet Macaw,../../Datasets/BirdClef/features/Ara macao_Scarlet Macaw/XC717.npy,../../Datasets/BirdClef/audio/Ara macao_Scarlet Macaw/XC717.mp3
train,Ara severus_Chestnut-fronted Macaw,../../Datasets/BirdClef/features/Ara severus_Chestnut-fronted Macaw/XC257635.npy,../../Datasets/BirdClef/audio/Ara severus_Chestnut-fronted Macaw/XC257635.mp3
train,Aramides cajaneus_Gray-cowled Wood-Rail,../../Datasets/BirdClef/features/Aramides cajaneus_Gray-cowled Wood-Rail/XC106510.npy,../../Datasets/BirdClef/audio/Aramides cajaneus_Gray-cowled Wood-Rail/XC106510.mp3
train,Aramus guarauna_Limpkin,../../Datasets/BirdClef/features/Aramus guarauna_Limpkin/XC257481.npy,../../Datasets/BirdClef/audio/Aramus guarauna_Limpkin/XC257481.mp3
train,Aratinga weddellii_Dusky-headed Parakeet,../../Datasets/BirdClef/features/Aratinga weddellii_Dusky-headed Parakeet/XC63133.npy,../../Datasets/BirdClef/audio/Aratinga weddellii_Dusky-headed Parakeet/XC63133.mp3
train,Archilochus alexandri_Black-chinned Hummingbird,../../Datasets/BirdClef/features/Archilochus alexandri_Black-chinned Hummingbird/XC75509.npy,../../Datasets/BirdClef/audio/Archilochus alexandri_Black-chinned Hummingbird/XC75509.mp3
train,Ardea alba_Great Egret,../../Datasets/BirdClef/features/Ardea alba_Great Egret/XC173128.npy,../../Datasets/BirdClef/audio/Ardea alba_Great Egret/XC173128.mp3
train,Ardea cinerea_Gray Heron,../../Datasets/BirdClef/features/Ardea cinerea_Gray Heron/XC497244.npy,../../Datasets/BirdClef/audio/Ardea cinerea_Gray Heron/XC497244.mp3
train,Ardea herodias_Great Blue Heron,../../Datasets/BirdClef/features/Ardea herodias_Great Blue Heron/XC130683.npy,../../Datasets/BirdClef/audio/Ardea herodias_Great Blue Heron/XC130683.mp3
train,Arremon taciturnus_Pectoral Sparrow,../../Datasets/BirdClef/features/Arremon taciturnus_Pectoral Sparrow/XC100697.npy,../../Datasets/BirdClef/audio/Arremon taciturnus_Pectoral Sparrow/XC100697.mp3
train,Artemisiospiza belli_Bell's Sparrow,../../Datasets/BirdClef/features/Artemisiospiza belli_Bell's Sparrow/XC413347.npy,../../Datasets/BirdClef/audio/Artemisiospiza belli_Bell's Sparrow/XC413347.mp3
train,Asio clamator_Striped Owl,../../Datasets/BirdClef/features/Asio clamator_Striped Owl/XC22894.npy,../../Datasets/BirdClef/audio/Asio clamator_Striped Owl/XC22894.mp3
train,Asio flammeus_Short-eared Owl,../../Datasets/BirdClef/features/Asio flammeus_Short-eared Owl/XC46332.npy,../../Datasets/BirdClef/audio/Asio flammeus_Short-eared Owl/XC46332.mp3
train,Athene cunicularia_Burrowing Owl,../../Datasets/BirdClef/features/Athene cunicularia_Burrowing Owl/XC286607.npy,../../Datasets/BirdClef/audio/Athene cunicularia_Burrowing Owl/XC286607.mp3
train,Attila bolivianus_Dull-capped Attila,../../Datasets/BirdClef/features/Attila bolivianus_Dull-capped Attila/XC416311.npy,../../Datasets/BirdClef/audio/Attila bolivianus_Dull-capped Attila/XC416311.mp3
train,Attila spadiceus_Bright-rumped Attila,../../Datasets/BirdClef/features/Attila spadiceus_Bright-rumped Attila/XC27760.npy,../../Datasets/BirdClef/audio/Attila spadiceus_Bright-rumped Attila/XC27760.mp3
train,Aulacorhynchus albivitta_Southern Emerald-Toucanet,../../Datasets/BirdClef/features/Aulacorhynchus albivitta_Southern Emerald-Toucanet/XC117253.npy,../../Datasets/BirdClef/audio/Aulacorhynchus albivitta_Southern Emerald-Toucanet/XC117253.mp3
train,Automolus infuscatus_Olive-backed Foliage-gleaner,../../Datasets/BirdClef/features/Automolus infuscatus_Olive-backed Foliage-gleaner/XC44108.npy,../../Datasets/BirdClef/audio/Automolus infuscatus_Olive-backed Foliage-gleaner/XC44108.mp3
train,Automolus ochrolaemus_Buff-throated Foliage-gleaner,../../Datasets/BirdClef/features/Automolus ochrolaemus_Buff-throated Foliage-gleaner/XC314991.npy,../../Datasets/BirdClef/audio/Automolus ochrolaemus_Buff-throated Foliage-gleaner/XC314991.mp3
train,Automolus rufipileatus_Chestnut-crowned Foliage-gleaner,../../Datasets/BirdClef/features/Automolus rufipileatus_Chestnut-crowned Foliage-gleaner/XC95468.npy,../../Datasets/BirdClef/audio/Automolus rufipileatus_Chestnut-crowned Foliage-gleaner/XC95468.mp3
train,Automolus subulatus_Striped Woodhaunter,../../Datasets/BirdClef/features/Automolus subulatus_Striped Woodhaunter/XC93421.npy,../../Datasets/BirdClef/audio/Automolus subulatus_Striped Woodhaunter/XC93421.mp3
train,Aythya ferina_Common Pochard,../../Datasets/BirdClef/features/Aythya ferina_Common Pochard/XC467963.npy,../../Datasets/BirdClef/audio/Aythya ferina_Common Pochard/XC467963.mp3
train,Aythya fuligula_Tufted Duck,../../Datasets/BirdClef/features/Aythya fuligula_Tufted Duck/XC468567.npy,../../Datasets/BirdClef/audio/Aythya fuligula_Tufted Duck/XC468567.mp3
train,Baeolophus bicolor_Tufted Titmouse,../../Datasets/BirdClef/features/Baeolophus bicolor_Tufted Titmouse/XC174892.npy,../../Datasets/BirdClef/audio/Baeolophus bicolor_Tufted Titmouse/XC174892.mp3
train,Baeolophus ridgwayi_Juniper Titmouse,../../Datasets/BirdClef/features/Baeolophus ridgwayi_Juniper Titmouse/XC171215.npy,../../Datasets/BirdClef/audio/Baeolophus ridgwayi_Juniper Titmouse/XC171215.mp3
train,Bartramia longicauda_Upland Sandpiper,../../Datasets/BirdClef/features/Bartramia longicauda_Upland Sandpiper/XC305416.npy,../../Datasets/BirdClef/audio/Bartramia longicauda_Upland Sandpiper/XC305416.mp3
train,Baryphthengus martii_Rufous Motmot,../../Datasets/BirdClef/features/Baryphthengus martii_Rufous Motmot/XC121129.npy,../../Datasets/BirdClef/audio/Baryphthengus martii_Rufous Motmot/XC121129.mp3
train,Berlepschia rikeri_Point-tailed Palmcreeper,../../Datasets/BirdClef/features/Berlepschia rikeri_Point-tailed Palmcreeper/XC127955.npy,../../Datasets/BirdClef/audio/Berlepschia rikeri_Point-tailed Palmcreeper/XC127955.mp3
train,Bombycilla cedrorum_Cedar Waxwing,../../Datasets/BirdClef/features/Bombycilla cedrorum_Cedar Waxwing/XC86508.npy,../../Datasets/BirdClef/audio/Bombycilla cedrorum_Cedar Waxwing/XC86508.mp3
train,Botaurus stellaris_Great Bittern,../../Datasets/BirdClef/features/Botaurus stellaris_Great Bittern/XC293293.npy,../../Datasets/BirdClef/audio/Botaurus stellaris_Great Bittern/XC293293.mp3
train,Branta canadensis_Canada Goose,../../Datasets/BirdClef/features/Branta canadensis_Canada Goose/XC409020.npy,../../Datasets/BirdClef/audio/Branta canadensis_Canada Goose/XC409020.mp3
train,Branta leucopsis_Barnacle Goose,../../Datasets/BirdClef/features/Branta leucopsis_Barnacle Goose/XC388923.npy,../../Datasets/BirdClef/audio/Branta leucopsis_Barnacle Goose/XC388923.mp3
train,Brotogeris cyanoptera_Cobalt-winged Parakeet,../../Datasets/BirdClef/features/Brotogeris cyanoptera_Cobalt-winged Parakeet/XC84942.npy,../../Datasets/BirdClef/audio/Brotogeris cyanoptera_Cobalt-winged Parakeet/XC84942.mp3
train,Bubo virginianus_Great Horned Owl,../../Datasets/BirdClef/features/Bubo virginianus_Great Horned Owl/XC348670.npy,../../Datasets/BirdClef/audio/Bubo virginianus_Great Horned Owl/XC348670.mp3
train,Bubulcus ibis_Cattle Egret,../../Datasets/BirdClef/features/Bubulcus ibis_Cattle Egret/XC422247.npy,../../Datasets/BirdClef/audio/Bubulcus ibis_Cattle Egret/XC422247.mp3
train,Bucephala clangula_Common Goldeneye,../../Datasets/BirdClef/features/Bucephala clangula_Common Goldeneye/XC41947.npy,../../Datasets/BirdClef/audio/Bucephala clangula_Common Goldeneye/XC41947.mp3
train,Busarellus nigricollis_Black-collared Hawk,../../Datasets/BirdClef/features/Busarellus nigricollis_Black-collared Hawk/XC123605.npy,../../Datasets/BirdClef/audio/Busarellus nigricollis_Black-collared Hawk/XC123605.mp3
train,Buteo buteo_Common Buzzard,../../Datasets/BirdClef/features/Buteo buteo_Common Buzzard/XC415177.npy,../../Datasets/BirdClef/audio/Buteo buteo_Common Buzzard/XC415177.mp3
train,Buteo jamaicensis_Red-tailed Hawk,../../Datasets/BirdClef/features/Buteo jamaicensis_Red-tailed Hawk/XC159023.npy,../../Datasets/BirdClef/audio/Buteo jamaicensis_Red-tailed Hawk/XC159023.mp3
train,Buteo lineatus_Red-shouldered Hawk,../../Datasets/BirdClef/features/Buteo lineatus_Red-shouldered Hawk/XC166113.npy,../../Datasets/BirdClef/audio/Buteo lineatus_Red-shouldered Hawk/XC166113.mp3
train,Buteo nitidus_Gray-lined Hawk,../../Datasets/BirdClef/features/Buteo nitidus_Gray-lined Hawk/XC203140.npy,../../Datasets/BirdClef/audio/Buteo nitidus_Gray-lined Hawk/XC203140.mp3
train,Buteo platypterus_Broad-winged Hawk,../../Datasets/BirdClef/features/Buteo platypterus_Broad-winged Hawk/XC308474.npy,../../Datasets/BirdClef/audio/Buteo platypterus_Broad-winged Hawk/XC308474.mp3
train,Buteogallus urubitinga_Great Black Hawk,../../Datasets/BirdClef/features/Buteogallus urubitinga_Great Black Hawk/XC482441.npy,../../Datasets/BirdClef/audio/Buteogallus urubitinga_Great Black Hawk/XC482441.mp3
train,Butorides striata_Striated Heron,../../Datasets/BirdClef/features/Butorides striata_Striated Heron/XC98461.npy,../../Datasets/BirdClef/audio/Butorides striata_Striated Heron/XC98461.mp3
train,Butorides virescens_Green Heron,../../Datasets/BirdClef/features/Butorides virescens_Green Heron/XC352109.npy,../../Datasets/BirdClef/audio/Butorides virescens_Green Heron/XC352109.mp3
train,Cacicus cela_Yellow-rumped Cacique,../../Datasets/BirdClef/features/Cacicus cela_Yellow-rumped Cacique/XC127210.npy,../../Datasets/BirdClef/audio/Cacicus cela_Yellow-rumped Cacique/XC127210.mp3
train,Cacicus haemorrhous_Red-rumped Cacique,../../Datasets/BirdClef/features/Cacicus haemorrhous_Red-rumped Cacique/XC491068.npy,../../Datasets/BirdClef/audio/Cacicus haemorrhous_Red-rumped Cacique/XC491068.mp3
train,Cacicus solitarius_Solitary Black Cacique,../../Datasets/BirdClef/features/Cacicus solitarius_Solitary Black Cacique/XC259982.npy,../../Datasets/BirdClef/audio/Cacicus solitarius_Solitary Black Cacique/XC259982.mp3
train,Calidris alpina_Dunlin,../../Datasets/BirdClef/features/Calidris alpina_Dunlin/XC245658.npy,../../Datasets/BirdClef/audio/Calidris alpina_Dunlin/XC245658.mp3
train,Calidris bairdii_Baird's Sandpiper,../../Datasets/BirdClef/features/Calidris bairdii_Baird's Sandpiper/XC272612.npy,../../Datasets/BirdClef/audio/Calidris bairdii_Baird's Sandpiper/XC272612.mp3
train,Calidris melanotos_Pectoral Sandpiper,../../Datasets/BirdClef/features/Calidris melanotos_Pectoral Sandpiper/XC250563.npy,../../Datasets/BirdClef/audio/Calidris melanotos_Pectoral Sandpiper/XC250563.mp3
train,Calidris minutilla_Least Sandpiper,../../Datasets/BirdClef/features/Calidris minutilla_Least Sandpiper/XC338291.npy,../../Datasets/BirdClef/audio/Calidris minutilla_Least Sandpiper/XC338291.mp3
train,Calidris pusilla_Semipalmated Sandpiper,../../Datasets/BirdClef/features/Calidris pusilla_Semipalmated Sandpiper/XC490814.npy,../../Datasets/BirdClef/audio/Calidris pusilla_Semipalmated Sandpiper/XC490814.mp3
train,Callipepla californica_California Quail,../../Datasets/BirdClef/features/Callipepla californica_California Quail/XC364572.npy,../../Datasets/BirdClef/audio/Callipepla californica_California Quail/XC364572.mp3
train,Calypte anna_Anna's Hummingbird,../../Datasets/BirdClef/features/Calypte anna_Anna's Hummingbird/XC132239.npy,../../Datasets/BirdClef/audio/Calypte anna_Anna's Hummingbird/XC132239.mp3
train,Campephilus melanoleucos_Crimson-crested Woodpecker,../../Datasets/BirdClef/features/Campephilus melanoleucos_Crimson-crested Woodpecker/XC493630.npy,../../Datasets/BirdClef/audio/Campephilus melanoleucos_Crimson-crested Woodpecker/XC493630.mp3
train,Campephilus rubricollis_Red-necked Woodpecker,../../Datasets/BirdClef/features/Campephilus rubricollis_Red-necked Woodpecker/XC202730.npy,../../Datasets/BirdClef/audio/Campephilus rubricollis_Red-necked Woodpecker/XC202730.mp3
train,Camptostoma obsoletum_Southern Beardless-Tyrannulet,../../Datasets/BirdClef/features/Camptostoma obsoletum_Southern Beardless-Tyrannulet/XC298000.npy,../../Datasets/BirdClef/audio/Camptostoma obsoletum_Southern Beardless-Tyrannulet/XC298000.mp3
train,Campylorhamphus trochilirostris_Red-billed Scythebill,../../Datasets/BirdClef/features/Campylorhamphus trochilirostris_Red-billed Scythebill/XC220226.npy,../../Datasets/BirdClef/audio/Campylorhamphus trochilirostris_Red-billed Scythebill/XC220226.mp3
train,Campylorhynchus brunneicapillus_Cactus Wren,../../Datasets/BirdClef/features/Campylorhynchus brunneicapillus_Cactus Wren/XC11493.npy,../../Datasets/BirdClef/audio/Campylorhynchus brunneicapillus_Cactus Wren/XC11493.mp3
train,Campylorhynchus turdinus_Thrush-like Wren,../../Datasets/BirdClef/features/Campylorhynchus turdinus_Thrush-like Wren/XC412344.npy,../../Datasets/BirdClef/audio/Campylorhynchus turdinus_Thrush-like Wren/XC412344.mp3
train,Cantorchilus leucotis_Buff-breasted Wren,../../Datasets/BirdClef/features/Cantorchilus leucotis_Buff-breasted Wren/XC188872.npy,../../Datasets/BirdClef/audio/Cantorchilus leucotis_Buff-breasted Wren/XC188872.mp3
train,Capsiempis flaveola_Yellow Tyrannulet,../../Datasets/BirdClef/features/Capsiempis flaveola_Yellow Tyrannulet/XC260886.npy,../../Datasets/BirdClef/audio/Capsiempis flaveola_Yellow Tyrannulet/XC260886.mp3
train,Caracara plancus_Southern Caracara,../../Datasets/BirdClef/features/Caracara plancus_Southern Caracara/XC412356.npy,../../Datasets/BirdClef/audio/Caracara plancus_Southern Caracara/XC412356.mp3
train,Cardellina pusilla_Wilson's Warbler,../../Datasets/BirdClef/features/Cardellina pusilla_Wilson's Warbler/XC473454.npy,../../Datasets/BirdClef/audio/Cardellina pusilla_Wilson's Warbler/XC473454.mp3
train,Cardinalis cardinalis_Northern Cardinal,../../Datasets/BirdClef/features/Cardinalis cardinalis_Northern Cardinal/XC190562.npy,../../Datasets/BirdClef/audio/Cardinalis cardinalis_Northern Cardinal/XC190562.mp3
train,Carduelis carduelis_European Goldfinch,../../Datasets/BirdClef/features/Carduelis carduelis_European Goldfinch/XC470700.npy,../../Datasets/BirdClef/audio/Carduelis carduelis_European Goldfinch/XC470700.mp3
train,Catharus fuscescens_Veery,../../Datasets/BirdClef/features/Catharus fuscescens_Veery/XC48291.npy,../../Datasets/BirdClef/audio/Catharus fuscescens_Veery/XC48291.mp3
train,Catharus guttatus_Hermit Thrush,../../Datasets/BirdClef/features/Catharus guttatus_Hermit Thrush/XC144121.npy,../../Datasets/BirdClef/audio/Catharus guttatus_Hermit Thrush/XC144121.mp3
train,Catharus ustulatus_Swainson's Thrush,../../Datasets/BirdClef/features/Catharus ustulatus_Swainson's Thrush/XC484168.npy,../../Datasets/BirdClef/audio/Catharus ustulatus_Swainson's Thrush/XC484168.mp3
train,Catherpes mexicanus_Canyon Wren,../../Datasets/BirdClef/features/Catherpes mexicanus_Canyon Wren/XC21447.npy,../../Datasets/BirdClef/audio/Catherpes mexicanus_Canyon Wren/XC21447.mp3
train,Celeus flavus_Cream-colored Woodpecker,../../Datasets/BirdClef/features/Celeus flavus_Cream-colored Woodpecker/XC403399.npy,../../Datasets/BirdClef/audio/Celeus flavus_Cream-colored Woodpecker/XC403399.mp3
train,Celeus grammicus_Scale-breasted Woodpecker,../../Datasets/BirdClef/features/Celeus grammicus_Scale-breasted Woodpecker/XC148040.npy,../../Datasets/BirdClef/audio/Celeus grammicus_Scale-breasted Woodpecker/XC148040.mp3
train,Celeus torquatus_Ringed Woodpecker,../../Datasets/BirdClef/features/Celeus torquatus_Ringed Woodpecker/XC83904.npy,../../Datasets/BirdClef/audio/Celeus torquatus_Ringed Woodpecker/XC83904.mp3
train,Ceratopipra rubrocapilla_Red-headed Manakin,../../Datasets/BirdClef/features/Ceratopipra rubrocapilla_Red-headed Manakin/XC228237.npy,../../Datasets/BirdClef/audio/Ceratopipra rubrocapilla_Red-headed Manakin/XC228237.mp3
train,Cercomacra cinerascens_Gray Antbird,../../Datasets/BirdClef/features/Cercomacra cinerascens_Gray Antbird/XC220697.npy,../../Datasets/BirdClef/audio/Cercomacra cinerascens_Gray Antbird/XC220697.mp3
train,Cercomacra manu_Manu Antbird,../../Datasets/BirdClef/features/Cercomacra manu_Manu Antbird/XC63246.npy,../../Datasets/BirdClef/audio/Cercomacra manu_Manu Antbird/XC63246.mp3
train,Cercomacroides fuscicauda_Riparian Antbird,../../Datasets/BirdClef/features/Cercomacroides fuscicauda_Riparian Antbird/XC27758.npy,../../Datasets/BirdClef/audio/Cercomacroides fuscicauda_Riparian Antbird/XC27758.mp3
train,Cercomacroides serva_Black Antbird,../../Datasets/BirdClef/features/Cercomacroides serva_Black Antbird/XC22404.npy,../../Datasets/BirdClef/audio/Cercomacroides serva_Black Antbird/XC22404.mp3
train,Certhia americana_Brown Creeper,../../Datasets/BirdClef/features/Certhia americana_Brown Creeper/XC38006.npy,../../Datasets/BirdClef/audio/Certhia americana_Brown Creeper/XC38006.mp3
train,Certhia brachydactyla_Short-toed Treecreeper,../../Datasets/BirdClef/features/Certhia brachydactyla_Short-toed Treecreeper/XC141174.npy,../../Datasets/BirdClef/audio/Certhia brachydactyla_Short-toed Treecreeper/XC141174.mp3
train,Certhia familiaris_Eurasian Treecreeper,../../Datasets/BirdClef/features/Certhia familiaris_Eurasian Treecreeper/XC462955.npy,../../Datasets/BirdClef/audio/Certhia familiaris_Eurasian Treecreeper/XC462955.mp3
train,Chaetura cinereiventris_Gray-rumped Swift,../../Datasets/BirdClef/features/Chaetura cinereiventris_Gray-rumped Swift/XC499691.npy,../../Datasets/BirdClef/audio/Chaetura cinereiventris_Gray-rumped Swift/XC499691.mp3
train,Charadrius dubius_Little Ringed Plover,../../Datasets/BirdClef/features/Charadrius dubius_Little Ringed Plover/XC490393.npy,../../Datasets/BirdClef/audio/Charadrius dubius_Little Ringed Plover/XC490393.mp3
train,Charadrius morinellus_Eurasian Dotterel,../../Datasets/BirdClef/features/Charadrius morinellus_Eurasian Dotterel/XC333407.npy,../../Datasets/BirdClef/audio/Charadrius morinellus_Eurasian Dotterel/XC333407.mp3
train,Charadrius semipalmatus_Semipalmated Plover,../../Datasets/BirdClef/features/Charadrius semipalmatus_Semipalmated Plover/XC407193.npy,../../Datasets/BirdClef/audio/Charadrius semipalmatus_Semipalmated Plover/XC407193.mp3
train,Charadrius vociferus_Killdeer,../../Datasets/BirdClef/features/Charadrius vociferus_Killdeer/XC449551.npy,../../Datasets/BirdClef/audio/Charadrius vociferus_Killdeer/XC449551.mp3
train,Chauna torquata_Southern Screamer,../../Datasets/BirdClef/features/Chauna torquata_Southern Screamer/XC345395.npy,../../Datasets/BirdClef/audio/Chauna torquata_Southern Screamer/XC345395.mp3
train,Chiroxiphia pareola_Blue-backed Manakin,../../Datasets/BirdClef/features/Chiroxiphia pareola_Blue-backed Manakin/XC145552.npy,../../Datasets/BirdClef/audio/Chiroxiphia pareola_Blue-backed Manakin/XC145552.mp3
train,Chloris chloris_European Greenfinch,../../Datasets/BirdClef/features/Chloris chloris_European Greenfinch/XC129823.npy,../../Datasets/BirdClef/audio/Chloris chloris_European Greenfinch/XC129823.mp3
train,Chloroceryle amazona_Amazon Kingfisher,../../Datasets/BirdClef/features/Chloroceryle amazona_Amazon Kingfisher/XC48817.npy,../../Datasets/BirdClef/audio/Chloroceryle amazona_Amazon Kingfisher/XC48817.mp3
train,Chloroceryle americana_Green Kingfisher,../../Datasets/BirdClef/features/Chloroceryle americana_Green Kingfisher/XC16351.npy,../../Datasets/BirdClef/audio/Chloroceryle americana_Green Kingfisher/XC16351.mp3
train,Chlorophonia cyanea_Blue-naped Chlorophonia,../../Datasets/BirdClef/features/Chlorophonia cyanea_Blue-naped Chlorophonia/XC150988.npy,../../Datasets/BirdClef/audio/Chlorophonia cyanea_Blue-naped Chlorophonia/XC150988.mp3
train,Chondestes grammacus_Lark Sparrow,../../Datasets/BirdClef/features/Chondestes grammacus_Lark Sparrow/XC141486.npy,../../Datasets/BirdClef/audio/Chondestes grammacus_Lark Sparrow/XC141486.mp3
train,Chordeiles acutipennis_Lesser Nighthawk,../../Datasets/BirdClef/features/Chordeiles acutipennis_Lesser Nighthawk/XC272518.npy,../../Datasets/BirdClef/audio/Chordeiles acutipennis_Lesser Nighthawk/XC272518.mp3
train,Chordeiles minor_Common Nighthawk,../../Datasets/BirdClef/features/Chordeiles minor_Common Nighthawk/XC484751.npy,../../Datasets/BirdClef/audio/Chordeiles minor_Common Nighthawk/XC484751.mp3
train,Chroicocephalus ridibundus_Black-headed Gull,../../Datasets/BirdClef/features/Chroicocephalus ridibundus_Black-headed Gull/XC309102.npy,../../Datasets/BirdClef/audio/Chroicocephalus ridibundus_Black-headed Gull/XC309102.mp3
train,Ciccaba huhula_Black-banded Owl,../../Datasets/BirdClef/features/Ciccaba huhula_Black-banded Owl/XC37330.npy,../../Datasets/BirdClef/audio/Ciccaba huhula_Black-banded Owl/XC37330.mp3
train,Ciccaba virgata_Mottled Owl,../../Datasets/BirdClef/features/Ciccaba virgata_Mottled Owl/XC16050.npy,../../Datasets/BirdClef/audio/Ciccaba virgata_Mottled Owl/XC16050.mp3
train,Ciconia ciconia_White Stork,../../Datasets/BirdClef/features/Ciconia ciconia_White Stork/XC441163.npy,../../Datasets/BirdClef/audio/Ciconia ciconia_White Stork/XC441163.mp3
train,Circus aeruginosus_Eurasian Marsh-Harrier,../../Datasets/BirdClef/features/Circus aeruginosus_Eurasian Marsh-Harrier/XC189879.npy,../../Datasets/BirdClef/audio/Circus aeruginosus_Eurasian Marsh-Harrier/XC189879.mp3
train,Cissopis leverianus_Magpie Tanager,../../Datasets/BirdClef/features/Cissopis leverianus_Magpie Tanager/XC20792.npy,../../Datasets/BirdClef/audio/Cissopis leverianus_Magpie Tanager/XC20792.mp3
train,Cistothorus palustris_Marsh Wren,../../Datasets/BirdClef/features/Cistothorus palustris_Marsh Wren/XC158917.npy,../../Datasets/BirdClef/audio/Cistothorus palustris_Marsh Wren/XC158917.mp3
train,Clangula hyemalis_Long-tailed Duck,../../Datasets/BirdClef/features/Clangula hyemalis_Long-tailed Duck/XC235974.npy,../../Datasets/BirdClef/audio/Clangula hyemalis_Long-tailed Duck/XC235974.mp3
train,Claravis pretiosa_Blue Ground Dove,../../Datasets/BirdClef/features/Claravis pretiosa_Blue Ground Dove/XC444938.npy,../../Datasets/BirdClef/audio/Claravis pretiosa_Blue Ground Dove/XC444938.mp3
train,Clibanornis rubiginosus_Ruddy Foliage-gleaner,../../Datasets/BirdClef/features/Clibanornis rubiginosus_Ruddy Foliage-gleaner/XC126076.npy,../../Datasets/BirdClef/audio/Clibanornis rubiginosus_Ruddy Foliage-gleaner/XC126076.mp3
train,Cnemotriccus fuscatus_Fuscous Flycatcher,../../Datasets/BirdClef/features/Cnemotriccus fuscatus_Fuscous Flycatcher/XC174014.npy,../../Datasets/BirdClef/audio/Cnemotriccus fuscatus_Fuscous Flycatcher/XC174014.mp3
train,Coccothraustes coccothraustes_Hawfinch,../../Datasets/BirdClef/features/Coccothraustes coccothraustes_Hawfinch/XC458935.npy,../../Datasets/BirdClef/audio/Coccothraustes coccothraustes_Hawfinch/XC458935.mp3
train,Coccycua minuta_Little Cuckoo,../../Datasets/BirdClef/features/Coccycua minuta_Little Cuckoo/XC365588.npy,../../Datasets/BirdClef/audio/Coccycua minuta_Little Cuckoo/XC365588.mp3
train,Coccyzus americanus_Yellow-billed Cuckoo,../../Datasets/BirdClef/features/Coccyzus americanus_Yellow-billed Cuckoo/XC440710.npy,../../Datasets/BirdClef/audio/Coccyzus americanus_Yellow-billed Cuckoo/XC440710.mp3
train,Coccyzus erythropthalmus_Black-billed Cuckoo,../../Datasets/BirdClef/features/Coccyzus erythropthalmus_Black-billed Cuckoo/XC152413.npy,../../Datasets/BirdClef/audio/Coccyzus erythropthalmus_Black-billed Cuckoo/XC152413.mp3
train,Coccyzus melacoryphus_Dark-billed Cuckoo,../../Datasets/BirdClef/features/Coccyzus melacoryphus_Dark-billed Cuckoo/XC221192.npy,../../Datasets/BirdClef/audio/Coccyzus melacoryphus_Dark-billed Cuckoo/XC221192.mp3
train,Coereba flaveola_Bananaquit,../../Datasets/BirdClef/features/Coereba flaveola_Bananaquit/XC54435.npy,../../Datasets/BirdClef/audio/Coereba flaveola_Bananaquit/XC54435.mp3
train,Colaptes auratus_Northern Flicker,../../Datasets/BirdClef/features/Colaptes auratus_Northern Flicker/XC172438.npy,../../Datasets/BirdClef/audio/Colaptes auratus_Northern Flicker/XC172438.mp3
train,Colibri coruscans_Sparkling Violetear,../../Datasets/BirdClef/features/Colibri coruscans_Sparkling Violetear/XC257809.npy,../../Datasets/BirdClef/audio/Colibri coruscans_Sparkling Violetear/XC257809.mp3
train,Colonia colonus_Long-tailed Tyrant,../../Datasets/BirdClef/features/Colonia colonus_Long-tailed Tyrant/XC18653.npy,../../Datasets/BirdClef/audio/Colonia colonus_Long-tailed Tyrant/XC18653.mp3
train,Columba livia_Rock Pigeon,../../Datasets/BirdClef/features/Columba livia_Rock Pigeon/XC349160.npy,../../Datasets/BirdClef/audio/Columba livia_Rock Pigeon/XC349160.mp3
train,Columba oenas_Stock Dove,../../Datasets/BirdClef/features/Columba oenas_Stock Dove/XC42548.npy,../../Datasets/BirdClef/audio/Columba oenas_Stock Dove/XC42548.mp3
train,Columba palumbus_Common Wood-Pigeon,../../Datasets/BirdClef/features/Columba palumbus_Common Wood-Pigeon/XC394164.npy,../../Datasets/BirdClef/audio/Columba palumbus_Common Wood-Pigeon/XC394164.mp3
train,Columbina talpacoti_Ruddy Ground Dove,../../Datasets/BirdClef/features/Columbina talpacoti_Ruddy Ground Dove/XC2217.npy,../../Datasets/BirdClef/audio/Columbina talpacoti_Ruddy Ground Dove/XC2217.mp3
train,Conirostrum speciosum_Chestnut-vented Conebill,../../Datasets/BirdClef/features/Conirostrum speciosum_Chestnut-vented Conebill/XC303210.npy,../../Datasets/BirdClef/audio/Conirostrum speciosum_Chestnut-vented Conebill/XC303210.mp3
train,Contopus cooperi_Olive-sided Flycatcher,../../Datasets/BirdClef/features/Contopus cooperi_Olive-sided Flycatcher/XC449316.npy,../../Datasets/BirdClef/audio/Contopus cooperi_Olive-sided Flycatcher/XC449316.mp3
train,Contopus sordidulus_Western Wood-Pewee,../../Datasets/BirdClef/features/Contopus sordidulus_Western Wood-Pewee/XC408291.npy,../../Datasets/BirdClef/audio/Contopus sordidulus_Western Wood-Pewee/XC408291.mp3
train,Contopus virens_Eastern Wood-Pewee,../../Datasets/BirdClef/features/Contopus virens_Eastern Wood-Pewee/XC286805.npy,../../Datasets/BirdClef/audio/Contopus virens_Eastern Wood-Pewee/XC286805.mp3
train,Coragyps atratus_Black Vulture,../../Datasets/BirdClef/features/Coragyps atratus_Black Vulture/XC359314.npy,../../Datasets/BirdClef/audio/Coragyps atratus_Black Vulture/XC359314.mp3
train,Corvus brachyrhynchos_American Crow,../../Datasets/BirdClef/features/Corvus brachyrhynchos_American Crow/XC29506.npy,../../Datasets/BirdClef/audio/Corvus brachyrhynchos_American Crow/XC29506.mp3
train,Corvus corax_Common Raven,../../Datasets/BirdClef/features/Corvus corax_Common Raven/XC199733.npy,../../Datasets/BirdClef/audio/Corvus corax_Common Raven/XC199733.mp3
train,Corvus corone_Carrion Crow,../../Datasets/BirdClef/features/Corvus corone_Carrion Crow/XC281727.npy,../../Datasets/BirdClef/audio/Corvus corone_Carrion Crow/XC281727.mp3
train,Corvus frugilegus_Rook,../../Datasets/BirdClef/features/Corvus frugilegus_Rook/XC143005.npy,../../Datasets/BirdClef/audio/Corvus frugilegus_Rook/XC143005.mp3
train,Corvus monedula_Eurasian Jackdaw,../../Datasets/BirdClef/features/Corvus monedula_Eurasian Jackdaw/XC445715.npy,../../Datasets/BirdClef/audio/Corvus monedula_Eurasian Jackdaw/XC445715.mp3
train,Corvus ossifragus_Fish Crow,../../Datasets/BirdClef/features/Corvus ossifragus_Fish Crow/XC389957.npy,../../Datasets/BirdClef/audio/Corvus ossifragus_Fish Crow/XC389957.mp3
train,Corythopis torquatus_Ringed Antpipit,../../Datasets/BirdClef/features/Corythopis torquatus_Ringed Antpipit/XC446411.npy,../../Datasets/BirdClef/audio/Corythopis torquatus_Ringed Antpipit/XC446411.mp3
train,Crotophaga ani_Smooth-billed Ani,../../Datasets/BirdClef/features/Crotophaga ani_Smooth-billed Ani/XC260416.npy,../../Datasets/BirdClef/audio/Crotophaga ani_Smooth-billed Ani/XC260416.mp3
train,Crotophaga major_Greater Ani,../../Datasets/BirdClef/features/Crotophaga major_Greater Ani/XC54923.npy,../../Datasets/BirdClef/audio/Crotophaga major_Greater Ani/XC54923.mp3
train,Crypturellus cinereus_Cinereous Tinamou,../../Datasets/BirdClef/features/Crypturellus cinereus_Cinereous Tinamou/XC117371.npy,../../Datasets/BirdClef/audio/Crypturellus cinereus_Cinereous Tinamou/XC117371.mp3
train,Crypturellus obsoletus_Brown Tinamou,../../Datasets/BirdClef/features/Crypturellus obsoletus_Brown Tinamou/XC341011.npy,../../Datasets/BirdClef/audio/Crypturellus obsoletus_Brown Tinamou/XC341011.mp3
train,Crypturellus parvirostris_Small-billed Tinamou,../../Datasets/BirdClef/features/Crypturellus parvirostris_Small-billed Tinamou/XC23416.npy,../../Datasets/BirdClef/audio/Crypturellus parvirostris_Small-billed Tinamou/XC23416.mp3
train,Crypturellus soui_Little Tinamou,../../Datasets/BirdClef/features/Crypturellus soui_Little Tinamou/XC275171.npy,../../Datasets/BirdClef/audio/Crypturellus soui_Little Tinamou/XC275171.mp3
train,Crypturellus strigulosus_Brazilian Tinamou,../../Datasets/BirdClef/features/Crypturellus strigulosus_Brazilian Tinamou/XC313731.npy,../../Datasets/BirdClef/audio/Crypturellus strigulosus_Brazilian Tinamou/XC313731.mp3
train,Crypturellus undulatus_Undulated Tinamou,../../Datasets/BirdClef/features/Crypturellus undulatus_Undulated Tinamou/XC427275.npy,../../Datasets/BirdClef/audio/Crypturellus undulatus_Undulated Tinamou/XC427275.mp3
train,Crypturellus variegatus_Variegated Tinamou,../../Datasets/BirdClef/features/Crypturellus variegatus_Variegated Tinamou/XC117352.npy,../../Datasets/BirdClef/audio/Crypturellus variegatus_Variegated Tinamou/XC117352.mp3
train,Cuculus canorus_Common Cuckoo,../../Datasets/BirdClef/features/Cuculus canorus_Common Cuckoo/XC37447.npy,../../Datasets/BirdClef/audio/Cuculus canorus_Common Cuckoo/XC37447.mp3
train,Cyanerpes cyaneus_Red-legged Honeycreeper,../../Datasets/BirdClef/features/Cyanerpes cyaneus_Red-legged Honeycreeper/XC6994.npy,../../Datasets/BirdClef/audio/Cyanerpes cyaneus_Red-legged Honeycreeper/XC6994.mp3
train,Cyanistes caeruleus_Eurasian Blue Tit,../../Datasets/BirdClef/features/Cyanistes caeruleus_Eurasian Blue Tit/XC204383.npy,../../Datasets/BirdClef/audio/Cyanistes caeruleus_Eurasian Blue Tit/XC204383.mp3
train,Cyanocitta cristata_Blue Jay,../../Datasets/BirdClef/features/Cyanocitta cristata_Blue Jay/XC288988.npy,../../Datasets/BirdClef/audio/Cyanocitta cristata_Blue Jay/XC288988.mp3
train,Cyanocitta stelleri_Steller's Jay,../../Datasets/BirdClef/features/Cyanocitta stelleri_Steller's Jay/XC221965.npy,../../Datasets/BirdClef/audio/Cyanocitta stelleri_Steller's Jay/XC221965.mp3
train,Cyanocorax cyanomelas_Purplish Jay,../../Datasets/BirdClef/features/Cyanocorax cyanomelas_Purplish Jay/XC222043.npy,../../Datasets/BirdClef/audio/Cyanocorax cyanomelas_Purplish Jay/XC222043.mp3
train,Cyanocorax violaceus_Violaceous Jay,../../Datasets/BirdClef/features/Cyanocorax violaceus_Violaceous Jay/XC245284.npy,../../Datasets/BirdClef/audio/Cyanocorax violaceus_Violaceous Jay/XC245284.mp3
train,Cyanoloxia rothschildii_Amazonian Grosbeak,../../Datasets/BirdClef/features/Cyanoloxia rothschildii_Amazonian Grosbeak/XC29419.npy,../../Datasets/BirdClef/audio/Cyanoloxia rothschildii_Amazonian Grosbeak/XC29419.mp3
train,Cyclarhis gujanensis_Rufous-browed Peppershrike,../../Datasets/BirdClef/features/Cyclarhis gujanensis_Rufous-browed Peppershrike/XC222125.npy,../../Datasets/BirdClef/audio/Cyclarhis gujanensis_Rufous-browed Peppershrike/XC222125.mp3
train,Cygnus buccinator_Trumpeter Swan,../../Datasets/BirdClef/features/Cygnus buccinator_Trumpeter Swan/XC103414.npy,../../Datasets/BirdClef/audio/Cygnus buccinator_Trumpeter Swan/XC103414.mp3
train,Cygnus columbianus_Tundra Swan,../../Datasets/BirdClef/features/Cygnus columbianus_Tundra Swan/XC402743.npy,../../Datasets/BirdClef/audio/Cygnus columbianus_Tundra Swan/XC402743.mp3
train,Cygnus cygnus_Whooper Swan,../../Datasets/BirdClef/features/Cygnus cygnus_Whooper Swan/XC168786.npy,../../Datasets/BirdClef/audio/Cygnus cygnus_Whooper Swan/XC168786.mp3
train,Cygnus olor_Mute Swan,../../Datasets/BirdClef/features/Cygnus olor_Mute Swan/XC414926.npy,../../Datasets/BirdClef/audio/Cygnus olor_Mute Swan/XC414926.mp3
train,Cymbilaimus lineatus_Fasciated Antshrike,../../Datasets/BirdClef/features/Cymbilaimus lineatus_Fasciated Antshrike/XC261995.npy,../../Datasets/BirdClef/audio/Cymbilaimus lineatus_Fasciated Antshrike/XC261995.mp3
train,Cyphorhinus arada_Musician Wren,../../Datasets/BirdClef/features/Cyphorhinus arada_Musician Wren/XC70161.npy,../../Datasets/BirdClef/audio/Cyphorhinus arada_Musician Wren/XC70161.mp3
train,Dacnis cayana_Blue Dacnis,../../Datasets/BirdClef/features/Dacnis cayana_Blue Dacnis/XC139805.npy,../../Datasets/BirdClef/audio/Dacnis cayana_Blue Dacnis/XC139805.mp3
train,Daptrius ater_Black Caracara,../../Datasets/BirdClef/features/Daptrius ater_Black Caracara/XC167067.npy,../../Datasets/BirdClef/audio/Daptrius ater_Black Caracara/XC167067.mp3
train,Deconychura longicauda_Long-tailed Woodcreeper,../../Datasets/BirdClef/features/Deconychura longicauda_Long-tailed Woodcreeper/XC938.npy,../../Datasets/BirdClef/audio/Deconychura longicauda_Long-tailed Woodcreeper/XC938.mp3
train,Delichon urbicum_Common House-Martin,../../Datasets/BirdClef/features/Delichon urbicum_Common House-Martin/XC109358.npy,../../Datasets/BirdClef/audio/Delichon urbicum_Common House-Martin/XC109358.mp3
train,Dendrexetastes rufigula_Cinnamon-throated Woodcreeper,../../Datasets/BirdClef/features/Dendrexetastes rufigula_Cinnamon-throated Woodcreeper/XC73516.npy,../../Datasets/BirdClef/audio/Dendrexetastes rufigula_Cinnamon-throated Woodcreeper/XC73516.mp3
train,Dendrocincla fuliginosa_Plain-brown Woodcreeper,../../Datasets/BirdClef/features/Dendrocincla fuliginosa_Plain-brown Woodcreeper/XC146608.npy,../../Datasets/BirdClef/audio/Dendrocincla fuliginosa_Plain-brown Woodcreeper/XC146608.mp3
train,Dendrocolaptes certhia_Amazonian Barred-Woodcreeper,../../Datasets/BirdClef/features/Dendrocolaptes certhia_Amazonian Barred-Woodcreeper/XC345434.npy,../../Datasets/BirdClef/audio/Dendrocolaptes certhia_Amazonian Barred-Woodcreeper/XC345434.mp3
train,Dendrocolaptes picumnus_Black-banded Woodcreeper,../../Datasets/BirdClef/features/Dendrocolaptes picumnus_Black-banded Woodcreeper/XC222306.npy,../../Datasets/BirdClef/audio/Dendrocolaptes picumnus_Black-banded Woodcreeper/XC222306.mp3
train,Dendrocopos major_Great Spotted Woodpecker,../../Datasets/BirdClef/features/Dendrocopos major_Great Spotted Woodpecker/XC127159.npy,../../Datasets/BirdClef/audio/Dendrocopos major_Great Spotted Woodpecker/XC127159.mp3
train,Dendrocoptes medius_Middle Spotted Woodpecker,../../Datasets/BirdClef/features/Dendrocoptes medius_Middle Spotted Woodpecker/XC504440.npy,../../Datasets/BirdClef/audio/Dendrocoptes medius_Middle Spotted Woodpecker/XC504440.mp3
train,Dendrocygna autumnalis_Black-bellied Whistling-Duck,../../Datasets/BirdClef/features/Dendrocygna autumnalis_Black-bellied Whistling-Duck/XC50111.npy,../../Datasets/BirdClef/audio/Dendrocygna autumnalis_Black-bellied Whistling-Duck/XC50111.mp3
train,Dendrocygna viduata_White-faced Whistling-Duck,../../Datasets/BirdClef/features/Dendrocygna viduata_White-faced Whistling-Duck/XC415357.npy,../../Datasets/BirdClef/audio/Dendrocygna viduata_White-faced Whistling-Duck/XC415357.mp3
train,Dendroplex picus_Straight-billed Woodcreeper,../../Datasets/BirdClef/features/Dendroplex picus_Straight-billed Woodcreeper/XC273720.npy,../../Datasets/BirdClef/audio/Dendroplex picus_Straight-billed Woodcreeper/XC273720.mp3
train,Dichrozona cincta_Banded Antbird,../../Datasets/BirdClef/features/Dichrozona cincta_Banded Antbird/XC275944.npy,../../Datasets/BirdClef/audio/Dichrozona cincta_Banded Antbird/XC275944.mp3
train,Dolichonyx oryzivorus_Bobolink,../../Datasets/BirdClef/features/Dolichonyx oryzivorus_Bobolink/XC48651.npy,../../Datasets/BirdClef/audio/Dolichonyx oryzivorus_Bobolink/XC48651.mp3
train,Donacobius atricapilla_Black-capped Donacobius,../../Datasets/BirdClef/features/Donacobius atricapilla_Black-capped Donacobius/XC246899.npy,../../Datasets/BirdClef/audio/Donacobius atricapilla_Black-capped Donacobius/XC246899.mp3
train,Dromococcyx pavoninus_Pavonine Cuckoo,../../Datasets/BirdClef/features/Dromococcyx pavoninus_Pavonine Cuckoo/XC400266.npy,../../Datasets/BirdClef/audio/Dromococcyx pavoninus_Pavonine Cuckoo/XC400266.mp3
train,Dromococcyx phasianellus_Pheasant Cuckoo,../../Datasets/BirdClef/features/Dromococcyx phasianellus_Pheasant Cuckoo/XC357520.npy,../../Datasets/BirdClef/audio/Dromococcyx phasianellus_Pheasant Cuckoo/XC357520.mp3
train,Drymophila devillei_Striated Antbird,../../Datasets/BirdClef/features/Drymophila devillei_Striated Antbird/XC312944.npy,../../Datasets/BirdClef/audio/Drymophila devillei_Striated Antbird/XC312944.mp3
train,Dryobates affinis_Red-stained Woodpecker,../../Datasets/BirdClef/features/Dryobates affinis_Red-stained Woodpecker/XC276630.npy,../../Datasets/BirdClef/audio/Dryobates affinis_Red-stained Woodpecker/XC276630.mp3
train,Dryobates minor_Lesser Spotted Woodpecker,../../Datasets/BirdClef/features/Dryobates minor_Lesser Spotted Woodpecker/XC180283.npy,../../Datasets/BirdClef/audio/Dryobates minor_Lesser Spotted Woodpecker/XC180283.mp3
train,Dryobates nuttallii_Nuttall's Woodpecker,../../Datasets/BirdClef/features/Dryobates nuttallii_Nuttall's Woodpecker/XC17798.npy,../../Datasets/BirdClef/audio/Dryobates nuttallii_Nuttall's Woodpecker/XC17798.mp3
train,Dryobates passerinus_Little Woodpecker,../../Datasets/BirdClef/features/Dryobates passerinus_Little Woodpecker/XC395709.npy,../../Datasets/BirdClef/audio/Dryobates passerinus_Little Woodpecker/XC395709.mp3
train,Dryobates pubescens_Downy Woodpecker,../../Datasets/BirdClef/features/Dryobates pubescens_Downy Woodpecker/XC445797.npy,../../Datasets/BirdClef/audio/Dryobates pubescens_Downy Woodpecker/XC445797.mp3
train,Dryobates scalaris_Ladder-backed Woodpecker,../../Datasets/BirdClef/features/Dryobates scalaris_Ladder-backed Woodpecker/XC183354.npy,../../Datasets/BirdClef/audio/Dryobates scalaris_Ladder-backed Woodpecker/XC183354.mp3
train,Dryobates villosus_Hairy Woodpecker,../../Datasets/BirdClef/features/Dryobates villosus_Hairy Woodpecker/XC187762.npy,../../Datasets/BirdClef/audio/Dryobates villosus_Hairy Woodpecker/XC187762.mp3
train,Dryocopus lineatus_Lineated Woodpecker,../../Datasets/BirdClef/features/Dryocopus lineatus_Lineated Woodpecker/XC288382.npy,../../Datasets/BirdClef/audio/Dryocopus lineatus_Lineated Woodpecker/XC288382.mp3
train,Dryocopus martius_Black Woodpecker,../../Datasets/BirdClef/features/Dryocopus martius_Black Woodpecker/XC184194.npy,../../Datasets/BirdClef/audio/Dryocopus martius_Black Woodpecker/XC184194.mp3
train,Dryocopus pileatus_Pileated Woodpecker,../../Datasets/BirdClef/features/Dryocopus pileatus_Pileated Woodpecker/XC205553.npy,../../Datasets/BirdClef/audio/Dryocopus pileatus_Pileated Woodpecker/XC205553.mp3
train,Dumetella carolinensis_Gray Catbird,../../Datasets/BirdClef/features/Dumetella carolinensis_Gray Catbird/XC381555.npy,../../Datasets/BirdClef/audio/Dumetella carolinensis_Gray Catbird/XC381555.mp3
train,Dysithamnus mentalis_Plain Antvireo,../../Datasets/BirdClef/features/Dysithamnus mentalis_Plain Antvireo/XC27908.npy,../../Datasets/BirdClef/audio/Dysithamnus mentalis_Plain Antvireo/XC27908.mp3
train,Egretta thula_Snowy Egret,../../Datasets/BirdClef/features/Egretta thula_Snowy Egret/XC257312.npy,../../Datasets/BirdClef/audio/Egretta thula_Snowy Egret/XC257312.mp3
train,Elaenia albiceps_White-crested Elaenia,../../Datasets/BirdClef/features/Elaenia albiceps_White-crested Elaenia/XC207325.npy,../../Datasets/BirdClef/audio/Elaenia albiceps_White-crested Elaenia/XC207325.mp3
train,Elaenia parvirostris_Small-billed Elaenia,../../Datasets/BirdClef/features/Elaenia parvirostris_Small-billed Elaenia/XC70515.npy,../../Datasets/BirdClef/audio/Elaenia parvirostris_Small-billed Elaenia/XC70515.mp3
train,Elaenia spectabilis_Large Elaenia,../../Datasets/BirdClef/features/Elaenia spectabilis_Large Elaenia/XC175766.npy,../../Datasets/BirdClef/audio/Elaenia spectabilis_Large Elaenia/XC175766.mp3
train,Elanoides forficatus_Swallow-tailed Kite,../../Datasets/BirdClef/features/Elanoides forficatus_Swallow-tailed Kite/XC96777.npy,../../Datasets/BirdClef/audio/Elanoides forficatus_Swallow-tailed Kite/XC96777.mp3
train,Electron platyrhynchum_Broad-billed Motmot,../../Datasets/BirdClef/features/Electron platyrhynchum_Broad-billed Motmot/XC401765.npy,../../Datasets/BirdClef/audio/Electron platyrhynchum_Broad-billed Motmot/XC401765.mp3
train,Emberiza cia_Rock Bunting,../../Datasets/BirdClef/features/Emberiza cia_Rock Bunting/XC270201.npy,../../Datasets/BirdClef/audio/Emberiza cia_Rock Bunting/XC270201.mp3
train,Emberiza cirlus_Cirl Bunting,../../Datasets/BirdClef/features/Emberiza cirlus_Cirl Bunting/XC385614.npy,../../Datasets/BirdClef/audio/Emberiza cirlus_Cirl Bunting/XC385614.mp3
train,Emberiza citrinella_Yellowhammer,../../Datasets/BirdClef/features/Emberiza citrinella_Yellowhammer/XC281811.npy,../../Datasets/BirdClef/audio/Emberiza citrinella_Yellowhammer/XC281811.mp3
train,Emberiza schoeniclus_Reed Bunting,../../Datasets/BirdClef/features/Emberiza schoeniclus_Reed Bunting/XC413751.npy,../../Datasets/BirdClef/audio/Emberiza schoeniclus_Reed Bunting/XC413751.mp3
train,Empidonax alnorum_Alder Flycatcher,../../Datasets/BirdClef/features/Empidonax alnorum_Alder Flycatcher/XC317903.npy,../../Datasets/BirdClef/audio/Empidonax alnorum_Alder Flycatcher/XC317903.mp3
train,Empidonax difficilis_Pacific-slope Flycatcher,../../Datasets/BirdClef/features/Empidonax difficilis_Pacific-slope Flycatcher/XC353028.npy,../../Datasets/BirdClef/audio/Empidonax difficilis_Pacific-slope Flycatcher/XC353028.mp3
train,Empidonax hammondii_Hammond's Flycatcher,../../Datasets/BirdClef/features/Empidonax hammondii_Hammond's Flycatcher/XC222765.npy,../../Datasets/BirdClef/audio/Empidonax hammondii_Hammond's Flycatcher/XC222765.mp3
train,Empidonax minimus_Least Flycatcher,../../Datasets/BirdClef/features/Empidonax minimus_Least Flycatcher/XC298973.npy,../../Datasets/BirdClef/audio/Empidonax minimus_Least Flycatcher/XC298973.mp3
train,Empidonax oberholseri_Dusky Flycatcher,../../Datasets/BirdClef/features/Empidonax oberholseri_Dusky Flycatcher/XC123839.npy,../../Datasets/BirdClef/audio/Empidonax oberholseri_Dusky Flycatcher/XC123839.mp3
train,Empidonax traillii_Willow Flycatcher,../../Datasets/BirdClef/features/Empidonax traillii_Willow Flycatcher/XC83577.npy,../../Datasets/BirdClef/audio/Empidonax traillii_Willow Flycatcher/XC83577.mp3
train,Empidonax wrightii_Gray Flycatcher,../../Datasets/BirdClef/features/Empidonax wrightii_Gray Flycatcher/XC124834.npy,../../Datasets/BirdClef/audio/Empidonax wrightii_Gray Flycatcher/XC124834.mp3
train,Empidonomus varius_Variegated Flycatcher,../../Datasets/BirdClef/features/Empidonomus varius_Variegated Flycatcher/XC43293.npy,../../Datasets/BirdClef/audio/Empidonomus varius_Variegated Flycatcher/XC43293.mp3
train,Epinecrophylla leucophthalma_White-eyed Stipplethroat,../../Datasets/BirdClef/features/Epinecrophylla leucophthalma_White-eyed Stipplethroat/XC221708.npy,../../Datasets/BirdClef/audio/Epinecrophylla leucophthalma_White-eyed Stipplethroat/XC221708.mp3
train,Epinecrophylla ornata_Ornate Stipplethroat,../../Datasets/BirdClef/features/Epinecrophylla ornata_Ornate Stipplethroat/XC20794.npy,../../Datasets/BirdClef/audio/Epinecrophylla ornata_Ornate Stipplethroat/XC20794.mp3
train,Eremophila alpestris_Horned Lark,../../Datasets/BirdClef/features/Eremophila alpestris_Horned Lark/XC291091.npy,../../Datasets/BirdClef/audio/Eremophila alpestris_Horned Lark/XC291091.mp3
train,Erithacus rubecula_European Robin,../../Datasets/BirdClef/features/Erithacus rubecula_European Robin/XC321406.npy,../../Datasets/BirdClef/audio/Erithacus rubecula_European Robin/XC321406.mp3
train,Euphagus carolinus_Rusty Blackbird,../../Datasets/BirdClef/features/Euphagus carolinus_Rusty Blackbird/XC55063.npy,../../Datasets/BirdClef/audio/Euphagus carolinus_Rusty Blackbird/XC55063.mp3
train,Euphagus cyanocephalus_Brewer's Blackbird,../../Datasets/BirdClef/features/Euphagus cyanocephalus_Brewer's Blackbird/XC54884.npy,../../Datasets/BirdClef/audio/Euphagus cyanocephalus_Brewer's Blackbird/XC54884.mp3
train,Euphonia chlorotica_Purple-throated Euphonia,../../Datasets/BirdClef/features/Euphonia chlorotica_Purple-throated Euphonia/XC273036.npy,../../Datasets/BirdClef/audio/Euphonia chlorotica_Purple-throated Euphonia/XC273036.mp3
train,Euphonia chrysopasta_Golden-bellied Euphonia,../../Datasets/BirdClef/features/Euphonia chrysopasta_Golden-bellied Euphonia/XC261157.npy,../../Datasets/BirdClef/audio/Euphonia chrysopasta_Golden-bellied Euphonia/XC261157.mp3
train,Euphonia cyanocephala_Golden-rumped Euphonia,../../Datasets/BirdClef/features/Euphonia cyanocephala_Golden-rumped Euphonia/XC275980.npy,../../Datasets/BirdClef/audio/Euphonia cyanocephala_Golden-rumped Euphonia/XC275980.mp3
train,Euphonia laniirostris_Thick-billed Euphonia,../../Datasets/BirdClef/features/Euphonia laniirostris_Thick-billed Euphonia/XC453627.npy,../../Datasets/BirdClef/audio/Euphonia laniirostris_Thick-billed Euphonia/XC453627.mp3
train,Euphonia rufiventris_Rufous-bellied Euphonia,../../Datasets/BirdClef/features/Euphonia rufiventris_Rufous-bellied Euphonia/XC119247.npy,../../Datasets/BirdClef/audio/Euphonia rufiventris_Rufous-bellied Euphonia/XC119247.mp3
train,Euphonia xanthogaster_Orange-bellied Euphonia,../../Datasets/BirdClef/features/Euphonia xanthogaster_Orange-bellied Euphonia/XC222962.npy,../../Datasets/BirdClef/audio/Euphonia xanthogaster_Orange-bellied Euphonia/XC222962.mp3
train,Eurypyga helias_Sunbittern,../../Datasets/BirdClef/features/Eurypyga helias_Sunbittern/XC345198.npy,../../Datasets/BirdClef/audio/Eurypyga helias_Sunbittern/XC345198.mp3
train,Falco columbarius_Merlin,../../Datasets/BirdClef/features/Falco columbarius_Merlin/XC195556.npy,../../Datasets/BirdClef/audio/Falco columbarius_Merlin/XC195556.mp3
train,Falco peregrinus_Peregrine Falcon,../../Datasets/BirdClef/features/Falco peregrinus_Peregrine Falcon/XC408645.npy,../../Datasets/BirdClef/audio/Falco peregrinus_Peregrine Falcon/XC408645.mp3
train,Falco rufigularis_Bat Falcon,../../Datasets/BirdClef/features/Falco rufigularis_Bat Falcon/XC129546.npy,../../Datasets/BirdClef/audio/Falco rufigularis_Bat Falcon/XC129546.mp3
train,Falco sparverius_American Kestrel,../../Datasets/BirdClef/features/Falco sparverius_American Kestrel/XC267262.npy,../../Datasets/BirdClef/audio/Falco sparverius_American Kestrel/XC267262.mp3
train,Falco subbuteo_Eurasian Hobby,../../Datasets/BirdClef/features/Falco subbuteo_Eurasian Hobby/XC382305.npy,../../Datasets/BirdClef/audio/Falco subbuteo_Eurasian Hobby/XC382305.mp3
train,Falco tinnunculus_Eurasian Kestrel,../../Datasets/BirdClef/features/Falco tinnunculus_Eurasian Kestrel/XC445373.npy,../../Datasets/BirdClef/audio/Falco tinnunculus_Eurasian Kestrel/XC445373.mp3
train,Formicarius analis_Black-faced Antthrush,../../Datasets/BirdClef/features/Formicarius analis_Black-faced Antthrush/XC83.npy,../../Datasets/BirdClef/audio/Formicarius analis_Black-faced Antthrush/XC83.mp3
train,Formicarius colma_Rufous-capped Antthrush,../../Datasets/BirdClef/features/Formicarius colma_Rufous-capped Antthrush/XC113953.npy,../../Datasets/BirdClef/audio/Formicarius colma_Rufous-capped Antthrush/XC113953.mp3
train,Formicivora rufa_Rusty-backed Antwren,../../Datasets/BirdClef/features/Formicivora rufa_Rusty-backed Antwren/XC223180.npy,../../Datasets/BirdClef/audio/Formicivora rufa_Rusty-backed Antwren/XC223180.mp3
train,Fringilla coelebs_Common Chaffinch,../../Datasets/BirdClef/features/Fringilla coelebs_Common Chaffinch/XC270411.npy,../../Datasets/BirdClef/audio/Fringilla coelebs_Common Chaffinch/XC270411.mp3
train,Fringilla montifringilla_Brambling,../../Datasets/BirdClef/features/Fringilla montifringilla_Brambling/XC81176.npy,../../Datasets/BirdClef/audio/Fringilla montifringilla_Brambling/XC81176.mp3
train,Fulica americana_American Coot,../../Datasets/BirdClef/features/Fulica americana_American Coot/XC160877.npy,../../Datasets/BirdClef/audio/Fulica americana_American Coot/XC160877.mp3
train,Fulica atra_Eurasian Coot,../../Datasets/BirdClef/features/Fulica atra_Eurasian Coot/XC410679.npy,../../Datasets/BirdClef/audio/Fulica atra_Eurasian Coot/XC410679.mp3
train,Furnarius leucopus_Pale-legged Hornero,../../Datasets/BirdClef/features/Furnarius leucopus_Pale-legged Hornero/XC80805.npy,../../Datasets/BirdClef/audio/Furnarius leucopus_Pale-legged Hornero/XC80805.mp3
train,Galbula dea_Paradise Jacamar,../../Datasets/BirdClef/features/Galbula dea_Paradise Jacamar/XC182548.npy,../../Datasets/BirdClef/audio/Galbula dea_Paradise Jacamar/XC182548.mp3
train,Gallinago delicata_Wilson's Snipe,../../Datasets/BirdClef/features/Gallinago delicata_Wilson's Snipe/XC406107.npy,../../Datasets/BirdClef/audio/Gallinago delicata_Wilson's Snipe/XC406107.mp3
train,Gallinago gallinago_Common Snipe,../../Datasets/BirdClef/features/Gallinago gallinago_Common Snipe/XC112675.npy,../../Datasets/BirdClef/audio/Gallinago gallinago_Common Snipe/XC112675.mp3
train,Gallinula chloropus_Eurasian Moorhen,../../Datasets/BirdClef/features/Gallinula chloropus_Eurasian Moorhen/XC206602.npy,../../Datasets/BirdClef/audio/Gallinula chloropus_Eurasian Moorhen/XC206602.mp3
train,Garrulus glandarius_Eurasian Jay,../../Datasets/BirdClef/features/Garrulus glandarius_Eurasian Jay/XC285814.npy,../../Datasets/BirdClef/audio/Garrulus glandarius_Eurasian Jay/XC285814.mp3
train,Gavia immer_Common Loon,../../Datasets/BirdClef/features/Gavia immer_Common Loon/XC121585.npy,../../Datasets/BirdClef/audio/Gavia immer_Common Loon/XC121585.mp3
train,Geococcyx californianus_Greater Roadrunner,../../Datasets/BirdClef/features/Geococcyx californianus_Greater Roadrunner/XC383163.npy,../../Datasets/BirdClef/audio/Geococcyx californianus_Greater Roadrunner/XC383163.mp3
train,Geothlypis tolmiei_MacGillivray's Warbler,../../Datasets/BirdClef/features/Geothlypis tolmiei_MacGillivray's Warbler/XC468722.npy,../../Datasets/BirdClef/audio/Geothlypis tolmiei_MacGillivray's Warbler/XC468722.mp3
train,Geothlypis trichas_Common Yellowthroat,../../Datasets/BirdClef/features/Geothlypis trichas_Common Yellowthroat/XC447423.npy,../../Datasets/BirdClef/audio/Geothlypis trichas_Common Yellowthroat/XC447423.mp3
train,Geotrygon montana_Ruddy Quail-Dove,../../Datasets/BirdClef/features/Geotrygon montana_Ruddy Quail-Dove/XC334760.npy,../../Datasets/BirdClef/audio/Geotrygon montana_Ruddy Quail-Dove/XC334760.mp3
train,Geranospiza caerulescens_Crane Hawk,../../Datasets/BirdClef/features/Geranospiza caerulescens_Crane Hawk/XC11714.npy,../../Datasets/BirdClef/audio/Geranospiza caerulescens_Crane Hawk/XC11714.mp3
train,Glaucidium brasilianum_Ferruginous Pygmy-Owl,../../Datasets/BirdClef/features/Glaucidium brasilianum_Ferruginous Pygmy-Owl/XC56637.npy,../../Datasets/BirdClef/audio/Glaucidium brasilianum_Ferruginous Pygmy-Owl/XC56637.mp3
train,Glaucidium hardyi_Amazonian Pygmy-Owl,../../Datasets/BirdClef/features/Glaucidium hardyi_Amazonian Pygmy-Owl/XC223515.npy,../../Datasets/BirdClef/audio/Glaucidium hardyi_Amazonian Pygmy-Owl/XC223515.mp3
train,Glyphorynchus spirurus_Wedge-billed Woodcreeper,../../Datasets/BirdClef/features/Glyphorynchus spirurus_Wedge-billed Woodcreeper/XC367653.npy,../../Datasets/BirdClef/audio/Glyphorynchus spirurus_Wedge-billed Woodcreeper/XC367653.mp3
train,Grus grus_Common Crane,../../Datasets/BirdClef/features/Grus grus_Common Crane/XC282240.npy,../../Datasets/BirdClef/audio/Grus grus_Common Crane/XC282240.mp3
train,Gymnorhinus cyanocephalus_Pinyon Jay,../../Datasets/BirdClef/features/Gymnorhinus cyanocephalus_Pinyon Jay/XC19081.npy,../../Datasets/BirdClef/audio/Gymnorhinus cyanocephalus_Pinyon Jay/XC19081.mp3
train,Habia rubica_Red-crowned Ant-Tanager,../../Datasets/BirdClef/features/Habia rubica_Red-crowned Ant-Tanager/XC187923.npy,../../Datasets/BirdClef/audio/Habia rubica_Red-crowned Ant-Tanager/XC187923.mp3
train,Haematopus ostralegus_Eurasian Oystercatcher,../../Datasets/BirdClef/features/Haematopus ostralegus_Eurasian Oystercatcher/XC471518.npy,../../Datasets/BirdClef/audio/Haematopus ostralegus_Eurasian Oystercatcher/XC471518.mp3
train,Haemorhous cassinii_Cassin's Finch,../../Datasets/BirdClef/features/Haemorhous cassinii_Cassin's Finch/XC71836.npy,../../Datasets/BirdClef/audio/Haemorhous cassinii_Cassin's Finch/XC71836.mp3
train,Haemorhous mexicanus_House Finch,../../Datasets/BirdClef/features/Haemorhous mexicanus_House Finch/XC466481.npy,../../Datasets/BirdClef/audio/Haemorhous mexicanus_House Finch/XC466481.mp3
train,Haemorhous purpureus_Purple Finch,../../Datasets/BirdClef/features/Haemorhous purpureus_Purple Finch/XC195203.npy,../../Datasets/BirdClef/audio/Haemorhous purpureus_Purple Finch/XC195203.mp3
train,Hafferia fortis_Sooty Antbird,../../Datasets/BirdClef/features/Hafferia fortis_Sooty Antbird/XC63707.npy,../../Datasets/BirdClef/audio/Hafferia fortis_Sooty Antbird/XC63707.mp3
train,Hemithraupis guira_Guira Tanager,../../Datasets/BirdClef/features/Hemithraupis guira_Guira Tanager/XC345513.npy,../../Datasets/BirdClef/audio/Hemithraupis guira_Guira Tanager/XC345513.mp3
train,Hemitriccus flammulatus_Flammulated Pygmy-Tyrant,../../Datasets/BirdClef/features/Hemitriccus flammulatus_Flammulated Pygmy-Tyrant/XC123095.npy,../../Datasets/BirdClef/audio/Hemitriccus flammulatus_Flammulated Pygmy-Tyrant/XC123095.mp3
train,Hemitriccus griseipectus_White-bellied Tody-Tyrant,../../Datasets/BirdClef/features/Hemitriccus griseipectus_White-bellied Tody-Tyrant/XC223978.npy,../../Datasets/BirdClef/audio/Hemitriccus griseipectus_White-bellied Tody-Tyrant/XC223978.mp3
train,Hemitriccus iohannis_Johannes's Tody-Tyrant,../../Datasets/BirdClef/features/Hemitriccus iohannis_Johannes's Tody-Tyrant/XC257101.npy,../../Datasets/BirdClef/audio/Hemitriccus iohannis_Johannes's Tody-Tyrant/XC257101.mp3
train,Herpetotheres cachinnans_Laughing Falcon,../../Datasets/BirdClef/features/Herpetotheres cachinnans_Laughing Falcon/XC331974.npy,../../Datasets/BirdClef/audio/Herpetotheres cachinnans_Laughing Falcon/XC331974.mp3
train,Hippolais polyglotta_Melodious Warbler,../../Datasets/BirdClef/features/Hippolais polyglotta_Melodious Warbler/XC379288.npy,../../Datasets/BirdClef/audio/Hippolais polyglotta_Melodious Warbler/XC379288.mp3
train,Hirundo rustica_Barn Swallow,../../Datasets/BirdClef/features/Hirundo rustica_Barn Swallow/XC361741.npy,../../Datasets/BirdClef/audio/Hirundo rustica_Barn Swallow/XC361741.mp3
train,Hydroprogne caspia_Caspian Tern,../../Datasets/BirdClef/features/Hydroprogne caspia_Caspian Tern/XC342986.npy,../../Datasets/BirdClef/audio/Hydroprogne caspia_Caspian Tern/XC342986.mp3
train,Hylocharis cyanus_White-chinned Sapphire,../../Datasets/BirdClef/features/Hylocharis cyanus_White-chinned Sapphire/XC432330.npy,../../Datasets/BirdClef/audio/Hylocharis cyanus_White-chinned Sapphire/XC432330.mp3
train,Hylocichla mustelina_Wood Thrush,../../Datasets/BirdClef/features/Hylocichla mustelina_Wood Thrush/XC369874.npy,../../Datasets/BirdClef/audio/Hylocichla mustelina_Wood Thrush/XC369874.mp3
train,Hylopezus berlepschi_Amazonian Antpitta,../../Datasets/BirdClef/features/Hylopezus berlepschi_Amazonian Antpitta/XC63511.npy,../../Datasets/BirdClef/audio/Hylopezus berlepschi_Amazonian Antpitta/XC63511.mp3
train,Hylophilus thoracicus_Lemon-chested Greenlet,../../Datasets/BirdClef/features/Hylophilus thoracicus_Lemon-chested Greenlet/XC288198.npy,../../Datasets/BirdClef/audio/Hylophilus thoracicus_Lemon-chested Greenlet/XC288198.mp3
train,Hylophylax naevius_Spot-backed Antbird,../../Datasets/BirdClef/features/Hylophylax naevius_Spot-backed Antbird/XC224461.npy,../../Datasets/BirdClef/audio/Hylophylax naevius_Spot-backed Antbird/XC224461.mp3
train,Hypocnemis peruviana_Peruvian Warbling-Antbird,../../Datasets/BirdClef/features/Hypocnemis peruviana_Peruvian Warbling-Antbird/XC63551.npy,../../Datasets/BirdClef/audio/Hypocnemis peruviana_Peruvian Warbling-Antbird/XC63551.mp3
train,Hypocnemoides maculicauda_Band-tailed Antbird,../../Datasets/BirdClef/features/Hypocnemoides maculicauda_Band-tailed Antbird/XC446456.npy,../../Datasets/BirdClef/audio/Hypocnemoides maculicauda_Band-tailed Antbird/XC446456.mp3
train,Ibycter americanus_Red-throated Caracara,../../Datasets/BirdClef/features/Ibycter americanus_Red-throated Caracara/XC44138.npy,../../Datasets/BirdClef/audio/Ibycter americanus_Red-throated Caracara/XC44138.mp3
train,Ichthyaetus melanocephalus_Mediterranean Gull,../../Datasets/BirdClef/features/Ichthyaetus melanocephalus_Mediterranean Gull/XC296066.npy,../../Datasets/BirdClef/audio/Ichthyaetus melanocephalus_Mediterranean Gull/XC296066.mp3
train,Icterus bullockii_Bullock's Oriole,../../Datasets/BirdClef/features/Icterus bullockii_Bullock's Oriole/XC177262.npy,../../Datasets/BirdClef/audio/Icterus bullockii_Bullock's Oriole/XC177262.mp3
train,Icterus cayanensis_Epaulet Oriole,../../Datasets/BirdClef/features/Icterus cayanensis_Epaulet Oriole/XC124246.npy,../../Datasets/BirdClef/audio/Icterus cayanensis_Epaulet Oriole/XC124246.mp3
train,Icterus croconotus_Orange-backed Troupial,../../Datasets/BirdClef/features/Icterus croconotus_Orange-backed Troupial/XC208720.npy,../../Datasets/BirdClef/audio/Icterus croconotus_Orange-backed Troupial/XC208720.mp3
train,Icterus galbula_Baltimore Oriole,../../Datasets/BirdClef/features/Icterus galbula_Baltimore Oriole/XC475086.npy,../../Datasets/BirdClef/audio/Icterus galbula_Baltimore Oriole/XC475086.mp3
train,Icterus parisorum_Scott's Oriole,../../Datasets/BirdClef/features/Icterus parisorum_Scott's Oriole/XC265664.npy,../../Datasets/BirdClef/audio/Icterus parisorum_Scott's Oriole/XC265664.mp3
train,Isleria hauxwelli_Plain-throated Antwren,../../Datasets/BirdClef/features/Isleria hauxwelli_Plain-throated Antwren/XC258413.npy,../../Datasets/BirdClef/audio/Isleria hauxwelli_Plain-throated Antwren/XC258413.mp3
train,Ixobrychus exilis_Least Bittern,../../Datasets/BirdClef/features/Ixobrychus exilis_Least Bittern/XC110711.npy,../../Datasets/BirdClef/audio/Ixobrychus exilis_Least Bittern/XC110711.mp3
train,Jacamerops aureus_Great Jacamar,../../Datasets/BirdClef/features/Jacamerops aureus_Great Jacamar/XC87139.npy,../../Datasets/BirdClef/audio/Jacamerops aureus_Great Jacamar/XC87139.mp3
train,Jacana jacana_Wattled Jacana,../../Datasets/BirdClef/features/Jacana jacana_Wattled Jacana/XC66049.npy,../../Datasets/BirdClef/audio/Jacana jacana_Wattled Jacana/XC66049.mp3
train,Junco hyemalis_Dark-eyed Junco,../../Datasets/BirdClef/features/Junco hyemalis_Dark-eyed Junco/XC110975.npy,../../Datasets/BirdClef/audio/Junco hyemalis_Dark-eyed Junco/XC110975.mp3
train,Lamprospiza melanoleuca_Red-billed Pied Tanager,../../Datasets/BirdClef/features/Lamprospiza melanoleuca_Red-billed Pied Tanager/XC224779.npy,../../Datasets/BirdClef/audio/Lamprospiza melanoleuca_Red-billed Pied Tanager/XC224779.mp3
train,Laniocera hypopyrra_Cinereous Mourner,../../Datasets/BirdClef/features/Laniocera hypopyrra_Cinereous Mourner/XC407261.npy,../../Datasets/BirdClef/audio/Laniocera hypopyrra_Cinereous Mourner/XC407261.mp3
train,Lanius collurio_Red-backed Shrike,../../Datasets/BirdClef/features/Lanius collurio_Red-backed Shrike/XC476919.npy,../../Datasets/BirdClef/audio/Lanius collurio_Red-backed Shrike/XC476919.mp3
train,Lanius ludovicianus_Loggerhead Shrike,../../Datasets/BirdClef/features/Lanius ludovicianus_Loggerhead Shrike/XC498958.npy,../../Datasets/BirdClef/audio/Lanius ludovicianus_Loggerhead Shrike/XC498958.mp3
train,Larus argentatus_Herring Gull,../../Datasets/BirdClef/features/Larus argentatus_Herring Gull/XC420165.npy,../../Datasets/BirdClef/audio/Larus argentatus_Herring Gull/XC420165.mp3
train,Larus cachinnans_Caspian Gull,../../Datasets/BirdClef/features/Larus cachinnans_Caspian Gull/XC302621.npy,../../Datasets/BirdClef/audio/Larus cachinnans_Caspian Gull/XC302621.mp3
train,Larus canus_Mew Gull,../../Datasets/BirdClef/features/Larus canus_Mew Gull/XC154278.npy,../../Datasets/BirdClef/audio/Larus canus_Mew Gull/XC154278.mp3
train,Larus delawarensis_Ring-billed Gull,../../Datasets/BirdClef/features/Larus delawarensis_Ring-billed Gull/XC461533.npy,../../Datasets/BirdClef/audio/Larus delawarensis_Ring-billed Gull/XC461533.mp3
train,Larus fuscus_Lesser Black-backed Gull,../../Datasets/BirdClef/features/Larus fuscus_Lesser Black-backed Gull/XC139161.npy,../../Datasets/BirdClef/audio/Larus fuscus_Lesser Black-backed Gull/XC139161.mp3
train,Larus michahellis_Yellow-legged Gull,../../Datasets/BirdClef/features/Larus michahellis_Yellow-legged Gull/XC330731.npy,../../Datasets/BirdClef/audio/Larus michahellis_Yellow-legged Gull/XC330731.mp3
train,Laterallus exilis_Gray-breasted Crake,../../Datasets/BirdClef/features/Laterallus exilis_Gray-breasted Crake/XC421169.npy,../../Datasets/BirdClef/audio/Laterallus exilis_Gray-breasted Crake/XC421169.mp3
train,Laterallus melanophaius_Rufous-sided Crake,../../Datasets/BirdClef/features/Laterallus melanophaius_Rufous-sided Crake/XC33120.npy,../../Datasets/BirdClef/audio/Laterallus melanophaius_Rufous-sided Crake/XC33120.mp3
train,Lathrotriccus euleri_Euler's Flycatcher,../../Datasets/BirdClef/features/Lathrotriccus euleri_Euler's Flycatcher/XC120597.npy,../../Datasets/BirdClef/audio/Lathrotriccus euleri_Euler's Flycatcher/XC120597.mp3
train,Legatus leucophaius_Piratic Flycatcher,../../Datasets/BirdClef/features/Legatus leucophaius_Piratic Flycatcher/XC46991.npy,../../Datasets/BirdClef/audio/Legatus leucophaius_Piratic Flycatcher/XC46991.mp3
train,Leiothlypis celata_Orange-crowned Warbler,../../Datasets/BirdClef/features/Leiothlypis celata_Orange-crowned Warbler/XC449505.npy,../../Datasets/BirdClef/audio/Leiothlypis celata_Orange-crowned Warbler/XC449505.mp3
train,Lepidothrix coronata_Blue-crowned Manakin,../../Datasets/BirdClef/features/Lepidothrix coronata_Blue-crowned Manakin/XC122773.npy,../../Datasets/BirdClef/audio/Lepidothrix coronata_Blue-crowned Manakin/XC122773.mp3
train,Leptodon cayanensis_Gray-headed Kite,../../Datasets/BirdClef/features/Leptodon cayanensis_Gray-headed Kite/XC225017.npy,../../Datasets/BirdClef/audio/Leptodon cayanensis_Gray-headed Kite/XC225017.mp3
train,Leptopogon amaurocephalus_Sepia-capped Flycatcher,../../Datasets/BirdClef/features/Leptopogon amaurocephalus_Sepia-capped Flycatcher/XC81611.npy,../../Datasets/BirdClef/audio/Leptopogon amaurocephalus_Sepia-capped Flycatcher/XC81611.mp3
train,Leptotila rufaxilla_Gray-fronted Dove,../../Datasets/BirdClef/features/Leptotila rufaxilla_Gray-fronted Dove/XC122318.npy,../../Datasets/BirdClef/audio/Leptotila rufaxilla_Gray-fronted Dove/XC122318.mp3
train,Limnodromus scolopaceus_Long-billed Dowitcher,../../Datasets/BirdClef/features/Limnodromus scolopaceus_Long-billed Dowitcher/XC406403.npy,../../Datasets/BirdClef/audio/Limnodromus scolopaceus_Long-billed Dowitcher/XC406403.mp3
train,Linaria cannabina_Eurasian Linnet,../../Datasets/BirdClef/features/Linaria cannabina_Eurasian Linnet/XC187901.npy,../../Datasets/BirdClef/audio/Linaria cannabina_Eurasian Linnet/XC187901.mp3
train,Liosceles thoracicus_Rusty-belted Tapaculo,../../Datasets/BirdClef/features/Liosceles thoracicus_Rusty-belted Tapaculo/XC248724.npy,../../Datasets/BirdClef/audio/Liosceles thoracicus_Rusty-belted Tapaculo/XC248724.mp3
train,Lipaugus vociferans_Screaming Piha,../../Datasets/BirdClef/features/Lipaugus vociferans_Screaming Piha/XC251068.npy,../../Datasets/BirdClef/audio/Lipaugus vociferans_Screaming Piha/XC251068.mp3
train,Lophophanes cristatus_Crested Tit,../../Datasets/BirdClef/features/Lophophanes cristatus_Crested Tit/XC411071.npy,../../Datasets/BirdClef/audio/Lophophanes cristatus_Crested Tit/XC411071.mp3
train,Lophostrix cristata_Crested Owl,../../Datasets/BirdClef/features/Lophostrix cristata_Crested Owl/XC238434.npy,../../Datasets/BirdClef/audio/Lophostrix cristata_Crested Owl/XC238434.mp3
train,Lullula arborea_Wood Lark,../../Datasets/BirdClef/features/Lullula arborea_Wood Lark/XC123048.npy,../../Datasets/BirdClef/audio/Lullula arborea_Wood Lark/XC123048.mp3
train,Lurocalis semitorquatus_Short-tailed Nighthawk,../../Datasets/BirdClef/features/Lurocalis semitorquatus_Short-tailed Nighthawk/XC403318.npy,../../Datasets/BirdClef/audio/Lurocalis semitorquatus_Short-tailed Nighthawk/XC403318.mp3
train,Luscinia megarhynchos_Common Nightingale,../../Datasets/BirdClef/features/Luscinia megarhynchos_Common Nightingale/XC156179.npy,../../Datasets/BirdClef/audio/Luscinia megarhynchos_Common Nightingale/XC156179.mp3
train,Luscinia svecica_Bluethroat,../../Datasets/BirdClef/features/Luscinia svecica_Bluethroat/XC412972.npy,../../Datasets/BirdClef/audio/Luscinia svecica_Bluethroat/XC412972.mp3
train,Manacus manacus_White-bearded Manakin,../../Datasets/BirdClef/features/Manacus manacus_White-bearded Manakin/XC1063.npy,../../Datasets/BirdClef/audio/Manacus manacus_White-bearded Manakin/XC1063.mp3
train,Mareca americana_American Wigeon,../../Datasets/BirdClef/features/Mareca americana_American Wigeon/XC408856.npy,../../Datasets/BirdClef/audio/Mareca americana_American Wigeon/XC408856.mp3
train,Mareca penelope_Eurasian Wigeon,../../Datasets/BirdClef/features/Mareca penelope_Eurasian Wigeon/XC241885.npy,../../Datasets/BirdClef/audio/Mareca penelope_Eurasian Wigeon/XC241885.mp3
train,Mareca strepera_Gadwall,../../Datasets/BirdClef/features/Mareca strepera_Gadwall/XC424347.npy,../../Datasets/BirdClef/audio/Mareca strepera_Gadwall/XC424347.mp3
train,Megaceryle alcyon_Belted Kingfisher,../../Datasets/BirdClef/features/Megaceryle alcyon_Belted Kingfisher/XC335999.npy,../../Datasets/BirdClef/audio/Megaceryle alcyon_Belted Kingfisher/XC335999.mp3
train,Megaceryle torquata_Ringed Kingfisher,../../Datasets/BirdClef/features/Megaceryle torquata_Ringed Kingfisher/XC70387.npy,../../Datasets/BirdClef/audio/Megaceryle torquata_Ringed Kingfisher/XC70387.mp3
train,Megarynchus pitangua_Boat-billed Flycatcher,../../Datasets/BirdClef/features/Megarynchus pitangua_Boat-billed Flycatcher/XC391881.npy,../../Datasets/BirdClef/audio/Megarynchus pitangua_Boat-billed Flycatcher/XC391881.mp3
train,Megascops choliba_Tropical Screech-Owl,../../Datasets/BirdClef/features/Megascops choliba_Tropical Screech-Owl/XC129857.npy,../../Datasets/BirdClef/audio/Megascops choliba_Tropical Screech-Owl/XC129857.mp3
train,Megascops watsonii_Tawny-bellied Screech-Owl,../../Datasets/BirdClef/features/Megascops watsonii_Tawny-bellied Screech-Owl/XC120.npy,../../Datasets/BirdClef/audio/Megascops watsonii_Tawny-bellied Screech-Owl/XC120.mp3
train,Melanerpes carolinus_Red-bellied Woodpecker,../../Datasets/BirdClef/features/Melanerpes carolinus_Red-bellied Woodpecker/XC70307.npy,../../Datasets/BirdClef/audio/Melanerpes carolinus_Red-bellied Woodpecker/XC70307.mp3
train,Melanerpes cruentatus_Yellow-tufted Woodpecker,../../Datasets/BirdClef/features/Melanerpes cruentatus_Yellow-tufted Woodpecker/XC234457.npy,../../Datasets/BirdClef/audio/Melanerpes cruentatus_Yellow-tufted Woodpecker/XC234457.mp3
train,Melospiza georgiana_Swamp Sparrow,../../Datasets/BirdClef/features/Melospiza georgiana_Swamp Sparrow/XC160646.npy,../../Datasets/BirdClef/audio/Melospiza georgiana_Swamp Sparrow/XC160646.mp3
train,Melospiza lincolnii_Lincoln's Sparrow,../../Datasets/BirdClef/features/Melospiza lincolnii_Lincoln's Sparrow/XC314689.npy,../../Datasets/BirdClef/audio/Melospiza lincolnii_Lincoln's Sparrow/XC314689.mp3
train,Melospiza melodia_Song Sparrow,../../Datasets/BirdClef/features/Melospiza melodia_Song Sparrow/XC138337.npy,../../Datasets/BirdClef/audio/Melospiza melodia_Song Sparrow/XC138337.mp3
train,Mergus merganser_Common Merganser,../../Datasets/BirdClef/features/Mergus merganser_Common Merganser/XC109153.npy,../../Datasets/BirdClef/audio/Mergus merganser_Common Merganser/XC109153.mp3
train,Merops apiaster_European Bee-eater,../../Datasets/BirdClef/features/Merops apiaster_European Bee-eater/XC189104.npy,../../Datasets/BirdClef/audio/Merops apiaster_European Bee-eater/XC189104.mp3
train,Mesembrinibis cayennensis_Green Ibis,../../Datasets/BirdClef/features/Mesembrinibis cayennensis_Green Ibis/XC83482.npy,../../Datasets/BirdClef/audio/Mesembrinibis cayennensis_Green Ibis/XC83482.mp3
train,Micrastur gilvicollis_Lined Forest-Falcon,../../Datasets/BirdClef/features/Micrastur gilvicollis_Lined Forest-Falcon/XC119391.npy,../../Datasets/BirdClef/audio/Micrastur gilvicollis_Lined Forest-Falcon/XC119391.mp3
train,Micrastur mirandollei_Slaty-backed Forest-Falcon,../../Datasets/BirdClef/features/Micrastur mirandollei_Slaty-backed Forest-Falcon/XC373582.npy,../../Datasets/BirdClef/audio/Micrastur mirandollei_Slaty-backed Forest-Falcon/XC373582.mp3
train,Micrastur ruficollis_Barred Forest-Falcon,../../Datasets/BirdClef/features/Micrastur ruficollis_Barred Forest-Falcon/XC493782.npy,../../Datasets/BirdClef/audio/Micrastur ruficollis_Barred Forest-Falcon/XC493782.mp3
train,Micrastur semitorquatus_Collared Forest-Falcon,../../Datasets/BirdClef/features/Micrastur semitorquatus_Collared Forest-Falcon/XC389339.npy,../../Datasets/BirdClef/audio/Micrastur semitorquatus_Collared Forest-Falcon/XC389339.mp3
train,Microcerculus marginatus_Scaly-breasted Wren,../../Datasets/BirdClef/features/Microcerculus marginatus_Scaly-breasted Wren/XC108527.npy,../../Datasets/BirdClef/audio/Microcerculus marginatus_Scaly-breasted Wren/XC108527.mp3
train,Microrhopias quixensis_Dot-winged Antwren,../../Datasets/BirdClef/features/Microrhopias quixensis_Dot-winged Antwren/XC424273.npy,../../Datasets/BirdClef/audio/Microrhopias quixensis_Dot-winged Antwren/XC424273.mp3
train,Milvago chimachima_Yellow-headed Caracara,../../Datasets/BirdClef/features/Milvago chimachima_Yellow-headed Caracara/XC427592.npy,../../Datasets/BirdClef/audio/Milvago chimachima_Yellow-headed Caracara/XC427592.mp3
train,Milvus migrans_Black Kite,../../Datasets/BirdClef/features/Milvus migrans_Black Kite/XC192707.npy,../../Datasets/BirdClef/audio/Milvus migrans_Black Kite/XC192707.mp3
train,Milvus milvus_Red Kite,../../Datasets/BirdClef/features/Milvus milvus_Red Kite/XC420057.npy,../../Datasets/BirdClef/audio/Milvus milvus_Red Kite/XC420057.mp3
train,Mimus polyglottos_Northern Mockingbird,../../Datasets/BirdClef/features/Mimus polyglottos_Northern Mockingbird/XC192426.npy,../../Datasets/BirdClef/audio/Mimus polyglottos_Northern Mockingbird/XC192426.mp3
train,Mionectes oleagineus_Ochre-bellied Flycatcher,../../Datasets/BirdClef/features/Mionectes oleagineus_Ochre-bellied Flycatcher/XC471095.npy,../../Datasets/BirdClef/audio/Mionectes oleagineus_Ochre-bellied Flycatcher/XC471095.mp3
train,Molothrus ater_Brown-headed Cowbird,../../Datasets/BirdClef/features/Molothrus ater_Brown-headed Cowbird/XC469569.npy,../../Datasets/BirdClef/audio/Molothrus ater_Brown-headed Cowbird/XC469569.mp3
train,Molothrus bonariensis_Shiny Cowbird,../../Datasets/BirdClef/features/Molothrus bonariensis_Shiny Cowbird/XC217225.npy,../../Datasets/BirdClef/audio/Molothrus bonariensis_Shiny Cowbird/XC217225.mp3
train,Molothrus oryzivorus_Giant Cowbird,../../Datasets/BirdClef/features/Molothrus oryzivorus_Giant Cowbird/XC106294.npy,../../Datasets/BirdClef/audio/Molothrus oryzivorus_Giant Cowbird/XC106294.mp3
train,Momotus momota_Amazonian Motmot,../../Datasets/BirdClef/features/Momotus momota_Amazonian Motmot/XC129865.npy,../../Datasets/BirdClef/audio/Momotus momota_Amazonian Motmot/XC129865.mp3
train,Monasa morphoeus_White-fronted Nunbird,../../Datasets/BirdClef/features/Monasa morphoeus_White-fronted Nunbird/XC60802.npy,../../Datasets/BirdClef/audio/Monasa morphoeus_White-fronted Nunbird/XC60802.mp3
train,Monasa nigrifrons_Black-fronted Nunbird,../../Datasets/BirdClef/features/Monasa nigrifrons_Black-fronted Nunbird/XC295683.npy,../../Datasets/BirdClef/audio/Monasa nigrifrons_Black-fronted Nunbird/XC295683.mp3
train,Motacilla alba_White Wagtail,../../Datasets/BirdClef/features/Motacilla alba_White Wagtail/XC309336.npy,../../Datasets/BirdClef/audio/Motacilla alba_White Wagtail/XC309336.mp3
train,Motacilla cinerea_Gray Wagtail,../../Datasets/BirdClef/features/Motacilla cinerea_Gray Wagtail/XC135337.npy,../../Datasets/BirdClef/audio/Motacilla cinerea_Gray Wagtail/XC135337.mp3
train,Motacilla flava_Western Yellow Wagtail,../../Datasets/BirdClef/features/Motacilla flava_Western Yellow Wagtail/XC370989.npy,../../Datasets/BirdClef/audio/Motacilla flava_Western Yellow Wagtail/XC370989.mp3
train,Muscicapa striata_Spotted Flycatcher,../../Datasets/BirdClef/features/Muscicapa striata_Spotted Flycatcher/XC233455.npy,../../Datasets/BirdClef/audio/Muscicapa striata_Spotted Flycatcher/XC233455.mp3
train,Myiarchus cinerascens_Ash-throated Flycatcher,../../Datasets/BirdClef/features/Myiarchus cinerascens_Ash-throated Flycatcher/XC442320.npy,../../Datasets/BirdClef/audio/Myiarchus cinerascens_Ash-throated Flycatcher/XC442320.mp3
train,Myiarchus crinitus_Great Crested Flycatcher,../../Datasets/BirdClef/features/Myiarchus crinitus_Great Crested Flycatcher/XC477553.npy,../../Datasets/BirdClef/audio/Myiarchus crinitus_Great Crested Flycatcher/XC477553.mp3
train,Myiarchus ferox_Short-crested Flycatcher,../../Datasets/BirdClef/features/Myiarchus ferox_Short-crested Flycatcher/XC82271.npy,../../Datasets/BirdClef/audio/Myiarchus ferox_Short-crested Flycatcher/XC82271.mp3
train,Myiarchus swainsoni_Swainson's Flycatcher,../../Datasets/BirdClef/features/Myiarchus swainsoni_Swainson's Flycatcher/XC349036.npy,../../Datasets/BirdClef/audio/Myiarchus swainsoni_Swainson's Flycatcher/XC349036.mp3
train,Myiarchus tuberculifer_Dusky-capped Flycatcher,../../Datasets/BirdClef/features/Myiarchus tuberculifer_Dusky-capped Flycatcher/XC123768.npy,../../Datasets/BirdClef/audio/Myiarchus tuberculifer_Dusky-capped Flycatcher/XC123768.mp3
train,Myiarchus tyrannulus_Brown-crested Flycatcher,../../Datasets/BirdClef/features/Myiarchus tyrannulus_Brown-crested Flycatcher/XC122988.npy,../../Datasets/BirdClef/audio/Myiarchus tyrannulus_Brown-crested Flycatcher/XC122988.mp3
train,Myiodynastes luteiventris_Sulphur-bellied Flycatcher,../../Datasets/BirdClef/features/Myiodynastes luteiventris_Sulphur-bellied Flycatcher/XC124029.npy,../../Datasets/BirdClef/audio/Myiodynastes luteiventris_Sulphur-bellied Flycatcher/XC124029.mp3
train,Myiodynastes maculatus_Streaked Flycatcher,../../Datasets/BirdClef/features/Myiodynastes maculatus_Streaked Flycatcher/XC210153.npy,../../Datasets/BirdClef/audio/Myiodynastes maculatus_Streaked Flycatcher/XC210153.mp3
train,Myiopagis caniceps_Gray Elaenia,../../Datasets/BirdClef/features/Myiopagis caniceps_Gray Elaenia/XC275424.npy,../../Datasets/BirdClef/audio/Myiopagis caniceps_Gray Elaenia/XC275424.mp3
train,Myiopagis gaimardii_Forest Elaenia,../../Datasets/BirdClef/features/Myiopagis gaimardii_Forest Elaenia/XC4287.npy,../../Datasets/BirdClef/audio/Myiopagis gaimardii_Forest Elaenia/XC4287.mp3
train,Myiopagis viridicata_Greenish Elaenia,../../Datasets/BirdClef/features/Myiopagis viridicata_Greenish Elaenia/XC448091.npy,../../Datasets/BirdClef/audio/Myiopagis viridicata_Greenish Elaenia/XC448091.mp3
train,Myiophobus fasciatus_Bran-colored Flycatcher,../../Datasets/BirdClef/features/Myiophobus fasciatus_Bran-colored Flycatcher/XC81635.npy,../../Datasets/BirdClef/audio/Myiophobus fasciatus_Bran-colored Flycatcher/XC81635.mp3
train,Myiornis ecaudatus_Short-tailed Pygmy-Tyrant,../../Datasets/BirdClef/features/Myiornis ecaudatus_Short-tailed Pygmy-Tyrant/XC441728.npy,../../Datasets/BirdClef/audio/Myiornis ecaudatus_Short-tailed Pygmy-Tyrant/XC441728.mp3
train,Myiothlypis fulvicauda_Buff-rumped Warbler,../../Datasets/BirdClef/features/Myiothlypis fulvicauda_Buff-rumped Warbler/XC259467.npy,../../Datasets/BirdClef/audio/Myiothlypis fulvicauda_Buff-rumped Warbler/XC259467.mp3
train,Myiozetetes cayanensis_Rusty-margined Flycatcher,../../Datasets/BirdClef/features/Myiozetetes cayanensis_Rusty-margined Flycatcher/XC45178.npy,../../Datasets/BirdClef/audio/Myiozetetes cayanensis_Rusty-margined Flycatcher/XC45178.mp3
train,Myiozetetes granadensis_Gray-capped Flycatcher,../../Datasets/BirdClef/features/Myiozetetes granadensis_Gray-capped Flycatcher/XC11058.npy,../../Datasets/BirdClef/audio/Myiozetetes granadensis_Gray-capped Flycatcher/XC11058.mp3
train,Myiozetetes luteiventris_Dusky-chested Flycatcher,../../Datasets/BirdClef/features/Myiozetetes luteiventris_Dusky-chested Flycatcher/XC226252.npy,../../Datasets/BirdClef/audio/Myiozetetes luteiventris_Dusky-chested Flycatcher/XC226252.mp3
train,Myiozetetes similis_Social Flycatcher,../../Datasets/BirdClef/features/Myiozetetes similis_Social Flycatcher/XC116944.npy,../../Datasets/BirdClef/audio/Myiozetetes similis_Social Flycatcher/XC116944.mp3
train,Myrmelastes hyperythrus_Plumbeous Antbird,../../Datasets/BirdClef/features/Myrmelastes hyperythrus_Plumbeous Antbird/XC4713.npy,../../Datasets/BirdClef/audio/Myrmelastes hyperythrus_Plumbeous Antbird/XC4713.mp3
train,Myrmoborus leucophrys_White-browed Antbird,../../Datasets/BirdClef/features/Myrmoborus leucophrys_White-browed Antbird/XC9202.npy,../../Datasets/BirdClef/audio/Myrmoborus leucophrys_White-browed Antbird/XC9202.mp3
train,Myrmoborus lophotes_White-lined Antbird,../../Datasets/BirdClef/features/Myrmoborus lophotes_White-lined Antbird/XC467567.npy,../../Datasets/BirdClef/audio/Myrmoborus lophotes_White-lined Antbird/XC467567.mp3
train,Myrmoborus myotherinus_Black-faced Antbird,../../Datasets/BirdClef/features/Myrmoborus myotherinus_Black-faced Antbird/XC118979.npy,../../Datasets/BirdClef/audio/Myrmoborus myotherinus_Black-faced Antbird/XC118979.mp3
train,Myrmophylax atrothorax_Black-throated Antbird,../../Datasets/BirdClef/features/Myrmophylax atrothorax_Black-throated Antbird/XC416765.npy,../../Datasets/BirdClef/audio/Myrmophylax atrothorax_Black-throated Antbird/XC416765.mp3
train,Myrmothera campanisona_Thrush-like Antpitta,../../Datasets/BirdClef/features/Myrmothera campanisona_Thrush-like Antpitta/XC355784.npy,../../Datasets/BirdClef/audio/Myrmothera campanisona_Thrush-like Antpitta/XC355784.mp3
train,Myrmotherula axillaris_White-flanked Antwren,../../Datasets/BirdClef/features/Myrmotherula axillaris_White-flanked Antwren/XC77606.npy,../../Datasets/BirdClef/audio/Myrmotherula axillaris_White-flanked Antwren/XC77606.mp3
train,Myrmotherula brachyura_Pygmy Antwren,../../Datasets/BirdClef/features/Myrmotherula brachyura_Pygmy Antwren/XC68794.npy,../../Datasets/BirdClef/audio/Myrmotherula brachyura_Pygmy Antwren/XC68794.mp3
train,Myrmotherula longipennis_Long-winged Antwren,../../Datasets/BirdClef/features/Myrmotherula longipennis_Long-winged Antwren/XC427690.npy,../../Datasets/BirdClef/audio/Myrmotherula longipennis_Long-winged Antwren/XC427690.mp3
train,Myrmotherula menetriesii_Gray Antwren,../../Datasets/BirdClef/features/Myrmotherula menetriesii_Gray Antwren/XC388353.npy,../../Datasets/BirdClef/audio/Myrmotherula menetriesii_Gray Antwren/XC388353.mp3
train,Myrmotherula multostriata_Amazonian Streaked-Antwren,../../Datasets/BirdClef/features/Myrmotherula multostriata_Amazonian Streaked-Antwren/XC258403.npy,../../Datasets/BirdClef/audio/Myrmotherula multostriata_Amazonian Streaked-Antwren/XC258403.mp3
train,Myrmotherula sclateri_Sclater's Antwren,../../Datasets/BirdClef/features/Myrmotherula sclateri_Sclater's Antwren/XC226606.npy,../../Datasets/BirdClef/audio/Myrmotherula sclateri_Sclater's Antwren/XC226606.mp3
train,Nasica longirostris_Long-billed Woodcreeper,../../Datasets/BirdClef/features/Nasica longirostris_Long-billed Woodcreeper/XC270858.npy,../../Datasets/BirdClef/audio/Nasica longirostris_Long-billed Woodcreeper/XC270858.mp3
train,Notharchus hyperrhynchus_White-necked Puffbird,../../Datasets/BirdClef/features/Notharchus hyperrhynchus_White-necked Puffbird/XC389262.npy,../../Datasets/BirdClef/audio/Notharchus hyperrhynchus_White-necked Puffbird/XC389262.mp3
train,Nucifraga columbiana_Clark's Nutcracker,../../Datasets/BirdClef/features/Nucifraga columbiana_Clark's Nutcracker/XC140278.npy,../../Datasets/BirdClef/audio/Nucifraga columbiana_Clark's Nutcracker/XC140278.mp3
train,Numenius americanus_Long-billed Curlew,../../Datasets/BirdClef/features/Numenius americanus_Long-billed Curlew/XC386112.npy,../../Datasets/BirdClef/audio/Numenius americanus_Long-billed Curlew/XC386112.mp3
train,Numenius arquata_Eurasian Curlew,../../Datasets/BirdClef/features/Numenius arquata_Eurasian Curlew/XC134366.npy,../../Datasets/BirdClef/audio/Numenius arquata_Eurasian Curlew/XC134366.mp3
train,Nyctibius grandis_Great Potoo,../../Datasets/BirdClef/features/Nyctibius grandis_Great Potoo/XC424013.npy,../../Datasets/BirdClef/audio/Nyctibius grandis_Great Potoo/XC424013.mp3
train,Nyctibius griseus_Common Potoo,../../Datasets/BirdClef/features/Nyctibius griseus_Common Potoo/XC336341.npy,../../Datasets/BirdClef/audio/Nyctibius griseus_Common Potoo/XC336341.mp3
train,Nycticorax nycticorax_Black-crowned Night-Heron,../../Datasets/BirdClef/features/Nycticorax nycticorax_Black-crowned Night-Heron/XC476511.npy,../../Datasets/BirdClef/audio/Nycticorax nycticorax_Black-crowned Night-Heron/XC476511.mp3
train,Nyctidromus albicollis_Common Pauraque,../../Datasets/BirdClef/features/Nyctidromus albicollis_Common Pauraque/XC196391.npy,../../Datasets/BirdClef/audio/Nyctidromus albicollis_Common Pauraque/XC196391.mp3
train,Nyctiphrynus ocellatus_Ocellated Poorwill,../../Datasets/BirdClef/features/Nyctiphrynus ocellatus_Ocellated Poorwill/XC107726.npy,../../Datasets/BirdClef/audio/Nyctiphrynus ocellatus_Ocellated Poorwill/XC107726.mp3
train,Oenanthe oenanthe_Northern Wheatear,../../Datasets/BirdClef/features/Oenanthe oenanthe_Northern Wheatear/XC203609.npy,../../Datasets/BirdClef/audio/Oenanthe oenanthe_Northern Wheatear/XC203609.mp3
train,Opisthocomus hoazin_Hoatzin,../../Datasets/BirdClef/features/Opisthocomus hoazin_Hoatzin/XC226900.npy,../../Datasets/BirdClef/audio/Opisthocomus hoazin_Hoatzin/XC226900.mp3
train,Oriolus oriolus_Eurasian Golden Oriole,../../Datasets/BirdClef/features/Oriolus oriolus_Eurasian Golden Oriole/XC281700.npy,../../Datasets/BirdClef/audio/Oriolus oriolus_Eurasian Golden Oriole/XC281700.mp3
train,Ornithion inerme_White-lored Tyrannulet,../../Datasets/BirdClef/features/Ornithion inerme_White-lored Tyrannulet/XC105608.npy,../../Datasets/BirdClef/audio/Ornithion inerme_White-lored Tyrannulet/XC105608.mp3
train,Ortalis guttata_Speckled Chachalaca,../../Datasets/BirdClef/features/Ortalis guttata_Speckled Chachalaca/XC44406.npy,../../Datasets/BirdClef/audio/Ortalis guttata_Speckled Chachalaca/XC44406.mp3
train,Orthopsittaca manilatus_Red-bellied Macaw,../../Datasets/BirdClef/features/Orthopsittaca manilatus_Red-bellied Macaw/XC39087.npy,../../Datasets/BirdClef/audio/Orthopsittaca manilatus_Red-bellied Macaw/XC39087.mp3
train,Pachyramphus castaneus_Chestnut-crowned Becard,../../Datasets/BirdClef/features/Pachyramphus castaneus_Chestnut-crowned Becard/XC4111.npy,../../Datasets/BirdClef/audio/Pachyramphus castaneus_Chestnut-crowned Becard/XC4111.mp3
train,Pachyramphus marginatus_Black-capped Becard,../../Datasets/BirdClef/features/Pachyramphus marginatus_Black-capped Becard/XC341335.npy,../../Datasets/BirdClef/audio/Pachyramphus marginatus_Black-capped Becard/XC341335.mp3
train,Pachyramphus polychopterus_White-winged Becard,../../Datasets/BirdClef/features/Pachyramphus polychopterus_White-winged Becard/XC259049.npy,../../Datasets/BirdClef/audio/Pachyramphus polychopterus_White-winged Becard/XC259049.mp3
train,Pachysylvia hypoxantha_Dusky-capped Greenlet,../../Datasets/BirdClef/features/Pachysylvia hypoxantha_Dusky-capped Greenlet/XC224368.npy,../../Datasets/BirdClef/audio/Pachysylvia hypoxantha_Dusky-capped Greenlet/XC224368.mp3
train,Pandion haliaetus_Osprey,../../Datasets/BirdClef/features/Pandion haliaetus_Osprey/XC448776.npy,../../Datasets/BirdClef/audio/Pandion haliaetus_Osprey/XC448776.mp3
train,Parkesia noveboracensis_Northern Waterthrush,../../Datasets/BirdClef/features/Parkesia noveboracensis_Northern Waterthrush/XC229638.npy,../../Datasets/BirdClef/audio/Parkesia noveboracensis_Northern Waterthrush/XC229638.mp3
train,Parus major_Great Tit,../../Datasets/BirdClef/features/Parus major_Great Tit/XC237253.npy,../../Datasets/BirdClef/audio/Parus major_Great Tit/XC237253.mp3
train,Passer domesticus_House Sparrow,../../Datasets/BirdClef/features/Passer domesticus_House Sparrow/XC145560.npy,../../Datasets/BirdClef/audio/Passer domesticus_House Sparrow/XC145560.mp3
train,Passer montanus_Eurasian Tree Sparrow,../../Datasets/BirdClef/features/Passer montanus_Eurasian Tree Sparrow/XC187047.npy,../../Datasets/BirdClef/audio/Passer montanus_Eurasian Tree Sparrow/XC187047.mp3
train,Passerculus sandwichensis_Savannah Sparrow,../../Datasets/BirdClef/features/Passerculus sandwichensis_Savannah Sparrow/XC158949.npy,../../Datasets/BirdClef/audio/Passerculus sandwichensis_Savannah Sparrow/XC158949.mp3
train,Passerella iliaca_Fox Sparrow,../../Datasets/BirdClef/features/Passerella iliaca_Fox Sparrow/XC140269.npy,../../Datasets/BirdClef/audio/Passerella iliaca_Fox Sparrow/XC140269.mp3
train,Passerina amoena_Lazuli Bunting,../../Datasets/BirdClef/features/Passerina amoena_Lazuli Bunting/XC251809.npy,../../Datasets/BirdClef/audio/Passerina amoena_Lazuli Bunting/XC251809.mp3
train,Passerina caerulea_Blue Grosbeak,../../Datasets/BirdClef/features/Passerina caerulea_Blue Grosbeak/XC57006.npy,../../Datasets/BirdClef/audio/Passerina caerulea_Blue Grosbeak/XC57006.mp3
train,Passerina cyanea_Indigo Bunting,../../Datasets/BirdClef/features/Passerina cyanea_Indigo Bunting/XC120862.npy,../../Datasets/BirdClef/audio/Passerina cyanea_Indigo Bunting/XC120862.mp3
train,Patagioenas cayennensis_Pale-vented Pigeon,../../Datasets/BirdClef/features/Patagioenas cayennensis_Pale-vented Pigeon/XC145458.npy,../../Datasets/BirdClef/audio/Patagioenas cayennensis_Pale-vented Pigeon/XC145458.mp3
train,Patagioenas plumbea_Plumbeous Pigeon,../../Datasets/BirdClef/features/Patagioenas plumbea_Plumbeous Pigeon/XC66959.npy,../../Datasets/BirdClef/audio/Patagioenas plumbea_Plumbeous Pigeon/XC66959.mp3
train,Patagioenas speciosa_Scaled Pigeon,../../Datasets/BirdClef/features/Patagioenas speciosa_Scaled Pigeon/XC60606.npy,../../Datasets/BirdClef/audio/Patagioenas speciosa_Scaled Pigeon/XC60606.mp3
train,Patagioenas subvinacea_Ruddy Pigeon,../../Datasets/BirdClef/features/Patagioenas subvinacea_Ruddy Pigeon/XC117385.npy,../../Datasets/BirdClef/audio/Patagioenas subvinacea_Ruddy Pigeon/XC117385.mp3
train,Penelope jacquacu_Spix's Guan,../../Datasets/BirdClef/features/Penelope jacquacu_Spix's Guan/XC42595.npy,../../Datasets/BirdClef/audio/Penelope jacquacu_Spix's Guan/XC42595.mp3
train,Periparus ater_Coal Tit,../../Datasets/BirdClef/features/Periparus ater_Coal Tit/XC118358.npy,../../Datasets/BirdClef/audio/Periparus ater_Coal Tit/XC118358.mp3
train,Pernis apivorus_European Honey-buzzard,../../Datasets/BirdClef/features/Pernis apivorus_European Honey-buzzard/XC329631.npy,../../Datasets/BirdClef/audio/Pernis apivorus_European Honey-buzzard/XC329631.mp3
train,Petrochelidon pyrrhonota_Cliff Swallow,../../Datasets/BirdClef/features/Petrochelidon pyrrhonota_Cliff Swallow/XC113812.npy,../../Datasets/BirdClef/audio/Petrochelidon pyrrhonota_Cliff Swallow/XC113812.mp3
train,Phaeomyias murina_Mouse-colored Tyrannulet,../../Datasets/BirdClef/features/Phaeomyias murina_Mouse-colored Tyrannulet/XC404331.npy,../../Datasets/BirdClef/audio/Phaeomyias murina_Mouse-colored Tyrannulet/XC404331.mp3
train,Phaethornis ruber_Reddish Hermit,../../Datasets/BirdClef/features/Phaethornis ruber_Reddish Hermit/XC392093.npy,../../Datasets/BirdClef/audio/Phaethornis ruber_Reddish Hermit/XC392093.mp3
train,Phaetusa simplex_Large-billed Tern,../../Datasets/BirdClef/features/Phaetusa simplex_Large-billed Tern/XC74027.npy,../../Datasets/BirdClef/audio/Phaetusa simplex_Large-billed Tern/XC74027.mp3
train,Phainopepla nitens_Phainopepla,../../Datasets/BirdClef/features/Phainopepla nitens_Phainopepla/XC227625.npy,../../Datasets/BirdClef/audio/Phainopepla nitens_Phainopepla/XC227625.mp3
train,Phalacrocorax brasilianus_Neotropic Cormorant,../../Datasets/BirdClef/features/Phalacrocorax brasilianus_Neotropic Cormorant/XC57689.npy,../../Datasets/BirdClef/audio/Phalacrocorax brasilianus_Neotropic Cormorant/XC57689.mp3
train,Phalacrocorax carbo_Great Cormorant,../../Datasets/BirdClef/features/Phalacrocorax carbo_Great Cormorant/XC458429.npy,../../Datasets/BirdClef/audio/Phalacrocorax carbo_Great Cormorant/XC458429.mp3
train,Phalaropus lobatus_Red-necked Phalarope,../../Datasets/BirdClef/features/Phalaropus lobatus_Red-necked Phalarope/XC396653.npy,../../Datasets/BirdClef/audio/Phalaropus lobatus_Red-necked Phalarope/XC396653.mp3
train,Phasianus colchicus_Ring-necked Pheasant,../../Datasets/BirdClef/features/Phasianus colchicus_Ring-necked Pheasant/XC302765.npy,../../Datasets/BirdClef/audio/Phasianus colchicus_Ring-necked Pheasant/XC302765.mp3
train,Pheucticus ludovicianus_Rose-breasted Grosbeak,../../Datasets/BirdClef/features/Pheucticus ludovicianus_Rose-breasted Grosbeak/XC144118.npy,../../Datasets/BirdClef/audio/Pheucticus ludovicianus_Rose-breasted Grosbeak/XC144118.mp3
train,Pheucticus melanocephalus_Black-headed Grosbeak,../../Datasets/BirdClef/features/Pheucticus melanocephalus_Black-headed Grosbeak/XC21762.npy,../../Datasets/BirdClef/audio/Pheucticus melanocephalus_Black-headed Grosbeak/XC21762.mp3
train,Pheugopedius genibarbis_Moustached Wren,../../Datasets/BirdClef/features/Pheugopedius genibarbis_Moustached Wren/XC231038.npy,../../Datasets/BirdClef/audio/Pheugopedius genibarbis_Moustached Wren/XC231038.mp3
train,Philydor erythrocercum_Rufous-rumped Foliage-gleaner,../../Datasets/BirdClef/features/Philydor erythrocercum_Rufous-rumped Foliage-gleaner/XC427775.npy,../../Datasets/BirdClef/audio/Philydor erythrocercum_Rufous-rumped Foliage-gleaner/XC427775.mp3
train,Philydor pyrrhodes_Cinnamon-rumped Foliage-gleaner,../../Datasets/BirdClef/features/Philydor pyrrhodes_Cinnamon-rumped Foliage-gleaner/XC27771.npy,../../Datasets/BirdClef/audio/Philydor pyrrhodes_Cinnamon-rumped Foliage-gleaner/XC27771.mp3
train,Philydor rufum_Buff-fronted Foliage-gleaner,../../Datasets/BirdClef/features/Philydor rufum_Buff-fronted Foliage-gleaner/XC212281.npy,../../Datasets/BirdClef/audio/Philydor rufum_Buff-fronted Foliage-gleaner/XC212281.mp3
train,Phlegopsis nigromaculata_Black-spotted Bare-eye,../../Datasets/BirdClef/features/Phlegopsis nigromaculata_Black-spotted Bare-eye/XC227720.npy,../../Datasets/BirdClef/audio/Phlegopsis nigromaculata_Black-spotted Bare-eye/XC227720.mp3
train,Phoenicurus ochruros_Black Redstart,../../Datasets/BirdClef/features/Phoenicurus ochruros_Black Redstart/XC133485.npy,../../Datasets/BirdClef/audio/Phoenicurus ochruros_Black Redstart/XC133485.mp3
train,Phoenicurus phoenicurus_Common Redstart,../../Datasets/BirdClef/features/Phoenicurus phoenicurus_Common Redstart/XC163453.npy,../../Datasets/BirdClef/audio/Phoenicurus phoenicurus_Common Redstart/XC163453.mp3
train,Phylloscopus collybita_Common Chiffchaff,../../Datasets/BirdClef/features/Phylloscopus collybita_Common Chiffchaff/XC165250.npy,../../Datasets/BirdClef/audio/Phylloscopus collybita_Common Chiffchaff/XC165250.mp3
train,Phylloscopus trochilus_Willow Warbler,../../Datasets/BirdClef/features/Phylloscopus trochilus_Willow Warbler/XC130942.npy,../../Datasets/BirdClef/audio/Phylloscopus trochilus_Willow Warbler/XC130942.mp3
train,Piaya cayana_Squirrel Cuckoo,../../Datasets/BirdClef/features/Piaya cayana_Squirrel Cuckoo/XC260415.npy,../../Datasets/BirdClef/audio/Piaya cayana_Squirrel Cuckoo/XC260415.mp3
train,Pica hudsonia_Black-billed Magpie,../../Datasets/BirdClef/features/Pica hudsonia_Black-billed Magpie/XC403004.npy,../../Datasets/BirdClef/audio/Pica hudsonia_Black-billed Magpie/XC403004.mp3
train,Pica pica_Eurasian Magpie,../../Datasets/BirdClef/features/Pica pica_Eurasian Magpie/XC281708.npy,../../Datasets/BirdClef/audio/Pica pica_Eurasian Magpie/XC281708.mp3
train,Picus viridis_Eurasian Green Woodpecker,../../Datasets/BirdClef/features/Picus viridis_Eurasian Green Woodpecker/XC493905.npy,../../Datasets/BirdClef/audio/Picus viridis_Eurasian Green Woodpecker/XC493905.mp3
train,Pionites leucogaster_White-bellied Parrot,../../Datasets/BirdClef/features/Pionites leucogaster_White-bellied Parrot/XC136065.npy,../../Datasets/BirdClef/audio/Pionites leucogaster_White-bellied Parrot/XC136065.mp3
train,Pionus menstruus_Blue-headed Parrot,../../Datasets/BirdClef/features/Pionus menstruus_Blue-headed Parrot/XC238887.npy,../../Datasets/BirdClef/audio/Pionus menstruus_Blue-headed Parrot/XC238887.mp3
train,Pipilo chlorurus_Green-tailed Towhee,../../Datasets/BirdClef/features/Pipilo chlorurus_Green-tailed Towhee/XC206149.npy,../../Datasets/BirdClef/audio/Pipilo chlorurus_Green-tailed Towhee/XC206149.mp3
train,Pipilo erythrophthalmus_Eastern Towhee,../../Datasets/BirdClef/features/Pipilo erythrophthalmus_Eastern Towhee/XC161101.npy,../../Datasets/BirdClef/audio/Pipilo erythrophthalmus_Eastern Towhee/XC161101.mp3
train,Pipilo maculatus_Spotted Towhee,../../Datasets/BirdClef/features/Pipilo maculatus_Spotted Towhee/XC319571.npy,../../Datasets/BirdClef/audio/Pipilo maculatus_Spotted Towhee/XC319571.mp3
train,Pipra fasciicauda_Band-tailed Manakin,../../Datasets/BirdClef/features/Pipra fasciicauda_Band-tailed Manakin/XC28058.npy,../../Datasets/BirdClef/audio/Pipra fasciicauda_Band-tailed Manakin/XC28058.mp3
train,Piprites chloris_Wing-barred Piprites,../../Datasets/BirdClef/features/Piprites chloris_Wing-barred Piprites/XC276401.npy,../../Datasets/BirdClef/audio/Piprites chloris_Wing-barred Piprites/XC276401.mp3
train,Piranga ludoviciana_Western Tanager,../../Datasets/BirdClef/features/Piranga ludoviciana_Western Tanager/XC293658.npy,../../Datasets/BirdClef/audio/Piranga ludoviciana_Western Tanager/XC293658.mp3
train,Piranga olivacea_Scarlet Tanager,../../Datasets/BirdClef/features/Piranga olivacea_Scarlet Tanager/XC476090.npy,../../Datasets/BirdClef/audio/Piranga olivacea_Scarlet Tanager/XC476090.mp3
train,Piranga rubra_Summer Tanager,../../Datasets/BirdClef/features/Piranga rubra_Summer Tanager/XC1249.npy,../../Datasets/BirdClef/audio/Piranga rubra_Summer Tanager/XC1249.mp3
train,Pitangus lictor_Lesser Kiskadee,../../Datasets/BirdClef/features/Pitangus lictor_Lesser Kiskadee/XC139247.npy,../../Datasets/BirdClef/audio/Pitangus lictor_Lesser Kiskadee/XC139247.mp3
train,Pitangus sulphuratus_Great Kiskadee,../../Datasets/BirdClef/features/Pitangus sulphuratus_Great Kiskadee/XC341384.npy,../../Datasets/BirdClef/audio/Pitangus sulphuratus_Great Kiskadee/XC341384.mp3
train,Platyrinchus coronatus_Golden-crowned Spadebill,../../Datasets/BirdClef/features/Platyrinchus coronatus_Golden-crowned Spadebill/XC63911.npy,../../Datasets/BirdClef/audio/Platyrinchus coronatus_Golden-crowned Spadebill/XC63911.mp3
train,Platyrinchus platyrhynchos_White-crested Spadebill,../../Datasets/BirdClef/features/Platyrinchus platyrhynchos_White-crested Spadebill/XC88461.npy,../../Datasets/BirdClef/audio/Platyrinchus platyrhynchos_White-crested Spadebill/XC88461.mp3
train,Plegadis chihi_White-faced Ibis,../../Datasets/BirdClef/features/Plegadis chihi_White-faced Ibis/XC216118.npy,../../Datasets/BirdClef/audio/Plegadis chihi_White-faced Ibis/XC216118.mp3
train,Plegadis falcinellus_Glossy Ibis,../../Datasets/BirdClef/features/Plegadis falcinellus_Glossy Ibis/XC108826.npy,../../Datasets/BirdClef/audio/Plegadis falcinellus_Glossy Ibis/XC108826.mp3
train,Pluvialis dominica_American Golden-Plover,../../Datasets/BirdClef/features/Pluvialis dominica_American Golden-Plover/XC135057.npy,../../Datasets/BirdClef/audio/Pluvialis dominica_American Golden-Plover/XC135057.mp3
train,Podiceps auritus_Horned Grebe,../../Datasets/BirdClef/features/Podiceps auritus_Horned Grebe/XC181794.npy,../../Datasets/BirdClef/audio/Podiceps auritus_Horned Grebe/XC181794.mp3
train,Podiceps cristatus_Great Crested Grebe,../../Datasets/BirdClef/features/Podiceps cristatus_Great Crested Grebe/XC374169.npy,../../Datasets/BirdClef/audio/Podiceps cristatus_Great Crested Grebe/XC374169.mp3
train,Podiceps grisegena_Red-necked Grebe,../../Datasets/BirdClef/features/Podiceps grisegena_Red-necked Grebe/XC253047.npy,../../Datasets/BirdClef/audio/Podiceps grisegena_Red-necked Grebe/XC253047.mp3
train,Podiceps nigricollis_Eared Grebe,../../Datasets/BirdClef/features/Podiceps nigricollis_Eared Grebe/XC340749.npy,../../Datasets/BirdClef/audio/Podiceps nigricollis_Eared Grebe/XC340749.mp3
train,Podilymbus podiceps_Pied-billed Grebe,../../Datasets/BirdClef/features/Podilymbus podiceps_Pied-billed Grebe/XC321525.npy,../../Datasets/BirdClef/audio/Podilymbus podiceps_Pied-billed Grebe/XC321525.mp3
train,Poecile atricapillus_Black-capped Chickadee,../../Datasets/BirdClef/features/Poecile atricapillus_Black-capped Chickadee/XC156746.npy,../../Datasets/BirdClef/audio/Poecile atricapillus_Black-capped Chickadee/XC156746.mp3
train,Poecile gambeli_Mountain Chickadee,../../Datasets/BirdClef/features/Poecile gambeli_Mountain Chickadee/XC224196.npy,../../Datasets/BirdClef/audio/Poecile gambeli_Mountain Chickadee/XC224196.mp3
train,Poecile palustris_Marsh Tit,../../Datasets/BirdClef/features/Poecile palustris_Marsh Tit/XC406345.npy,../../Datasets/BirdClef/audio/Poecile palustris_Marsh Tit/XC406345.mp3
train,Poecilotriccus latirostris_Rusty-fronted Tody-Flycatcher,../../Datasets/BirdClef/features/Poecilotriccus latirostris_Rusty-fronted Tody-Flycatcher/XC231312.npy,../../Datasets/BirdClef/audio/Poecilotriccus latirostris_Rusty-fronted Tody-Flycatcher/XC231312.mp3
train,Polioptila caerulea_Blue-gray Gnatcatcher,../../Datasets/BirdClef/features/Polioptila caerulea_Blue-gray Gnatcatcher/XC416745.npy,../../Datasets/BirdClef/audio/Polioptila caerulea_Blue-gray Gnatcatcher/XC416745.mp3
train,Pooecetes gramineus_Vesper Sparrow,../../Datasets/BirdClef/features/Pooecetes gramineus_Vesper Sparrow/XC111709.npy,../../Datasets/BirdClef/audio/Pooecetes gramineus_Vesper Sparrow/XC111709.mp3
train,Porphyrio martinica_Purple Gallinule,../../Datasets/BirdClef/features/Porphyrio martinica_Purple Gallinule/XC317166.npy,../../Datasets/BirdClef/audio/Porphyrio martinica_Purple Gallinule/XC317166.mp3
train,Porzana carolina_Sora,../../Datasets/BirdClef/features/Porzana carolina_Sora/XC129648.npy,../../Datasets/BirdClef/audio/Porzana carolina_Sora/XC129648.mp3
train,Progne chalybea_Gray-breasted Martin,../../Datasets/BirdClef/features/Progne chalybea_Gray-breasted Martin/XC70093.npy,../../Datasets/BirdClef/audio/Progne chalybea_Gray-breasted Martin/XC70093.mp3
train,Progne tapera_Brown-chested Martin,../../Datasets/BirdClef/features/Progne tapera_Brown-chested Martin/XC211763.npy,../../Datasets/BirdClef/audio/Progne tapera_Brown-chested Martin/XC211763.mp3
train,Prunella modularis_Dunnock,../../Datasets/BirdClef/features/Prunella modularis_Dunnock/XC282687.npy,../../Datasets/BirdClef/audio/Prunella modularis_Dunnock/XC282687.mp3
train,Psaltriparus minimus_Bushtit,../../Datasets/BirdClef/features/Psaltriparus minimus_Bushtit/XC311852.npy,../../Datasets/BirdClef/audio/Psaltriparus minimus_Bushtit/XC311852.mp3
train,Psarocolius angustifrons_Russet-backed Oropendola,../../Datasets/BirdClef/features/Psarocolius angustifrons_Russet-backed Oropendola/XC260001.npy,../../Datasets/BirdClef/audio/Psarocolius angustifrons_Russet-backed Oropendola/XC260001.mp3
train,Psarocolius bifasciatus_Olive Oropendola,../../Datasets/BirdClef/features/Psarocolius bifasciatus_Olive Oropendola/XC100515.npy,../../Datasets/BirdClef/audio/Psarocolius bifasciatus_Olive Oropendola/XC100515.mp3
train,Psarocolius decumanus_Crested Oropendola,../../Datasets/BirdClef/features/Psarocolius decumanus_Crested Oropendola/XC128953.npy,../../Datasets/BirdClef/audio/Psarocolius decumanus_Crested Oropendola/XC128953.mp3
train,Psittacara leucophthalmus_White-eyed Parakeet,../../Datasets/BirdClef/features/Psittacara leucophthalmus_White-eyed Parakeet/XC270923.npy,../../Datasets/BirdClef/audio/Psittacara leucophthalmus_White-eyed Parakeet/XC270923.mp3
train,Psittacula krameri_Rose-ringed Parakeet,../../Datasets/BirdClef/features/Psittacula krameri_Rose-ringed Parakeet/XC307253.npy,../../Datasets/BirdClef/audio/Psittacula krameri_Rose-ringed Parakeet/XC307253.mp3
train,Pteroglossus castanotis_Chestnut-eared Aracari,../../Datasets/BirdClef/features/Pteroglossus castanotis_Chestnut-eared Aracari/XC90834.npy,../../Datasets/BirdClef/audio/Pteroglossus castanotis_Chestnut-eared Aracari/XC90834.mp3
train,Pulsatrix perspicillata_Spectacled Owl,../../Datasets/BirdClef/features/Pulsatrix perspicillata_Spectacled Owl/XC107176.npy,../../Datasets/BirdClef/audio/Pulsatrix perspicillata_Spectacled Owl/XC107176.mp3
train,Pygiptila stellaris_Spot-winged Antshrike,../../Datasets/BirdClef/features/Pygiptila stellaris_Spot-winged Antshrike/XC122319.npy,../../Datasets/BirdClef/audio/Pygiptila stellaris_Spot-winged Antshrike/XC122319.mp3
train,Pygochelidon cyanoleuca_Blue-and-white Swallow,../../Datasets/BirdClef/features/Pygochelidon cyanoleuca_Blue-and-white Swallow/XC82308.npy,../../Datasets/BirdClef/audio/Pygochelidon cyanoleuca_Blue-and-white Swallow/XC82308.mp3
train,Pyrrhula pyrrhula_Eurasian Bullfinch,../../Datasets/BirdClef/features/Pyrrhula pyrrhula_Eurasian Bullfinch/XC206180.npy,../../Datasets/BirdClef/audio/Pyrrhula pyrrhula_Eurasian Bullfinch/XC206180.mp3
train,Querula purpurata_Purple-throated Fruitcrow,../../Datasets/BirdClef/features/Querula purpurata_Purple-throated Fruitcrow/XC188114.npy,../../Datasets/BirdClef/audio/Querula purpurata_Purple-throated Fruitcrow/XC188114.mp3
train,Quiscalus mexicanus_Great-tailed Grackle,../../Datasets/BirdClef/features/Quiscalus mexicanus_Great-tailed Grackle/XC260129.npy,../../Datasets/BirdClef/audio/Quiscalus mexicanus_Great-tailed Grackle/XC260129.mp3
train,Quiscalus quiscula_Common Grackle,../../Datasets/BirdClef/features/Quiscalus quiscula_Common Grackle/XC466562.npy,../../Datasets/BirdClef/audio/Quiscalus quiscula_Common Grackle/XC466562.mp3
train,Rallus aquaticus_Water Rail,../../Datasets/BirdClef/features/Rallus aquaticus_Water Rail/XC281012.npy,../../Datasets/BirdClef/audio/Rallus aquaticus_Water Rail/XC281012.mp3
train,Ramphastos tucanus_White-throated Toucan,../../Datasets/BirdClef/features/Ramphastos tucanus_White-throated Toucan/XC117405.npy,../../Datasets/BirdClef/audio/Ramphastos tucanus_White-throated Toucan/XC117405.mp3
train,Ramphastos vitellinus_Channel-billed Toucan,../../Datasets/BirdClef/features/Ramphastos vitellinus_Channel-billed Toucan/XC163806.npy,../../Datasets/BirdClef/audio/Ramphastos vitellinus_Channel-billed Toucan/XC163806.mp3
train,Ramphocelus carbo_Silver-beaked Tanager,../../Datasets/BirdClef/features/Ramphocelus carbo_Silver-beaked Tanager/XC144206.npy,../../Datasets/BirdClef/audio/Ramphocelus carbo_Silver-beaked Tanager/XC144206.mp3
train,Ramphotrigon fuscicauda_Dusky-tailed Flatbill,../../Datasets/BirdClef/features/Ramphotrigon fuscicauda_Dusky-tailed Flatbill/XC130376.npy,../../Datasets/BirdClef/audio/Ramphotrigon fuscicauda_Dusky-tailed Flatbill/XC130376.mp3
train,Ramphotrigon megacephalum_Large-headed Flatbill,../../Datasets/BirdClef/features/Ramphotrigon megacephalum_Large-headed Flatbill/XC175005.npy,../../Datasets/BirdClef/audio/Ramphotrigon megacephalum_Large-headed Flatbill/XC175005.mp3
train,Ramphotrigon ruficauda_Rufous-tailed Flatbill,../../Datasets/BirdClef/features/Ramphotrigon ruficauda_Rufous-tailed Flatbill/XC58417.npy,../../Datasets/BirdClef/audio/Ramphotrigon ruficauda_Rufous-tailed Flatbill/XC58417.mp3
train,Recurvirostra americana_American Avocet,../../Datasets/BirdClef/features/Recurvirostra americana_American Avocet/XC179043.npy,../../Datasets/BirdClef/audio/Recurvirostra americana_American Avocet/XC179043.mp3
train,Regulus calendula_Ruby-crowned Kinglet,../../Datasets/BirdClef/features/Regulus calendula_Ruby-crowned Kinglet/XC104682.npy,../../Datasets/BirdClef/audio/Regulus calendula_Ruby-crowned Kinglet/XC104682.mp3
train,Regulus ignicapilla_Common Firecrest,../../Datasets/BirdClef/features/Regulus ignicapilla_Common Firecrest/XC370716.npy,../../Datasets/BirdClef/audio/Regulus ignicapilla_Common Firecrest/XC370716.mp3
train,Regulus regulus_Goldcrest,../../Datasets/BirdClef/features/Regulus regulus_Goldcrest/XC304814.npy,../../Datasets/BirdClef/audio/Regulus regulus_Goldcrest/XC304814.mp3
train,Regulus satrapa_Golden-crowned Kinglet,../../Datasets/BirdClef/features/Regulus satrapa_Golden-crowned Kinglet/XC161131.npy,../../Datasets/BirdClef/audio/Regulus satrapa_Golden-crowned Kinglet/XC161131.mp3
train,Rhegmatorhina melanosticta_Hairy-crested Antbird,../../Datasets/BirdClef/features/Rhegmatorhina melanosticta_Hairy-crested Antbird/XC26884.npy,../../Datasets/BirdClef/audio/Rhegmatorhina melanosticta_Hairy-crested Antbird/XC26884.mp3
train,Rhynchocyclus olivaceus_Olivaceous Flatbill,../../Datasets/BirdClef/features/Rhynchocyclus olivaceus_Olivaceous Flatbill/XC147429.npy,../../Datasets/BirdClef/audio/Rhynchocyclus olivaceus_Olivaceous Flatbill/XC147429.mp3
train,Rhytipterna simplex_Grayish Mourner,../../Datasets/BirdClef/features/Rhytipterna simplex_Grayish Mourner/XC61542.npy,../../Datasets/BirdClef/audio/Rhytipterna simplex_Grayish Mourner/XC61542.mp3
train,Riparia riparia_Bank Swallow,../../Datasets/BirdClef/features/Riparia riparia_Bank Swallow/XC195303.npy,../../Datasets/BirdClef/audio/Riparia riparia_Bank Swallow/XC195303.mp3
train,Rostrhamus sociabilis_Snail Kite,../../Datasets/BirdClef/features/Rostrhamus sociabilis_Snail Kite/XC436053.npy,../../Datasets/BirdClef/audio/Rostrhamus sociabilis_Snail Kite/XC436053.mp3
train,Rupornis magnirostris_Roadside Hawk,../../Datasets/BirdClef/features/Rupornis magnirostris_Roadside Hawk/XC461419.npy,../../Datasets/BirdClef/audio/Rupornis magnirostris_Roadside Hawk/XC461419.mp3
train,Rynchops niger_Black Skimmer,../../Datasets/BirdClef/features/Rynchops niger_Black Skimmer/XC51984.npy,../../Datasets/BirdClef/audio/Rynchops niger_Black Skimmer/XC51984.mp3
train,Salpinctes obsoletus_Rock Wren,../../Datasets/BirdClef/features/Salpinctes obsoletus_Rock Wren/XC109272.npy,../../Datasets/BirdClef/audio/Salpinctes obsoletus_Rock Wren/XC109272.mp3
train,Saltator coerulescens_Grayish Saltator,../../Datasets/BirdClef/features/Saltator coerulescens_Grayish Saltator/XC174776.npy,../../Datasets/BirdClef/audio/Saltator coerulescens_Grayish Saltator/XC174776.mp3
train,Saltator grossus_Slate-colored Grosbeak,../../Datasets/BirdClef/features/Saltator grossus_Slate-colored Grosbeak/XC271577.npy,../../Datasets/BirdClef/audio/Saltator grossus_Slate-colored Grosbeak/XC271577.mp3
train,Saltator maximus_Buff-throated Saltator,../../Datasets/BirdClef/features/Saltator maximus_Buff-throated Saltator/XC259769.npy,../../Datasets/BirdClef/audio/Saltator maximus_Buff-throated Saltator/XC259769.mp3
train,Saxicola rubicola_European Stonechat,../../Datasets/BirdClef/features/Saxicola rubicola_European Stonechat/XC471515.npy,../../Datasets/BirdClef/audio/Saxicola rubicola_European Stonechat/XC471515.mp3
train,Sayornis nigricans_Black Phoebe,../../Datasets/BirdClef/features/Sayornis nigricans_Black Phoebe/XC124439.npy,../../Datasets/BirdClef/audio/Sayornis nigricans_Black Phoebe/XC124439.mp3
train,Sayornis phoebe_Eastern Phoebe,../../Datasets/BirdClef/features/Sayornis phoebe_Eastern Phoebe/XC31294.npy,../../Datasets/BirdClef/audio/Sayornis phoebe_Eastern Phoebe/XC31294.mp3
train,Sayornis saya_Say's Phoebe,../../Datasets/BirdClef/features/Sayornis saya_Say's Phoebe/XC453915.npy,../../Datasets/BirdClef/audio/Sayornis saya_Say's Phoebe/XC453915.mp3
train,Schiffornis major_Varzea Schiffornis,../../Datasets/BirdClef/features/Schiffornis major_Varzea Schiffornis/XC259131.npy,../../Datasets/BirdClef/audio/Schiffornis major_Varzea Schiffornis/XC259131.mp3
train,Schiffornis turdina_Brown-winged Schiffornis,../../Datasets/BirdClef/features/Schiffornis turdina_Brown-winged Schiffornis/XC330287.npy,../../Datasets/BirdClef/audio/Schiffornis turdina_Brown-winged Schiffornis/XC330287.mp3
train,Sciaphylax hemimelaena_Chestnut-tailed Antbird,../../Datasets/BirdClef/features/Sciaphylax hemimelaena_Chestnut-tailed Antbird/XC122321.npy,../../Datasets/BirdClef/audio/Sciaphylax hemimelaena_Chestnut-tailed Antbird/XC122321.mp3
train,Sclateria naevia_Silvered Antbird,../../Datasets/BirdClef/features/Sclateria naevia_Silvered Antbird/XC270951.npy,../../Datasets/BirdClef/audio/Sclateria naevia_Silvered Antbird/XC270951.mp3
train,Sclerurus caudacutus_Black-tailed Leaftosser,../../Datasets/BirdClef/features/Sclerurus caudacutus_Black-tailed Leaftosser/XC476016.npy,../../Datasets/BirdClef/audio/Sclerurus caudacutus_Black-tailed Leaftosser/XC476016.mp3
train,Scolopax minor_American Woodcock,../../Datasets/BirdClef/features/Scolopax minor_American Woodcock/XC138068.npy,../../Datasets/BirdClef/audio/Scolopax minor_American Woodcock/XC138068.mp3
train,Scolopax rusticola_Eurasian Woodcock,../../Datasets/BirdClef/features/Scolopax rusticola_Eurasian Woodcock/XC234503.npy,../../Datasets/BirdClef/audio/Scolopax rusticola_Eurasian Woodcock/XC234503.mp3
train,Seiurus aurocapilla_Ovenbird,../../Datasets/BirdClef/features/Seiurus aurocapilla_Ovenbird/XC246329.npy,../../Datasets/BirdClef/audio/Seiurus aurocapilla_Ovenbird/XC246329.mp3
train,Selasphorus platycercus_Broad-tailed Hummingbird,../../Datasets/BirdClef/features/Selasphorus platycercus_Broad-tailed Hummingbird/XC493470.npy,../../Datasets/BirdClef/audio/Selasphorus platycercus_Broad-tailed Hummingbird/XC493470.mp3
train,Selasphorus rufus_Rufous Hummingbird,../../Datasets/BirdClef/features/Selasphorus rufus_Rufous Hummingbird/XC170403.npy,../../Datasets/BirdClef/audio/Selasphorus rufus_Rufous Hummingbird/XC170403.mp3
train,Selenidera reinwardtii_Golden-collared Toucanet,../../Datasets/BirdClef/features/Selenidera reinwardtii_Golden-collared Toucanet/XC12298.npy,../../Datasets/BirdClef/audio/Selenidera reinwardtii_Golden-collared Toucanet/XC12298.mp3
train,Serinus serinus_European Serin,../../Datasets/BirdClef/features/Serinus serinus_European Serin/XC140575.npy,../../Datasets/BirdClef/audio/Serinus serinus_European Serin/XC140575.mp3
train,Setopagis parvula_Little Nightjar,../../Datasets/BirdClef/features/Setopagis parvula_Little Nightjar/XC11333.npy,../../Datasets/BirdClef/audio/Setopagis parvula_Little Nightjar/XC11333.mp3
train,Setophaga citrina_Hooded Warbler,../../Datasets/BirdClef/features/Setophaga citrina_Hooded Warbler/XC366706.npy,../../Datasets/BirdClef/audio/Setophaga citrina_Hooded Warbler/XC366706.mp3
train,Setophaga coronata_Yellow-rumped Warbler,../../Datasets/BirdClef/features/Setophaga coronata_Yellow-rumped Warbler/XC30790.npy,../../Datasets/BirdClef/audio/Setophaga coronata_Yellow-rumped Warbler/XC30790.mp3
train,Setophaga discolor_Prairie Warbler,../../Datasets/BirdClef/features/Setophaga discolor_Prairie Warbler/XC140646.npy,../../Datasets/BirdClef/audio/Setophaga discolor_Prairie Warbler/XC140646.mp3
train,Setophaga fusca_Blackburnian Warbler,../../Datasets/BirdClef/features/Setophaga fusca_Blackburnian Warbler/XC101858.npy,../../Datasets/BirdClef/audio/Setophaga fusca_Blackburnian Warbler/XC101858.mp3
train,Setophaga magnolia_Magnolia Warbler,../../Datasets/BirdClef/features/Setophaga magnolia_Magnolia Warbler/XC173716.npy,../../Datasets/BirdClef/audio/Setophaga magnolia_Magnolia Warbler/XC173716.mp3
train,Setophaga nigrescens_Black-throated Gray Warbler,../../Datasets/BirdClef/features/Setophaga nigrescens_Black-throated Gray Warbler/XC417904.npy,../../Datasets/BirdClef/audio/Setophaga nigrescens_Black-throated Gray Warbler/XC417904.mp3
train,Setophaga palmarum_Palm Warbler,../../Datasets/BirdClef/features/Setophaga palmarum_Palm Warbler/XC189604.npy,../../Datasets/BirdClef/audio/Setophaga palmarum_Palm Warbler/XC189604.mp3
train,Setophaga pensylvanica_Chestnut-sided Warbler,../../Datasets/BirdClef/features/Setophaga pensylvanica_Chestnut-sided Warbler/XC479484.npy,../../Datasets/BirdClef/audio/Setophaga pensylvanica_Chestnut-sided Warbler/XC479484.mp3
train,Setophaga petechia_Yellow Warbler,../../Datasets/BirdClef/features/Setophaga petechia_Yellow Warbler/XC274400.npy,../../Datasets/BirdClef/audio/Setophaga petechia_Yellow Warbler/XC274400.mp3
train,Setophaga pinus_Pine Warbler,../../Datasets/BirdClef/features/Setophaga pinus_Pine Warbler/XC252367.npy,../../Datasets/BirdClef/audio/Setophaga pinus_Pine Warbler/XC252367.mp3
train,Setophaga ruticilla_American Redstart,../../Datasets/BirdClef/features/Setophaga ruticilla_American Redstart/XC476576.npy,../../Datasets/BirdClef/audio/Setophaga ruticilla_American Redstart/XC476576.mp3
train,Setophaga striata_Blackpoll Warbler,../../Datasets/BirdClef/features/Setophaga striata_Blackpoll Warbler/XC353687.npy,../../Datasets/BirdClef/audio/Setophaga striata_Blackpoll Warbler/XC353687.mp3
train,Setophaga virens_Black-throated Green Warbler,../../Datasets/BirdClef/features/Setophaga virens_Black-throated Green Warbler/XC318131.npy,../../Datasets/BirdClef/audio/Setophaga virens_Black-throated Green Warbler/XC318131.mp3
train,Sialia mexicana_Western Bluebird,../../Datasets/BirdClef/features/Sialia mexicana_Western Bluebird/XC351733.npy,../../Datasets/BirdClef/audio/Sialia mexicana_Western Bluebird/XC351733.mp3
train,Sialia sialis_Eastern Bluebird,../../Datasets/BirdClef/features/Sialia sialis_Eastern Bluebird/XC229713.npy,../../Datasets/BirdClef/audio/Sialia sialis_Eastern Bluebird/XC229713.mp3
train,Sicalis flaveola_Saffron Finch,../../Datasets/BirdClef/features/Sicalis flaveola_Saffron Finch/XC353961.npy,../../Datasets/BirdClef/audio/Sicalis flaveola_Saffron Finch/XC353961.mp3
train,Sitta canadensis_Red-breasted Nuthatch,../../Datasets/BirdClef/features/Sitta canadensis_Red-breasted Nuthatch/XC137564.npy,../../Datasets/BirdClef/audio/Sitta canadensis_Red-breasted Nuthatch/XC137564.mp3
train,Sitta carolinensis_White-breasted Nuthatch,../../Datasets/BirdClef/features/Sitta carolinensis_White-breasted Nuthatch/XC1204.npy,../../Datasets/BirdClef/audio/Sitta carolinensis_White-breasted Nuthatch/XC1204.mp3
train,Sitta europaea_Eurasian Nuthatch,../../Datasets/BirdClef/features/Sitta europaea_Eurasian Nuthatch/XC356767.npy,../../Datasets/BirdClef/audio/Sitta europaea_Eurasian Nuthatch/XC356767.mp3
train,Sitta pygmaea_Pygmy Nuthatch,../../Datasets/BirdClef/features/Sitta pygmaea_Pygmy Nuthatch/XC363165.npy,../../Datasets/BirdClef/audio/Sitta pygmaea_Pygmy Nuthatch/XC363165.mp3
train,Sittasomus griseicapillus_Olivaceous Woodcreeper,../../Datasets/BirdClef/features/Sittasomus griseicapillus_Olivaceous Woodcreeper/XC252306.npy,../../Datasets/BirdClef/audio/Sittasomus griseicapillus_Olivaceous Woodcreeper/XC252306.mp3
train,Spatula clypeata_Northern Shoveler,../../Datasets/BirdClef/features/Spatula clypeata_Northern Shoveler/XC368726.npy,../../Datasets/BirdClef/audio/Spatula clypeata_Northern Shoveler/XC368726.mp3
train,Spatula discors_Blue-winged Teal,../../Datasets/BirdClef/features/Spatula discors_Blue-winged Teal/XC130513.npy,../../Datasets/BirdClef/audio/Spatula discors_Blue-winged Teal/XC130513.mp3
train,Spatula querquedula_Garganey,../../Datasets/BirdClef/features/Spatula querquedula_Garganey/XC365500.npy,../../Datasets/BirdClef/audio/Spatula querquedula_Garganey/XC365500.mp3
train,Sphyrapicus varius_Yellow-bellied Sapsucker,../../Datasets/BirdClef/features/Sphyrapicus varius_Yellow-bellied Sapsucker/XC406359.npy,../../Datasets/BirdClef/audio/Sphyrapicus varius_Yellow-bellied Sapsucker/XC406359.mp3
train,Spinus pinus_Pine Siskin,../../Datasets/BirdClef/features/Spinus pinus_Pine Siskin/XC159693.npy,../../Datasets/BirdClef/audio/Spinus pinus_Pine Siskin/XC159693.mp3
train,Spinus psaltria_Lesser Goldfinch,../../Datasets/BirdClef/features/Spinus psaltria_Lesser Goldfinch/XC220447.npy,../../Datasets/BirdClef/audio/Spinus psaltria_Lesser Goldfinch/XC220447.mp3
train,Spinus spinus_Eurasian Siskin,../../Datasets/BirdClef/features/Spinus spinus_Eurasian Siskin/XC210603.npy,../../Datasets/BirdClef/audio/Spinus spinus_Eurasian Siskin/XC210603.mp3
train,Spinus tristis_American Goldfinch,../../Datasets/BirdClef/features/Spinus tristis_American Goldfinch/XC103303.npy,../../Datasets/BirdClef/audio/Spinus tristis_American Goldfinch/XC103303.mp3
train,Spizaetus ornatus_Ornate Hawk-Eagle,../../Datasets/BirdClef/features/Spizaetus ornatus_Ornate Hawk-Eagle/XC120107.npy,../../Datasets/BirdClef/audio/Spizaetus ornatus_Ornate Hawk-Eagle/XC120107.mp3
train,Spizaetus tyrannus_Black Hawk-Eagle,../../Datasets/BirdClef/features/Spizaetus tyrannus_Black Hawk-Eagle/XC48451.npy,../../Datasets/BirdClef/audio/Spizaetus tyrannus_Black Hawk-Eagle/XC48451.mp3
train,Spizella breweri_Brewer's Sparrow,../../Datasets/BirdClef/features/Spizella breweri_Brewer's Sparrow/XC111411.npy,../../Datasets/BirdClef/audio/Spizella breweri_Brewer's Sparrow/XC111411.mp3
train,Spizella passerina_Chipping Sparrow,../../Datasets/BirdClef/features/Spizella passerina_Chipping Sparrow/XC125192.npy,../../Datasets/BirdClef/audio/Spizella passerina_Chipping Sparrow/XC125192.mp3
train,Spizella pusilla_Field Sparrow,../../Datasets/BirdClef/features/Spizella pusilla_Field Sparrow/XC155240.npy,../../Datasets/BirdClef/audio/Spizella pusilla_Field Sparrow/XC155240.mp3
train,Spizelloides arborea_American Tree Sparrow,../../Datasets/BirdClef/features/Spizelloides arborea_American Tree Sparrow/XC306498.npy,../../Datasets/BirdClef/audio/Spizelloides arborea_American Tree Sparrow/XC306498.mp3
train,Sporophila angolensis_Chestnut-bellied Seed-Finch,../../Datasets/BirdClef/features/Sporophila angolensis_Chestnut-bellied Seed-Finch/XC242912.npy,../../Datasets/BirdClef/audio/Sporophila angolensis_Chestnut-bellied Seed-Finch/XC242912.mp3
train,Sporophila caerulescens_Double-collared Seedeater,../../Datasets/BirdClef/features/Sporophila caerulescens_Double-collared Seedeater/XC131061.npy,../../Datasets/BirdClef/audio/Sporophila caerulescens_Double-collared Seedeater/XC131061.mp3
train,Sporophila lineola_Lined Seedeater,../../Datasets/BirdClef/features/Sporophila lineola_Lined Seedeater/XC189499.npy,../../Datasets/BirdClef/audio/Sporophila lineola_Lined Seedeater/XC189499.mp3
train,Sporophila luctuosa_Black-and-white Seedeater,../../Datasets/BirdClef/features/Sporophila luctuosa_Black-and-white Seedeater/XC437638.npy,../../Datasets/BirdClef/audio/Sporophila luctuosa_Black-and-white Seedeater/XC437638.mp3
train,Sporophila schistacea_Slate-colored Seedeater,../../Datasets/BirdClef/features/Sporophila schistacea_Slate-colored Seedeater/XC388880.npy,../../Datasets/BirdClef/audio/Sporophila schistacea_Slate-colored Seedeater/XC388880.mp3
train,Stelgidopteryx ruficollis_Southern Rough-winged Swallow,../../Datasets/BirdClef/features/Stelgidopteryx ruficollis_Southern Rough-winged Swallow/XC288145.npy,../../Datasets/BirdClef/audio/Stelgidopteryx ruficollis_Southern Rough-winged Swallow/XC288145.mp3
train,Sterna hirundo_Common Tern,../../Datasets/BirdClef/features/Sterna hirundo_Common Tern/XC142988.npy,../../Datasets/BirdClef/audio/Sterna hirundo_Common Tern/XC142988.mp3
train,Streptopelia decaocto_Eurasian Collared-Dove,../../Datasets/BirdClef/features/Streptopelia decaocto_Eurasian Collared-Dove/XC129508.npy,../../Datasets/BirdClef/audio/Streptopelia decaocto_Eurasian Collared-Dove/XC129508.mp3
train,Streptopelia turtur_European Turtle-Dove,../../Datasets/BirdClef/features/Streptopelia turtur_European Turtle-Dove/XC215595.npy,../../Datasets/BirdClef/audio/Streptopelia turtur_European Turtle-Dove/XC215595.mp3
train,Streptoprocne zonaris_White-collared Swift,../../Datasets/BirdClef/features/Streptoprocne zonaris_White-collared Swift/XC409055.npy,../../Datasets/BirdClef/audio/Streptoprocne zonaris_White-collared Swift/XC409055.mp3
train,Sturnella magna_Eastern Meadowlark,../../Datasets/BirdClef/features/Sturnella magna_Eastern Meadowlark/XC163989.npy,../../Datasets/BirdClef/audio/Sturnella magna_Eastern Meadowlark/XC163989.mp3
train,Sturnella neglecta_Western Meadowlark,../../Datasets/BirdClef/features/Sturnella neglecta_Western Meadowlark/XC371333.npy,../../Datasets/BirdClef/audio/Sturnella neglecta_Western Meadowlark/XC371333.mp3
train,Sturnus vulgaris_European Starling,../../Datasets/BirdClef/features/Sturnus vulgaris_European Starling/XC178347.npy,../../Datasets/BirdClef/audio/Sturnus vulgaris_European Starling/XC178347.mp3
train,Sublegatus modestus_Southern Scrub-Flycatcher,../../Datasets/BirdClef/features/Sublegatus modestus_Southern Scrub-Flycatcher/XC74250.npy,../../Datasets/BirdClef/audio/Sublegatus modestus_Southern Scrub-Flycatcher/XC74250.mp3
train,Sylvia atricapilla_Eurasian Blackcap,../../Datasets/BirdClef/features/Sylvia atricapilla_Eurasian Blackcap/XC288129.npy,../../Datasets/BirdClef/audio/Sylvia atricapilla_Eurasian Blackcap/XC288129.mp3
train,Sylvia borin_Garden Warbler,../../Datasets/BirdClef/features/Sylvia borin_Garden Warbler/XC27130.npy,../../Datasets/BirdClef/audio/Sylvia borin_Garden Warbler/XC27130.mp3
train,Sylvia communis_Greater Whitethroat,../../Datasets/BirdClef/features/Sylvia communis_Greater Whitethroat/XC188731.npy,../../Datasets/BirdClef/audio/Sylvia communis_Greater Whitethroat/XC188731.mp3
train,Sylvia curruca_Lesser Whitethroat,../../Datasets/BirdClef/features/Sylvia curruca_Lesser Whitethroat/XC300726.npy,../../Datasets/BirdClef/audio/Sylvia curruca_Lesser Whitethroat/XC300726.mp3
train,Synallaxis albescens_Pale-breasted Spinetail,../../Datasets/BirdClef/features/Synallaxis albescens_Pale-breasted Spinetail/XC108350.npy,../../Datasets/BirdClef/audio/Synallaxis albescens_Pale-breasted Spinetail/XC108350.mp3
train,Synallaxis albigularis_Dark-breasted Spinetail,../../Datasets/BirdClef/features/Synallaxis albigularis_Dark-breasted Spinetail/XC258112.npy,../../Datasets/BirdClef/audio/Synallaxis albigularis_Dark-breasted Spinetail/XC258112.mp3
train,Synallaxis gujanensis_Plain-crowned Spinetail,../../Datasets/BirdClef/features/Synallaxis gujanensis_Plain-crowned Spinetail/XC424948.npy,../../Datasets/BirdClef/audio/Synallaxis gujanensis_Plain-crowned Spinetail/XC424948.mp3
train,Synallaxis rutilans_Ruddy Spinetail,../../Datasets/BirdClef/features/Synallaxis rutilans_Ruddy Spinetail/XC265927.npy,../../Datasets/BirdClef/audio/Synallaxis rutilans_Ruddy Spinetail/XC265927.mp3
train,Syndactyla ucayalae_Peruvian Recurvebill,../../Datasets/BirdClef/features/Syndactyla ucayalae_Peruvian Recurvebill/XC96045.npy,../../Datasets/BirdClef/audio/Syndactyla ucayalae_Peruvian Recurvebill/XC96045.mp3
train,Tachybaptus dominicus_Least Grebe,../../Datasets/BirdClef/features/Tachybaptus dominicus_Least Grebe/XC55583.npy,../../Datasets/BirdClef/audio/Tachybaptus dominicus_Least Grebe/XC55583.mp3
train,Tachybaptus ruficollis_Little Grebe,../../Datasets/BirdClef/features/Tachybaptus ruficollis_Little Grebe/XC487366.npy,../../Datasets/BirdClef/audio/Tachybaptus ruficollis_Little Grebe/XC487366.mp3
train,Tachycineta bicolor_Tree Swallow,../../Datasets/BirdClef/features/Tachycineta bicolor_Tree Swallow/XC163175.npy,../../Datasets/BirdClef/audio/Tachycineta bicolor_Tree Swallow/XC163175.mp3
train,Tachycineta thalassina_Violet-green Swallow,../../Datasets/BirdClef/features/Tachycineta thalassina_Violet-green Swallow/XC482015.npy,../../Datasets/BirdClef/audio/Tachycineta thalassina_Violet-green Swallow/XC482015.mp3
train,Tachyphonus luctuosus_White-shouldered Tanager,../../Datasets/BirdClef/features/Tachyphonus luctuosus_White-shouldered Tanager/XC230450.npy,../../Datasets/BirdClef/audio/Tachyphonus luctuosus_White-shouldered Tanager/XC230450.mp3
train,Tadorna tadorna_Common Shelduck,../../Datasets/BirdClef/features/Tadorna tadorna_Common Shelduck/XC193338.npy,../../Datasets/BirdClef/audio/Tadorna tadorna_Common Shelduck/XC193338.mp3
train,Tangara chilensis_Paradise Tanager,../../Datasets/BirdClef/features/Tangara chilensis_Paradise Tanager/XC91084.npy,../../Datasets/BirdClef/audio/Tangara chilensis_Paradise Tanager/XC91084.mp3
train,Tangara gyrola_Bay-headed Tanager,../../Datasets/BirdClef/features/Tangara gyrola_Bay-headed Tanager/XC475766.npy,../../Datasets/BirdClef/audio/Tangara gyrola_Bay-headed Tanager/XC475766.mp3
train,Tapera naevia_Striped Cuckoo,../../Datasets/BirdClef/features/Tapera naevia_Striped Cuckoo/XC131550.npy,../../Datasets/BirdClef/audio/Tapera naevia_Striped Cuckoo/XC131550.mp3
train,Taraba major_Great Antshrike,../../Datasets/BirdClef/features/Taraba major_Great Antshrike/XC10315.npy,../../Datasets/BirdClef/audio/Taraba major_Great Antshrike/XC10315.mp3
train,Terenotriccus erythrurus_Ruddy-tailed Flycatcher,../../Datasets/BirdClef/features/Terenotriccus erythrurus_Ruddy-tailed Flycatcher/XC7115.npy,../../Datasets/BirdClef/audio/Terenotriccus erythrurus_Ruddy-tailed Flycatcher/XC7115.mp3
train,Tersina viridis_Swallow Tanager,../../Datasets/BirdClef/features/Tersina viridis_Swallow Tanager/XC115080.npy,../../Datasets/BirdClef/audio/Tersina viridis_Swallow Tanager/XC115080.mp3
train,Thamnomanes ardesiacus_Dusky-throated Antshrike,../../Datasets/BirdClef/features/Thamnomanes ardesiacus_Dusky-throated Antshrike/XC114044.npy,../../Datasets/BirdClef/audio/Thamnomanes ardesiacus_Dusky-throated Antshrike/XC114044.mp3
train,Thamnomanes schistogynus_Bluish-slate Antshrike,../../Datasets/BirdClef/features/Thamnomanes schistogynus_Bluish-slate Antshrike/XC477763.npy,../../Datasets/BirdClef/audio/Thamnomanes schistogynus_Bluish-slate Antshrike/XC477763.mp3
train,Thamnophilus aethiops_White-shouldered Antshrike,../../Datasets/BirdClef/features/Thamnophilus aethiops_White-shouldered Antshrike/XC111077.npy,../../Datasets/BirdClef/audio/Thamnophilus aethiops_White-shouldered Antshrike/XC111077.mp3
train,Thamnophilus amazonicus_Amazonian Antshrike,../../Datasets/BirdClef/features/Thamnophilus amazonicus_Amazonian Antshrike/XC122875.npy,../../Datasets/BirdClef/audio/Thamnophilus amazonicus_Amazonian Antshrike/XC122875.mp3
train,Thamnophilus doliatus_Barred Antshrike,../../Datasets/BirdClef/features/Thamnophilus doliatus_Barred Antshrike/XC430732.npy,../../Datasets/BirdClef/audio/Thamnophilus doliatus_Barred Antshrike/XC430732.mp3
train,Thamnophilus schistaceus_Plain-winged Antshrike,../../Datasets/BirdClef/features/Thamnophilus schistaceus_Plain-winged Antshrike/XC230808.npy,../../Datasets/BirdClef/audio/Thamnophilus schistaceus_Plain-winged Antshrike/XC230808.mp3
train,Thlypopsis sordida_Orange-headed Tanager,../../Datasets/BirdClef/features/Thlypopsis sordida_Orange-headed Tanager/XC259557.npy,../../Datasets/BirdClef/audio/Thlypopsis sordida_Orange-headed Tanager/XC259557.mp3
train,Thraupis episcopus_Blue-gray Tanager,../../Datasets/BirdClef/features/Thraupis episcopus_Blue-gray Tanager/XC5558.npy,../../Datasets/BirdClef/audio/Thraupis episcopus_Blue-gray Tanager/XC5558.mp3
train,Thraupis palmarum_Palm Tanager,../../Datasets/BirdClef/features/Thraupis palmarum_Palm Tanager/XC439063.npy,../../Datasets/BirdClef/audio/Thraupis palmarum_Palm Tanager/XC439063.mp3
train,Thryomanes bewickii_Bewick's Wren,../../Datasets/BirdClef/features/Thryomanes bewickii_Bewick's Wren/XC217924.npy,../../Datasets/BirdClef/audio/Thryomanes bewickii_Bewick's Wren/XC217924.mp3
train,Thryothorus ludovicianus_Carolina Wren,../../Datasets/BirdClef/features/Thryothorus ludovicianus_Carolina Wren/XC366604.npy,../../Datasets/BirdClef/audio/Thryothorus ludovicianus_Carolina Wren/XC366604.mp3
train,Tigrisoma lineatum_Rufescent Tiger-Heron,../../Datasets/BirdClef/features/Tigrisoma lineatum_Rufescent Tiger-Heron/XC257300.npy,../../Datasets/BirdClef/audio/Tigrisoma lineatum_Rufescent Tiger-Heron/XC257300.mp3
train,Tinamus major_Great Tinamou,../../Datasets/BirdClef/features/Tinamus major_Great Tinamou/XC441801.npy,../../Datasets/BirdClef/audio/Tinamus major_Great Tinamou/XC441801.mp3
train,Tityra cayana_Black-tailed Tityra,../../Datasets/BirdClef/features/Tityra cayana_Black-tailed Tityra/XC144787.npy,../../Datasets/BirdClef/audio/Tityra cayana_Black-tailed Tityra/XC144787.mp3
train,Tityra semifasciata_Masked Tityra,../../Datasets/BirdClef/features/Tityra semifasciata_Masked Tityra/XC302435.npy,../../Datasets/BirdClef/audio/Tityra semifasciata_Masked Tityra/XC302435.mp3
train,Todirostrum chrysocrotaphum_Yellow-browed Tody-Flycatcher,../../Datasets/BirdClef/features/Todirostrum chrysocrotaphum_Yellow-browed Tody-Flycatcher/XC417302.npy,../../Datasets/BirdClef/audio/Todirostrum chrysocrotaphum_Yellow-browed Tody-Flycatcher/XC417302.mp3
train,Tolmomyias assimilis_Yellow-margined Flycatcher,../../Datasets/BirdClef/features/Tolmomyias assimilis_Yellow-margined Flycatcher/XC231380.npy,../../Datasets/BirdClef/audio/Tolmomyias assimilis_Yellow-margined Flycatcher/XC231380.mp3
train,Tolmomyias flaviventris_Yellow-breasted Flycatcher,../../Datasets/BirdClef/features/Tolmomyias flaviventris_Yellow-breasted Flycatcher/XC108027.npy,../../Datasets/BirdClef/audio/Tolmomyias flaviventris_Yellow-breasted Flycatcher/XC108027.mp3
train,Tolmomyias poliocephalus_Gray-crowned Flycatcher,../../Datasets/BirdClef/features/Tolmomyias poliocephalus_Gray-crowned Flycatcher/XC428097.npy,../../Datasets/BirdClef/audio/Tolmomyias poliocephalus_Gray-crowned Flycatcher/XC428097.mp3
train,Tolmomyias sulphurescens_Yellow-olive Flycatcher,../../Datasets/BirdClef/features/Tolmomyias sulphurescens_Yellow-olive Flycatcher/XC204193.npy,../../Datasets/BirdClef/audio/Tolmomyias sulphurescens_Yellow-olive Flycatcher/XC204193.mp3
train,Toxostoma rufum_Brown Thrasher,../../Datasets/BirdClef/features/Toxostoma rufum_Brown Thrasher/XC70439.npy,../../Datasets/BirdClef/audio/Toxostoma rufum_Brown Thrasher/XC70439.mp3
train,Tringa erythropus_Spotted Redshank,../../Datasets/BirdClef/features/Tringa erythropus_Spotted Redshank/XC412018.npy,../../Datasets/BirdClef/audio/Tringa erythropus_Spotted Redshank/XC412018.mp3
train,Tringa flavipes_Lesser Yellowlegs,../../Datasets/BirdClef/features/Tringa flavipes_Lesser Yellowlegs/XC124386.npy,../../Datasets/BirdClef/audio/Tringa flavipes_Lesser Yellowlegs/XC124386.mp3
train,Tringa glareola_Wood Sandpiper,../../Datasets/BirdClef/features/Tringa glareola_Wood Sandpiper/XC110316.npy,../../Datasets/BirdClef/audio/Tringa glareola_Wood Sandpiper/XC110316.mp3
train,Tringa melanoleuca_Greater Yellowlegs,../../Datasets/BirdClef/features/Tringa melanoleuca_Greater Yellowlegs/XC292920.npy,../../Datasets/BirdClef/audio/Tringa melanoleuca_Greater Yellowlegs/XC292920.mp3
train,Tringa nebularia_Common Greenshank,../../Datasets/BirdClef/features/Tringa nebularia_Common Greenshank/XC500613.npy,../../Datasets/BirdClef/audio/Tringa nebularia_Common Greenshank/XC500613.mp3
train,Tringa ochropus_Green Sandpiper,../../Datasets/BirdClef/features/Tringa ochropus_Green Sandpiper/XC464101.npy,../../Datasets/BirdClef/audio/Tringa ochropus_Green Sandpiper/XC464101.mp3
train,Tringa solitaria_Solitary Sandpiper,../../Datasets/BirdClef/features/Tringa solitaria_Solitary Sandpiper/XC389442.npy,../../Datasets/BirdClef/audio/Tringa solitaria_Solitary Sandpiper/XC389442.mp3
train,Troglodytes aedon_House Wren,../../Datasets/BirdClef/features/Troglodytes aedon_House Wren/XC231541.npy,../../Datasets/BirdClef/audio/Troglodytes aedon_House Wren/XC231541.mp3
train,Troglodytes troglodytes_Eurasian Wren,../../Datasets/BirdClef/features/Troglodytes troglodytes_Eurasian Wren/XC150202.npy,../../Datasets/BirdClef/audio/Troglodytes troglodytes_Eurasian Wren/XC150202.mp3
train,Trogon collaris_Collared Trogon,../../Datasets/BirdClef/features/Trogon collaris_Collared Trogon/XC239119.npy,../../Datasets/BirdClef/audio/Trogon collaris_Collared Trogon/XC239119.mp3
train,Trogon curucui_Blue-crowned Trogon,../../Datasets/BirdClef/features/Trogon curucui_Blue-crowned Trogon/XC231680.npy,../../Datasets/BirdClef/audio/Trogon curucui_Blue-crowned Trogon/XC231680.mp3
train,Trogon melanurus_Black-tailed Trogon,../../Datasets/BirdClef/features/Trogon melanurus_Black-tailed Trogon/XC64321.npy,../../Datasets/BirdClef/audio/Trogon melanurus_Black-tailed Trogon/XC64321.mp3
train,Trogon ramonianus_Amazonian Trogon,../../Datasets/BirdClef/features/Trogon ramonianus_Amazonian Trogon/XC191803.npy,../../Datasets/BirdClef/audio/Trogon ramonianus_Amazonian Trogon/XC191803.mp3
train,Trogon viridis_Green-backed Trogon,../../Datasets/BirdClef/features/Trogon viridis_Green-backed Trogon/XC59381.npy,../../Datasets/BirdClef/audio/Trogon viridis_Green-backed Trogon/XC59381.mp3
train,Tunchiornis ochraceiceps_Tawny-crowned Greenlet,../../Datasets/BirdClef/features/Tunchiornis ochraceiceps_Tawny-crowned Greenlet/XC166669.npy,../../Datasets/BirdClef/audio/Tunchiornis ochraceiceps_Tawny-crowned Greenlet/XC166669.mp3
train,Turdus albicollis_White-necked Thrush,../../Datasets/BirdClef/features/Turdus albicollis_White-necked Thrush/XC286663.npy,../../Datasets/BirdClef/audio/Turdus albicollis_White-necked Thrush/XC286663.mp3
train,Turdus amaurochalinus_Creamy-bellied Thrush,../../Datasets/BirdClef/features/Turdus amaurochalinus_Creamy-bellied Thrush/XC438743.npy,../../Datasets/BirdClef/audio/Turdus amaurochalinus_Creamy-bellied Thrush/XC438743.mp3
train,Turdus hauxwelli_Hauxwell's Thrush,../../Datasets/BirdClef/features/Turdus hauxwelli_Hauxwell's Thrush/XC146784.npy,../../Datasets/BirdClef/audio/Turdus hauxwelli_Hauxwell's Thrush/XC146784.mp3
train,Turdus ignobilis_Black-billed Thrush,../../Datasets/BirdClef/features/Turdus ignobilis_Black-billed Thrush/XC129722.npy,../../Datasets/BirdClef/audio/Turdus ignobilis_Black-billed Thrush/XC129722.mp3
train,Turdus iliacus_Redwing,../../Datasets/BirdClef/features/Turdus iliacus_Redwing/XC432934.npy,../../Datasets/BirdClef/audio/Turdus iliacus_Redwing/XC432934.mp3
train,Turdus lawrencii_Lawrence's Thrush,../../Datasets/BirdClef/features/Turdus lawrencii_Lawrence's Thrush/XC66684.npy,../../Datasets/BirdClef/audio/Turdus lawrencii_Lawrence's Thrush/XC66684.mp3
train,Turdus merula_Eurasian Blackbird,../../Datasets/BirdClef/features/Turdus merula_Eurasian Blackbird/XC362171.npy,../../Datasets/BirdClef/audio/Turdus merula_Eurasian Blackbird/XC362171.mp3
train,Turdus migratorius_American Robin,../../Datasets/BirdClef/features/Turdus migratorius_American Robin/XC464670.npy,../../Datasets/BirdClef/audio/Turdus migratorius_American Robin/XC464670.mp3
train,Turdus philomelos_Song Thrush,../../Datasets/BirdClef/features/Turdus philomelos_Song Thrush/XC281459.npy,../../Datasets/BirdClef/audio/Turdus philomelos_Song Thrush/XC281459.mp3
train,Turdus pilaris_Fieldfare,../../Datasets/BirdClef/features/Turdus pilaris_Fieldfare/XC390509.npy,../../Datasets/BirdClef/audio/Turdus pilaris_Fieldfare/XC390509.mp3
train,Turdus viscivorus_Mistle Thrush,../../Datasets/BirdClef/features/Turdus viscivorus_Mistle Thrush/XC463469.npy,../../Datasets/BirdClef/audio/Turdus viscivorus_Mistle Thrush/XC463469.mp3
train,Tyranneutes stolzmanni_Dwarf Tyrant-Manakin,../../Datasets/BirdClef/features/Tyranneutes stolzmanni_Dwarf Tyrant-Manakin/XC259118.npy,../../Datasets/BirdClef/audio/Tyranneutes stolzmanni_Dwarf Tyrant-Manakin/XC259118.mp3
train,Tyrannopsis sulphurea_Sulphury Flycatcher,../../Datasets/BirdClef/features/Tyrannopsis sulphurea_Sulphury Flycatcher/XC260973.npy,../../Datasets/BirdClef/audio/Tyrannopsis sulphurea_Sulphury Flycatcher/XC260973.mp3
train,Tyrannulus elatus_Yellow-crowned Tyrannulet,../../Datasets/BirdClef/features/Tyrannulus elatus_Yellow-crowned Tyrannulet/XC423119.npy,../../Datasets/BirdClef/audio/Tyrannulus elatus_Yellow-crowned Tyrannulet/XC423119.mp3
train,Tyrannus melancholicus_Tropical Kingbird,../../Datasets/BirdClef/features/Tyrannus melancholicus_Tropical Kingbird/XC274193.npy,../../Datasets/BirdClef/audio/Tyrannus melancholicus_Tropical Kingbird/XC274193.mp3
train,Tyrannus savana_Fork-tailed Flycatcher,../../Datasets/BirdClef/features/Tyrannus savana_Fork-tailed Flycatcher/XC421680.npy,../../Datasets/BirdClef/audio/Tyrannus savana_Fork-tailed Flycatcher/XC421680.mp3
train,Tyrannus tyrannus_Eastern Kingbird,../../Datasets/BirdClef/features/Tyrannus tyrannus_Eastern Kingbird/XC313790.npy,../../Datasets/BirdClef/audio/Tyrannus tyrannus_Eastern Kingbird/XC313790.mp3
train,Tyrannus verticalis_Western Kingbird,../../Datasets/BirdClef/features/Tyrannus verticalis_Western Kingbird/XC384556.npy,../../Datasets/BirdClef/audio/Tyrannus verticalis_Western Kingbird/XC384556.mp3
train,Tyto alba_Barn Owl,../../Datasets/BirdClef/features/Tyto alba_Barn Owl/XC186611.npy,../../Datasets/BirdClef/audio/Tyto alba_Barn Owl/XC186611.mp3
train,Vanellus chilensis_Southern Lapwing,../../Datasets/BirdClef/features/Vanellus chilensis_Southern Lapwing/XC131341.npy,../../Datasets/BirdClef/audio/Vanellus chilensis_Southern Lapwing/XC131341.mp3
train,Vanellus vanellus_Northern Lapwing,../../Datasets/BirdClef/features/Vanellus vanellus_Northern Lapwing/XC356110.npy,../../Datasets/BirdClef/audio/Vanellus vanellus_Northern Lapwing/XC356110.mp3
train,Vermivora cyanoptera_Blue-winged Warbler,../../Datasets/BirdClef/features/Vermivora cyanoptera_Blue-winged Warbler/XC180666.npy,../../Datasets/BirdClef/audio/Vermivora cyanoptera_Blue-winged Warbler/XC180666.mp3
train,Vireo cassinii_Cassin's Vireo,../../Datasets/BirdClef/features/Vireo cassinii_Cassin's Vireo/XC308773.npy,../../Datasets/BirdClef/audio/Vireo cassinii_Cassin's Vireo/XC308773.mp3
train,Vireo chivi_Chivi Vireo,../../Datasets/BirdClef/features/Vireo chivi_Chivi Vireo/XC151201.npy,../../Datasets/BirdClef/audio/Vireo chivi_Chivi Vireo/XC151201.mp3
train,Vireo flavifrons_Yellow-throated Vireo,../../Datasets/BirdClef/features/Vireo flavifrons_Yellow-throated Vireo/XC33589.npy,../../Datasets/BirdClef/audio/Vireo flavifrons_Yellow-throated Vireo/XC33589.mp3
train,Vireo flavoviridis_Yellow-green Vireo,../../Datasets/BirdClef/features/Vireo flavoviridis_Yellow-green Vireo/XC450907.npy,../../Datasets/BirdClef/audio/Vireo flavoviridis_Yellow-green Vireo/XC450907.mp3
train,Vireo gilvus_Warbling Vireo,../../Datasets/BirdClef/features/Vireo gilvus_Warbling Vireo/XC323406.npy,../../Datasets/BirdClef/audio/Vireo gilvus_Warbling Vireo/XC323406.mp3
train,Vireo olivaceus_Red-eyed Vireo,../../Datasets/BirdClef/features/Vireo olivaceus_Red-eyed Vireo/XC369875.npy,../../Datasets/BirdClef/audio/Vireo olivaceus_Red-eyed Vireo/XC369875.mp3
train,Vireo plumbeus_Plumbeous Vireo,../../Datasets/BirdClef/features/Vireo plumbeus_Plumbeous Vireo/XC5564.npy,../../Datasets/BirdClef/audio/Vireo plumbeus_Plumbeous Vireo/XC5564.mp3
train,Vireo solitarius_Blue-headed Vireo,../../Datasets/BirdClef/features/Vireo solitarius_Blue-headed Vireo/XC135497.npy,../../Datasets/BirdClef/audio/Vireo solitarius_Blue-headed Vireo/XC135497.mp3
train,Vireolanius leucotis_Slaty-capped Shrike-Vireo,../../Datasets/BirdClef/features/Vireolanius leucotis_Slaty-capped Shrike-Vireo/XC23280.npy,../../Datasets/BirdClef/audio/Vireolanius leucotis_Slaty-capped Shrike-Vireo/XC23280.mp3
train,Volatinia jacarina_Blue-black Grassquit,../../Datasets/BirdClef/features/Volatinia jacarina_Blue-black Grassquit/XC232232.npy,../../Datasets/BirdClef/audio/Volatinia jacarina_Blue-black Grassquit/XC232232.mp3
train,Willisornis poecilinotus_Common Scale-backed Antbird,../../Datasets/BirdClef/features/Willisornis poecilinotus_Common Scale-backed Antbird/XC483325.npy,../../Datasets/BirdClef/audio/Willisornis poecilinotus_Common Scale-backed Antbird/XC483325.mp3
train,Xanthocephalus xanthocephalus_Yellow-headed Blackbird,../../Datasets/BirdClef/features/Xanthocephalus xanthocephalus_Yellow-headed Blackbird/XC381417.npy,../../Datasets/BirdClef/audio/Xanthocephalus xanthocephalus_Yellow-headed Blackbird/XC381417.mp3
train,Xenops minutus_Plain Xenops,../../Datasets/BirdClef/features/Xenops minutus_Plain Xenops/XC232290.npy,../../Datasets/BirdClef/audio/Xenops minutus_Plain Xenops/XC232290.mp3
train,Xenops rutilans_Streaked Xenops,../../Datasets/BirdClef/features/Xenops rutilans_Streaked Xenops/XC364183.npy,../../Datasets/BirdClef/audio/Xenops rutilans_Streaked Xenops/XC364183.mp3
train,Xiphocolaptes promeropirhynchus_Strong-billed Woodcreeper,../../Datasets/BirdClef/features/Xiphocolaptes promeropirhynchus_Strong-billed Woodcreeper/XC260717.npy,../../Datasets/BirdClef/audio/Xiphocolaptes promeropirhynchus_Strong-billed Woodcreeper/XC260717.mp3
train,Xiphorhynchus elegans_Elegant Woodcreeper,../../Datasets/BirdClef/features/Xiphorhynchus elegans_Elegant Woodcreeper/XC264573.npy,../../Datasets/BirdClef/audio/Xiphorhynchus elegans_Elegant Woodcreeper/XC264573.mp3
train,Xiphorhynchus guttatus_Buff-throated Woodcreeper,../../Datasets/BirdClef/features/Xiphorhynchus guttatus_Buff-throated Woodcreeper/XC399422.npy,../../Datasets/BirdClef/audio/Xiphorhynchus guttatus_Buff-throated Woodcreeper/XC399422.mp3
train,Xiphorhynchus obsoletus_Striped Woodcreeper,../../Datasets/BirdClef/features/Xiphorhynchus obsoletus_Striped Woodcreeper/XC483320.npy,../../Datasets/BirdClef/audio/Xiphorhynchus obsoletus_Striped Woodcreeper/XC483320.mp3
train,Zebrilus undulatus_Zigzag Heron,../../Datasets/BirdClef/features/Zebrilus undulatus_Zigzag Heron/XC29417.npy,../../Datasets/BirdClef/audio/Zebrilus undulatus_Zigzag Heron/XC29417.mp3
train,Zenaida macroura_Mourning Dove,../../Datasets/BirdClef/features/Zenaida macroura_Mourning Dove/XC459335.npy,../../Datasets/BirdClef/audio/Zenaida macroura_Mourning Dove/XC459335.mp3
train,Zimmerius gracilipes_Slender-footed Tyrannulet,../../Datasets/BirdClef/features/Zimmerius gracilipes_Slender-footed Tyrannulet/XC81851.npy,../../Datasets/BirdClef/audio/Zimmerius gracilipes_Slender-footed Tyrannulet/XC81851.mp3
train,Zonotrichia albicollis_White-throated Sparrow,../../Datasets/BirdClef/features/Zonotrichia albicollis_White-throated Sparrow/XC502022.npy,../../Datasets/BirdClef/audio/Zonotrichia albicollis_White-throated Sparrow/XC502022.mp3
train,Zonotrichia atricapilla_Golden-crowned Sparrow,../../Datasets/BirdClef/features/Zonotrichia atricapilla_Golden-crowned Sparrow/XC159656.npy,../../Datasets/BirdClef/audio/Zonotrichia atricapilla_Golden-crowned Sparrow/XC159656.mp3
train,Zonotrichia leucophrys_White-crowned Sparrow,../../Datasets/BirdClef/features/Zonotrichia leucophrys_White-crowned Sparrow/XC283422.npy,../../Datasets/BirdClef/audio/Zonotrichia leucophrys_White-crowned Sparrow/XC283422.mp3
