split,class_name,npy_path,wav_path
train,id10001,../../Datasets/VoxCeleb1_features/id10001/00015.npy,../../Datasets/VoxCeleb1_Mirror/id10001/00015.wav
train,id10002,../../Datasets/VoxCeleb1_features/id10002/00029.npy,../../Datasets/VoxCeleb1_Mirror/id10002/00029.wav
train,id10003,../../Datasets/VoxCeleb1_features/id10003/00028.npy,../../Datasets/VoxCeleb1_Mirror/id10003/00028.wav
train,id10004,../../Datasets/VoxCeleb1_features/id10004/00006.npy,../../Datasets/VoxCeleb1_Mirror/id10004/00006.wav
train,id10005,../../Datasets/VoxCeleb1_features/id10005/00005.npy,../../Datasets/VoxCeleb1_Mirror/id10005/00005.wav
train,id10006,../../Datasets/VoxCeleb1_features/id10006/00014.npy,../../Datasets/VoxCeleb1_Mirror/id10006/00014.wav
train,id10007,../../Datasets/VoxCeleb1_features/id10007/00011.npy,../../Datasets/VoxCeleb1_Mirror/id10007/00011.wav
train,id10008,../../Datasets/VoxCeleb1_features/id10008/00053.npy,../../Datasets/VoxCeleb1_Mirror/id10008/00053.wav
train,id10009,../../Datasets/VoxCeleb1_features/id10009/00004.npy,../../Datasets/VoxCeleb1_Mirror/id10009/00004.wav
train,id10010,../../Datasets/VoxCeleb1_features/id10010/00010.npy,../../Datasets/VoxCeleb1_Mirror/id10010/00010.wav
train,id10011,../../Datasets/VoxCeleb1_features/id10011/00013.npy,../../Datasets/VoxCeleb1_Mirror/id10011/00013.wav
train,id10012,../../Datasets/VoxCeleb1_features/id10012/00004.npy,../../Datasets/VoxCeleb1_Mirror/id10012/00004.wav
train,id10013,../../Datasets/VoxCeleb1_features/id10013/00001.npy,../../Datasets/VoxCeleb1_Mirror/id10013/00001.wav
train,id10014,../../Datasets/VoxCeleb1_features/id10014/00004.npy,../../Datasets/VoxCeleb1_Mirror/id10014/00004.wav
train,id10015,../../Datasets/VoxCeleb1_features/id10015/00003.npy,../../Datasets/VoxCeleb1_Mirror/id10015/00003.wav
train,id10016,../../Datasets/VoxCeleb1_features/id10016/00015.npy,../../Datasets/VoxCeleb1_Mirror/id10016/00015.wav
train,id10017,../../Datasets/VoxCeleb1_features/id10017/00008.npy,../../Datasets/VoxCeleb1_Mirror/id10017/00008.wav
train,id10018,../../Datasets/VoxCeleb1_features/id10018/00029.npy,../../Datasets/VoxCeleb1_Mirror/id10018/00029.wav
train,id10019,../../Datasets/VoxCeleb1_features/id10019/00008.npy,../../Datasets/VoxCeleb1_Mirror/id10019/00008.wav
train,id10020,../../Datasets/VoxCeleb1_features/id10020/00085.npy,../../Datasets/VoxCeleb1_Mirror/id10020/00085.wav
train,id10021,../../Datasets/VoxCeleb1_features/id10021/00004.npy,../../Datasets/VoxCeleb1_Mirror/id10021/00004.wav
train,id10022,../../Datasets/VoxCeleb1_features/id10022/00001.npy,../../Datasets/VoxCeleb1_Mirror/id10022/00001.wav
train,id10023,../../Datasets/VoxCeleb1_features/id10023/00007.npy,../../Datasets/VoxCeleb1_Mirror/id10023/00007.wav
train,id10024,../../Datasets/VoxCeleb1_features/id10024/00005.npy,../../Datasets/VoxCeleb1_Mirror/id10024/00005.wav
train,id10025,../../Datasets/VoxCeleb1_features/id10025/00023.npy,../../Datasets/VoxCeleb1_Mirror/id10025/00023.wav
train,id10026,../../Datasets/VoxCeleb1_features/id10026/00011.npy,../../Datasets/VoxCeleb1_Mirror/id10026/00011.wav
train,id10027,../../Datasets/VoxCeleb1_features/id10027/00008.npy,../../Datasets/VoxCeleb1_Mirror/id10027/00008.wav
train,id10028,../../Datasets/VoxCeleb1_features/id10028/00006.npy,../../Datasets/VoxCeleb1_Mirror/id10028/00006.wav
train,id10029,../../Datasets/VoxCeleb1_features/id10029/00012.npy,../../Datasets/VoxCeleb1_Mirror/id10029/00012.wav
train,id10030,../../Datasets/VoxCeleb1_features/id10030/00002.npy,../../Datasets/VoxCeleb1_Mirror/id10030/00002.wav
train,id10031,../../Datasets/VoxCeleb1_features/id10031/00031.npy,../../Datasets/VoxCeleb1_Mirror/id10031/00031.wav
train,id10032,../../Datasets/VoxCeleb1_features/id10032/00006.npy,../../Datasets/VoxCeleb1_Mirror/id10032/00006.wav
train,id10033,../../Datasets/VoxCeleb1_features/id10033/00006.npy,../../Datasets/VoxCeleb1_Mirror/id10033/00006.wav
train,id10034,../../Datasets/VoxCeleb1_features/id10034/00009.npy,../../Datasets/VoxCeleb1_Mirror/id10034/00009.wav
train,id10035,../../Datasets/VoxCeleb1_features/id10035/00004.npy,../../Datasets/VoxCeleb1_Mirror/id10035/00004.wav
train,id10036,../../Datasets/VoxCeleb1_features/id10036/00001.npy,../../Datasets/VoxCeleb1_Mirror/id10036/00001.wav
train,id10037,../../Datasets/VoxCeleb1_features/id10037/00004.npy,../../Datasets/VoxCeleb1_Mirror/id10037/00004.wav
train,id10038,../../Datasets/VoxCeleb1_features/id10038/00038.npy,../../Datasets/VoxCeleb1_Mirror/id10038/00038.wav
train,id10039,../../Datasets/VoxCeleb1_features/id10039/00009.npy,../../Datasets/VoxCeleb1_Mirror/id10039/00009.wav
train,id10040,../../Datasets/VoxCeleb1_features/id10040/00001.npy,../../Datasets/VoxCeleb1_Mirror/id10040/00001.wav
train,id10041,../../Datasets/VoxCeleb1_features/id10041/00008.npy,../../Datasets/VoxCeleb1_Mirror/id10041/00008.wav
train,id10042,../../Datasets/VoxCeleb1_features/id10042/00018.npy,../../Datasets/VoxCeleb1_Mirror/id10042/00018.wav
train,id10043,../../Datasets/VoxCeleb1_features/id10043/00011.npy,../../Datasets/VoxCeleb1_Mirror/id10043/00011.wav
train,id10044,../../Datasets/VoxCeleb1_features/id10044/00016.npy,../../Datasets/VoxCeleb1_Mirror/id10044/00016.wav
train,id10045,../../Datasets/VoxCeleb1_features/id10045/00065.npy,../../Datasets/VoxCeleb1_Mirror/id10045/00065.wav
train,id10046,../../Datasets/VoxCeleb1_features/id10046/00001.npy,../../Datasets/VoxCeleb1_Mirror/id10046/00001.wav
train,id10047,../../Datasets/VoxCeleb1_features/id10047/00001.npy,../../Datasets/VoxCeleb1_Mirror/id10047/00001.wav
train,id10048,../../Datasets/VoxCeleb1_features/id10048/00062.npy,../../Datasets/VoxCeleb1_Mirror/id10048/00062.wav
train,id10049,../../Datasets/VoxCeleb1_features/id10049/00010.npy,../../Datasets/VoxCeleb1_Mirror/id10049/00010.wav
train,id10050,../../Datasets/VoxCeleb1_features/id10050/00010.npy,../../Datasets/VoxCeleb1_Mirror/id10050/00010.wav
train,id10051,../../Datasets/VoxCeleb1_features/id10051/00007.npy,../../Datasets/VoxCeleb1_Mirror/id10051/00007.wav
train,id10052,../../Datasets/VoxCeleb1_features/id10052/00028.npy,../../Datasets/VoxCeleb1_Mirror/id10052/00028.wav
train,id10053,../../Datasets/VoxCeleb1_features/id10053/00017.npy,../../Datasets/VoxCeleb1_Mirror/id10053/00017.wav
train,id10054,../../Datasets/VoxCeleb1_features/id10054/00001.npy,../../Datasets/VoxCeleb1_Mirror/id10054/00001.wav
train,id10055,../../Datasets/VoxCeleb1_features/id10055/00043.npy,../../Datasets/VoxCeleb1_Mirror/id10055/00043.wav
train,id10056,../../Datasets/VoxCeleb1_features/id10056/00012.npy,../../Datasets/VoxCeleb1_Mirror/id10056/00012.wav
train,id10057,../../Datasets/VoxCeleb1_features/id10057/00012.npy,../../Datasets/VoxCeleb1_Mirror/id10057/00012.wav
train,id10058,../../Datasets/VoxCeleb1_features/id10058/00018.npy,../../Datasets/VoxCeleb1_Mirror/id10058/00018.wav
train,id10059,../../Datasets/VoxCeleb1_features/id10059/00033.npy,../../Datasets/VoxCeleb1_Mirror/id10059/00033.wav
train,id10060,../../Datasets/VoxCeleb1_features/id10060/00009.npy,../../Datasets/VoxCeleb1_Mirror/id10060/00009.wav
train,id10061,../../Datasets/VoxCeleb1_features/id10061/00009.npy,../../Datasets/VoxCeleb1_Mirror/id10061/00009.wav
train,id10062,../../Datasets/VoxCeleb1_features/id10062/00005.npy,../../Datasets/VoxCeleb1_Mirror/id10062/00005.wav
train,id10063,../../Datasets/VoxCeleb1_features/id10063/00006.npy,../../Datasets/VoxCeleb1_Mirror/id10063/00006.wav
train,id10064,../../Datasets/VoxCeleb1_features/id10064/00002.npy,../../Datasets/VoxCeleb1_Mirror/id10064/00002.wav
train,id10065,../../Datasets/VoxCeleb1_features/id10065/00001.npy,../../Datasets/VoxCeleb1_Mirror/id10065/00001.wav
train,id10066,../../Datasets/VoxCeleb1_features/id10066/00014.npy,../../Datasets/VoxCeleb1_Mirror/id10066/00014.wav
train,id10067,../../Datasets/VoxCeleb1_features/id10067/00016.npy,../../Datasets/VoxCeleb1_Mirror/id10067/00016.wav
train,id10068,../../Datasets/VoxCeleb1_features/id10068/00027.npy,../../Datasets/VoxCeleb1_Mirror/id10068/00027.wav
train,id10069,../../Datasets/VoxCeleb1_features/id10069/00013.npy,../../Datasets/VoxCeleb1_Mirror/id10069/00013.wav
train,id10070,../../Datasets/VoxCeleb1_features/id10070/00014.npy,../../Datasets/VoxCeleb1_Mirror/id10070/00014.wav
train,id10071,../../Datasets/VoxCeleb1_features/id10071/00012.npy,../../Datasets/VoxCeleb1_Mirror/id10071/00012.wav
train,id10072,../../Datasets/VoxCeleb1_features/id10072/00032.npy,../../Datasets/VoxCeleb1_Mirror/id10072/00032.wav
train,id10073,../../Datasets/VoxCeleb1_features/id10073/00008.npy,../../Datasets/VoxCeleb1_Mirror/id10073/00008.wav
train,id10074,../../Datasets/VoxCeleb1_features/id10074/00009.npy,../../Datasets/VoxCeleb1_Mirror/id10074/00009.wav
train,id10075,../../Datasets/VoxCeleb1_features/id10075/00008.npy,../../Datasets/VoxCeleb1_Mirror/id10075/00008.wav
train,id10076,../../Datasets/VoxCeleb1_features/id10076/00001.npy,../../Datasets/VoxCeleb1_Mirror/id10076/00001.wav
train,id10077,../../Datasets/VoxCeleb1_features/id10077/00006.npy,../../Datasets/VoxCeleb1_Mirror/id10077/00006.wav
train,id10078,../../Datasets/VoxCeleb1_features/id10078/00003.npy,../../Datasets/VoxCeleb1_Mirror/id10078/00003.wav
train,id10079,../../Datasets/VoxCeleb1_features/id10079/00022.npy,../../Datasets/VoxCeleb1_Mirror/id10079/00022.wav
train,id10080,../../Datasets/VoxCeleb1_features/id10080/00022.npy,../../Datasets/VoxCeleb1_Mirror/id10080/00022.wav
train,id10081,../../Datasets/VoxCeleb1_features/id10081/00021.npy,../../Datasets/VoxCeleb1_Mirror/id10081/00021.wav
train,id10082,../../Datasets/VoxCeleb1_features/id10082/00031.npy,../../Datasets/VoxCeleb1_Mirror/id10082/00031.wav
train,id10083,../../Datasets/VoxCeleb1_features/id10083/00002.npy,../../Datasets/VoxCeleb1_Mirror/id10083/00002.wav
train,id10084,../../Datasets/VoxCeleb1_features/id10084/00013.npy,../../Datasets/VoxCeleb1_Mirror/id10084/00013.wav
train,id10085,../../Datasets/VoxCeleb1_features/id10085/00005.npy,../../Datasets/VoxCeleb1_Mirror/id10085/00005.wav
train,id10086,../../Datasets/VoxCeleb1_features/id10086/00004.npy,../../Datasets/VoxCeleb1_Mirror/id10086/00004.wav
train,id10087,../../Datasets/VoxCeleb1_features/id10087/00008.npy,../../Datasets/VoxCeleb1_Mirror/id10087/00008.wav
train,id10088,../../Datasets/VoxCeleb1_features/id10088/00005.npy,../../Datasets/VoxCeleb1_Mirror/id10088/00005.wav
train,id10089,../../Datasets/VoxCeleb1_features/id10089/00013.npy,../../Datasets/VoxCeleb1_Mirror/id10089/00013.wav
train,id10090,../../Datasets/VoxCeleb1_features/id10090/00022.npy,../../Datasets/VoxCeleb1_Mirror/id10090/00022.wav
train,id10091,../../Datasets/VoxCeleb1_features/id10091/00009.npy,../../Datasets/VoxCeleb1_Mirror/id10091/00009.wav
train,id10092,../../Datasets/VoxCeleb1_features/id10092/00004.npy,../../Datasets/VoxCeleb1_Mirror/id10092/00004.wav
train,id10093,../../Datasets/VoxCeleb1_features/id10093/00008.npy,../../Datasets/VoxCeleb1_Mirror/id10093/00008.wav
train,id10094,../../Datasets/VoxCeleb1_features/id10094/00002.npy,../../Datasets/VoxCeleb1_Mirror/id10094/00002.wav
train,id10095,../../Datasets/VoxCeleb1_features/id10095/00018.npy,../../Datasets/VoxCeleb1_Mirror/id10095/00018.wav
train,id10096,../../Datasets/VoxCeleb1_features/id10096/00044.npy,../../Datasets/VoxCeleb1_Mirror/id10096/00044.wav
train,id10097,../../Datasets/VoxCeleb1_features/id10097/00001.npy,../../Datasets/VoxCeleb1_Mirror/id10097/00001.wav
train,id10098,../../Datasets/VoxCeleb1_features/id10098/00009.npy,../../Datasets/VoxCeleb1_Mirror/id10098/00009.wav
train,id10099,../../Datasets/VoxCeleb1_features/id10099/00006.npy,../../Datasets/VoxCeleb1_Mirror/id10099/00006.wav
train,id10100,../../Datasets/VoxCeleb1_features/id10100/00011.npy,../../Datasets/VoxCeleb1_Mirror/id10100/00011.wav
train,id10101,../../Datasets/VoxCeleb1_features/id10101/00014.npy,../../Datasets/VoxCeleb1_Mirror/id10101/00014.wav
train,id10102,../../Datasets/VoxCeleb1_features/id10102/00020.npy,../../Datasets/VoxCeleb1_Mirror/id10102/00020.wav
train,id10103,../../Datasets/VoxCeleb1_features/id10103/00011.npy,../../Datasets/VoxCeleb1_Mirror/id10103/00011.wav
train,id10104,../../Datasets/VoxCeleb1_features/id10104/00033.npy,../../Datasets/VoxCeleb1_Mirror/id10104/00033.wav
train,id10105,../../Datasets/VoxCeleb1_features/id10105/00130.npy,../../Datasets/VoxCeleb1_Mirror/id10105/00130.wav
train,id10106,../../Datasets/VoxCeleb1_features/id10106/00005.npy,../../Datasets/VoxCeleb1_Mirror/id10106/00005.wav
train,id10107,../../Datasets/VoxCeleb1_features/id10107/00166.npy,../../Datasets/VoxCeleb1_Mirror/id10107/00166.wav
train,id10108,../../Datasets/VoxCeleb1_features/id10108/00018.npy,../../Datasets/VoxCeleb1_Mirror/id10108/00018.wav
train,id10109,../../Datasets/VoxCeleb1_features/id10109/00016.npy,../../Datasets/VoxCeleb1_Mirror/id10109/00016.wav
train,id10110,../../Datasets/VoxCeleb1_features/id10110/00001.npy,../../Datasets/VoxCeleb1_Mirror/id10110/00001.wav
train,id10111,../../Datasets/VoxCeleb1_features/id10111/00038.npy,../../Datasets/VoxCeleb1_Mirror/id10111/00038.wav
train,id10112,../../Datasets/VoxCeleb1_features/id10112/00003.npy,../../Datasets/VoxCeleb1_Mirror/id10112/00003.wav
train,id10113,../../Datasets/VoxCeleb1_features/id10113/00008.npy,../../Datasets/VoxCeleb1_Mirror/id10113/00008.wav
train,id10114,../../Datasets/VoxCeleb1_features/id10114/00047.npy,../../Datasets/VoxCeleb1_Mirror/id10114/00047.wav
train,id10115,../../Datasets/VoxCeleb1_features/id10115/00008.npy,../../Datasets/VoxCeleb1_Mirror/id10115/00008.wav
train,id10116,../../Datasets/VoxCeleb1_features/id10116/00029.npy,../../Datasets/VoxCeleb1_Mirror/id10116/00029.wav
train,id10117,../../Datasets/VoxCeleb1_features/id10117/00006.npy,../../Datasets/VoxCeleb1_Mirror/id10117/00006.wav
train,id10118,../../Datasets/VoxCeleb1_features/id10118/00001.npy,../../Datasets/VoxCeleb1_Mirror/id10118/00001.wav
train,id10119,../../Datasets/VoxCeleb1_features/id10119/00013.npy,../../Datasets/VoxCeleb1_Mirror/id10119/00013.wav
train,id10120,../../Datasets/VoxCeleb1_features/id10120/00019.npy,../../Datasets/VoxCeleb1_Mirror/id10120/00019.wav
train,id10121,../../Datasets/VoxCeleb1_features/id10121/00079.npy,../../Datasets/VoxCeleb1_Mirror/id10121/00079.wav
train,id10122,../../Datasets/VoxCeleb1_features/id10122/00004.npy,../../Datasets/VoxCeleb1_Mirror/id10122/00004.wav
train,id10123,../../Datasets/VoxCeleb1_features/id10123/00012.npy,../../Datasets/VoxCeleb1_Mirror/id10123/00012.wav
train,id10124,../../Datasets/VoxCeleb1_features/id10124/00011.npy,../../Datasets/VoxCeleb1_Mirror/id10124/00011.wav
train,id10125,../../Datasets/VoxCeleb1_features/id10125/00025.npy,../../Datasets/VoxCeleb1_Mirror/id10125/00025.wav
train,id10126,../../Datasets/VoxCeleb1_features/id10126/00002.npy,../../Datasets/VoxCeleb1_Mirror/id10126/00002.wav
train,id10127,../../Datasets/VoxCeleb1_features/id10127/00001.npy,../../Datasets/VoxCeleb1_Mirror/id10127/00001.wav
train,id10128,../../Datasets/VoxCeleb1_features/id10128/00013.npy,../../Datasets/VoxCeleb1_Mirror/id10128/00013.wav
train,id10129,../../Datasets/VoxCeleb1_features/id10129/00004.npy,../../Datasets/VoxCeleb1_Mirror/id10129/00004.wav
train,id10130,../../Datasets/VoxCeleb1_features/id10130/00005.npy,../../Datasets/VoxCeleb1_Mirror/id10130/00005.wav
train,id10131,../../Datasets/VoxCeleb1_features/id10131/00003.npy,../../Datasets/VoxCeleb1_Mirror/id10131/00003.wav
train,id10132,../../Datasets/VoxCeleb1_features/id10132/00005.npy,../../Datasets/VoxCeleb1_Mirror/id10132/00005.wav
train,id10133,../../Datasets/VoxCeleb1_features/id10133/00008.npy,../../Datasets/VoxCeleb1_Mirror/id10133/00008.wav
train,id10134,../../Datasets/VoxCeleb1_features/id10134/00009.npy,../../Datasets/VoxCeleb1_Mirror/id10134/00009.wav
train,id10135,../../Datasets/VoxCeleb1_features/id10135/00009.npy,../../Datasets/VoxCeleb1_Mirror/id10135/00009.wav
train,id10136,../../Datasets/VoxCeleb1_features/id10136/00004.npy,../../Datasets/VoxCeleb1_Mirror/id10136/00004.wav
train,id10137,../../Datasets/VoxCeleb1_features/id10137/00009.npy,../../Datasets/VoxCeleb1_Mirror/id10137/00009.wav
train,id10138,../../Datasets/VoxCeleb1_features/id10138/00004.npy,../../Datasets/VoxCeleb1_Mirror/id10138/00004.wav
train,id10139,../../Datasets/VoxCeleb1_features/id10139/00004.npy,../../Datasets/VoxCeleb1_Mirror/id10139/00004.wav
train,id10140,../../Datasets/VoxCeleb1_features/id10140/00008.npy,../../Datasets/VoxCeleb1_Mirror/id10140/00008.wav
train,id10141,../../Datasets/VoxCeleb1_features/id10141/00008.npy,../../Datasets/VoxCeleb1_Mirror/id10141/00008.wav
train,id10142,../../Datasets/VoxCeleb1_features/id10142/00014.npy,../../Datasets/VoxCeleb1_Mirror/id10142/00014.wav
train,id10143,../../Datasets/VoxCeleb1_features/id10143/00006.npy,../../Datasets/VoxCeleb1_Mirror/id10143/00006.wav
train,id10144,../../Datasets/VoxCeleb1_features/id10144/00003.npy,../../Datasets/VoxCeleb1_Mirror/id10144/00003.wav
train,id10145,../../Datasets/VoxCeleb1_features/id10145/00012.npy,../../Datasets/VoxCeleb1_Mirror/id10145/00012.wav
train,id10146,../../Datasets/VoxCeleb1_features/id10146/00046.npy,../../Datasets/VoxCeleb1_Mirror/id10146/00046.wav
train,id10147,../../Datasets/VoxCeleb1_features/id10147/00052.npy,../../Datasets/VoxCeleb1_Mirror/id10147/00052.wav
train,id10148,../../Datasets/VoxCeleb1_features/id10148/00006.npy,../../Datasets/VoxCeleb1_Mirror/id10148/00006.wav
train,id10149,../../Datasets/VoxCeleb1_features/id10149/00004.npy,../../Datasets/VoxCeleb1_Mirror/id10149/00004.wav
train,id10150,../../Datasets/VoxCeleb1_features/id10150/00015.npy,../../Datasets/VoxCeleb1_Mirror/id10150/00015.wav
train,id10151,../../Datasets/VoxCeleb1_features/id10151/00007.npy,../../Datasets/VoxCeleb1_Mirror/id10151/00007.wav
train,id10152,../../Datasets/VoxCeleb1_features/id10152/00006.npy,../../Datasets/VoxCeleb1_Mirror/id10152/00006.wav
train,id10153,../../Datasets/VoxCeleb1_features/id10153/00003.npy,../../Datasets/VoxCeleb1_Mirror/id10153/00003.wav
train,id10154,../../Datasets/VoxCeleb1_features/id10154/00010.npy,../../Datasets/VoxCeleb1_Mirror/id10154/00010.wav
train,id10155,../../Datasets/VoxCeleb1_features/id10155/00010.npy,../../Datasets/VoxCeleb1_Mirror/id10155/00010.wav
train,id10156,../../Datasets/VoxCeleb1_features/id10156/00011.npy,../../Datasets/VoxCeleb1_Mirror/id10156/00011.wav
train,id10157,../../Datasets/VoxCeleb1_features/id10157/00006.npy,../../Datasets/VoxCeleb1_Mirror/id10157/00006.wav
train,id10158,../../Datasets/VoxCeleb1_features/id10158/00007.npy,../../Datasets/VoxCeleb1_Mirror/id10158/00007.wav
train,id10159,../../Datasets/VoxCeleb1_features/id10159/00020.npy,../../Datasets/VoxCeleb1_Mirror/id10159/00020.wav
train,id10160,../../Datasets/VoxCeleb1_features/id10160/00019.npy,../../Datasets/VoxCeleb1_Mirror/id10160/00019.wav
train,id10161,../../Datasets/VoxCeleb1_features/id10161/00012.npy,../../Datasets/VoxCeleb1_Mirror/id10161/00012.wav
train,id10162,../../Datasets/VoxCeleb1_features/id10162/00005.npy,../../Datasets/VoxCeleb1_Mirror/id10162/00005.wav
train,id10163,../../Datasets/VoxCeleb1_features/id10163/00009.npy,../../Datasets/VoxCeleb1_Mirror/id10163/00009.wav
train,id10164,../../Datasets/VoxCeleb1_features/id10164/00012.npy,../../Datasets/VoxCeleb1_Mirror/id10164/00012.wav
train,id10165,../../Datasets/VoxCeleb1_features/id10165/00007.npy,../../Datasets/VoxCeleb1_Mirror/id10165/00007.wav
train,id10166,../../Datasets/VoxCeleb1_features/id10166/00005.npy,../../Datasets/VoxCeleb1_Mirror/id10166/00005.wav
train,id10167,../../Datasets/VoxCeleb1_features/id10167/00023.npy,../../Datasets/VoxCeleb1_Mirror/id10167/00023.wav
train,id10168,../../Datasets/VoxCeleb1_features/id10168/00075.npy,../../Datasets/VoxCeleb1_Mirror/id10168/00075.wav
train,id10169,../../Datasets/VoxCeleb1_features/id10169/00013.npy,../../Datasets/VoxCeleb1_Mirror/id10169/00013.wav
train,id10170,../../Datasets/VoxCeleb1_features/id10170/00019.npy,../../Datasets/VoxCeleb1_Mirror/id10170/00019.wav
train,id10171,../../Datasets/VoxCeleb1_features/id10171/00012.npy,../../Datasets/VoxCeleb1_Mirror/id10171/00012.wav
train,id10172,../../Datasets/VoxCeleb1_features/id10172/00002.npy,../../Datasets/VoxCeleb1_Mirror/id10172/00002.wav
train,id10173,../../Datasets/VoxCeleb1_features/id10173/00025.npy,../../Datasets/VoxCeleb1_Mirror/id10173/00025.wav
train,id10174,../../Datasets/VoxCeleb1_features/id10174/00009.npy,../../Datasets/VoxCeleb1_Mirror/id10174/00009.wav
train,id10175,../../Datasets/VoxCeleb1_features/id10175/00011.npy,../../Datasets/VoxCeleb1_Mirror/id10175/00011.wav
train,id10176,../../Datasets/VoxCeleb1_features/id10176/00021.npy,../../Datasets/VoxCeleb1_Mirror/id10176/00021.wav
train,id10177,../../Datasets/VoxCeleb1_features/id10177/00021.npy,../../Datasets/VoxCeleb1_Mirror/id10177/00021.wav
train,id10178,../../Datasets/VoxCeleb1_features/id10178/00004.npy,../../Datasets/VoxCeleb1_Mirror/id10178/00004.wav
train,id10179,../../Datasets/VoxCeleb1_features/id10179/00009.npy,../../Datasets/VoxCeleb1_Mirror/id10179/00009.wav
train,id10180,../../Datasets/VoxCeleb1_features/id10180/00056.npy,../../Datasets/VoxCeleb1_Mirror/id10180/00056.wav
train,id10181,../../Datasets/VoxCeleb1_features/id10181/00009.npy,../../Datasets/VoxCeleb1_Mirror/id10181/00009.wav
train,id10182,../../Datasets/VoxCeleb1_features/id10182/00013.npy,../../Datasets/VoxCeleb1_Mirror/id10182/00013.wav
train,id10183,../../Datasets/VoxCeleb1_features/id10183/00011.npy,../../Datasets/VoxCeleb1_Mirror/id10183/00011.wav
train,id10184,../../Datasets/VoxCeleb1_features/id10184/00005.npy,../../Datasets/VoxCeleb1_Mirror/id10184/00005.wav
train,id10185,../../Datasets/VoxCeleb1_features/id10185/00013.npy,../../Datasets/VoxCeleb1_Mirror/id10185/00013.wav
train,id10186,../../Datasets/VoxCeleb1_features/id10186/00012.npy,../../Datasets/VoxCeleb1_Mirror/id10186/00012.wav
train,id10187,../../Datasets/VoxCeleb1_features/id10187/00004.npy,../../Datasets/VoxCeleb1_Mirror/id10187/00004.wav
train,id10188,../../Datasets/VoxCeleb1_features/id10188/00001.npy,../../Datasets/VoxCeleb1_Mirror/id10188/00001.wav
train,id10189,../../Datasets/VoxCeleb1_features/id10189/00006.npy,../../Datasets/VoxCeleb1_Mirror/id10189/00006.wav
train,id10190,../../Datasets/VoxCeleb1_features/id10190/00004.npy,../../Datasets/VoxCeleb1_Mirror/id10190/00004.wav
train,id10191,../../Datasets/VoxCeleb1_features/id10191/00013.npy,../../Datasets/VoxCeleb1_Mirror/id10191/00013.wav
train,id10192,../../Datasets/VoxCeleb1_features/id10192/00008.npy,../../Datasets/VoxCeleb1_Mirror/id10192/00008.wav
train,id10193,../../Datasets/VoxCeleb1_features/id10193/00012.npy,../../Datasets/VoxCeleb1_Mirror/id10193/00012.wav
train,id10194,../../Datasets/VoxCeleb1_features/id10194/00001.npy,../../Datasets/VoxCeleb1_Mirror/id10194/00001.wav
train,id10195,../../Datasets/VoxCeleb1_features/id10195/00004.npy,../../Datasets/VoxCeleb1_Mirror/id10195/00004.wav
train,id10196,../../Datasets/VoxCeleb1_features/id10196/00044.npy,../../Datasets/VoxCeleb1_Mirror/id10196/00044.wav
train,id10197,../../Datasets/VoxCeleb1_features/id10197/00001.npy,../../Datasets/VoxCeleb1_Mirror/id10197/00001.wav
train,id10198,../../Datasets/VoxCeleb1_features/id10198/00015.npy,../../Datasets/VoxCeleb1_Mirror/id10198/00015.wav
train,id10199,../../Datasets/VoxCeleb1_features/id10199/00001.npy,../../Datasets/VoxCeleb1_Mirror/id10199/00001.wav
train,id10200,../../Datasets/VoxCeleb1_features/id10200/00021.npy,../../Datasets/VoxCeleb1_Mirror/id10200/00021.wav
train,id10201,../../Datasets/VoxCeleb1_features/id10201/00004.npy,../../Datasets/VoxCeleb1_Mirror/id10201/00004.wav
train,id10202,../../Datasets/VoxCeleb1_features/id10202/00002.npy,../../Datasets/VoxCeleb1_Mirror/id10202/00002.wav
train,id10203,../../Datasets/VoxCeleb1_features/id10203/00078.npy,../../Datasets/VoxCeleb1_Mirror/id10203/00078.wav
train,id10204,../../Datasets/VoxCeleb1_features/id10204/00030.npy,../../Datasets/VoxCeleb1_Mirror/id10204/00030.wav
train,id10205,../../Datasets/VoxCeleb1_features/id10205/00030.npy,../../Datasets/VoxCeleb1_Mirror/id10205/00030.wav
train,id10206,../../Datasets/VoxCeleb1_features/id10206/00009.npy,../../Datasets/VoxCeleb1_Mirror/id10206/00009.wav
train,id10207,../../Datasets/VoxCeleb1_features/id10207/00010.npy,../../Datasets/VoxCeleb1_Mirror/id10207/00010.wav
train,id10208,../../Datasets/VoxCeleb1_features/id10208/00012.npy,../../Datasets/VoxCeleb1_Mirror/id10208/00012.wav
train,id10209,../../Datasets/VoxCeleb1_features/id10209/00014.npy,../../Datasets/VoxCeleb1_Mirror/id10209/00014.wav
train,id10210,../../Datasets/VoxCeleb1_features/id10210/00009.npy,../../Datasets/VoxCeleb1_Mirror/id10210/00009.wav
train,id10211,../../Datasets/VoxCeleb1_features/id10211/00014.npy,../../Datasets/VoxCeleb1_Mirror/id10211/00014.wav
train,id10212,../../Datasets/VoxCeleb1_features/id10212/00018.npy,../../Datasets/VoxCeleb1_Mirror/id10212/00018.wav
train,id10213,../../Datasets/VoxCeleb1_features/id10213/00006.npy,../../Datasets/VoxCeleb1_Mirror/id10213/00006.wav
train,id10214,../../Datasets/VoxCeleb1_features/id10214/00016.npy,../../Datasets/VoxCeleb1_Mirror/id10214/00016.wav
train,id10215,../../Datasets/VoxCeleb1_features/id10215/00004.npy,../../Datasets/VoxCeleb1_Mirror/id10215/00004.wav
train,id10216,../../Datasets/VoxCeleb1_features/id10216/00014.npy,../../Datasets/VoxCeleb1_Mirror/id10216/00014.wav
train,id10217,../../Datasets/VoxCeleb1_features/id10217/00011.npy,../../Datasets/VoxCeleb1_Mirror/id10217/00011.wav
train,id10218,../../Datasets/VoxCeleb1_features/id10218/00007.npy,../../Datasets/VoxCeleb1_Mirror/id10218/00007.wav
train,id10219,../../Datasets/VoxCeleb1_features/id10219/00010.npy,../../Datasets/VoxCeleb1_Mirror/id10219/00010.wav
train,id10220,../../Datasets/VoxCeleb1_features/id10220/00013.npy,../../Datasets/VoxCeleb1_Mirror/id10220/00013.wav
train,id10221,../../Datasets/VoxCeleb1_features/id10221/00008.npy,../../Datasets/VoxCeleb1_Mirror/id10221/00008.wav
train,id10222,../../Datasets/VoxCeleb1_features/id10222/00009.npy,../../Datasets/VoxCeleb1_Mirror/id10222/00009.wav
train,id10223,../../Datasets/VoxCeleb1_features/id10223/00008.npy,../../Datasets/VoxCeleb1_Mirror/id10223/00008.wav
train,id10224,../../Datasets/VoxCeleb1_features/id10224/00020.npy,../../Datasets/VoxCeleb1_Mirror/id10224/00020.wav
train,id10225,../../Datasets/VoxCeleb1_features/id10225/00007.npy,../../Datasets/VoxCeleb1_Mirror/id10225/00007.wav
train,id10226,../../Datasets/VoxCeleb1_features/id10226/00003.npy,../../Datasets/VoxCeleb1_Mirror/id10226/00003.wav
train,id10227,../../Datasets/VoxCeleb1_features/id10227/00011.npy,../../Datasets/VoxCeleb1_Mirror/id10227/00011.wav
train,id10228,../../Datasets/VoxCeleb1_features/id10228/00005.npy,../../Datasets/VoxCeleb1_Mirror/id10228/00005.wav
train,id10229,../../Datasets/VoxCeleb1_features/id10229/00031.npy,../../Datasets/VoxCeleb1_Mirror/id10229/00031.wav
train,id10230,../../Datasets/VoxCeleb1_features/id10230/00008.npy,../../Datasets/VoxCeleb1_Mirror/id10230/00008.wav
train,id10231,../../Datasets/VoxCeleb1_features/id10231/00012.npy,../../Datasets/VoxCeleb1_Mirror/id10231/00012.wav
train,id10232,../../Datasets/VoxCeleb1_features/id10232/00013.npy,../../Datasets/VoxCeleb1_Mirror/id10232/00013.wav
train,id10233,../../Datasets/VoxCeleb1_features/id10233/00014.npy,../../Datasets/VoxCeleb1_Mirror/id10233/00014.wav
train,id10234,../../Datasets/VoxCeleb1_features/id10234/00033.npy,../../Datasets/VoxCeleb1_Mirror/id10234/00033.wav
train,id10235,../../Datasets/VoxCeleb1_features/id10235/00021.npy,../../Datasets/VoxCeleb1_Mirror/id10235/00021.wav
train,id10236,../../Datasets/VoxCeleb1_features/id10236/00011.npy,../../Datasets/VoxCeleb1_Mirror/id10236/00011.wav
train,id10237,../../Datasets/VoxCeleb1_features/id10237/00009.npy,../../Datasets/VoxCeleb1_Mirror/id10237/00009.wav
train,id10238,../../Datasets/VoxCeleb1_features/id10238/00008.npy,../../Datasets/VoxCeleb1_Mirror/id10238/00008.wav
train,id10239,../../Datasets/VoxCeleb1_features/id10239/00004.npy,../../Datasets/VoxCeleb1_Mirror/id10239/00004.wav
train,id10240,../../Datasets/VoxCeleb1_features/id10240/00013.npy,../../Datasets/VoxCeleb1_Mirror/id10240/00013.wav
train,id10241,../../Datasets/VoxCeleb1_features/id10241/00002.npy,../../Datasets/VoxCeleb1_Mirror/id10241/00002.wav
train,id10242,../../Datasets/VoxCeleb1_features/id10242/00108.npy,../../Datasets/VoxCeleb1_Mirror/id10242/00108.wav
train,id10243,../../Datasets/VoxCeleb1_features/id10243/00017.npy,../../Datasets/VoxCeleb1_Mirror/id10243/00017.wav
train,id10244,../../Datasets/VoxCeleb1_features/id10244/00002.npy,../../Datasets/VoxCeleb1_Mirror/id10244/00002.wav
train,id10245,../../Datasets/VoxCeleb1_features/id10245/00014.npy,../../Datasets/VoxCeleb1_Mirror/id10245/00014.wav
train,id10246,../../Datasets/VoxCeleb1_features/id10246/00012.npy,../../Datasets/VoxCeleb1_Mirror/id10246/00012.wav
train,id10247,../../Datasets/VoxCeleb1_features/id10247/00020.npy,../../Datasets/VoxCeleb1_Mirror/id10247/00020.wav
train,id10248,../../Datasets/VoxCeleb1_features/id10248/00129.npy,../../Datasets/VoxCeleb1_Mirror/id10248/00129.wav
train,id10249,../../Datasets/VoxCeleb1_features/id10249/00004.npy,../../Datasets/VoxCeleb1_Mirror/id10249/00004.wav
train,id10250,../../Datasets/VoxCeleb1_features/id10250/00012.npy,../../Datasets/VoxCeleb1_Mirror/id10250/00012.wav
train,id10251,../../Datasets/VoxCeleb1_features/id10251/00009.npy,../../Datasets/VoxCeleb1_Mirror/id10251/00009.wav
train,id10252,../../Datasets/VoxCeleb1_features/id10252/00049.npy,../../Datasets/VoxCeleb1_Mirror/id10252/00049.wav
train,id10253,../../Datasets/VoxCeleb1_features/id10253/00001.npy,../../Datasets/VoxCeleb1_Mirror/id10253/00001.wav
train,id10254,../../Datasets/VoxCeleb1_features/id10254/00018.npy,../../Datasets/VoxCeleb1_Mirror/id10254/00018.wav
train,id10255,../../Datasets/VoxCeleb1_features/id10255/00010.npy,../../Datasets/VoxCeleb1_Mirror/id10255/00010.wav
train,id10256,../../Datasets/VoxCeleb1_features/id10256/00006.npy,../../Datasets/VoxCeleb1_Mirror/id10256/00006.wav
train,id10257,../../Datasets/VoxCeleb1_features/id10257/00017.npy,../../Datasets/VoxCeleb1_Mirror/id10257/00017.wav
train,id10258,../../Datasets/VoxCeleb1_features/id10258/00003.npy,../../Datasets/VoxCeleb1_Mirror/id10258/00003.wav
train,id10259,../../Datasets/VoxCeleb1_features/id10259/00009.npy,../../Datasets/VoxCeleb1_Mirror/id10259/00009.wav
train,id10260,../../Datasets/VoxCeleb1_features/id10260/00041.npy,../../Datasets/VoxCeleb1_Mirror/id10260/00041.wav
train,id10261,../../Datasets/VoxCeleb1_features/id10261/00019.npy,../../Datasets/VoxCeleb1_Mirror/id10261/00019.wav
train,id10262,../../Datasets/VoxCeleb1_features/id10262/00032.npy,../../Datasets/VoxCeleb1_Mirror/id10262/00032.wav
train,id10263,../../Datasets/VoxCeleb1_features/id10263/00001.npy,../../Datasets/VoxCeleb1_Mirror/id10263/00001.wav
train,id10264,../../Datasets/VoxCeleb1_features/id10264/00003.npy,../../Datasets/VoxCeleb1_Mirror/id10264/00003.wav
train,id10265,../../Datasets/VoxCeleb1_features/id10265/00003.npy,../../Datasets/VoxCeleb1_Mirror/id10265/00003.wav
train,id10266,../../Datasets/VoxCeleb1_features/id10266/00011.npy,../../Datasets/VoxCeleb1_Mirror/id10266/00011.wav
train,id10267,../../Datasets/VoxCeleb1_features/id10267/00003.npy,../../Datasets/VoxCeleb1_Mirror/id10267/00003.wav
train,id10268,../../Datasets/VoxCeleb1_features/id10268/00023.npy,../../Datasets/VoxCeleb1_Mirror/id10268/00023.wav
train,id10269,../../Datasets/VoxCeleb1_features/id10269/00011.npy,../../Datasets/VoxCeleb1_Mirror/id10269/00011.wav
train,id10270,../../Datasets/VoxCeleb1_features/id10270/00006.npy,../../Datasets/VoxCeleb1_Mirror/id10270/00006.wav
train,id10271,../../Datasets/VoxCeleb1_features/id10271/00017.npy,../../Datasets/VoxCeleb1_Mirror/id10271/00017.wav
train,id10272,../../Datasets/VoxCeleb1_features/id10272/00001.npy,../../Datasets/VoxCeleb1_Mirror/id10272/00001.wav
train,id10273,../../Datasets/VoxCeleb1_features/id10273/00004.npy,../../Datasets/VoxCeleb1_Mirror/id10273/00004.wav
train,id10274,../../Datasets/VoxCeleb1_features/id10274/00006.npy,../../Datasets/VoxCeleb1_Mirror/id10274/00006.wav
train,id10275,../../Datasets/VoxCeleb1_features/id10275/00001.npy,../../Datasets/VoxCeleb1_Mirror/id10275/00001.wav
train,id10276,../../Datasets/VoxCeleb1_features/id10276/00021.npy,../../Datasets/VoxCeleb1_Mirror/id10276/00021.wav
train,id10277,../../Datasets/VoxCeleb1_features/id10277/00022.npy,../../Datasets/VoxCeleb1_Mirror/id10277/00022.wav
train,id10278,../../Datasets/VoxCeleb1_features/id10278/00029.npy,../../Datasets/VoxCeleb1_Mirror/id10278/00029.wav
train,id10279,../../Datasets/VoxCeleb1_features/id10279/00013.npy,../../Datasets/VoxCeleb1_Mirror/id10279/00013.wav
train,id10280,../../Datasets/VoxCeleb1_features/id10280/00003.npy,../../Datasets/VoxCeleb1_Mirror/id10280/00003.wav
train,id10281,../../Datasets/VoxCeleb1_features/id10281/00023.npy,../../Datasets/VoxCeleb1_Mirror/id10281/00023.wav
train,id10282,../../Datasets/VoxCeleb1_features/id10282/00003.npy,../../Datasets/VoxCeleb1_Mirror/id10282/00003.wav
train,id10283,../../Datasets/VoxCeleb1_features/id10283/00036.npy,../../Datasets/VoxCeleb1_Mirror/id10283/00036.wav
train,id10284,../../Datasets/VoxCeleb1_features/id10284/00012.npy,../../Datasets/VoxCeleb1_Mirror/id10284/00012.wav
train,id10285,../../Datasets/VoxCeleb1_features/id10285/00006.npy,../../Datasets/VoxCeleb1_Mirror/id10285/00006.wav
train,id10286,../../Datasets/VoxCeleb1_features/id10286/00005.npy,../../Datasets/VoxCeleb1_Mirror/id10286/00005.wav
train,id10287,../../Datasets/VoxCeleb1_features/id10287/00019.npy,../../Datasets/VoxCeleb1_Mirror/id10287/00019.wav
train,id10288,../../Datasets/VoxCeleb1_features/id10288/00013.npy,../../Datasets/VoxCeleb1_Mirror/id10288/00013.wav
train,id10289,../../Datasets/VoxCeleb1_features/id10289/00015.npy,../../Datasets/VoxCeleb1_Mirror/id10289/00015.wav
train,id10290,../../Datasets/VoxCeleb1_features/id10290/00016.npy,../../Datasets/VoxCeleb1_Mirror/id10290/00016.wav
train,id10291,../../Datasets/VoxCeleb1_features/id10291/00006.npy,../../Datasets/VoxCeleb1_Mirror/id10291/00006.wav
train,id10292,../../Datasets/VoxCeleb1_features/id10292/00019.npy,../../Datasets/VoxCeleb1_Mirror/id10292/00019.wav
train,id10293,../../Datasets/VoxCeleb1_features/id10293/00003.npy,../../Datasets/VoxCeleb1_Mirror/id10293/00003.wav
train,id10294,../../Datasets/VoxCeleb1_features/id10294/00003.npy,../../Datasets/VoxCeleb1_Mirror/id10294/00003.wav
train,id10295,../../Datasets/VoxCeleb1_features/id10295/00004.npy,../../Datasets/VoxCeleb1_Mirror/id10295/00004.wav
train,id10296,../../Datasets/VoxCeleb1_features/id10296/00010.npy,../../Datasets/VoxCeleb1_Mirror/id10296/00010.wav
train,id10297,../../Datasets/VoxCeleb1_features/id10297/00007.npy,../../Datasets/VoxCeleb1_Mirror/id10297/00007.wav
train,id10298,../../Datasets/VoxCeleb1_features/id10298/00035.npy,../../Datasets/VoxCeleb1_Mirror/id10298/00035.wav
train,id10299,../../Datasets/VoxCeleb1_features/id10299/00007.npy,../../Datasets/VoxCeleb1_Mirror/id10299/00007.wav
train,id10300,../../Datasets/VoxCeleb1_features/id10300/00025.npy,../../Datasets/VoxCeleb1_Mirror/id10300/00025.wav
train,id10301,../../Datasets/VoxCeleb1_features/id10301/00007.npy,../../Datasets/VoxCeleb1_Mirror/id10301/00007.wav
train,id10302,../../Datasets/VoxCeleb1_features/id10302/00039.npy,../../Datasets/VoxCeleb1_Mirror/id10302/00039.wav
train,id10303,../../Datasets/VoxCeleb1_features/id10303/00015.npy,../../Datasets/VoxCeleb1_Mirror/id10303/00015.wav
train,id10304,../../Datasets/VoxCeleb1_features/id10304/00009.npy,../../Datasets/VoxCeleb1_Mirror/id10304/00009.wav
train,id10305,../../Datasets/VoxCeleb1_features/id10305/00014.npy,../../Datasets/VoxCeleb1_Mirror/id10305/00014.wav
train,id10306,../../Datasets/VoxCeleb1_features/id10306/00020.npy,../../Datasets/VoxCeleb1_Mirror/id10306/00020.wav
train,id10307,../../Datasets/VoxCeleb1_features/id10307/00018.npy,../../Datasets/VoxCeleb1_Mirror/id10307/00018.wav
train,id10308,../../Datasets/VoxCeleb1_features/id10308/00003.npy,../../Datasets/VoxCeleb1_Mirror/id10308/00003.wav
train,id10309,../../Datasets/VoxCeleb1_features/id10309/00003.npy,../../Datasets/VoxCeleb1_Mirror/id10309/00003.wav
train,id10310,../../Datasets/VoxCeleb1_features/id10310/00002.npy,../../Datasets/VoxCeleb1_Mirror/id10310/00002.wav
train,id10311,../../Datasets/VoxCeleb1_features/id10311/00006.npy,../../Datasets/VoxCeleb1_Mirror/id10311/00006.wav
train,id10312,../../Datasets/VoxCeleb1_features/id10312/00022.npy,../../Datasets/VoxCeleb1_Mirror/id10312/00022.wav
train,id10313,../../Datasets/VoxCeleb1_features/id10313/00021.npy,../../Datasets/VoxCeleb1_Mirror/id10313/00021.wav
train,id10314,../../Datasets/VoxCeleb1_features/id10314/00013.npy,../../Datasets/VoxCeleb1_Mirror/id10314/00013.wav
train,id10315,../../Datasets/VoxCeleb1_features/id10315/00002.npy,../../Datasets/VoxCeleb1_Mirror/id10315/00002.wav
train,id10316,../../Datasets/VoxCeleb1_features/id10316/00019.npy,../../Datasets/VoxCeleb1_Mirror/id10316/00019.wav
train,id10317,../../Datasets/VoxCeleb1_features/id10317/00049.npy,../../Datasets/VoxCeleb1_Mirror/id10317/00049.wav
train,id10318,../../Datasets/VoxCeleb1_features/id10318/00001.npy,../../Datasets/VoxCeleb1_Mirror/id10318/00001.wav
train,id10319,../../Datasets/VoxCeleb1_features/id10319/00003.npy,../../Datasets/VoxCeleb1_Mirror/id10319/00003.wav
train,id10320,../../Datasets/VoxCeleb1_features/id10320/00006.npy,../../Datasets/VoxCeleb1_Mirror/id10320/00006.wav
train,id10321,../../Datasets/VoxCeleb1_features/id10321/00048.npy,../../Datasets/VoxCeleb1_Mirror/id10321/00048.wav
train,id10322,../../Datasets/VoxCeleb1_features/id10322/00015.npy,../../Datasets/VoxCeleb1_Mirror/id10322/00015.wav
train,id10323,../../Datasets/VoxCeleb1_features/id10323/00010.npy,../../Datasets/VoxCeleb1_Mirror/id10323/00010.wav
train,id10324,../../Datasets/VoxCeleb1_features/id10324/00011.npy,../../Datasets/VoxCeleb1_Mirror/id10324/00011.wav
train,id10325,../../Datasets/VoxCeleb1_features/id10325/00003.npy,../../Datasets/VoxCeleb1_Mirror/id10325/00003.wav
train,id10326,../../Datasets/VoxCeleb1_features/id10326/00129.npy,../../Datasets/VoxCeleb1_Mirror/id10326/00129.wav
train,id10327,../../Datasets/VoxCeleb1_features/id10327/00001.npy,../../Datasets/VoxCeleb1_Mirror/id10327/00001.wav
train,id10328,../../Datasets/VoxCeleb1_features/id10328/00009.npy,../../Datasets/VoxCeleb1_Mirror/id10328/00009.wav
train,id10329,../../Datasets/VoxCeleb1_features/id10329/00025.npy,../../Datasets/VoxCeleb1_Mirror/id10329/00025.wav
train,id10330,../../Datasets/VoxCeleb1_features/id10330/00011.npy,../../Datasets/VoxCeleb1_Mirror/id10330/00011.wav
train,id10331,../../Datasets/VoxCeleb1_features/id10331/00002.npy,../../Datasets/VoxCeleb1_Mirror/id10331/00002.wav
train,id10332,../../Datasets/VoxCeleb1_features/id10332/00012.npy,../../Datasets/VoxCeleb1_Mirror/id10332/00012.wav
train,id10333,../../Datasets/VoxCeleb1_features/id10333/00032.npy,../../Datasets/VoxCeleb1_Mirror/id10333/00032.wav
train,id10334,../../Datasets/VoxCeleb1_features/id10334/00005.npy,../../Datasets/VoxCeleb1_Mirror/id10334/00005.wav
train,id10335,../../Datasets/VoxCeleb1_features/id10335/00004.npy,../../Datasets/VoxCeleb1_Mirror/id10335/00004.wav
train,id10336,../../Datasets/VoxCeleb1_features/id10336/00017.npy,../../Datasets/VoxCeleb1_Mirror/id10336/00017.wav
train,id10337,../../Datasets/VoxCeleb1_features/id10337/00004.npy,../../Datasets/VoxCeleb1_Mirror/id10337/00004.wav
train,id10338,../../Datasets/VoxCeleb1_features/id10338/00010.npy,../../Datasets/VoxCeleb1_Mirror/id10338/00010.wav
train,id10339,../../Datasets/VoxCeleb1_features/id10339/00006.npy,../../Datasets/VoxCeleb1_Mirror/id10339/00006.wav
train,id10340,../../Datasets/VoxCeleb1_features/id10340/00006.npy,../../Datasets/VoxCeleb1_Mirror/id10340/00006.wav
train,id10341,../../Datasets/VoxCeleb1_features/id10341/00011.npy,../../Datasets/VoxCeleb1_Mirror/id10341/00011.wav
train,id10342,../../Datasets/VoxCeleb1_features/id10342/00026.npy,../../Datasets/VoxCeleb1_Mirror/id10342/00026.wav
train,id10343,../../Datasets/VoxCeleb1_features/id10343/00040.npy,../../Datasets/VoxCeleb1_Mirror/id10343/00040.wav
train,id10344,../../Datasets/VoxCeleb1_features/id10344/00001.npy,../../Datasets/VoxCeleb1_Mirror/id10344/00001.wav
train,id10345,../../Datasets/VoxCeleb1_features/id10345/00019.npy,../../Datasets/VoxCeleb1_Mirror/id10345/00019.wav
train,id10346,../../Datasets/VoxCeleb1_features/id10346/00011.npy,../../Datasets/VoxCeleb1_Mirror/id10346/00011.wav
train,id10347,../../Datasets/VoxCeleb1_features/id10347/00008.npy,../../Datasets/VoxCeleb1_Mirror/id10347/00008.wav
train,id10348,../../Datasets/VoxCeleb1_features/id10348/00001.npy,../../Datasets/VoxCeleb1_Mirror/id10348/00001.wav
train,id10349,../../Datasets/VoxCeleb1_features/id10349/00028.npy,../../Datasets/VoxCeleb1_Mirror/id10349/00028.wav
train,id10350,../../Datasets/VoxCeleb1_features/id10350/00006.npy,../../Datasets/VoxCeleb1_Mirror/id10350/00006.wav
train,id10351,../../Datasets/VoxCeleb1_features/id10351/00019.npy,../../Datasets/VoxCeleb1_Mirror/id10351/00019.wav
train,id10352,../../Datasets/VoxCeleb1_features/id10352/00057.npy,../../Datasets/VoxCeleb1_Mirror/id10352/00057.wav
train,id10353,../../Datasets/VoxCeleb1_features/id10353/00016.npy,../../Datasets/VoxCeleb1_Mirror/id10353/00016.wav
train,id10354,../../Datasets/VoxCeleb1_features/id10354/00030.npy,../../Datasets/VoxCeleb1_Mirror/id10354/00030.wav
train,id10355,../../Datasets/VoxCeleb1_features/id10355/00020.npy,../../Datasets/VoxCeleb1_Mirror/id10355/00020.wav
train,id10356,../../Datasets/VoxCeleb1_features/id10356/00002.npy,../../Datasets/VoxCeleb1_Mirror/id10356/00002.wav
train,id10357,../../Datasets/VoxCeleb1_features/id10357/00087.npy,../../Datasets/VoxCeleb1_Mirror/id10357/00087.wav
train,id10358,../../Datasets/VoxCeleb1_features/id10358/00007.npy,../../Datasets/VoxCeleb1_Mirror/id10358/00007.wav
train,id10359,../../Datasets/VoxCeleb1_features/id10359/00004.npy,../../Datasets/VoxCeleb1_Mirror/id10359/00004.wav
train,id10360,../../Datasets/VoxCeleb1_features/id10360/00014.npy,../../Datasets/VoxCeleb1_Mirror/id10360/00014.wav
train,id10361,../../Datasets/VoxCeleb1_features/id10361/00009.npy,../../Datasets/VoxCeleb1_Mirror/id10361/00009.wav
train,id10362,../../Datasets/VoxCeleb1_features/id10362/00001.npy,../../Datasets/VoxCeleb1_Mirror/id10362/00001.wav
train,id10363,../../Datasets/VoxCeleb1_features/id10363/00032.npy,../../Datasets/VoxCeleb1_Mirror/id10363/00032.wav
train,id10364,../../Datasets/VoxCeleb1_features/id10364/00018.npy,../../Datasets/VoxCeleb1_Mirror/id10364/00018.wav
train,id10365,../../Datasets/VoxCeleb1_features/id10365/00004.npy,../../Datasets/VoxCeleb1_Mirror/id10365/00004.wav
train,id10366,../../Datasets/VoxCeleb1_features/id10366/00012.npy,../../Datasets/VoxCeleb1_Mirror/id10366/00012.wav
train,id10367,../../Datasets/VoxCeleb1_features/id10367/00011.npy,../../Datasets/VoxCeleb1_Mirror/id10367/00011.wav
train,id10368,../../Datasets/VoxCeleb1_features/id10368/00016.npy,../../Datasets/VoxCeleb1_Mirror/id10368/00016.wav
train,id10369,../../Datasets/VoxCeleb1_features/id10369/00003.npy,../../Datasets/VoxCeleb1_Mirror/id10369/00003.wav
train,id10370,../../Datasets/VoxCeleb1_features/id10370/00018.npy,../../Datasets/VoxCeleb1_Mirror/id10370/00018.wav
train,id10371,../../Datasets/VoxCeleb1_features/id10371/00025.npy,../../Datasets/VoxCeleb1_Mirror/id10371/00025.wav
train,id10372,../../Datasets/VoxCeleb1_features/id10372/00002.npy,../../Datasets/VoxCeleb1_Mirror/id10372/00002.wav
train,id10373,../../Datasets/VoxCeleb1_features/id10373/00015.npy,../../Datasets/VoxCeleb1_Mirror/id10373/00015.wav
train,id10374,../../Datasets/VoxCeleb1_features/id10374/00006.npy,../../Datasets/VoxCeleb1_Mirror/id10374/00006.wav
train,id10375,../../Datasets/VoxCeleb1_features/id10375/00011.npy,../../Datasets/VoxCeleb1_Mirror/id10375/00011.wav
train,id10376,../../Datasets/VoxCeleb1_features/id10376/00021.npy,../../Datasets/VoxCeleb1_Mirror/id10376/00021.wav
train,id10377,../../Datasets/VoxCeleb1_features/id10377/00002.npy,../../Datasets/VoxCeleb1_Mirror/id10377/00002.wav
train,id10378,../../Datasets/VoxCeleb1_features/id10378/00001.npy,../../Datasets/VoxCeleb1_Mirror/id10378/00001.wav
train,id10379,../../Datasets/VoxCeleb1_features/id10379/00001.npy,../../Datasets/VoxCeleb1_Mirror/id10379/00001.wav
train,id10380,../../Datasets/VoxCeleb1_features/id10380/00019.npy,../../Datasets/VoxCeleb1_Mirror/id10380/00019.wav
train,id10381,../../Datasets/VoxCeleb1_features/id10381/00013.npy,../../Datasets/VoxCeleb1_Mirror/id10381/00013.wav
train,id10382,../../Datasets/VoxCeleb1_features/id10382/00007.npy,../../Datasets/VoxCeleb1_Mirror/id10382/00007.wav
train,id10383,../../Datasets/VoxCeleb1_features/id10383/00002.npy,../../Datasets/VoxCeleb1_Mirror/id10383/00002.wav
train,id10384,../../Datasets/VoxCeleb1_features/id10384/00013.npy,../../Datasets/VoxCeleb1_Mirror/id10384/00013.wav
train,id10385,../../Datasets/VoxCeleb1_features/id10385/00005.npy,../../Datasets/VoxCeleb1_Mirror/id10385/00005.wav
train,id10386,../../Datasets/VoxCeleb1_features/id10386/00034.npy,../../Datasets/VoxCeleb1_Mirror/id10386/00034.wav
train,id10387,../../Datasets/VoxCeleb1_features/id10387/00028.npy,../../Datasets/VoxCeleb1_Mirror/id10387/00028.wav
train,id10388,../../Datasets/VoxCeleb1_features/id10388/00034.npy,../../Datasets/VoxCeleb1_Mirror/id10388/00034.wav
train,id10389,../../Datasets/VoxCeleb1_features/id10389/00011.npy,../../Datasets/VoxCeleb1_Mirror/id10389/00011.wav
train,id10390,../../Datasets/VoxCeleb1_features/id10390/00005.npy,../../Datasets/VoxCeleb1_Mirror/id10390/00005.wav
train,id10391,../../Datasets/VoxCeleb1_features/id10391/00004.npy,../../Datasets/VoxCeleb1_Mirror/id10391/00004.wav
train,id10392,../../Datasets/VoxCeleb1_features/id10392/00002.npy,../../Datasets/VoxCeleb1_Mirror/id10392/00002.wav
train,id10393,../../Datasets/VoxCeleb1_features/id10393/00024.npy,../../Datasets/VoxCeleb1_Mirror/id10393/00024.wav
train,id10394,../../Datasets/VoxCeleb1_features/id10394/00006.npy,../../Datasets/VoxCeleb1_Mirror/id10394/00006.wav
train,id10395,../../Datasets/VoxCeleb1_features/id10395/00013.npy,../../Datasets/VoxCeleb1_Mirror/id10395/00013.wav
train,id10396,../../Datasets/VoxCeleb1_features/id10396/00026.npy,../../Datasets/VoxCeleb1_Mirror/id10396/00026.wav
train,id10397,../../Datasets/VoxCeleb1_features/id10397/00090.npy,../../Datasets/VoxCeleb1_Mirror/id10397/00090.wav
train,id10398,../../Datasets/VoxCeleb1_features/id10398/00009.npy,../../Datasets/VoxCeleb1_Mirror/id10398/00009.wav
train,id10399,../../Datasets/VoxCeleb1_features/id10399/00009.npy,../../Datasets/VoxCeleb1_Mirror/id10399/00009.wav
train,id10400,../../Datasets/VoxCeleb1_features/id10400/00029.npy,../../Datasets/VoxCeleb1_Mirror/id10400/00029.wav
train,id10401,../../Datasets/VoxCeleb1_features/id10401/00001.npy,../../Datasets/VoxCeleb1_Mirror/id10401/00001.wav
train,id10402,../../Datasets/VoxCeleb1_features/id10402/00003.npy,../../Datasets/VoxCeleb1_Mirror/id10402/00003.wav
train,id10403,../../Datasets/VoxCeleb1_features/id10403/00005.npy,../../Datasets/VoxCeleb1_Mirror/id10403/00005.wav
train,id10404,../../Datasets/VoxCeleb1_features/id10404/00023.npy,../../Datasets/VoxCeleb1_Mirror/id10404/00023.wav
train,id10405,../../Datasets/VoxCeleb1_features/id10405/00021.npy,../../Datasets/VoxCeleb1_Mirror/id10405/00021.wav
train,id10406,../../Datasets/VoxCeleb1_features/id10406/00015.npy,../../Datasets/VoxCeleb1_Mirror/id10406/00015.wav
train,id10407,../../Datasets/VoxCeleb1_features/id10407/00004.npy,../../Datasets/VoxCeleb1_Mirror/id10407/00004.wav
train,id10408,../../Datasets/VoxCeleb1_features/id10408/00016.npy,../../Datasets/VoxCeleb1_Mirror/id10408/00016.wav
train,id10409,../../Datasets/VoxCeleb1_features/id10409/00008.npy,../../Datasets/VoxCeleb1_Mirror/id10409/00008.wav
train,id10410,../../Datasets/VoxCeleb1_features/id10410/00040.npy,../../Datasets/VoxCeleb1_Mirror/id10410/00040.wav
train,id10411,../../Datasets/VoxCeleb1_features/id10411/00015.npy,../../Datasets/VoxCeleb1_Mirror/id10411/00015.wav
train,id10412,../../Datasets/VoxCeleb1_features/id10412/00017.npy,../../Datasets/VoxCeleb1_Mirror/id10412/00017.wav
train,id10413,../../Datasets/VoxCeleb1_features/id10413/00038.npy,../../Datasets/VoxCeleb1_Mirror/id10413/00038.wav
train,id10414,../../Datasets/VoxCeleb1_features/id10414/00013.npy,../../Datasets/VoxCeleb1_Mirror/id10414/00013.wav
train,id10415,../../Datasets/VoxCeleb1_features/id10415/00005.npy,../../Datasets/VoxCeleb1_Mirror/id10415/00005.wav
train,id10416,../../Datasets/VoxCeleb1_features/id10416/00014.npy,../../Datasets/VoxCeleb1_Mirror/id10416/00014.wav
train,id10417,../../Datasets/VoxCeleb1_features/id10417/00025.npy,../../Datasets/VoxCeleb1_Mirror/id10417/00025.wav
train,id10418,../../Datasets/VoxCeleb1_features/id10418/00006.npy,../../Datasets/VoxCeleb1_Mirror/id10418/00006.wav
train,id10419,../../Datasets/VoxCeleb1_features/id10419/00096.npy,../../Datasets/VoxCeleb1_Mirror/id10419/00096.wav
train,id10420,../../Datasets/VoxCeleb1_features/id10420/00002.npy,../../Datasets/VoxCeleb1_Mirror/id10420/00002.wav
train,id10421,../../Datasets/VoxCeleb1_features/id10421/00013.npy,../../Datasets/VoxCeleb1_Mirror/id10421/00013.wav
train,id10422,../../Datasets/VoxCeleb1_features/id10422/00010.npy,../../Datasets/VoxCeleb1_Mirror/id10422/00010.wav
train,id10423,../../Datasets/VoxCeleb1_features/id10423/00052.npy,../../Datasets/VoxCeleb1_Mirror/id10423/00052.wav
train,id10424,../../Datasets/VoxCeleb1_features/id10424/00004.npy,../../Datasets/VoxCeleb1_Mirror/id10424/00004.wav
train,id10425,../../Datasets/VoxCeleb1_features/id10425/00001.npy,../../Datasets/VoxCeleb1_Mirror/id10425/00001.wav
train,id10426,../../Datasets/VoxCeleb1_features/id10426/00009.npy,../../Datasets/VoxCeleb1_Mirror/id10426/00009.wav
train,id10427,../../Datasets/VoxCeleb1_features/id10427/00005.npy,../../Datasets/VoxCeleb1_Mirror/id10427/00005.wav
train,id10428,../../Datasets/VoxCeleb1_features/id10428/00043.npy,../../Datasets/VoxCeleb1_Mirror/id10428/00043.wav
train,id10429,../../Datasets/VoxCeleb1_features/id10429/00002.npy,../../Datasets/VoxCeleb1_Mirror/id10429/00002.wav
train,id10430,../../Datasets/VoxCeleb1_features/id10430/00014.npy,../../Datasets/VoxCeleb1_Mirror/id10430/00014.wav
train,id10431,../../Datasets/VoxCeleb1_features/id10431/00022.npy,../../Datasets/VoxCeleb1_Mirror/id10431/00022.wav
train,id10432,../../Datasets/VoxCeleb1_features/id10432/00014.npy,../../Datasets/VoxCeleb1_Mirror/id10432/00014.wav
train,id10433,../../Datasets/VoxCeleb1_features/id10433/00041.npy,../../Datasets/VoxCeleb1_Mirror/id10433/00041.wav
train,id10434,../../Datasets/VoxCeleb1_features/id10434/00022.npy,../../Datasets/VoxCeleb1_Mirror/id10434/00022.wav
train,id10435,../../Datasets/VoxCeleb1_features/id10435/00004.npy,../../Datasets/VoxCeleb1_Mirror/id10435/00004.wav
train,id10436,../../Datasets/VoxCeleb1_features/id10436/00006.npy,../../Datasets/VoxCeleb1_Mirror/id10436/00006.wav
train,id10437,../../Datasets/VoxCeleb1_features/id10437/00006.npy,../../Datasets/VoxCeleb1_Mirror/id10437/00006.wav
train,id10438,../../Datasets/VoxCeleb1_features/id10438/00005.npy,../../Datasets/VoxCeleb1_Mirror/id10438/00005.wav
train,id10439,../../Datasets/VoxCeleb1_features/id10439/00005.npy,../../Datasets/VoxCeleb1_Mirror/id10439/00005.wav
train,id10440,../../Datasets/VoxCeleb1_features/id10440/00009.npy,../../Datasets/VoxCeleb1_Mirror/id10440/00009.wav
train,id10441,../../Datasets/VoxCeleb1_features/id10441/00002.npy,../../Datasets/VoxCeleb1_Mirror/id10441/00002.wav
train,id10442,../../Datasets/VoxCeleb1_features/id10442/00001.npy,../../Datasets/VoxCeleb1_Mirror/id10442/00001.wav
train,id10443,../../Datasets/VoxCeleb1_features/id10443/00008.npy,../../Datasets/VoxCeleb1_Mirror/id10443/00008.wav
train,id10444,../../Datasets/VoxCeleb1_features/id10444/00015.npy,../../Datasets/VoxCeleb1_Mirror/id10444/00015.wav
train,id10445,../../Datasets/VoxCeleb1_features/id10445/00005.npy,../../Datasets/VoxCeleb1_Mirror/id10445/00005.wav
train,id10446,../../Datasets/VoxCeleb1_features/id10446/00005.npy,../../Datasets/VoxCeleb1_Mirror/id10446/00005.wav
train,id10447,../../Datasets/VoxCeleb1_features/id10447/00028.npy,../../Datasets/VoxCeleb1_Mirror/id10447/00028.wav
train,id10448,../../Datasets/VoxCeleb1_features/id10448/00015.npy,../../Datasets/VoxCeleb1_Mirror/id10448/00015.wav
train,id10449,../../Datasets/VoxCeleb1_features/id10449/00002.npy,../../Datasets/VoxCeleb1_Mirror/id10449/00002.wav
train,id10450,../../Datasets/VoxCeleb1_features/id10450/00008.npy,../../Datasets/VoxCeleb1_Mirror/id10450/00008.wav
train,id10451,../../Datasets/VoxCeleb1_features/id10451/00001.npy,../../Datasets/VoxCeleb1_Mirror/id10451/00001.wav
train,id10452,../../Datasets/VoxCeleb1_features/id10452/00010.npy,../../Datasets/VoxCeleb1_Mirror/id10452/00010.wav
train,id10453,../../Datasets/VoxCeleb1_features/id10453/00001.npy,../../Datasets/VoxCeleb1_Mirror/id10453/00001.wav
train,id10454,../../Datasets/VoxCeleb1_features/id10454/00013.npy,../../Datasets/VoxCeleb1_Mirror/id10454/00013.wav
train,id10455,../../Datasets/VoxCeleb1_features/id10455/00014.npy,../../Datasets/VoxCeleb1_Mirror/id10455/00014.wav
train,id10456,../../Datasets/VoxCeleb1_features/id10456/00009.npy,../../Datasets/VoxCeleb1_Mirror/id10456/00009.wav
train,id10457,../../Datasets/VoxCeleb1_features/id10457/00006.npy,../../Datasets/VoxCeleb1_Mirror/id10457/00006.wav
train,id10458,../../Datasets/VoxCeleb1_features/id10458/00017.npy,../../Datasets/VoxCeleb1_Mirror/id10458/00017.wav
train,id10459,../../Datasets/VoxCeleb1_features/id10459/00021.npy,../../Datasets/VoxCeleb1_Mirror/id10459/00021.wav
train,id10460,../../Datasets/VoxCeleb1_features/id10460/00020.npy,../../Datasets/VoxCeleb1_Mirror/id10460/00020.wav
train,id10461,../../Datasets/VoxCeleb1_features/id10461/00019.npy,../../Datasets/VoxCeleb1_Mirror/id10461/00019.wav
train,id10462,../../Datasets/VoxCeleb1_features/id10462/00002.npy,../../Datasets/VoxCeleb1_Mirror/id10462/00002.wav
train,id10463,../../Datasets/VoxCeleb1_features/id10463/00006.npy,../../Datasets/VoxCeleb1_Mirror/id10463/00006.wav
train,id10464,../../Datasets/VoxCeleb1_features/id10464/00006.npy,../../Datasets/VoxCeleb1_Mirror/id10464/00006.wav
train,id10465,../../Datasets/VoxCeleb1_features/id10465/00015.npy,../../Datasets/VoxCeleb1_Mirror/id10465/00015.wav
train,id10466,../../Datasets/VoxCeleb1_features/id10466/00014.npy,../../Datasets/VoxCeleb1_Mirror/id10466/00014.wav
train,id10467,../../Datasets/VoxCeleb1_features/id10467/00003.npy,../../Datasets/VoxCeleb1_Mirror/id10467/00003.wav
train,id10468,../../Datasets/VoxCeleb1_features/id10468/00003.npy,../../Datasets/VoxCeleb1_Mirror/id10468/00003.wav
train,id10469,../../Datasets/VoxCeleb1_features/id10469/00001.npy,../../Datasets/VoxCeleb1_Mirror/id10469/00001.wav
train,id10470,../../Datasets/VoxCeleb1_features/id10470/00005.npy,../../Datasets/VoxCeleb1_Mirror/id10470/00005.wav
train,id10471,../../Datasets/VoxCeleb1_features/id10471/00001.npy,../../Datasets/VoxCeleb1_Mirror/id10471/00001.wav
train,id10472,../../Datasets/VoxCeleb1_features/id10472/00002.npy,../../Datasets/VoxCeleb1_Mirror/id10472/00002.wav
train,id10473,../../Datasets/VoxCeleb1_features/id10473/00017.npy,../../Datasets/VoxCeleb1_Mirror/id10473/00017.wav
train,id10474,../../Datasets/VoxCeleb1_features/id10474/00018.npy,../../Datasets/VoxCeleb1_Mirror/id10474/00018.wav
train,id10475,../../Datasets/VoxCeleb1_features/id10475/00002.npy,../../Datasets/VoxCeleb1_Mirror/id10475/00002.wav
train,id10476,../../Datasets/VoxCeleb1_features/id10476/00019.npy,../../Datasets/VoxCeleb1_Mirror/id10476/00019.wav
train,id10477,../../Datasets/VoxCeleb1_features/id10477/00002.npy,../../Datasets/VoxCeleb1_Mirror/id10477/00002.wav
train,id10478,../../Datasets/VoxCeleb1_features/id10478/00021.npy,../../Datasets/VoxCeleb1_Mirror/id10478/00021.wav
train,id10479,../../Datasets/VoxCeleb1_features/id10479/00013.npy,../../Datasets/VoxCeleb1_Mirror/id10479/00013.wav
train,id10480,../../Datasets/VoxCeleb1_features/id10480/00002.npy,../../Datasets/VoxCeleb1_Mirror/id10480/00002.wav
train,id10481,../../Datasets/VoxCeleb1_features/id10481/00019.npy,../../Datasets/VoxCeleb1_Mirror/id10481/00019.wav
train,id10482,../../Datasets/VoxCeleb1_features/id10482/00009.npy,../../Datasets/VoxCeleb1_Mirror/id10482/00009.wav
train,id10483,../../Datasets/VoxCeleb1_features/id10483/00010.npy,../../Datasets/VoxCeleb1_Mirror/id10483/00010.wav
train,id10484,../../Datasets/VoxCeleb1_features/id10484/00021.npy,../../Datasets/VoxCeleb1_Mirror/id10484/00021.wav
train,id10485,../../Datasets/VoxCeleb1_features/id10485/00054.npy,../../Datasets/VoxCeleb1_Mirror/id10485/00054.wav
train,id10486,../../Datasets/VoxCeleb1_features/id10486/00006.npy,../../Datasets/VoxCeleb1_Mirror/id10486/00006.wav
train,id10487,../../Datasets/VoxCeleb1_features/id10487/00003.npy,../../Datasets/VoxCeleb1_Mirror/id10487/00003.wav
train,id10488,../../Datasets/VoxCeleb1_features/id10488/00009.npy,../../Datasets/VoxCeleb1_Mirror/id10488/00009.wav
train,id10489,../../Datasets/VoxCeleb1_features/id10489/00013.npy,../../Datasets/VoxCeleb1_Mirror/id10489/00013.wav
train,id10490,../../Datasets/VoxCeleb1_features/id10490/00025.npy,../../Datasets/VoxCeleb1_Mirror/id10490/00025.wav
train,id10491,../../Datasets/VoxCeleb1_features/id10491/00004.npy,../../Datasets/VoxCeleb1_Mirror/id10491/00004.wav
train,id10492,../../Datasets/VoxCeleb1_features/id10492/00004.npy,../../Datasets/VoxCeleb1_Mirror/id10492/00004.wav
train,id10493,../../Datasets/VoxCeleb1_features/id10493/00001.npy,../../Datasets/VoxCeleb1_Mirror/id10493/00001.wav
train,id10494,../../Datasets/VoxCeleb1_features/id10494/00003.npy,../../Datasets/VoxCeleb1_Mirror/id10494/00003.wav
train,id10495,../../Datasets/VoxCeleb1_features/id10495/00008.npy,../../Datasets/VoxCeleb1_Mirror/id10495/00008.wav
train,id10496,../../Datasets/VoxCeleb1_features/id10496/00009.npy,../../Datasets/VoxCeleb1_Mirror/id10496/00009.wav
train,id10497,../../Datasets/VoxCeleb1_features/id10497/00014.npy,../../Datasets/VoxCeleb1_Mirror/id10497/00014.wav
train,id10498,../../Datasets/VoxCeleb1_features/id10498/00010.npy,../../Datasets/VoxCeleb1_Mirror/id10498/00010.wav
train,id10499,../../Datasets/VoxCeleb1_features/id10499/00005.npy,../../Datasets/VoxCeleb1_Mirror/id10499/00005.wav
train,id10500,../../Datasets/VoxCeleb1_features/id10500/00010.npy,../../Datasets/VoxCeleb1_Mirror/id10500/00010.wav
train,id10501,../../Datasets/VoxCeleb1_features/id10501/00012.npy,../../Datasets/VoxCeleb1_Mirror/id10501/00012.wav
train,id10502,../../Datasets/VoxCeleb1_features/id10502/00008.npy,../../Datasets/VoxCeleb1_Mirror/id10502/00008.wav
train,id10503,../../Datasets/VoxCeleb1_features/id10503/00020.npy,../../Datasets/VoxCeleb1_Mirror/id10503/00020.wav
train,id10504,../../Datasets/VoxCeleb1_features/id10504/00001.npy,../../Datasets/VoxCeleb1_Mirror/id10504/00001.wav
train,id10505,../../Datasets/VoxCeleb1_features/id10505/00012.npy,../../Datasets/VoxCeleb1_Mirror/id10505/00012.wav
train,id10506,../../Datasets/VoxCeleb1_features/id10506/00001.npy,../../Datasets/VoxCeleb1_Mirror/id10506/00001.wav
train,id10507,../../Datasets/VoxCeleb1_features/id10507/00015.npy,../../Datasets/VoxCeleb1_Mirror/id10507/00015.wav
train,id10508,../../Datasets/VoxCeleb1_features/id10508/00004.npy,../../Datasets/VoxCeleb1_Mirror/id10508/00004.wav
train,id10509,../../Datasets/VoxCeleb1_features/id10509/00003.npy,../../Datasets/VoxCeleb1_Mirror/id10509/00003.wav
train,id10510,../../Datasets/VoxCeleb1_features/id10510/00018.npy,../../Datasets/VoxCeleb1_Mirror/id10510/00018.wav
train,id10511,../../Datasets/VoxCeleb1_features/id10511/00012.npy,../../Datasets/VoxCeleb1_Mirror/id10511/00012.wav
train,id10512,../../Datasets/VoxCeleb1_features/id10512/00002.npy,../../Datasets/VoxCeleb1_Mirror/id10512/00002.wav
train,id10513,../../Datasets/VoxCeleb1_features/id10513/00004.npy,../../Datasets/VoxCeleb1_Mirror/id10513/00004.wav
train,id10514,../../Datasets/VoxCeleb1_features/id10514/00021.npy,../../Datasets/VoxCeleb1_Mirror/id10514/00021.wav
train,id10515,../../Datasets/VoxCeleb1_features/id10515/00015.npy,../../Datasets/VoxCeleb1_Mirror/id10515/00015.wav
train,id10516,../../Datasets/VoxCeleb1_features/id10516/00017.npy,../../Datasets/VoxCeleb1_Mirror/id10516/00017.wav
train,id10517,../../Datasets/VoxCeleb1_features/id10517/00001.npy,../../Datasets/VoxCeleb1_Mirror/id10517/00001.wav
train,id10518,../../Datasets/VoxCeleb1_features/id10518/00001.npy,../../Datasets/VoxCeleb1_Mirror/id10518/00001.wav
train,id10519,../../Datasets/VoxCeleb1_features/id10519/00027.npy,../../Datasets/VoxCeleb1_Mirror/id10519/00027.wav
train,id10520,../../Datasets/VoxCeleb1_features/id10520/00010.npy,../../Datasets/VoxCeleb1_Mirror/id10520/00010.wav
train,id10521,../../Datasets/VoxCeleb1_features/id10521/00007.npy,../../Datasets/VoxCeleb1_Mirror/id10521/00007.wav
train,id10522,../../Datasets/VoxCeleb1_features/id10522/00006.npy,../../Datasets/VoxCeleb1_Mirror/id10522/00006.wav
train,id10523,../../Datasets/VoxCeleb1_features/id10523/00012.npy,../../Datasets/VoxCeleb1_Mirror/id10523/00012.wav
train,id10524,../../Datasets/VoxCeleb1_features/id10524/00015.npy,../../Datasets/VoxCeleb1_Mirror/id10524/00015.wav
train,id10525,../../Datasets/VoxCeleb1_features/id10525/00008.npy,../../Datasets/VoxCeleb1_Mirror/id10525/00008.wav
train,id10526,../../Datasets/VoxCeleb1_features/id10526/00003.npy,../../Datasets/VoxCeleb1_Mirror/id10526/00003.wav
train,id10527,../../Datasets/VoxCeleb1_features/id10527/00003.npy,../../Datasets/VoxCeleb1_Mirror/id10527/00003.wav
train,id10528,../../Datasets/VoxCeleb1_features/id10528/00002.npy,../../Datasets/VoxCeleb1_Mirror/id10528/00002.wav
train,id10529,../../Datasets/VoxCeleb1_features/id10529/00002.npy,../../Datasets/VoxCeleb1_Mirror/id10529/00002.wav
train,id10530,../../Datasets/VoxCeleb1_features/id10530/00041.npy,../../Datasets/VoxCeleb1_Mirror/id10530/00041.wav
train,id10531,../../Datasets/VoxCeleb1_features/id10531/00013.npy,../../Datasets/VoxCeleb1_Mirror/id10531/00013.wav
train,id10532,../../Datasets/VoxCeleb1_features/id10532/00004.npy,../../Datasets/VoxCeleb1_Mirror/id10532/00004.wav
train,id10533,../../Datasets/VoxCeleb1_features/id10533/00007.npy,../../Datasets/VoxCeleb1_Mirror/id10533/00007.wav
train,id10534,../../Datasets/VoxCeleb1_features/id10534/00028.npy,../../Datasets/VoxCeleb1_Mirror/id10534/00028.wav
train,id10535,../../Datasets/VoxCeleb1_features/id10535/00039.npy,../../Datasets/VoxCeleb1_Mirror/id10535/00039.wav
train,id10536,../../Datasets/VoxCeleb1_features/id10536/00010.npy,../../Datasets/VoxCeleb1_Mirror/id10536/00010.wav
train,id10537,../../Datasets/VoxCeleb1_features/id10537/00001.npy,../../Datasets/VoxCeleb1_Mirror/id10537/00001.wav
train,id10538,../../Datasets/VoxCeleb1_features/id10538/00035.npy,../../Datasets/VoxCeleb1_Mirror/id10538/00035.wav
train,id10539,../../Datasets/VoxCeleb1_features/id10539/00018.npy,../../Datasets/VoxCeleb1_Mirror/id10539/00018.wav
train,id10540,../../Datasets/VoxCeleb1_features/id10540/00023.npy,../../Datasets/VoxCeleb1_Mirror/id10540/00023.wav
train,id10541,../../Datasets/VoxCeleb1_features/id10541/00037.npy,../../Datasets/VoxCeleb1_Mirror/id10541/00037.wav
train,id10542,../../Datasets/VoxCeleb1_features/id10542/00010.npy,../../Datasets/VoxCeleb1_Mirror/id10542/00010.wav
train,id10543,../../Datasets/VoxCeleb1_features/id10543/00001.npy,../../Datasets/VoxCeleb1_Mirror/id10543/00001.wav
train,id10544,../../Datasets/VoxCeleb1_features/id10544/00004.npy,../../Datasets/VoxCeleb1_Mirror/id10544/00004.wav
train,id10545,../../Datasets/VoxCeleb1_features/id10545/00013.npy,../../Datasets/VoxCeleb1_Mirror/id10545/00013.wav
train,id10546,../../Datasets/VoxCeleb1_features/id10546/00015.npy,../../Datasets/VoxCeleb1_Mirror/id10546/00015.wav
train,id10547,../../Datasets/VoxCeleb1_features/id10547/00008.npy,../../Datasets/VoxCeleb1_Mirror/id10547/00008.wav
train,id10548,../../Datasets/VoxCeleb1_features/id10548/00001.npy,../../Datasets/VoxCeleb1_Mirror/id10548/00001.wav
train,id10549,../../Datasets/VoxCeleb1_features/id10549/00015.npy,../../Datasets/VoxCeleb1_Mirror/id10549/00015.wav
train,id10550,../../Datasets/VoxCeleb1_features/id10550/00022.npy,../../Datasets/VoxCeleb1_Mirror/id10550/00022.wav
train,id10551,../../Datasets/VoxCeleb1_features/id10551/00014.npy,../../Datasets/VoxCeleb1_Mirror/id10551/00014.wav
train,id10552,../../Datasets/VoxCeleb1_features/id10552/00007.npy,../../Datasets/VoxCeleb1_Mirror/id10552/00007.wav
train,id10553,../../Datasets/VoxCeleb1_features/id10553/00003.npy,../../Datasets/VoxCeleb1_Mirror/id10553/00003.wav
train,id10554,../../Datasets/VoxCeleb1_features/id10554/00004.npy,../../Datasets/VoxCeleb1_Mirror/id10554/00004.wav
train,id10555,../../Datasets/VoxCeleb1_features/id10555/00012.npy,../../Datasets/VoxCeleb1_Mirror/id10555/00012.wav
train,id10556,../../Datasets/VoxCeleb1_features/id10556/00001.npy,../../Datasets/VoxCeleb1_Mirror/id10556/00001.wav
train,id10557,../../Datasets/VoxCeleb1_features/id10557/00003.npy,../../Datasets/VoxCeleb1_Mirror/id10557/00003.wav
train,id10558,../../Datasets/VoxCeleb1_features/id10558/00008.npy,../../Datasets/VoxCeleb1_Mirror/id10558/00008.wav
train,id10559,../../Datasets/VoxCeleb1_features/id10559/00014.npy,../../Datasets/VoxCeleb1_Mirror/id10559/00014.wav
train,id10560,../../Datasets/VoxCeleb1_features/id10560/00024.npy,../../Datasets/VoxCeleb1_Mirror/id10560/00024.wav
train,id10561,../../Datasets/VoxCeleb1_features/id10561/00005.npy,../../Datasets/VoxCeleb1_Mirror/id10561/00005.wav
train,id10562,../../Datasets/VoxCeleb1_features/id10562/00002.npy,../../Datasets/VoxCeleb1_Mirror/id10562/00002.wav
train,id10563,../../Datasets/VoxCeleb1_features/id10563/00001.npy,../../Datasets/VoxCeleb1_Mirror/id10563/00001.wav
train,id10564,../../Datasets/VoxCeleb1_features/id10564/00039.npy,../../Datasets/VoxCeleb1_Mirror/id10564/00039.wav
train,id10565,../../Datasets/VoxCeleb1_features/id10565/00006.npy,../../Datasets/VoxCeleb1_Mirror/id10565/00006.wav
train,id10566,../../Datasets/VoxCeleb1_features/id10566/00005.npy,../../Datasets/VoxCeleb1_Mirror/id10566/00005.wav
train,id10567,../../Datasets/VoxCeleb1_features/id10567/00003.npy,../../Datasets/VoxCeleb1_Mirror/id10567/00003.wav
train,id10568,../../Datasets/VoxCeleb1_features/id10568/00005.npy,../../Datasets/VoxCeleb1_Mirror/id10568/00005.wav
train,id10569,../../Datasets/VoxCeleb1_features/id10569/00013.npy,../../Datasets/VoxCeleb1_Mirror/id10569/00013.wav
train,id10570,../../Datasets/VoxCeleb1_features/id10570/00008.npy,../../Datasets/VoxCeleb1_Mirror/id10570/00008.wav
train,id10571,../../Datasets/VoxCeleb1_features/id10571/00026.npy,../../Datasets/VoxCeleb1_Mirror/id10571/00026.wav
train,id10572,../../Datasets/VoxCeleb1_features/id10572/00009.npy,../../Datasets/VoxCeleb1_Mirror/id10572/00009.wav
train,id10573,../../Datasets/VoxCeleb1_features/id10573/00011.npy,../../Datasets/VoxCeleb1_Mirror/id10573/00011.wav
train,id10574,../../Datasets/VoxCeleb1_features/id10574/00014.npy,../../Datasets/VoxCeleb1_Mirror/id10574/00014.wav
train,id10575,../../Datasets/VoxCeleb1_features/id10575/00054.npy,../../Datasets/VoxCeleb1_Mirror/id10575/00054.wav
train,id10576,../../Datasets/VoxCeleb1_features/id10576/00013.npy,../../Datasets/VoxCeleb1_Mirror/id10576/00013.wav
train,id10577,../../Datasets/VoxCeleb1_features/id10577/00004.npy,../../Datasets/VoxCeleb1_Mirror/id10577/00004.wav
train,id10578,../../Datasets/VoxCeleb1_features/id10578/00006.npy,../../Datasets/VoxCeleb1_Mirror/id10578/00006.wav
train,id10579,../../Datasets/VoxCeleb1_features/id10579/00007.npy,../../Datasets/VoxCeleb1_Mirror/id10579/00007.wav
train,id10580,../../Datasets/VoxCeleb1_features/id10580/00002.npy,../../Datasets/VoxCeleb1_Mirror/id10580/00002.wav
train,id10581,../../Datasets/VoxCeleb1_features/id10581/00002.npy,../../Datasets/VoxCeleb1_Mirror/id10581/00002.wav
train,id10582,../../Datasets/VoxCeleb1_features/id10582/00084.npy,../../Datasets/VoxCeleb1_Mirror/id10582/00084.wav
train,id10583,../../Datasets/VoxCeleb1_features/id10583/00029.npy,../../Datasets/VoxCeleb1_Mirror/id10583/00029.wav
train,id10584,../../Datasets/VoxCeleb1_features/id10584/00008.npy,../../Datasets/VoxCeleb1_Mirror/id10584/00008.wav
train,id10585,../../Datasets/VoxCeleb1_features/id10585/00008.npy,../../Datasets/VoxCeleb1_Mirror/id10585/00008.wav
train,id10586,../../Datasets/VoxCeleb1_features/id10586/00008.npy,../../Datasets/VoxCeleb1_Mirror/id10586/00008.wav
train,id10587,../../Datasets/VoxCeleb1_features/id10587/00017.npy,../../Datasets/VoxCeleb1_Mirror/id10587/00017.wav
train,id10588,../../Datasets/VoxCeleb1_features/id10588/00023.npy,../../Datasets/VoxCeleb1_Mirror/id10588/00023.wav
train,id10589,../../Datasets/VoxCeleb1_features/id10589/00004.npy,../../Datasets/VoxCeleb1_Mirror/id10589/00004.wav
train,id10590,../../Datasets/VoxCeleb1_features/id10590/00008.npy,../../Datasets/VoxCeleb1_Mirror/id10590/00008.wav
train,id10591,../../Datasets/VoxCeleb1_features/id10591/00003.npy,../../Datasets/VoxCeleb1_Mirror/id10591/00003.wav
train,id10592,../../Datasets/VoxCeleb1_features/id10592/00002.npy,../../Datasets/VoxCeleb1_Mirror/id10592/00002.wav
train,id10593,../../Datasets/VoxCeleb1_features/id10593/00001.npy,../../Datasets/VoxCeleb1_Mirror/id10593/00001.wav
train,id10594,../../Datasets/VoxCeleb1_features/id10594/00024.npy,../../Datasets/VoxCeleb1_Mirror/id10594/00024.wav
train,id10595,../../Datasets/VoxCeleb1_features/id10595/00001.npy,../../Datasets/VoxCeleb1_Mirror/id10595/00001.wav
train,id10596,../../Datasets/VoxCeleb1_features/id10596/00001.npy,../../Datasets/VoxCeleb1_Mirror/id10596/00001.wav
train,id10597,../../Datasets/VoxCeleb1_features/id10597/00009.npy,../../Datasets/VoxCeleb1_Mirror/id10597/00009.wav
train,id10598,../../Datasets/VoxCeleb1_features/id10598/00007.npy,../../Datasets/VoxCeleb1_Mirror/id10598/00007.wav
train,id10599,../../Datasets/VoxCeleb1_features/id10599/00004.npy,../../Datasets/VoxCeleb1_Mirror/id10599/00004.wav
train,id10600,../../Datasets/VoxCeleb1_features/id10600/00001.npy,../../Datasets/VoxCeleb1_Mirror/id10600/00001.wav
train,id10601,../../Datasets/VoxCeleb1_features/id10601/00010.npy,../../Datasets/VoxCeleb1_Mirror/id10601/00010.wav
train,id10602,../../Datasets/VoxCeleb1_features/id10602/00011.npy,../../Datasets/VoxCeleb1_Mirror/id10602/00011.wav
train,id10603,../../Datasets/VoxCeleb1_features/id10603/00017.npy,../../Datasets/VoxCeleb1_Mirror/id10603/00017.wav
train,id10604,../../Datasets/VoxCeleb1_features/id10604/00016.npy,../../Datasets/VoxCeleb1_Mirror/id10604/00016.wav
train,id10605,../../Datasets/VoxCeleb1_features/id10605/00002.npy,../../Datasets/VoxCeleb1_Mirror/id10605/00002.wav
train,id10606,../../Datasets/VoxCeleb1_features/id10606/00002.npy,../../Datasets/VoxCeleb1_Mirror/id10606/00002.wav
train,id10607,../../Datasets/VoxCeleb1_features/id10607/00004.npy,../../Datasets/VoxCeleb1_Mirror/id10607/00004.wav
train,id10608,../../Datasets/VoxCeleb1_features/id10608/00006.npy,../../Datasets/VoxCeleb1_Mirror/id10608/00006.wav
train,id10609,../../Datasets/VoxCeleb1_features/id10609/00004.npy,../../Datasets/VoxCeleb1_Mirror/id10609/00004.wav
train,id10610,../../Datasets/VoxCeleb1_features/id10610/00031.npy,../../Datasets/VoxCeleb1_Mirror/id10610/00031.wav
train,id10611,../../Datasets/VoxCeleb1_features/id10611/00025.npy,../../Datasets/VoxCeleb1_Mirror/id10611/00025.wav
train,id10612,../../Datasets/VoxCeleb1_features/id10612/00015.npy,../../Datasets/VoxCeleb1_Mirror/id10612/00015.wav
train,id10613,../../Datasets/VoxCeleb1_features/id10613/00011.npy,../../Datasets/VoxCeleb1_Mirror/id10613/00011.wav
train,id10614,../../Datasets/VoxCeleb1_features/id10614/00013.npy,../../Datasets/VoxCeleb1_Mirror/id10614/00013.wav
train,id10615,../../Datasets/VoxCeleb1_features/id10615/00018.npy,../../Datasets/VoxCeleb1_Mirror/id10615/00018.wav
train,id10616,../../Datasets/VoxCeleb1_features/id10616/00012.npy,../../Datasets/VoxCeleb1_Mirror/id10616/00012.wav
train,id10617,../../Datasets/VoxCeleb1_features/id10617/00002.npy,../../Datasets/VoxCeleb1_Mirror/id10617/00002.wav
train,id10618,../../Datasets/VoxCeleb1_features/id10618/00023.npy,../../Datasets/VoxCeleb1_Mirror/id10618/00023.wav
train,id10619,../../Datasets/VoxCeleb1_features/id10619/00019.npy,../../Datasets/VoxCeleb1_Mirror/id10619/00019.wav
train,id10620,../../Datasets/VoxCeleb1_features/id10620/00005.npy,../../Datasets/VoxCeleb1_Mirror/id10620/00005.wav
train,id10621,../../Datasets/VoxCeleb1_features/id10621/00009.npy,../../Datasets/VoxCeleb1_Mirror/id10621/00009.wav
train,id10622,../../Datasets/VoxCeleb1_features/id10622/00034.npy,../../Datasets/VoxCeleb1_Mirror/id10622/00034.wav
train,id10623,../../Datasets/VoxCeleb1_features/id10623/00028.npy,../../Datasets/VoxCeleb1_Mirror/id10623/00028.wav
train,id10624,../../Datasets/VoxCeleb1_features/id10624/00004.npy,../../Datasets/VoxCeleb1_Mirror/id10624/00004.wav
train,id10625,../../Datasets/VoxCeleb1_features/id10625/00021.npy,../../Datasets/VoxCeleb1_Mirror/id10625/00021.wav
train,id10626,../../Datasets/VoxCeleb1_features/id10626/00006.npy,../../Datasets/VoxCeleb1_Mirror/id10626/00006.wav
train,id10627,../../Datasets/VoxCeleb1_features/id10627/00002.npy,../../Datasets/VoxCeleb1_Mirror/id10627/00002.wav
train,id10628,../../Datasets/VoxCeleb1_features/id10628/00012.npy,../../Datasets/VoxCeleb1_Mirror/id10628/00012.wav
train,id10629,../../Datasets/VoxCeleb1_features/id10629/00014.npy,../../Datasets/VoxCeleb1_Mirror/id10629/00014.wav
train,id10630,../../Datasets/VoxCeleb1_features/id10630/00001.npy,../../Datasets/VoxCeleb1_Mirror/id10630/00001.wav
train,id10631,../../Datasets/VoxCeleb1_features/id10631/00002.npy,../../Datasets/VoxCeleb1_Mirror/id10631/00002.wav
train,id10632,../../Datasets/VoxCeleb1_features/id10632/00017.npy,../../Datasets/VoxCeleb1_Mirror/id10632/00017.wav
train,id10633,../../Datasets/VoxCeleb1_features/id10633/00003.npy,../../Datasets/VoxCeleb1_Mirror/id10633/00003.wav
train,id10634,../../Datasets/VoxCeleb1_features/id10634/00001.npy,../../Datasets/VoxCeleb1_Mirror/id10634/00001.wav
train,id10635,../../Datasets/VoxCeleb1_features/id10635/00068.npy,../../Datasets/VoxCeleb1_Mirror/id10635/00068.wav
train,id10636,../../Datasets/VoxCeleb1_features/id10636/00004.npy,../../Datasets/VoxCeleb1_Mirror/id10636/00004.wav
train,id10637,../../Datasets/VoxCeleb1_features/id10637/00003.npy,../../Datasets/VoxCeleb1_Mirror/id10637/00003.wav
train,id10638,../../Datasets/VoxCeleb1_features/id10638/00015.npy,../../Datasets/VoxCeleb1_Mirror/id10638/00015.wav
train,id10639,../../Datasets/VoxCeleb1_features/id10639/00004.npy,../../Datasets/VoxCeleb1_Mirror/id10639/00004.wav
train,id10640,../../Datasets/VoxCeleb1_features/id10640/00003.npy,../../Datasets/VoxCeleb1_Mirror/id10640/00003.wav
train,id10641,../../Datasets/VoxCeleb1_features/id10641/00019.npy,../../Datasets/VoxCeleb1_Mirror/id10641/00019.wav
train,id10642,../../Datasets/VoxCeleb1_features/id10642/00021.npy,../../Datasets/VoxCeleb1_Mirror/id10642/00021.wav
train,id10643,../../Datasets/VoxCeleb1_features/id10643/00012.npy,../../Datasets/VoxCeleb1_Mirror/id10643/00012.wav
train,id10644,../../Datasets/VoxCeleb1_features/id10644/00025.npy,../../Datasets/VoxCeleb1_Mirror/id10644/00025.wav
train,id10645,../../Datasets/VoxCeleb1_features/id10645/00011.npy,../../Datasets/VoxCeleb1_Mirror/id10645/00011.wav
train,id10646,../../Datasets/VoxCeleb1_features/id10646/00014.npy,../../Datasets/VoxCeleb1_Mirror/id10646/00014.wav
train,id10647,../../Datasets/VoxCeleb1_features/id10647/00002.npy,../../Datasets/VoxCeleb1_Mirror/id10647/00002.wav
train,id10648,../../Datasets/VoxCeleb1_features/id10648/00006.npy,../../Datasets/VoxCeleb1_Mirror/id10648/00006.wav
train,id10649,../../Datasets/VoxCeleb1_features/id10649/00007.npy,../../Datasets/VoxCeleb1_Mirror/id10649/00007.wav
train,id10650,../../Datasets/VoxCeleb1_features/id10650/00002.npy,../../Datasets/VoxCeleb1_Mirror/id10650/00002.wav
train,id10651,../../Datasets/VoxCeleb1_features/id10651/00001.npy,../../Datasets/VoxCeleb1_Mirror/id10651/00001.wav
train,id10652,../../Datasets/VoxCeleb1_features/id10652/00038.npy,../../Datasets/VoxCeleb1_Mirror/id10652/00038.wav
train,id10653,../../Datasets/VoxCeleb1_features/id10653/00004.npy,../../Datasets/VoxCeleb1_Mirror/id10653/00004.wav
train,id10654,../../Datasets/VoxCeleb1_features/id10654/00020.npy,../../Datasets/VoxCeleb1_Mirror/id10654/00020.wav
train,id10655,../../Datasets/VoxCeleb1_features/id10655/00004.npy,../../Datasets/VoxCeleb1_Mirror/id10655/00004.wav
train,id10656,../../Datasets/VoxCeleb1_features/id10656/00001.npy,../../Datasets/VoxCeleb1_Mirror/id10656/00001.wav
train,id10657,../../Datasets/VoxCeleb1_features/id10657/00001.npy,../../Datasets/VoxCeleb1_Mirror/id10657/00001.wav
train,id10658,../../Datasets/VoxCeleb1_features/id10658/00006.npy,../../Datasets/VoxCeleb1_Mirror/id10658/00006.wav
train,id10659,../../Datasets/VoxCeleb1_features/id10659/00017.npy,../../Datasets/VoxCeleb1_Mirror/id10659/00017.wav
train,id10660,../../Datasets/VoxCeleb1_features/id10660/00009.npy,../../Datasets/VoxCeleb1_Mirror/id10660/00009.wav
train,id10661,../../Datasets/VoxCeleb1_features/id10661/00011.npy,../../Datasets/VoxCeleb1_Mirror/id10661/00011.wav
train,id10662,../../Datasets/VoxCeleb1_features/id10662/00039.npy,../../Datasets/VoxCeleb1_Mirror/id10662/00039.wav
train,id10663,../../Datasets/VoxCeleb1_features/id10663/00005.npy,../../Datasets/VoxCeleb1_Mirror/id10663/00005.wav
train,id10664,../../Datasets/VoxCeleb1_features/id10664/00036.npy,../../Datasets/VoxCeleb1_Mirror/id10664/00036.wav
train,id10665,../../Datasets/VoxCeleb1_features/id10665/00005.npy,../../Datasets/VoxCeleb1_Mirror/id10665/00005.wav
train,id10666,../../Datasets/VoxCeleb1_features/id10666/00013.npy,../../Datasets/VoxCeleb1_Mirror/id10666/00013.wav
train,id10667,../../Datasets/VoxCeleb1_features/id10667/00004.npy,../../Datasets/VoxCeleb1_Mirror/id10667/00004.wav
train,id10668,../../Datasets/VoxCeleb1_features/id10668/00009.npy,../../Datasets/VoxCeleb1_Mirror/id10668/00009.wav
train,id10669,../../Datasets/VoxCeleb1_features/id10669/00002.npy,../../Datasets/VoxCeleb1_Mirror/id10669/00002.wav
train,id10670,../../Datasets/VoxCeleb1_features/id10670/00022.npy,../../Datasets/VoxCeleb1_Mirror/id10670/00022.wav
train,id10671,../../Datasets/VoxCeleb1_features/id10671/00007.npy,../../Datasets/VoxCeleb1_Mirror/id10671/00007.wav
train,id10672,../../Datasets/VoxCeleb1_features/id10672/00002.npy,../../Datasets/VoxCeleb1_Mirror/id10672/00002.wav
train,id10673,../../Datasets/VoxCeleb1_features/id10673/00002.npy,../../Datasets/VoxCeleb1_Mirror/id10673/00002.wav
train,id10674,../../Datasets/VoxCeleb1_features/id10674/00039.npy,../../Datasets/VoxCeleb1_Mirror/id10674/00039.wav
train,id10675,../../Datasets/VoxCeleb1_features/id10675/00026.npy,../../Datasets/VoxCeleb1_Mirror/id10675/00026.wav
train,id10676,../../Datasets/VoxCeleb1_features/id10676/00009.npy,../../Datasets/VoxCeleb1_Mirror/id10676/00009.wav
train,id10677,../../Datasets/VoxCeleb1_features/id10677/00026.npy,../../Datasets/VoxCeleb1_Mirror/id10677/00026.wav
train,id10678,../../Datasets/VoxCeleb1_features/id10678/00029.npy,../../Datasets/VoxCeleb1_Mirror/id10678/00029.wav
train,id10679,../../Datasets/VoxCeleb1_features/id10679/00056.npy,../../Datasets/VoxCeleb1_Mirror/id10679/00056.wav
train,id10680,../../Datasets/VoxCeleb1_features/id10680/00011.npy,../../Datasets/VoxCeleb1_Mirror/id10680/00011.wav
train,id10681,../../Datasets/VoxCeleb1_features/id10681/00011.npy,../../Datasets/VoxCeleb1_Mirror/id10681/00011.wav
train,id10682,../../Datasets/VoxCeleb1_features/id10682/00012.npy,../../Datasets/VoxCeleb1_Mirror/id10682/00012.wav
train,id10683,../../Datasets/VoxCeleb1_features/id10683/00036.npy,../../Datasets/VoxCeleb1_Mirror/id10683/00036.wav
train,id10684,../../Datasets/VoxCeleb1_features/id10684/00004.npy,../../Datasets/VoxCeleb1_Mirror/id10684/00004.wav
train,id10685,../../Datasets/VoxCeleb1_features/id10685/00006.npy,../../Datasets/VoxCeleb1_Mirror/id10685/00006.wav
train,id10686,../../Datasets/VoxCeleb1_features/id10686/00028.npy,../../Datasets/VoxCeleb1_Mirror/id10686/00028.wav
train,id10687,../../Datasets/VoxCeleb1_features/id10687/00016.npy,../../Datasets/VoxCeleb1_Mirror/id10687/00016.wav
train,id10688,../../Datasets/VoxCeleb1_features/id10688/00001.npy,../../Datasets/VoxCeleb1_Mirror/id10688/00001.wav
train,id10689,../../Datasets/VoxCeleb1_features/id10689/00002.npy,../../Datasets/VoxCeleb1_Mirror/id10689/00002.wav
train,id10690,../../Datasets/VoxCeleb1_features/id10690/00017.npy,../../Datasets/VoxCeleb1_Mirror/id10690/00017.wav
train,id10691,../../Datasets/VoxCeleb1_features/id10691/00004.npy,../../Datasets/VoxCeleb1_Mirror/id10691/00004.wav
train,id10692,../../Datasets/VoxCeleb1_features/id10692/00016.npy,../../Datasets/VoxCeleb1_Mirror/id10692/00016.wav
train,id10693,../../Datasets/VoxCeleb1_features/id10693/00003.npy,../../Datasets/VoxCeleb1_Mirror/id10693/00003.wav
train,id10694,../../Datasets/VoxCeleb1_features/id10694/00009.npy,../../Datasets/VoxCeleb1_Mirror/id10694/00009.wav
train,id10695,../../Datasets/VoxCeleb1_features/id10695/00007.npy,../../Datasets/VoxCeleb1_Mirror/id10695/00007.wav
train,id10696,../../Datasets/VoxCeleb1_features/id10696/00023.npy,../../Datasets/VoxCeleb1_Mirror/id10696/00023.wav
train,id10697,../../Datasets/VoxCeleb1_features/id10697/00014.npy,../../Datasets/VoxCeleb1_Mirror/id10697/00014.wav
train,id10698,../../Datasets/VoxCeleb1_features/id10698/00031.npy,../../Datasets/VoxCeleb1_Mirror/id10698/00031.wav
train,id10699,../../Datasets/VoxCeleb1_features/id10699/00004.npy,../../Datasets/VoxCeleb1_Mirror/id10699/00004.wav
train,id10700,../../Datasets/VoxCeleb1_features/id10700/00006.npy,../../Datasets/VoxCeleb1_Mirror/id10700/00006.wav
train,id10701,../../Datasets/VoxCeleb1_features/id10701/00006.npy,../../Datasets/VoxCeleb1_Mirror/id10701/00006.wav
train,id10702,../../Datasets/VoxCeleb1_features/id10702/00013.npy,../../Datasets/VoxCeleb1_Mirror/id10702/00013.wav
train,id10703,../../Datasets/VoxCeleb1_features/id10703/00024.npy,../../Datasets/VoxCeleb1_Mirror/id10703/00024.wav
train,id10704,../../Datasets/VoxCeleb1_features/id10704/00003.npy,../../Datasets/VoxCeleb1_Mirror/id10704/00003.wav
train,id10705,../../Datasets/VoxCeleb1_features/id10705/00009.npy,../../Datasets/VoxCeleb1_Mirror/id10705/00009.wav
train,id10706,../../Datasets/VoxCeleb1_features/id10706/00018.npy,../../Datasets/VoxCeleb1_Mirror/id10706/00018.wav
train,id10707,../../Datasets/VoxCeleb1_features/id10707/00007.npy,../../Datasets/VoxCeleb1_Mirror/id10707/00007.wav
train,id10708,../../Datasets/VoxCeleb1_features/id10708/00021.npy,../../Datasets/VoxCeleb1_Mirror/id10708/00021.wav
train,id10709,../../Datasets/VoxCeleb1_features/id10709/00014.npy,../../Datasets/VoxCeleb1_Mirror/id10709/00014.wav
train,id10710,../../Datasets/VoxCeleb1_features/id10710/00041.npy,../../Datasets/VoxCeleb1_Mirror/id10710/00041.wav
train,id10711,../../Datasets/VoxCeleb1_features/id10711/00021.npy,../../Datasets/VoxCeleb1_Mirror/id10711/00021.wav
train,id10712,../../Datasets/VoxCeleb1_features/id10712/00034.npy,../../Datasets/VoxCeleb1_Mirror/id10712/00034.wav
train,id10713,../../Datasets/VoxCeleb1_features/id10713/00020.npy,../../Datasets/VoxCeleb1_Mirror/id10713/00020.wav
train,id10714,../../Datasets/VoxCeleb1_features/id10714/00007.npy,../../Datasets/VoxCeleb1_Mirror/id10714/00007.wav
train,id10715,../../Datasets/VoxCeleb1_features/id10715/00018.npy,../../Datasets/VoxCeleb1_Mirror/id10715/00018.wav
train,id10716,../../Datasets/VoxCeleb1_features/id10716/00002.npy,../../Datasets/VoxCeleb1_Mirror/id10716/00002.wav
train,id10717,../../Datasets/VoxCeleb1_features/id10717/00011.npy,../../Datasets/VoxCeleb1_Mirror/id10717/00011.wav
train,id10718,../../Datasets/VoxCeleb1_features/id10718/00003.npy,../../Datasets/VoxCeleb1_Mirror/id10718/00003.wav
train,id10719,../../Datasets/VoxCeleb1_features/id10719/00003.npy,../../Datasets/VoxCeleb1_Mirror/id10719/00003.wav
train,id10720,../../Datasets/VoxCeleb1_features/id10720/00020.npy,../../Datasets/VoxCeleb1_Mirror/id10720/00020.wav
train,id10721,../../Datasets/VoxCeleb1_features/id10721/00003.npy,../../Datasets/VoxCeleb1_Mirror/id10721/00003.wav
train,id10722,../../Datasets/VoxCeleb1_features/id10722/00038.npy,../../Datasets/VoxCeleb1_Mirror/id10722/00038.wav
train,id10723,../../Datasets/VoxCeleb1_features/id10723/00004.npy,../../Datasets/VoxCeleb1_Mirror/id10723/00004.wav
train,id10724,../../Datasets/VoxCeleb1_features/id10724/00021.npy,../../Datasets/VoxCeleb1_Mirror/id10724/00021.wav
train,id10725,../../Datasets/VoxCeleb1_features/id10725/00004.npy,../../Datasets/VoxCeleb1_Mirror/id10725/00004.wav
train,id10726,../../Datasets/VoxCeleb1_features/id10726/00018.npy,../../Datasets/VoxCeleb1_Mirror/id10726/00018.wav
train,id10727,../../Datasets/VoxCeleb1_features/id10727/00009.npy,../../Datasets/VoxCeleb1_Mirror/id10727/00009.wav
train,id10728,../../Datasets/VoxCeleb1_features/id10728/00007.npy,../../Datasets/VoxCeleb1_Mirror/id10728/00007.wav
train,id10729,../../Datasets/VoxCeleb1_features/id10729/00002.npy,../../Datasets/VoxCeleb1_Mirror/id10729/00002.wav
train,id10730,../../Datasets/VoxCeleb1_features/id10730/00030.npy,../../Datasets/VoxCeleb1_Mirror/id10730/00030.wav
train,id10731,../../Datasets/VoxCeleb1_features/id10731/00008.npy,../../Datasets/VoxCeleb1_Mirror/id10731/00008.wav
train,id10732,../../Datasets/VoxCeleb1_features/id10732/00020.npy,../../Datasets/VoxCeleb1_Mirror/id10732/00020.wav
train,id10733,../../Datasets/VoxCeleb1_features/id10733/00006.npy,../../Datasets/VoxCeleb1_Mirror/id10733/00006.wav
train,id10734,../../Datasets/VoxCeleb1_features/id10734/00019.npy,../../Datasets/VoxCeleb1_Mirror/id10734/00019.wav
train,id10735,../../Datasets/VoxCeleb1_features/id10735/00002.npy,../../Datasets/VoxCeleb1_Mirror/id10735/00002.wav
train,id10736,../../Datasets/VoxCeleb1_features/id10736/00011.npy,../../Datasets/VoxCeleb1_Mirror/id10736/00011.wav
train,id10737,../../Datasets/VoxCeleb1_features/id10737/00001.npy,../../Datasets/VoxCeleb1_Mirror/id10737/00001.wav
train,id10738,../../Datasets/VoxCeleb1_features/id10738/00015.npy,../../Datasets/VoxCeleb1_Mirror/id10738/00015.wav
train,id10739,../../Datasets/VoxCeleb1_features/id10739/00043.npy,../../Datasets/VoxCeleb1_Mirror/id10739/00043.wav
train,id10740,../../Datasets/VoxCeleb1_features/id10740/00012.npy,../../Datasets/VoxCeleb1_Mirror/id10740/00012.wav
train,id10741,../../Datasets/VoxCeleb1_features/id10741/00006.npy,../../Datasets/VoxCeleb1_Mirror/id10741/00006.wav
train,id10742,../../Datasets/VoxCeleb1_features/id10742/00003.npy,../../Datasets/VoxCeleb1_Mirror/id10742/00003.wav
train,id10743,../../Datasets/VoxCeleb1_features/id10743/00036.npy,../../Datasets/VoxCeleb1_Mirror/id10743/00036.wav
train,id10744,../../Datasets/VoxCeleb1_features/id10744/00036.npy,../../Datasets/VoxCeleb1_Mirror/id10744/00036.wav
train,id10745,../../Datasets/VoxCeleb1_features/id10745/00004.npy,../../Datasets/VoxCeleb1_Mirror/id10745/00004.wav
train,id10746,../../Datasets/VoxCeleb1_features/id10746/00010.npy,../../Datasets/VoxCeleb1_Mirror/id10746/00010.wav
train,id10747,../../Datasets/VoxCeleb1_features/id10747/00016.npy,../../Datasets/VoxCeleb1_Mirror/id10747/00016.wav
train,id10748,../../Datasets/VoxCeleb1_features/id10748/00054.npy,../../Datasets/VoxCeleb1_Mirror/id10748/00054.wav
train,id10749,../../Datasets/VoxCeleb1_features/id10749/00001.npy,../../Datasets/VoxCeleb1_Mirror/id10749/00001.wav
train,id10750,../../Datasets/VoxCeleb1_features/id10750/00006.npy,../../Datasets/VoxCeleb1_Mirror/id10750/00006.wav
train,id10751,../../Datasets/VoxCeleb1_features/id10751/00034.npy,../../Datasets/VoxCeleb1_Mirror/id10751/00034.wav
train,id10752,../../Datasets/VoxCeleb1_features/id10752/00002.npy,../../Datasets/VoxCeleb1_Mirror/id10752/00002.wav
train,id10753,../../Datasets/VoxCeleb1_features/id10753/00007.npy,../../Datasets/VoxCeleb1_Mirror/id10753/00007.wav
train,id10754,../../Datasets/VoxCeleb1_features/id10754/00031.npy,../../Datasets/VoxCeleb1_Mirror/id10754/00031.wav
train,id10755,../../Datasets/VoxCeleb1_features/id10755/00013.npy,../../Datasets/VoxCeleb1_Mirror/id10755/00013.wav
train,id10756,../../Datasets/VoxCeleb1_features/id10756/00006.npy,../../Datasets/VoxCeleb1_Mirror/id10756/00006.wav
train,id10757,../../Datasets/VoxCeleb1_features/id10757/00007.npy,../../Datasets/VoxCeleb1_Mirror/id10757/00007.wav
train,id10758,../../Datasets/VoxCeleb1_features/id10758/00014.npy,../../Datasets/VoxCeleb1_Mirror/id10758/00014.wav
train,id10759,../../Datasets/VoxCeleb1_features/id10759/00010.npy,../../Datasets/VoxCeleb1_Mirror/id10759/00010.wav
train,id10760,../../Datasets/VoxCeleb1_features/id10760/00015.npy,../../Datasets/VoxCeleb1_Mirror/id10760/00015.wav
train,id10761,../../Datasets/VoxCeleb1_features/id10761/00002.npy,../../Datasets/VoxCeleb1_Mirror/id10761/00002.wav
train,id10762,../../Datasets/VoxCeleb1_features/id10762/00010.npy,../../Datasets/VoxCeleb1_Mirror/id10762/00010.wav
train,id10763,../../Datasets/VoxCeleb1_features/id10763/00002.npy,../../Datasets/VoxCeleb1_Mirror/id10763/00002.wav
train,id10764,../../Datasets/VoxCeleb1_features/id10764/00012.npy,../../Datasets/VoxCeleb1_Mirror/id10764/00012.wav
train,id10765,../../Datasets/VoxCeleb1_features/id10765/00011.npy,../../Datasets/VoxCeleb1_Mirror/id10765/00011.wav
train,id10766,../../Datasets/VoxCeleb1_features/id10766/00028.npy,../../Datasets/VoxCeleb1_Mirror/id10766/00028.wav
train,id10767,../../Datasets/VoxCeleb1_features/id10767/00002.npy,../../Datasets/VoxCeleb1_Mirror/id10767/00002.wav
train,id10768,../../Datasets/VoxCeleb1_features/id10768/00003.npy,../../Datasets/VoxCeleb1_Mirror/id10768/00003.wav
train,id10769,../../Datasets/VoxCeleb1_features/id10769/00003.npy,../../Datasets/VoxCeleb1_Mirror/id10769/00003.wav
train,id10770,../../Datasets/VoxCeleb1_features/id10770/00002.npy,../../Datasets/VoxCeleb1_Mirror/id10770/00002.wav
train,id10771,../../Datasets/VoxCeleb1_features/id10771/00003.npy,../../Datasets/VoxCeleb1_Mirror/id10771/00003.wav
train,id10772,../../Datasets/VoxCeleb1_features/id10772/00008.npy,../../Datasets/VoxCeleb1_Mirror/id10772/00008.wav
train,id10773,../../Datasets/VoxCeleb1_features/id10773/00007.npy,../../Datasets/VoxCeleb1_Mirror/id10773/00007.wav
train,id10774,../../Datasets/VoxCeleb1_features/id10774/00005.npy,../../Datasets/VoxCeleb1_Mirror/id10774/00005.wav
train,id10775,../../Datasets/VoxCeleb1_features/id10775/00002.npy,../../Datasets/VoxCeleb1_Mirror/id10775/00002.wav
train,id10776,../../Datasets/VoxCeleb1_features/id10776/00004.npy,../../Datasets/VoxCeleb1_Mirror/id10776/00004.wav
train,id10777,../../Datasets/VoxCeleb1_features/id10777/00023.npy,../../Datasets/VoxCeleb1_Mirror/id10777/00023.wav
train,id10778,../../Datasets/VoxCeleb1_features/id10778/00008.npy,../../Datasets/VoxCeleb1_Mirror/id10778/00008.wav
train,id10779,../../Datasets/VoxCeleb1_features/id10779/00005.npy,../../Datasets/VoxCeleb1_Mirror/id10779/00005.wav
train,id10780,../../Datasets/VoxCeleb1_features/id10780/00002.npy,../../Datasets/VoxCeleb1_Mirror/id10780/00002.wav
train,id10781,../../Datasets/VoxCeleb1_features/id10781/00012.npy,../../Datasets/VoxCeleb1_Mirror/id10781/00012.wav
train,id10782,../../Datasets/VoxCeleb1_features/id10782/00004.npy,../../Datasets/VoxCeleb1_Mirror/id10782/00004.wav
train,id10783,../../Datasets/VoxCeleb1_features/id10783/00027.npy,../../Datasets/VoxCeleb1_Mirror/id10783/00027.wav
train,id10784,../../Datasets/VoxCeleb1_features/id10784/00009.npy,../../Datasets/VoxCeleb1_Mirror/id10784/00009.wav
train,id10785,../../Datasets/VoxCeleb1_features/id10785/00005.npy,../../Datasets/VoxCeleb1_Mirror/id10785/00005.wav
train,id10786,../../Datasets/VoxCeleb1_features/id10786/00023.npy,../../Datasets/VoxCeleb1_Mirror/id10786/00023.wav
train,id10787,../../Datasets/VoxCeleb1_features/id10787/00014.npy,../../Datasets/VoxCeleb1_Mirror/id10787/00014.wav
train,id10788,../../Datasets/VoxCeleb1_features/id10788/00004.npy,../../Datasets/VoxCeleb1_Mirror/id10788/00004.wav
train,id10789,../../Datasets/VoxCeleb1_features/id10789/00010.npy,../../Datasets/VoxCeleb1_Mirror/id10789/00010.wav
train,id10790,../../Datasets/VoxCeleb1_features/id10790/00031.npy,../../Datasets/VoxCeleb1_Mirror/id10790/00031.wav
train,id10791,../../Datasets/VoxCeleb1_features/id10791/00022.npy,../../Datasets/VoxCeleb1_Mirror/id10791/00022.wav
train,id10792,../../Datasets/VoxCeleb1_features/id10792/00010.npy,../../Datasets/VoxCeleb1_Mirror/id10792/00010.wav
train,id10793,../../Datasets/VoxCeleb1_features/id10793/00005.npy,../../Datasets/VoxCeleb1_Mirror/id10793/00005.wav
train,id10794,../../Datasets/VoxCeleb1_features/id10794/00007.npy,../../Datasets/VoxCeleb1_Mirror/id10794/00007.wav
train,id10795,../../Datasets/VoxCeleb1_features/id10795/00001.npy,../../Datasets/VoxCeleb1_Mirror/id10795/00001.wav
train,id10796,../../Datasets/VoxCeleb1_features/id10796/00016.npy,../../Datasets/VoxCeleb1_Mirror/id10796/00016.wav
train,id10797,../../Datasets/VoxCeleb1_features/id10797/00014.npy,../../Datasets/VoxCeleb1_Mirror/id10797/00014.wav
train,id10798,../../Datasets/VoxCeleb1_features/id10798/00006.npy,../../Datasets/VoxCeleb1_Mirror/id10798/00006.wav
train,id10799,../../Datasets/VoxCeleb1_features/id10799/00007.npy,../../Datasets/VoxCeleb1_Mirror/id10799/00007.wav
train,id10800,../../Datasets/VoxCeleb1_features/id10800/00018.npy,../../Datasets/VoxCeleb1_Mirror/id10800/00018.wav
train,id10801,../../Datasets/VoxCeleb1_features/id10801/00041.npy,../../Datasets/VoxCeleb1_Mirror/id10801/00041.wav
train,id10802,../../Datasets/VoxCeleb1_features/id10802/00001.npy,../../Datasets/VoxCeleb1_Mirror/id10802/00001.wav
train,id10803,../../Datasets/VoxCeleb1_features/id10803/00006.npy,../../Datasets/VoxCeleb1_Mirror/id10803/00006.wav
train,id10804,../../Datasets/VoxCeleb1_features/id10804/00048.npy,../../Datasets/VoxCeleb1_Mirror/id10804/00048.wav
train,id10805,../../Datasets/VoxCeleb1_features/id10805/00038.npy,../../Datasets/VoxCeleb1_Mirror/id10805/00038.wav
train,id10806,../../Datasets/VoxCeleb1_features/id10806/00009.npy,../../Datasets/VoxCeleb1_Mirror/id10806/00009.wav
train,id10807,../../Datasets/VoxCeleb1_features/id10807/00006.npy,../../Datasets/VoxCeleb1_Mirror/id10807/00006.wav
train,id10808,../../Datasets/VoxCeleb1_features/id10808/00005.npy,../../Datasets/VoxCeleb1_Mirror/id10808/00005.wav
train,id10809,../../Datasets/VoxCeleb1_features/id10809/00001.npy,../../Datasets/VoxCeleb1_Mirror/id10809/00001.wav
train,id10810,../../Datasets/VoxCeleb1_features/id10810/00011.npy,../../Datasets/VoxCeleb1_Mirror/id10810/00011.wav
train,id10811,../../Datasets/VoxCeleb1_features/id10811/00005.npy,../../Datasets/VoxCeleb1_Mirror/id10811/00005.wav
train,id10812,../../Datasets/VoxCeleb1_features/id10812/00013.npy,../../Datasets/VoxCeleb1_Mirror/id10812/00013.wav
train,id10813,../../Datasets/VoxCeleb1_features/id10813/00009.npy,../../Datasets/VoxCeleb1_Mirror/id10813/00009.wav
train,id10814,../../Datasets/VoxCeleb1_features/id10814/00007.npy,../../Datasets/VoxCeleb1_Mirror/id10814/00007.wav
train,id10815,../../Datasets/VoxCeleb1_features/id10815/00006.npy,../../Datasets/VoxCeleb1_Mirror/id10815/00006.wav
train,id10816,../../Datasets/VoxCeleb1_features/id10816/00005.npy,../../Datasets/VoxCeleb1_Mirror/id10816/00005.wav
train,id10817,../../Datasets/VoxCeleb1_features/id10817/00009.npy,../../Datasets/VoxCeleb1_Mirror/id10817/00009.wav
train,id10818,../../Datasets/VoxCeleb1_features/id10818/00020.npy,../../Datasets/VoxCeleb1_Mirror/id10818/00020.wav
train,id10819,../../Datasets/VoxCeleb1_features/id10819/00003.npy,../../Datasets/VoxCeleb1_Mirror/id10819/00003.wav
train,id10820,../../Datasets/VoxCeleb1_features/id10820/00002.npy,../../Datasets/VoxCeleb1_Mirror/id10820/00002.wav
train,id10821,../../Datasets/VoxCeleb1_features/id10821/00007.npy,../../Datasets/VoxCeleb1_Mirror/id10821/00007.wav
train,id10822,../../Datasets/VoxCeleb1_features/id10822/00035.npy,../../Datasets/VoxCeleb1_Mirror/id10822/00035.wav
train,id10823,../../Datasets/VoxCeleb1_features/id10823/00050.npy,../../Datasets/VoxCeleb1_Mirror/id10823/00050.wav
train,id10824,../../Datasets/VoxCeleb1_features/id10824/00009.npy,../../Datasets/VoxCeleb1_Mirror/id10824/00009.wav
train,id10825,../../Datasets/VoxCeleb1_features/id10825/00042.npy,../../Datasets/VoxCeleb1_Mirror/id10825/00042.wav
train,id10826,../../Datasets/VoxCeleb1_features/id10826/00010.npy,../../Datasets/VoxCeleb1_Mirror/id10826/00010.wav
train,id10827,../../Datasets/VoxCeleb1_features/id10827/00016.npy,../../Datasets/VoxCeleb1_Mirror/id10827/00016.wav
train,id10828,../../Datasets/VoxCeleb1_features/id10828/00006.npy,../../Datasets/VoxCeleb1_Mirror/id10828/00006.wav
train,id10829,../../Datasets/VoxCeleb1_features/id10829/00007.npy,../../Datasets/VoxCeleb1_Mirror/id10829/00007.wav
train,id10830,../../Datasets/VoxCeleb1_features/id10830/00003.npy,../../Datasets/VoxCeleb1_Mirror/id10830/00003.wav
train,id10831,../../Datasets/VoxCeleb1_features/id10831/00004.npy,../../Datasets/VoxCeleb1_Mirror/id10831/00004.wav
train,id10832,../../Datasets/VoxCeleb1_features/id10832/00001.npy,../../Datasets/VoxCeleb1_Mirror/id10832/00001.wav
train,id10833,../../Datasets/VoxCeleb1_features/id10833/00016.npy,../../Datasets/VoxCeleb1_Mirror/id10833/00016.wav
train,id10834,../../Datasets/VoxCeleb1_features/id10834/00018.npy,../../Datasets/VoxCeleb1_Mirror/id10834/00018.wav
train,id10835,../../Datasets/VoxCeleb1_features/id10835/00019.npy,../../Datasets/VoxCeleb1_Mirror/id10835/00019.wav
train,id10836,../../Datasets/VoxCeleb1_features/id10836/00011.npy,../../Datasets/VoxCeleb1_Mirror/id10836/00011.wav
train,id10837,../../Datasets/VoxCeleb1_features/id10837/00003.npy,../../Datasets/VoxCeleb1_Mirror/id10837/00003.wav
train,id10838,../../Datasets/VoxCeleb1_features/id10838/00003.npy,../../Datasets/VoxCeleb1_Mirror/id10838/00003.wav
train,id10839,../../Datasets/VoxCeleb1_features/id10839/00017.npy,../../Datasets/VoxCeleb1_Mirror/id10839/00017.wav
train,id10840,../../Datasets/VoxCeleb1_features/id10840/00012.npy,../../Datasets/VoxCeleb1_Mirror/id10840/00012.wav
train,id10841,../../Datasets/VoxCeleb1_features/id10841/00012.npy,../../Datasets/VoxCeleb1_Mirror/id10841/00012.wav
train,id10842,../../Datasets/VoxCeleb1_features/id10842/00009.npy,../../Datasets/VoxCeleb1_Mirror/id10842/00009.wav
train,id10843,../../Datasets/VoxCeleb1_features/id10843/00012.npy,../../Datasets/VoxCeleb1_Mirror/id10843/00012.wav
train,id10844,../../Datasets/VoxCeleb1_features/id10844/00015.npy,../../Datasets/VoxCeleb1_Mirror/id10844/00015.wav
train,id10845,../../Datasets/VoxCeleb1_features/id10845/00009.npy,../../Datasets/VoxCeleb1_Mirror/id10845/00009.wav
train,id10846,../../Datasets/VoxCeleb1_features/id10846/00020.npy,../../Datasets/VoxCeleb1_Mirror/id10846/00020.wav
train,id10847,../../Datasets/VoxCeleb1_features/id10847/00025.npy,../../Datasets/VoxCeleb1_Mirror/id10847/00025.wav
train,id10848,../../Datasets/VoxCeleb1_features/id10848/00006.npy,../../Datasets/VoxCeleb1_Mirror/id10848/00006.wav
train,id10849,../../Datasets/VoxCeleb1_features/id10849/00020.npy,../../Datasets/VoxCeleb1_Mirror/id10849/00020.wav
train,id10850,../../Datasets/VoxCeleb1_features/id10850/00010.npy,../../Datasets/VoxCeleb1_Mirror/id10850/00010.wav
train,id10851,../../Datasets/VoxCeleb1_features/id10851/00002.npy,../../Datasets/VoxCeleb1_Mirror/id10851/00002.wav
train,id10852,../../Datasets/VoxCeleb1_features/id10852/00061.npy,../../Datasets/VoxCeleb1_Mirror/id10852/00061.wav
train,id10853,../../Datasets/VoxCeleb1_features/id10853/00002.npy,../../Datasets/VoxCeleb1_Mirror/id10853/00002.wav
train,id10854,../../Datasets/VoxCeleb1_features/id10854/00026.npy,../../Datasets/VoxCeleb1_Mirror/id10854/00026.wav
train,id10855,../../Datasets/VoxCeleb1_features/id10855/00010.npy,../../Datasets/VoxCeleb1_Mirror/id10855/00010.wav
train,id10856,../../Datasets/VoxCeleb1_features/id10856/00045.npy,../../Datasets/VoxCeleb1_Mirror/id10856/00045.wav
train,id10857,../../Datasets/VoxCeleb1_features/id10857/00013.npy,../../Datasets/VoxCeleb1_Mirror/id10857/00013.wav
train,id10858,../../Datasets/VoxCeleb1_features/id10858/00003.npy,../../Datasets/VoxCeleb1_Mirror/id10858/00003.wav
train,id10859,../../Datasets/VoxCeleb1_features/id10859/00022.npy,../../Datasets/VoxCeleb1_Mirror/id10859/00022.wav
train,id10860,../../Datasets/VoxCeleb1_features/id10860/00010.npy,../../Datasets/VoxCeleb1_Mirror/id10860/00010.wav
train,id10861,../../Datasets/VoxCeleb1_features/id10861/00002.npy,../../Datasets/VoxCeleb1_Mirror/id10861/00002.wav
train,id10862,../../Datasets/VoxCeleb1_features/id10862/00015.npy,../../Datasets/VoxCeleb1_Mirror/id10862/00015.wav
train,id10863,../../Datasets/VoxCeleb1_features/id10863/00006.npy,../../Datasets/VoxCeleb1_Mirror/id10863/00006.wav
train,id10864,../../Datasets/VoxCeleb1_features/id10864/00010.npy,../../Datasets/VoxCeleb1_Mirror/id10864/00010.wav
train,id10865,../../Datasets/VoxCeleb1_features/id10865/00004.npy,../../Datasets/VoxCeleb1_Mirror/id10865/00004.wav
train,id10866,../../Datasets/VoxCeleb1_features/id10866/00003.npy,../../Datasets/VoxCeleb1_Mirror/id10866/00003.wav
train,id10867,../../Datasets/VoxCeleb1_features/id10867/00026.npy,../../Datasets/VoxCeleb1_Mirror/id10867/00026.wav
train,id10868,../../Datasets/VoxCeleb1_features/id10868/00087.npy,../../Datasets/VoxCeleb1_Mirror/id10868/00087.wav
train,id10869,../../Datasets/VoxCeleb1_features/id10869/00009.npy,../../Datasets/VoxCeleb1_Mirror/id10869/00009.wav
train,id10870,../../Datasets/VoxCeleb1_features/id10870/00042.npy,../../Datasets/VoxCeleb1_Mirror/id10870/00042.wav
train,id10871,../../Datasets/VoxCeleb1_features/id10871/00002.npy,../../Datasets/VoxCeleb1_Mirror/id10871/00002.wav
train,id10872,../../Datasets/VoxCeleb1_features/id10872/00003.npy,../../Datasets/VoxCeleb1_Mirror/id10872/00003.wav
train,id10873,../../Datasets/VoxCeleb1_features/id10873/00071.npy,../../Datasets/VoxCeleb1_Mirror/id10873/00071.wav
train,id10874,../../Datasets/VoxCeleb1_features/id10874/00010.npy,../../Datasets/VoxCeleb1_Mirror/id10874/00010.wav
train,id10875,../../Datasets/VoxCeleb1_features/id10875/00009.npy,../../Datasets/VoxCeleb1_Mirror/id10875/00009.wav
train,id10876,../../Datasets/VoxCeleb1_features/id10876/00003.npy,../../Datasets/VoxCeleb1_Mirror/id10876/00003.wav
train,id10877,../../Datasets/VoxCeleb1_features/id10877/00012.npy,../../Datasets/VoxCeleb1_Mirror/id10877/00012.wav
train,id10878,../../Datasets/VoxCeleb1_features/id10878/00003.npy,../../Datasets/VoxCeleb1_Mirror/id10878/00003.wav
train,id10879,../../Datasets/VoxCeleb1_features/id10879/00006.npy,../../Datasets/VoxCeleb1_Mirror/id10879/00006.wav
train,id10880,../../Datasets/VoxCeleb1_features/id10880/00027.npy,../../Datasets/VoxCeleb1_Mirror/id10880/00027.wav
train,id10881,../../Datasets/VoxCeleb1_features/id10881/00003.npy,../../Datasets/VoxCeleb1_Mirror/id10881/00003.wav
train,id10882,../../Datasets/VoxCeleb1_features/id10882/00012.npy,../../Datasets/VoxCeleb1_Mirror/id10882/00012.wav
train,id10883,../../Datasets/VoxCeleb1_features/id10883/00020.npy,../../Datasets/VoxCeleb1_Mirror/id10883/00020.wav
train,id10884,../../Datasets/VoxCeleb1_features/id10884/00002.npy,../../Datasets/VoxCeleb1_Mirror/id10884/00002.wav
train,id10885,../../Datasets/VoxCeleb1_features/id10885/00005.npy,../../Datasets/VoxCeleb1_Mirror/id10885/00005.wav
train,id10886,../../Datasets/VoxCeleb1_features/id10886/00014.npy,../../Datasets/VoxCeleb1_Mirror/id10886/00014.wav
train,id10887,../../Datasets/VoxCeleb1_features/id10887/00024.npy,../../Datasets/VoxCeleb1_Mirror/id10887/00024.wav
train,id10888,../../Datasets/VoxCeleb1_features/id10888/00011.npy,../../Datasets/VoxCeleb1_Mirror/id10888/00011.wav
train,id10889,../../Datasets/VoxCeleb1_features/id10889/00062.npy,../../Datasets/VoxCeleb1_Mirror/id10889/00062.wav
train,id10890,../../Datasets/VoxCeleb1_features/id10890/00007.npy,../../Datasets/VoxCeleb1_Mirror/id10890/00007.wav
train,id10891,../../Datasets/VoxCeleb1_features/id10891/00010.npy,../../Datasets/VoxCeleb1_Mirror/id10891/00010.wav
train,id10892,../../Datasets/VoxCeleb1_features/id10892/00022.npy,../../Datasets/VoxCeleb1_Mirror/id10892/00022.wav
train,id10893,../../Datasets/VoxCeleb1_features/id10893/00011.npy,../../Datasets/VoxCeleb1_Mirror/id10893/00011.wav
train,id10894,../../Datasets/VoxCeleb1_features/id10894/00005.npy,../../Datasets/VoxCeleb1_Mirror/id10894/00005.wav
train,id10895,../../Datasets/VoxCeleb1_features/id10895/00002.npy,../../Datasets/VoxCeleb1_Mirror/id10895/00002.wav
train,id10896,../../Datasets/VoxCeleb1_features/id10896/00012.npy,../../Datasets/VoxCeleb1_Mirror/id10896/00012.wav
train,id10897,../../Datasets/VoxCeleb1_features/id10897/00007.npy,../../Datasets/VoxCeleb1_Mirror/id10897/00007.wav
train,id10898,../../Datasets/VoxCeleb1_features/id10898/00005.npy,../../Datasets/VoxCeleb1_Mirror/id10898/00005.wav
train,id10899,../../Datasets/VoxCeleb1_features/id10899/00017.npy,../../Datasets/VoxCeleb1_Mirror/id10899/00017.wav
train,id10900,../../Datasets/VoxCeleb1_features/id10900/00016.npy,../../Datasets/VoxCeleb1_Mirror/id10900/00016.wav
train,id10901,../../Datasets/VoxCeleb1_features/id10901/00017.npy,../../Datasets/VoxCeleb1_Mirror/id10901/00017.wav
train,id10902,../../Datasets/VoxCeleb1_features/id10902/00016.npy,../../Datasets/VoxCeleb1_Mirror/id10902/00016.wav
train,id10903,../../Datasets/VoxCeleb1_features/id10903/00014.npy,../../Datasets/VoxCeleb1_Mirror/id10903/00014.wav
train,id10904,../../Datasets/VoxCeleb1_features/id10904/00019.npy,../../Datasets/VoxCeleb1_Mirror/id10904/00019.wav
train,id10905,../../Datasets/VoxCeleb1_features/id10905/00024.npy,../../Datasets/VoxCeleb1_Mirror/id10905/00024.wav
train,id10906,../../Datasets/VoxCeleb1_features/id10906/00002.npy,../../Datasets/VoxCeleb1_Mirror/id10906/00002.wav
train,id10907,../../Datasets/VoxCeleb1_features/id10907/00083.npy,../../Datasets/VoxCeleb1_Mirror/id10907/00083.wav
train,id10908,../../Datasets/VoxCeleb1_features/id10908/00027.npy,../../Datasets/VoxCeleb1_Mirror/id10908/00027.wav
train,id10909,../../Datasets/VoxCeleb1_features/id10909/00024.npy,../../Datasets/VoxCeleb1_Mirror/id10909/00024.wav
train,id10910,../../Datasets/VoxCeleb1_features/id10910/00012.npy,../../Datasets/VoxCeleb1_Mirror/id10910/00012.wav
train,id10911,../../Datasets/VoxCeleb1_features/id10911/00006.npy,../../Datasets/VoxCeleb1_Mirror/id10911/00006.wav
train,id10912,../../Datasets/VoxCeleb1_features/id10912/00012.npy,../../Datasets/VoxCeleb1_Mirror/id10912/00012.wav
train,id10913,../../Datasets/VoxCeleb1_features/id10913/00015.npy,../../Datasets/VoxCeleb1_Mirror/id10913/00015.wav
train,id10914,../../Datasets/VoxCeleb1_features/id10914/00028.npy,../../Datasets/VoxCeleb1_Mirror/id10914/00028.wav
train,id10915,../../Datasets/VoxCeleb1_features/id10915/00021.npy,../../Datasets/VoxCeleb1_Mirror/id10915/00021.wav
train,id10916,../../Datasets/VoxCeleb1_features/id10916/00001.npy,../../Datasets/VoxCeleb1_Mirror/id10916/00001.wav
train,id10917,../../Datasets/VoxCeleb1_features/id10917/00029.npy,../../Datasets/VoxCeleb1_Mirror/id10917/00029.wav
train,id10918,../../Datasets/VoxCeleb1_features/id10918/00004.npy,../../Datasets/VoxCeleb1_Mirror/id10918/00004.wav
train,id10919,../../Datasets/VoxCeleb1_features/id10919/00023.npy,../../Datasets/VoxCeleb1_Mirror/id10919/00023.wav
train,id10920,../../Datasets/VoxCeleb1_features/id10920/00014.npy,../../Datasets/VoxCeleb1_Mirror/id10920/00014.wav
train,id10921,../../Datasets/VoxCeleb1_features/id10921/00040.npy,../../Datasets/VoxCeleb1_Mirror/id10921/00040.wav
train,id10922,../../Datasets/VoxCeleb1_features/id10922/00020.npy,../../Datasets/VoxCeleb1_Mirror/id10922/00020.wav
train,id10923,../../Datasets/VoxCeleb1_features/id10923/00008.npy,../../Datasets/VoxCeleb1_Mirror/id10923/00008.wav
train,id10924,../../Datasets/VoxCeleb1_features/id10924/00003.npy,../../Datasets/VoxCeleb1_Mirror/id10924/00003.wav
train,id10925,../../Datasets/VoxCeleb1_features/id10925/00020.npy,../../Datasets/VoxCeleb1_Mirror/id10925/00020.wav
train,id10926,../../Datasets/VoxCeleb1_features/id10926/00003.npy,../../Datasets/VoxCeleb1_Mirror/id10926/00003.wav
train,id10927,../../Datasets/VoxCeleb1_features/id10927/00058.npy,../../Datasets/VoxCeleb1_Mirror/id10927/00058.wav
train,id10928,../../Datasets/VoxCeleb1_features/id10928/00008.npy,../../Datasets/VoxCeleb1_Mirror/id10928/00008.wav
train,id10929,../../Datasets/VoxCeleb1_features/id10929/00010.npy,../../Datasets/VoxCeleb1_Mirror/id10929/00010.wav
train,id10930,../../Datasets/VoxCeleb1_features/id10930/00004.npy,../../Datasets/VoxCeleb1_Mirror/id10930/00004.wav
train,id10931,../../Datasets/VoxCeleb1_features/id10931/00021.npy,../../Datasets/VoxCeleb1_Mirror/id10931/00021.wav
train,id10932,../../Datasets/VoxCeleb1_features/id10932/00009.npy,../../Datasets/VoxCeleb1_Mirror/id10932/00009.wav
train,id10933,../../Datasets/VoxCeleb1_features/id10933/00014.npy,../../Datasets/VoxCeleb1_Mirror/id10933/00014.wav
train,id10934,../../Datasets/VoxCeleb1_features/id10934/00018.npy,../../Datasets/VoxCeleb1_Mirror/id10934/00018.wav
train,id10935,../../Datasets/VoxCeleb1_features/id10935/00061.npy,../../Datasets/VoxCeleb1_Mirror/id10935/00061.wav
train,id10936,../../Datasets/VoxCeleb1_features/id10936/00009.npy,../../Datasets/VoxCeleb1_Mirror/id10936/00009.wav
train,id10937,../../Datasets/VoxCeleb1_features/id10937/00010.npy,../../Datasets/VoxCeleb1_Mirror/id10937/00010.wav
train,id10938,../../Datasets/VoxCeleb1_features/id10938/00032.npy,../../Datasets/VoxCeleb1_Mirror/id10938/00032.wav
train,id10939,../../Datasets/VoxCeleb1_features/id10939/00022.npy,../../Datasets/VoxCeleb1_Mirror/id10939/00022.wav
train,id10940,../../Datasets/VoxCeleb1_features/id10940/00017.npy,../../Datasets/VoxCeleb1_Mirror/id10940/00017.wav
train,id10941,../../Datasets/VoxCeleb1_features/id10941/00007.npy,../../Datasets/VoxCeleb1_Mirror/id10941/00007.wav
train,id10942,../../Datasets/VoxCeleb1_features/id10942/00015.npy,../../Datasets/VoxCeleb1_Mirror/id10942/00015.wav
train,id10943,../../Datasets/VoxCeleb1_features/id10943/00023.npy,../../Datasets/VoxCeleb1_Mirror/id10943/00023.wav
train,id10944,../../Datasets/VoxCeleb1_features/id10944/00014.npy,../../Datasets/VoxCeleb1_Mirror/id10944/00014.wav
train,id10945,../../Datasets/VoxCeleb1_features/id10945/00058.npy,../../Datasets/VoxCeleb1_Mirror/id10945/00058.wav
train,id10946,../../Datasets/VoxCeleb1_features/id10946/00014.npy,../../Datasets/VoxCeleb1_Mirror/id10946/00014.wav
train,id10947,../../Datasets/VoxCeleb1_features/id10947/00010.npy,../../Datasets/VoxCeleb1_Mirror/id10947/00010.wav
train,id10948,../../Datasets/VoxCeleb1_features/id10948/00008.npy,../../Datasets/VoxCeleb1_Mirror/id10948/00008.wav
train,id10949,../../Datasets/VoxCeleb1_features/id10949/00010.npy,../../Datasets/VoxCeleb1_Mirror/id10949/00010.wav
train,id10950,../../Datasets/VoxCeleb1_features/id10950/00008.npy,../../Datasets/VoxCeleb1_Mirror/id10950/00008.wav
train,id10951,../../Datasets/VoxCeleb1_features/id10951/00009.npy,../../Datasets/VoxCeleb1_Mirror/id10951/00009.wav
train,id10952,../../Datasets/VoxCeleb1_features/id10952/00003.npy,../../Datasets/VoxCeleb1_Mirror/id10952/00003.wav
train,id10953,../../Datasets/VoxCeleb1_features/id10953/00004.npy,../../Datasets/VoxCeleb1_Mirror/id10953/00004.wav
train,id10954,../../Datasets/VoxCeleb1_features/id10954/00021.npy,../../Datasets/VoxCeleb1_Mirror/id10954/00021.wav
train,id10955,../../Datasets/VoxCeleb1_features/id10955/00013.npy,../../Datasets/VoxCeleb1_Mirror/id10955/00013.wav
train,id10956,../../Datasets/VoxCeleb1_features/id10956/00010.npy,../../Datasets/VoxCeleb1_Mirror/id10956/00010.wav
train,id10957,../../Datasets/VoxCeleb1_features/id10957/00023.npy,../../Datasets/VoxCeleb1_Mirror/id10957/00023.wav
train,id10958,../../Datasets/VoxCeleb1_features/id10958/00013.npy,../../Datasets/VoxCeleb1_Mirror/id10958/00013.wav
train,id10959,../../Datasets/VoxCeleb1_features/id10959/00001.npy,../../Datasets/VoxCeleb1_Mirror/id10959/00001.wav
train,id10960,../../Datasets/VoxCeleb1_features/id10960/00003.npy,../../Datasets/VoxCeleb1_Mirror/id10960/00003.wav
train,id10961,../../Datasets/VoxCeleb1_features/id10961/00011.npy,../../Datasets/VoxCeleb1_Mirror/id10961/00011.wav
train,id10962,../../Datasets/VoxCeleb1_features/id10962/00005.npy,../../Datasets/VoxCeleb1_Mirror/id10962/00005.wav
train,id10963,../../Datasets/VoxCeleb1_features/id10963/00004.npy,../../Datasets/VoxCeleb1_Mirror/id10963/00004.wav
train,id10964,../../Datasets/VoxCeleb1_features/id10964/00008.npy,../../Datasets/VoxCeleb1_Mirror/id10964/00008.wav
train,id10965,../../Datasets/VoxCeleb1_features/id10965/00013.npy,../../Datasets/VoxCeleb1_Mirror/id10965/00013.wav
train,id10966,../../Datasets/VoxCeleb1_features/id10966/00011.npy,../../Datasets/VoxCeleb1_Mirror/id10966/00011.wav
train,id10967,../../Datasets/VoxCeleb1_features/id10967/00025.npy,../../Datasets/VoxCeleb1_Mirror/id10967/00025.wav
train,id10968,../../Datasets/VoxCeleb1_features/id10968/00007.npy,../../Datasets/VoxCeleb1_Mirror/id10968/00007.wav
train,id10969,../../Datasets/VoxCeleb1_features/id10969/00011.npy,../../Datasets/VoxCeleb1_Mirror/id10969/00011.wav
train,id10970,../../Datasets/VoxCeleb1_features/id10970/00011.npy,../../Datasets/VoxCeleb1_Mirror/id10970/00011.wav
train,id10971,../../Datasets/VoxCeleb1_features/id10971/00017.npy,../../Datasets/VoxCeleb1_Mirror/id10971/00017.wav
train,id10972,../../Datasets/VoxCeleb1_features/id10972/00019.npy,../../Datasets/VoxCeleb1_Mirror/id10972/00019.wav
train,id10973,../../Datasets/VoxCeleb1_features/id10973/00014.npy,../../Datasets/VoxCeleb1_Mirror/id10973/00014.wav
train,id10974,../../Datasets/VoxCeleb1_features/id10974/00003.npy,../../Datasets/VoxCeleb1_Mirror/id10974/00003.wav
train,id10975,../../Datasets/VoxCeleb1_features/id10975/00012.npy,../../Datasets/VoxCeleb1_Mirror/id10975/00012.wav
train,id10976,../../Datasets/VoxCeleb1_features/id10976/00008.npy,../../Datasets/VoxCeleb1_Mirror/id10976/00008.wav
train,id10977,../../Datasets/VoxCeleb1_features/id10977/00041.npy,../../Datasets/VoxCeleb1_Mirror/id10977/00041.wav
train,id10978,../../Datasets/VoxCeleb1_features/id10978/00011.npy,../../Datasets/VoxCeleb1_Mirror/id10978/00011.wav
train,id10979,../../Datasets/VoxCeleb1_features/id10979/00020.npy,../../Datasets/VoxCeleb1_Mirror/id10979/00020.wav
train,id10980,../../Datasets/VoxCeleb1_features/id10980/00068.npy,../../Datasets/VoxCeleb1_Mirror/id10980/00068.wav
train,id10981,../../Datasets/VoxCeleb1_features/id10981/00034.npy,../../Datasets/VoxCeleb1_Mirror/id10981/00034.wav
train,id10982,../../Datasets/VoxCeleb1_features/id10982/00030.npy,../../Datasets/VoxCeleb1_Mirror/id10982/00030.wav
train,id10983,../../Datasets/VoxCeleb1_features/id10983/00015.npy,../../Datasets/VoxCeleb1_Mirror/id10983/00015.wav
train,id10984,../../Datasets/VoxCeleb1_features/id10984/00005.npy,../../Datasets/VoxCeleb1_Mirror/id10984/00005.wav
train,id10985,../../Datasets/VoxCeleb1_features/id10985/00002.npy,../../Datasets/VoxCeleb1_Mirror/id10985/00002.wav
train,id10986,../../Datasets/VoxCeleb1_features/id10986/00017.npy,../../Datasets/VoxCeleb1_Mirror/id10986/00017.wav
train,id10987,../../Datasets/VoxCeleb1_features/id10987/00006.npy,../../Datasets/VoxCeleb1_Mirror/id10987/00006.wav
train,id10988,../../Datasets/VoxCeleb1_features/id10988/00024.npy,../../Datasets/VoxCeleb1_Mirror/id10988/00024.wav
train,id10989,../../Datasets/VoxCeleb1_features/id10989/00011.npy,../../Datasets/VoxCeleb1_Mirror/id10989/00011.wav
train,id10990,../../Datasets/VoxCeleb1_features/id10990/00014.npy,../../Datasets/VoxCeleb1_Mirror/id10990/00014.wav
train,id10991,../../Datasets/VoxCeleb1_features/id10991/00004.npy,../../Datasets/VoxCeleb1_Mirror/id10991/00004.wav
train,id10992,../../Datasets/VoxCeleb1_features/id10992/00005.npy,../../Datasets/VoxCeleb1_Mirror/id10992/00005.wav
train,id10993,../../Datasets/VoxCeleb1_features/id10993/00066.npy,../../Datasets/VoxCeleb1_Mirror/id10993/00066.wav
train,id10994,../../Datasets/VoxCeleb1_features/id10994/00005.npy,../../Datasets/VoxCeleb1_Mirror/id10994/00005.wav
train,id10995,../../Datasets/VoxCeleb1_features/id10995/00002.npy,../../Datasets/VoxCeleb1_Mirror/id10995/00002.wav
train,id10996,../../Datasets/VoxCeleb1_features/id10996/00040.npy,../../Datasets/VoxCeleb1_Mirror/id10996/00040.wav
train,id10997,../../Datasets/VoxCeleb1_features/id10997/00002.npy,../../Datasets/VoxCeleb1_Mirror/id10997/00002.wav
train,id10998,../../Datasets/VoxCeleb1_features/id10998/00009.npy,../../Datasets/VoxCeleb1_Mirror/id10998/00009.wav
train,id10999,../../Datasets/VoxCeleb1_features/id10999/00036.npy,../../Datasets/VoxCeleb1_Mirror/id10999/00036.wav
train,id11000,../../Datasets/VoxCeleb1_features/id11000/00013.npy,../../Datasets/VoxCeleb1_Mirror/id11000/00013.wav
train,id11001,../../Datasets/VoxCeleb1_features/id11001/00002.npy,../../Datasets/VoxCeleb1_Mirror/id11001/00002.wav
train,id11002,../../Datasets/VoxCeleb1_features/id11002/00001.npy,../../Datasets/VoxCeleb1_Mirror/id11002/00001.wav
train,id11003,../../Datasets/VoxCeleb1_features/id11003/00063.npy,../../Datasets/VoxCeleb1_Mirror/id11003/00063.wav
train,id11004,../../Datasets/VoxCeleb1_features/id11004/00118.npy,../../Datasets/VoxCeleb1_Mirror/id11004/00118.wav
train,id11005,../../Datasets/VoxCeleb1_features/id11005/00018.npy,../../Datasets/VoxCeleb1_Mirror/id11005/00018.wav
train,id11006,../../Datasets/VoxCeleb1_features/id11006/00002.npy,../../Datasets/VoxCeleb1_Mirror/id11006/00002.wav
train,id11007,../../Datasets/VoxCeleb1_features/id11007/00001.npy,../../Datasets/VoxCeleb1_Mirror/id11007/00001.wav
train,id11008,../../Datasets/VoxCeleb1_features/id11008/00006.npy,../../Datasets/VoxCeleb1_Mirror/id11008/00006.wav
train,id11009,../../Datasets/VoxCeleb1_features/id11009/00009.npy,../../Datasets/VoxCeleb1_Mirror/id11009/00009.wav
train,id11010,../../Datasets/VoxCeleb1_features/id11010/00014.npy,../../Datasets/VoxCeleb1_Mirror/id11010/00014.wav
train,id11011,../../Datasets/VoxCeleb1_features/id11011/00008.npy,../../Datasets/VoxCeleb1_Mirror/id11011/00008.wav
train,id11012,../../Datasets/VoxCeleb1_features/id11012/00013.npy,../../Datasets/VoxCeleb1_Mirror/id11012/00013.wav
train,id11013,../../Datasets/VoxCeleb1_features/id11013/00009.npy,../../Datasets/VoxCeleb1_Mirror/id11013/00009.wav
train,id11014,../../Datasets/VoxCeleb1_features/id11014/00011.npy,../../Datasets/VoxCeleb1_Mirror/id11014/00011.wav
train,id11015,../../Datasets/VoxCeleb1_features/id11015/00005.npy,../../Datasets/VoxCeleb1_Mirror/id11015/00005.wav
train,id11016,../../Datasets/VoxCeleb1_features/id11016/00045.npy,../../Datasets/VoxCeleb1_Mirror/id11016/00045.wav
train,id11017,../../Datasets/VoxCeleb1_features/id11017/00011.npy,../../Datasets/VoxCeleb1_Mirror/id11017/00011.wav
train,id11018,../../Datasets/VoxCeleb1_features/id11018/00007.npy,../../Datasets/VoxCeleb1_Mirror/id11018/00007.wav
train,id11019,../../Datasets/VoxCeleb1_features/id11019/00005.npy,../../Datasets/VoxCeleb1_Mirror/id11019/00005.wav
train,id11020,../../Datasets/VoxCeleb1_features/id11020/00003.npy,../../Datasets/VoxCeleb1_Mirror/id11020/00003.wav
train,id11021,../../Datasets/VoxCeleb1_features/id11021/00036.npy,../../Datasets/VoxCeleb1_Mirror/id11021/00036.wav
train,id11022,../../Datasets/VoxCeleb1_features/id11022/00019.npy,../../Datasets/VoxCeleb1_Mirror/id11022/00019.wav
train,id11023,../../Datasets/VoxCeleb1_features/id11023/00018.npy,../../Datasets/VoxCeleb1_Mirror/id11023/00018.wav
train,id11024,../../Datasets/VoxCeleb1_features/id11024/00013.npy,../../Datasets/VoxCeleb1_Mirror/id11024/00013.wav
train,id11025,../../Datasets/VoxCeleb1_features/id11025/00002.npy,../../Datasets/VoxCeleb1_Mirror/id11025/00002.wav
train,id11026,../../Datasets/VoxCeleb1_features/id11026/00009.npy,../../Datasets/VoxCeleb1_Mirror/id11026/00009.wav
train,id11027,../../Datasets/VoxCeleb1_features/id11027/00021.npy,../../Datasets/VoxCeleb1_Mirror/id11027/00021.wav
train,id11028,../../Datasets/VoxCeleb1_features/id11028/00017.npy,../../Datasets/VoxCeleb1_Mirror/id11028/00017.wav
train,id11029,../../Datasets/VoxCeleb1_features/id11029/00015.npy,../../Datasets/VoxCeleb1_Mirror/id11029/00015.wav
train,id11030,../../Datasets/VoxCeleb1_features/id11030/00027.npy,../../Datasets/VoxCeleb1_Mirror/id11030/00027.wav
train,id11031,../../Datasets/VoxCeleb1_features/id11031/00006.npy,../../Datasets/VoxCeleb1_Mirror/id11031/00006.wav
train,id11032,../../Datasets/VoxCeleb1_features/id11032/00003.npy,../../Datasets/VoxCeleb1_Mirror/id11032/00003.wav
train,id11033,../../Datasets/VoxCeleb1_features/id11033/00008.npy,../../Datasets/VoxCeleb1_Mirror/id11033/00008.wav
train,id11034,../../Datasets/VoxCeleb1_features/id11034/00024.npy,../../Datasets/VoxCeleb1_Mirror/id11034/00024.wav
train,id11035,../../Datasets/VoxCeleb1_features/id11035/00009.npy,../../Datasets/VoxCeleb1_Mirror/id11035/00009.wav
train,id11036,../../Datasets/VoxCeleb1_features/id11036/00008.npy,../../Datasets/VoxCeleb1_Mirror/id11036/00008.wav
train,id11037,../../Datasets/VoxCeleb1_features/id11037/00008.npy,../../Datasets/VoxCeleb1_Mirror/id11037/00008.wav
train,id11038,../../Datasets/VoxCeleb1_features/id11038/00008.npy,../../Datasets/VoxCeleb1_Mirror/id11038/00008.wav
train,id11039,../../Datasets/VoxCeleb1_features/id11039/00001.npy,../../Datasets/VoxCeleb1_Mirror/id11039/00001.wav
train,id11040,../../Datasets/VoxCeleb1_features/id11040/00010.npy,../../Datasets/VoxCeleb1_Mirror/id11040/00010.wav
train,id11041,../../Datasets/VoxCeleb1_features/id11041/00016.npy,../../Datasets/VoxCeleb1_Mirror/id11041/00016.wav
train,id11042,../../Datasets/VoxCeleb1_features/id11042/00016.npy,../../Datasets/VoxCeleb1_Mirror/id11042/00016.wav
train,id11043,../../Datasets/VoxCeleb1_features/id11043/00006.npy,../../Datasets/VoxCeleb1_Mirror/id11043/00006.wav
train,id11044,../../Datasets/VoxCeleb1_features/id11044/00029.npy,../../Datasets/VoxCeleb1_Mirror/id11044/00029.wav
train,id11045,../../Datasets/VoxCeleb1_features/id11045/00008.npy,../../Datasets/VoxCeleb1_Mirror/id11045/00008.wav
train,id11046,../../Datasets/VoxCeleb1_features/id11046/00007.npy,../../Datasets/VoxCeleb1_Mirror/id11046/00007.wav
train,id11047,../../Datasets/VoxCeleb1_features/id11047/00013.npy,../../Datasets/VoxCeleb1_Mirror/id11047/00013.wav
train,id11048,../../Datasets/VoxCeleb1_features/id11048/00015.npy,../../Datasets/VoxCeleb1_Mirror/id11048/00015.wav
train,id11049,../../Datasets/VoxCeleb1_features/id11049/00005.npy,../../Datasets/VoxCeleb1_Mirror/id11049/00005.wav
train,id11050,../../Datasets/VoxCeleb1_features/id11050/00011.npy,../../Datasets/VoxCeleb1_Mirror/id11050/00011.wav
train,id11051,../../Datasets/VoxCeleb1_features/id11051/00005.npy,../../Datasets/VoxCeleb1_Mirror/id11051/00005.wav
train,id11052,../../Datasets/VoxCeleb1_features/id11052/00012.npy,../../Datasets/VoxCeleb1_Mirror/id11052/00012.wav
train,id11053,../../Datasets/VoxCeleb1_features/id11053/00006.npy,../../Datasets/VoxCeleb1_Mirror/id11053/00006.wav
train,id11054,../../Datasets/VoxCeleb1_features/id11054/00019.npy,../../Datasets/VoxCeleb1_Mirror/id11054/00019.wav
train,id11055,../../Datasets/VoxCeleb1_features/id11055/00009.npy,../../Datasets/VoxCeleb1_Mirror/id11055/00009.wav
train,id11056,../../Datasets/VoxCeleb1_features/id11056/00020.npy,../../Datasets/VoxCeleb1_Mirror/id11056/00020.wav
train,id11057,../../Datasets/VoxCeleb1_features/id11057/00002.npy,../../Datasets/VoxCeleb1_Mirror/id11057/00002.wav
train,id11058,../../Datasets/VoxCeleb1_features/id11058/00006.npy,../../Datasets/VoxCeleb1_Mirror/id11058/00006.wav
train,id11059,../../Datasets/VoxCeleb1_features/id11059/00003.npy,../../Datasets/VoxCeleb1_Mirror/id11059/00003.wav
train,id11060,../../Datasets/VoxCeleb1_features/id11060/00002.npy,../../Datasets/VoxCeleb1_Mirror/id11060/00002.wav
train,id11061,../../Datasets/VoxCeleb1_features/id11061/00021.npy,../../Datasets/VoxCeleb1_Mirror/id11061/00021.wav
train,id11062,../../Datasets/VoxCeleb1_features/id11062/00019.npy,../../Datasets/VoxCeleb1_Mirror/id11062/00019.wav
train,id11063,../../Datasets/VoxCeleb1_features/id11063/00001.npy,../../Datasets/VoxCeleb1_Mirror/id11063/00001.wav
train,id11064,../../Datasets/VoxCeleb1_features/id11064/00005.npy,../../Datasets/VoxCeleb1_Mirror/id11064/00005.wav
train,id11065,../../Datasets/VoxCeleb1_features/id11065/00014.npy,../../Datasets/VoxCeleb1_Mirror/id11065/00014.wav
train,id11066,../../Datasets/VoxCeleb1_features/id11066/00019.npy,../../Datasets/VoxCeleb1_Mirror/id11066/00019.wav
train,id11067,../../Datasets/VoxCeleb1_features/id11067/00027.npy,../../Datasets/VoxCeleb1_Mirror/id11067/00027.wav
train,id11068,../../Datasets/VoxCeleb1_features/id11068/00031.npy,../../Datasets/VoxCeleb1_Mirror/id11068/00031.wav
train,id11069,../../Datasets/VoxCeleb1_features/id11069/00028.npy,../../Datasets/VoxCeleb1_Mirror/id11069/00028.wav
train,id11070,../../Datasets/VoxCeleb1_features/id11070/00001.npy,../../Datasets/VoxCeleb1_Mirror/id11070/00001.wav
train,id11071,../../Datasets/VoxCeleb1_features/id11071/00022.npy,../../Datasets/VoxCeleb1_Mirror/id11071/00022.wav
train,id11072,../../Datasets/VoxCeleb1_features/id11072/00040.npy,../../Datasets/VoxCeleb1_Mirror/id11072/00040.wav
train,id11073,../../Datasets/VoxCeleb1_features/id11073/00024.npy,../../Datasets/VoxCeleb1_Mirror/id11073/00024.wav
train,id11074,../../Datasets/VoxCeleb1_features/id11074/00001.npy,../../Datasets/VoxCeleb1_Mirror/id11074/00001.wav
train,id11075,../../Datasets/VoxCeleb1_features/id11075/00007.npy,../../Datasets/VoxCeleb1_Mirror/id11075/00007.wav
train,id11076,../../Datasets/VoxCeleb1_features/id11076/00009.npy,../../Datasets/VoxCeleb1_Mirror/id11076/00009.wav
train,id11077,../../Datasets/VoxCeleb1_features/id11077/00031.npy,../../Datasets/VoxCeleb1_Mirror/id11077/00031.wav
train,id11078,../../Datasets/VoxCeleb1_features/id11078/00004.npy,../../Datasets/VoxCeleb1_Mirror/id11078/00004.wav
train,id11079,../../Datasets/VoxCeleb1_features/id11079/00006.npy,../../Datasets/VoxCeleb1_Mirror/id11079/00006.wav
train,id11080,../../Datasets/VoxCeleb1_features/id11080/00012.npy,../../Datasets/VoxCeleb1_Mirror/id11080/00012.wav
train,id11081,../../Datasets/VoxCeleb1_features/id11081/00006.npy,../../Datasets/VoxCeleb1_Mirror/id11081/00006.wav
train,id11082,../../Datasets/VoxCeleb1_features/id11082/00014.npy,../../Datasets/VoxCeleb1_Mirror/id11082/00014.wav
train,id11083,../../Datasets/VoxCeleb1_features/id11083/00016.npy,../../Datasets/VoxCeleb1_Mirror/id11083/00016.wav
train,id11084,../../Datasets/VoxCeleb1_features/id11084/00005.npy,../../Datasets/VoxCeleb1_Mirror/id11084/00005.wav
train,id11085,../../Datasets/VoxCeleb1_features/id11085/00002.npy,../../Datasets/VoxCeleb1_Mirror/id11085/00002.wav
train,id11086,../../Datasets/VoxCeleb1_features/id11086/00014.npy,../../Datasets/VoxCeleb1_Mirror/id11086/00014.wav
train,id11087,../../Datasets/VoxCeleb1_features/id11087/00035.npy,../../Datasets/VoxCeleb1_Mirror/id11087/00035.wav
train,id11088,../../Datasets/VoxCeleb1_features/id11088/00162.npy,../../Datasets/VoxCeleb1_Mirror/id11088/00162.wav
train,id11089,../../Datasets/VoxCeleb1_features/id11089/00013.npy,../../Datasets/VoxCeleb1_Mirror/id11089/00013.wav
train,id11090,../../Datasets/VoxCeleb1_features/id11090/00004.npy,../../Datasets/VoxCeleb1_Mirror/id11090/00004.wav
train,id11091,../../Datasets/VoxCeleb1_features/id11091/00013.npy,../../Datasets/VoxCeleb1_Mirror/id11091/00013.wav
train,id11092,../../Datasets/VoxCeleb1_features/id11092/00010.npy,../../Datasets/VoxCeleb1_Mirror/id11092/00010.wav
train,id11093,../../Datasets/VoxCeleb1_features/id11093/00009.npy,../../Datasets/VoxCeleb1_Mirror/id11093/00009.wav
train,id11094,../../Datasets/VoxCeleb1_features/id11094/00006.npy,../../Datasets/VoxCeleb1_Mirror/id11094/00006.wav
train,id11095,../../Datasets/VoxCeleb1_features/id11095/00045.npy,../../Datasets/VoxCeleb1_Mirror/id11095/00045.wav
train,id11096,../../Datasets/VoxCeleb1_features/id11096/00003.npy,../../Datasets/VoxCeleb1_Mirror/id11096/00003.wav
train,id11097,../../Datasets/VoxCeleb1_features/id11097/00018.npy,../../Datasets/VoxCeleb1_Mirror/id11097/00018.wav
train,id11098,../../Datasets/VoxCeleb1_features/id11098/00002.npy,../../Datasets/VoxCeleb1_Mirror/id11098/00002.wav
train,id11099,../../Datasets/VoxCeleb1_features/id11099/00062.npy,../../Datasets/VoxCeleb1_Mirror/id11099/00062.wav
train,id11100,../../Datasets/VoxCeleb1_features/id11100/00024.npy,../../Datasets/VoxCeleb1_Mirror/id11100/00024.wav
train,id11101,../../Datasets/VoxCeleb1_features/id11101/00133.npy,../../Datasets/VoxCeleb1_Mirror/id11101/00133.wav
train,id11102,../../Datasets/VoxCeleb1_features/id11102/00003.npy,../../Datasets/VoxCeleb1_Mirror/id11102/00003.wav
train,id11103,../../Datasets/VoxCeleb1_features/id11103/00002.npy,../../Datasets/VoxCeleb1_Mirror/id11103/00002.wav
train,id11104,../../Datasets/VoxCeleb1_features/id11104/00076.npy,../../Datasets/VoxCeleb1_Mirror/id11104/00076.wav
train,id11105,../../Datasets/VoxCeleb1_features/id11105/00002.npy,../../Datasets/VoxCeleb1_Mirror/id11105/00002.wav
train,id11106,../../Datasets/VoxCeleb1_features/id11106/00010.npy,../../Datasets/VoxCeleb1_Mirror/id11106/00010.wav
train,id11107,../../Datasets/VoxCeleb1_features/id11107/00028.npy,../../Datasets/VoxCeleb1_Mirror/id11107/00028.wav
train,id11108,../../Datasets/VoxCeleb1_features/id11108/00001.npy,../../Datasets/VoxCeleb1_Mirror/id11108/00001.wav
train,id11109,../../Datasets/VoxCeleb1_features/id11109/00009.npy,../../Datasets/VoxCeleb1_Mirror/id11109/00009.wav
train,id11110,../../Datasets/VoxCeleb1_features/id11110/00006.npy,../../Datasets/VoxCeleb1_Mirror/id11110/00006.wav
train,id11111,../../Datasets/VoxCeleb1_features/id11111/00076.npy,../../Datasets/VoxCeleb1_Mirror/id11111/00076.wav
train,id11112,../../Datasets/VoxCeleb1_features/id11112/00013.npy,../../Datasets/VoxCeleb1_Mirror/id11112/00013.wav
train,id11113,../../Datasets/VoxCeleb1_features/id11113/00004.npy,../../Datasets/VoxCeleb1_Mirror/id11113/00004.wav
train,id11114,../../Datasets/VoxCeleb1_features/id11114/00004.npy,../../Datasets/VoxCeleb1_Mirror/id11114/00004.wav
train,id11115,../../Datasets/VoxCeleb1_features/id11115/00011.npy,../../Datasets/VoxCeleb1_Mirror/id11115/00011.wav
train,id11116,../../Datasets/VoxCeleb1_features/id11116/00009.npy,../../Datasets/VoxCeleb1_Mirror/id11116/00009.wav
train,id11117,../../Datasets/VoxCeleb1_features/id11117/00009.npy,../../Datasets/VoxCeleb1_Mirror/id11117/00009.wav
train,id11118,../../Datasets/VoxCeleb1_features/id11118/00003.npy,../../Datasets/VoxCeleb1_Mirror/id11118/00003.wav
train,id11119,../../Datasets/VoxCeleb1_features/id11119/00022.npy,../../Datasets/VoxCeleb1_Mirror/id11119/00022.wav
train,id11120,../../Datasets/VoxCeleb1_features/id11120/00021.npy,../../Datasets/VoxCeleb1_Mirror/id11120/00021.wav
train,id11121,../../Datasets/VoxCeleb1_features/id11121/00009.npy,../../Datasets/VoxCeleb1_Mirror/id11121/00009.wav
train,id11122,../../Datasets/VoxCeleb1_features/id11122/00017.npy,../../Datasets/VoxCeleb1_Mirror/id11122/00017.wav
train,id11123,../../Datasets/VoxCeleb1_features/id11123/00013.npy,../../Datasets/VoxCeleb1_Mirror/id11123/00013.wav
train,id11124,../../Datasets/VoxCeleb1_features/id11124/00015.npy,../../Datasets/VoxCeleb1_Mirror/id11124/00015.wav
train,id11125,../../Datasets/VoxCeleb1_features/id11125/00005.npy,../../Datasets/VoxCeleb1_Mirror/id11125/00005.wav
train,id11126,../../Datasets/VoxCeleb1_features/id11126/00016.npy,../../Datasets/VoxCeleb1_Mirror/id11126/00016.wav
train,id11127,../../Datasets/VoxCeleb1_features/id11127/00024.npy,../../Datasets/VoxCeleb1_Mirror/id11127/00024.wav
train,id11128,../../Datasets/VoxCeleb1_features/id11128/00021.npy,../../Datasets/VoxCeleb1_Mirror/id11128/00021.wav
train,id11129,../../Datasets/VoxCeleb1_features/id11129/00031.npy,../../Datasets/VoxCeleb1_Mirror/id11129/00031.wav
train,id11130,../../Datasets/VoxCeleb1_features/id11130/00022.npy,../../Datasets/VoxCeleb1_Mirror/id11130/00022.wav
train,id11131,../../Datasets/VoxCeleb1_features/id11131/00023.npy,../../Datasets/VoxCeleb1_Mirror/id11131/00023.wav
train,id11132,../../Datasets/VoxCeleb1_features/id11132/00014.npy,../../Datasets/VoxCeleb1_Mirror/id11132/00014.wav
train,id11133,../../Datasets/VoxCeleb1_features/id11133/00010.npy,../../Datasets/VoxCeleb1_Mirror/id11133/00010.wav
train,id11134,../../Datasets/VoxCeleb1_features/id11134/00008.npy,../../Datasets/VoxCeleb1_Mirror/id11134/00008.wav
train,id11135,../../Datasets/VoxCeleb1_features/id11135/00008.npy,../../Datasets/VoxCeleb1_Mirror/id11135/00008.wav
train,id11136,../../Datasets/VoxCeleb1_features/id11136/00010.npy,../../Datasets/VoxCeleb1_Mirror/id11136/00010.wav
train,id11137,../../Datasets/VoxCeleb1_features/id11137/00003.npy,../../Datasets/VoxCeleb1_Mirror/id11137/00003.wav
train,id11138,../../Datasets/VoxCeleb1_features/id11138/00014.npy,../../Datasets/VoxCeleb1_Mirror/id11138/00014.wav
train,id11139,../../Datasets/VoxCeleb1_features/id11139/00003.npy,../../Datasets/VoxCeleb1_Mirror/id11139/00003.wav
train,id11140,../../Datasets/VoxCeleb1_features/id11140/00007.npy,../../Datasets/VoxCeleb1_Mirror/id11140/00007.wav
train,id11141,../../Datasets/VoxCeleb1_features/id11141/00017.npy,../../Datasets/VoxCeleb1_Mirror/id11141/00017.wav
train,id11142,../../Datasets/VoxCeleb1_features/id11142/00039.npy,../../Datasets/VoxCeleb1_Mirror/id11142/00039.wav
train,id11143,../../Datasets/VoxCeleb1_features/id11143/00007.npy,../../Datasets/VoxCeleb1_Mirror/id11143/00007.wav
train,id11144,../../Datasets/VoxCeleb1_features/id11144/00007.npy,../../Datasets/VoxCeleb1_Mirror/id11144/00007.wav
train,id11145,../../Datasets/VoxCeleb1_features/id11145/00026.npy,../../Datasets/VoxCeleb1_Mirror/id11145/00026.wav
train,id11146,../../Datasets/VoxCeleb1_features/id11146/00007.npy,../../Datasets/VoxCeleb1_Mirror/id11146/00007.wav
train,id11147,../../Datasets/VoxCeleb1_features/id11147/00007.npy,../../Datasets/VoxCeleb1_Mirror/id11147/00007.wav
train,id11148,../../Datasets/VoxCeleb1_features/id11148/00002.npy,../../Datasets/VoxCeleb1_Mirror/id11148/00002.wav
train,id11149,../../Datasets/VoxCeleb1_features/id11149/00005.npy,../../Datasets/VoxCeleb1_Mirror/id11149/00005.wav
train,id11150,../../Datasets/VoxCeleb1_features/id11150/00009.npy,../../Datasets/VoxCeleb1_Mirror/id11150/00009.wav
train,id11151,../../Datasets/VoxCeleb1_features/id11151/00026.npy,../../Datasets/VoxCeleb1_Mirror/id11151/00026.wav
train,id11152,../../Datasets/VoxCeleb1_features/id11152/00005.npy,../../Datasets/VoxCeleb1_Mirror/id11152/00005.wav
train,id11153,../../Datasets/VoxCeleb1_features/id11153/00013.npy,../../Datasets/VoxCeleb1_Mirror/id11153/00013.wav
train,id11154,../../Datasets/VoxCeleb1_features/id11154/00010.npy,../../Datasets/VoxCeleb1_Mirror/id11154/00010.wav
train,id11155,../../Datasets/VoxCeleb1_features/id11155/00028.npy,../../Datasets/VoxCeleb1_Mirror/id11155/00028.wav
train,id11156,../../Datasets/VoxCeleb1_features/id11156/00006.npy,../../Datasets/VoxCeleb1_Mirror/id11156/00006.wav
train,id11157,../../Datasets/VoxCeleb1_features/id11157/00048.npy,../../Datasets/VoxCeleb1_Mirror/id11157/00048.wav
train,id11158,../../Datasets/VoxCeleb1_features/id11158/00008.npy,../../Datasets/VoxCeleb1_Mirror/id11158/00008.wav
train,id11159,../../Datasets/VoxCeleb1_features/id11159/00008.npy,../../Datasets/VoxCeleb1_Mirror/id11159/00008.wav
train,id11160,../../Datasets/VoxCeleb1_features/id11160/00003.npy,../../Datasets/VoxCeleb1_Mirror/id11160/00003.wav
train,id11161,../../Datasets/VoxCeleb1_features/id11161/00009.npy,../../Datasets/VoxCeleb1_Mirror/id11161/00009.wav
train,id11162,../../Datasets/VoxCeleb1_features/id11162/00013.npy,../../Datasets/VoxCeleb1_Mirror/id11162/00013.wav
train,id11163,../../Datasets/VoxCeleb1_features/id11163/00004.npy,../../Datasets/VoxCeleb1_Mirror/id11163/00004.wav
train,id11164,../../Datasets/VoxCeleb1_features/id11164/00005.npy,../../Datasets/VoxCeleb1_Mirror/id11164/00005.wav
train,id11165,../../Datasets/VoxCeleb1_features/id11165/00021.npy,../../Datasets/VoxCeleb1_Mirror/id11165/00021.wav
train,id11166,../../Datasets/VoxCeleb1_features/id11166/00013.npy,../../Datasets/VoxCeleb1_Mirror/id11166/00013.wav
train,id11167,../../Datasets/VoxCeleb1_features/id11167/00006.npy,../../Datasets/VoxCeleb1_Mirror/id11167/00006.wav
train,id11168,../../Datasets/VoxCeleb1_features/id11168/00003.npy,../../Datasets/VoxCeleb1_Mirror/id11168/00003.wav
train,id11169,../../Datasets/VoxCeleb1_features/id11169/00005.npy,../../Datasets/VoxCeleb1_Mirror/id11169/00005.wav
train,id11170,../../Datasets/VoxCeleb1_features/id11170/00016.npy,../../Datasets/VoxCeleb1_Mirror/id11170/00016.wav
train,id11171,../../Datasets/VoxCeleb1_features/id11171/00017.npy,../../Datasets/VoxCeleb1_Mirror/id11171/00017.wav
train,id11172,../../Datasets/VoxCeleb1_features/id11172/00023.npy,../../Datasets/VoxCeleb1_Mirror/id11172/00023.wav
train,id11173,../../Datasets/VoxCeleb1_features/id11173/00017.npy,../../Datasets/VoxCeleb1_Mirror/id11173/00017.wav
train,id11174,../../Datasets/VoxCeleb1_features/id11174/00009.npy,../../Datasets/VoxCeleb1_Mirror/id11174/00009.wav
train,id11175,../../Datasets/VoxCeleb1_features/id11175/00004.npy,../../Datasets/VoxCeleb1_Mirror/id11175/00004.wav
train,id11176,../../Datasets/VoxCeleb1_features/id11176/00012.npy,../../Datasets/VoxCeleb1_Mirror/id11176/00012.wav
train,id11177,../../Datasets/VoxCeleb1_features/id11177/00002.npy,../../Datasets/VoxCeleb1_Mirror/id11177/00002.wav
train,id11178,../../Datasets/VoxCeleb1_features/id11178/00016.npy,../../Datasets/VoxCeleb1_Mirror/id11178/00016.wav
train,id11179,../../Datasets/VoxCeleb1_features/id11179/00005.npy,../../Datasets/VoxCeleb1_Mirror/id11179/00005.wav
train,id11180,../../Datasets/VoxCeleb1_features/id11180/00006.npy,../../Datasets/VoxCeleb1_Mirror/id11180/00006.wav
train,id11181,../../Datasets/VoxCeleb1_features/id11181/00016.npy,../../Datasets/VoxCeleb1_Mirror/id11181/00016.wav
train,id11182,../../Datasets/VoxCeleb1_features/id11182/00078.npy,../../Datasets/VoxCeleb1_Mirror/id11182/00078.wav
train,id11183,../../Datasets/VoxCeleb1_features/id11183/00010.npy,../../Datasets/VoxCeleb1_Mirror/id11183/00010.wav
train,id11184,../../Datasets/VoxCeleb1_features/id11184/00017.npy,../../Datasets/VoxCeleb1_Mirror/id11184/00017.wav
train,id11185,../../Datasets/VoxCeleb1_features/id11185/00014.npy,../../Datasets/VoxCeleb1_Mirror/id11185/00014.wav
train,id11186,../../Datasets/VoxCeleb1_features/id11186/00010.npy,../../Datasets/VoxCeleb1_Mirror/id11186/00010.wav
train,id11187,../../Datasets/VoxCeleb1_features/id11187/00012.npy,../../Datasets/VoxCeleb1_Mirror/id11187/00012.wav
train,id11188,../../Datasets/VoxCeleb1_features/id11188/00008.npy,../../Datasets/VoxCeleb1_Mirror/id11188/00008.wav
train,id11189,../../Datasets/VoxCeleb1_features/id11189/00012.npy,../../Datasets/VoxCeleb1_Mirror/id11189/00012.wav
train,id11190,../../Datasets/VoxCeleb1_features/id11190/00017.npy,../../Datasets/VoxCeleb1_Mirror/id11190/00017.wav
train,id11191,../../Datasets/VoxCeleb1_features/id11191/00001.npy,../../Datasets/VoxCeleb1_Mirror/id11191/00001.wav
train,id11192,../../Datasets/VoxCeleb1_features/id11192/00020.npy,../../Datasets/VoxCeleb1_Mirror/id11192/00020.wav
train,id11193,../../Datasets/VoxCeleb1_features/id11193/00001.npy,../../Datasets/VoxCeleb1_Mirror/id11193/00001.wav
train,id11194,../../Datasets/VoxCeleb1_features/id11194/00005.npy,../../Datasets/VoxCeleb1_Mirror/id11194/00005.wav
train,id11195,../../Datasets/VoxCeleb1_features/id11195/00008.npy,../../Datasets/VoxCeleb1_Mirror/id11195/00008.wav
train,id11196,../../Datasets/VoxCeleb1_features/id11196/00011.npy,../../Datasets/VoxCeleb1_Mirror/id11196/00011.wav
train,id11197,../../Datasets/VoxCeleb1_features/id11197/00010.npy,../../Datasets/VoxCeleb1_Mirror/id11197/00010.wav
train,id11198,../../Datasets/VoxCeleb1_features/id11198/00016.npy,../../Datasets/VoxCeleb1_Mirror/id11198/00016.wav
train,id11199,../../Datasets/VoxCeleb1_features/id11199/00023.npy,../../Datasets/VoxCeleb1_Mirror/id11199/00023.wav
train,id11200,../../Datasets/VoxCeleb1_features/id11200/00008.npy,../../Datasets/VoxCeleb1_Mirror/id11200/00008.wav
train,id11201,../../Datasets/VoxCeleb1_features/id11201/00002.npy,../../Datasets/VoxCeleb1_Mirror/id11201/00002.wav
train,id11202,../../Datasets/VoxCeleb1_features/id11202/00024.npy,../../Datasets/VoxCeleb1_Mirror/id11202/00024.wav
train,id11203,../../Datasets/VoxCeleb1_features/id11203/00013.npy,../../Datasets/VoxCeleb1_Mirror/id11203/00013.wav
train,id11204,../../Datasets/VoxCeleb1_features/id11204/00016.npy,../../Datasets/VoxCeleb1_Mirror/id11204/00016.wav
train,id11205,../../Datasets/VoxCeleb1_features/id11205/00003.npy,../../Datasets/VoxCeleb1_Mirror/id11205/00003.wav
train,id11206,../../Datasets/VoxCeleb1_features/id11206/00016.npy,../../Datasets/VoxCeleb1_Mirror/id11206/00016.wav
train,id11207,../../Datasets/VoxCeleb1_features/id11207/00010.npy,../../Datasets/VoxCeleb1_Mirror/id11207/00010.wav
train,id11208,../../Datasets/VoxCeleb1_features/id11208/00008.npy,../../Datasets/VoxCeleb1_Mirror/id11208/00008.wav
train,id11209,../../Datasets/VoxCeleb1_features/id11209/00008.npy,../../Datasets/VoxCeleb1_Mirror/id11209/00008.wav
train,id11210,../../Datasets/VoxCeleb1_features/id11210/00021.npy,../../Datasets/VoxCeleb1_Mirror/id11210/00021.wav
train,id11211,../../Datasets/VoxCeleb1_features/id11211/00036.npy,../../Datasets/VoxCeleb1_Mirror/id11211/00036.wav
train,id11212,../../Datasets/VoxCeleb1_features/id11212/00042.npy,../../Datasets/VoxCeleb1_Mirror/id11212/00042.wav
train,id11213,../../Datasets/VoxCeleb1_features/id11213/00009.npy,../../Datasets/VoxCeleb1_Mirror/id11213/00009.wav
train,id11214,../../Datasets/VoxCeleb1_features/id11214/00020.npy,../../Datasets/VoxCeleb1_Mirror/id11214/00020.wav
train,id11215,../../Datasets/VoxCeleb1_features/id11215/00017.npy,../../Datasets/VoxCeleb1_Mirror/id11215/00017.wav
train,id11216,../../Datasets/VoxCeleb1_features/id11216/00018.npy,../../Datasets/VoxCeleb1_Mirror/id11216/00018.wav
train,id11217,../../Datasets/VoxCeleb1_features/id11217/00006.npy,../../Datasets/VoxCeleb1_Mirror/id11217/00006.wav
train,id11218,../../Datasets/VoxCeleb1_features/id11218/00017.npy,../../Datasets/VoxCeleb1_Mirror/id11218/00017.wav
train,id11219,../../Datasets/VoxCeleb1_features/id11219/00006.npy,../../Datasets/VoxCeleb1_Mirror/id11219/00006.wav
train,id11220,../../Datasets/VoxCeleb1_features/id11220/00001.npy,../../Datasets/VoxCeleb1_Mirror/id11220/00001.wav
train,id11221,../../Datasets/VoxCeleb1_features/id11221/00022.npy,../../Datasets/VoxCeleb1_Mirror/id11221/00022.wav
train,id11222,../../Datasets/VoxCeleb1_features/id11222/00005.npy,../../Datasets/VoxCeleb1_Mirror/id11222/00005.wav
train,id11223,../../Datasets/VoxCeleb1_features/id11223/00003.npy,../../Datasets/VoxCeleb1_Mirror/id11223/00003.wav
train,id11224,../../Datasets/VoxCeleb1_features/id11224/00013.npy,../../Datasets/VoxCeleb1_Mirror/id11224/00013.wav
train,id11225,../../Datasets/VoxCeleb1_features/id11225/00004.npy,../../Datasets/VoxCeleb1_Mirror/id11225/00004.wav
train,id11226,../../Datasets/VoxCeleb1_features/id11226/00040.npy,../../Datasets/VoxCeleb1_Mirror/id11226/00040.wav
train,id11227,../../Datasets/VoxCeleb1_features/id11227/00009.npy,../../Datasets/VoxCeleb1_Mirror/id11227/00009.wav
train,id11228,../../Datasets/VoxCeleb1_features/id11228/00017.npy,../../Datasets/VoxCeleb1_Mirror/id11228/00017.wav
train,id11229,../../Datasets/VoxCeleb1_features/id11229/00003.npy,../../Datasets/VoxCeleb1_Mirror/id11229/00003.wav
train,id11230,../../Datasets/VoxCeleb1_features/id11230/00027.npy,../../Datasets/VoxCeleb1_Mirror/id11230/00027.wav
train,id11231,../../Datasets/VoxCeleb1_features/id11231/00013.npy,../../Datasets/VoxCeleb1_Mirror/id11231/00013.wav
train,id11232,../../Datasets/VoxCeleb1_features/id11232/00022.npy,../../Datasets/VoxCeleb1_Mirror/id11232/00022.wav
train,id11233,../../Datasets/VoxCeleb1_features/id11233/00017.npy,../../Datasets/VoxCeleb1_Mirror/id11233/00017.wav
train,id11234,../../Datasets/VoxCeleb1_features/id11234/00029.npy,../../Datasets/VoxCeleb1_Mirror/id11234/00029.wav
train,id11235,../../Datasets/VoxCeleb1_features/id11235/00018.npy,../../Datasets/VoxCeleb1_Mirror/id11235/00018.wav
train,id11236,../../Datasets/VoxCeleb1_features/id11236/00014.npy,../../Datasets/VoxCeleb1_Mirror/id11236/00014.wav
train,id11237,../../Datasets/VoxCeleb1_features/id11237/00071.npy,../../Datasets/VoxCeleb1_Mirror/id11237/00071.wav
train,id11238,../../Datasets/VoxCeleb1_features/id11238/00003.npy,../../Datasets/VoxCeleb1_Mirror/id11238/00003.wav
train,id11239,../../Datasets/VoxCeleb1_features/id11239/00022.npy,../../Datasets/VoxCeleb1_Mirror/id11239/00022.wav
train,id11240,../../Datasets/VoxCeleb1_features/id11240/00002.npy,../../Datasets/VoxCeleb1_Mirror/id11240/00002.wav
train,id11241,../../Datasets/VoxCeleb1_features/id11241/00019.npy,../../Datasets/VoxCeleb1_Mirror/id11241/00019.wav
train,id11242,../../Datasets/VoxCeleb1_features/id11242/00008.npy,../../Datasets/VoxCeleb1_Mirror/id11242/00008.wav
train,id11243,../../Datasets/VoxCeleb1_features/id11243/00050.npy,../../Datasets/VoxCeleb1_Mirror/id11243/00050.wav
train,id11244,../../Datasets/VoxCeleb1_features/id11244/00024.npy,../../Datasets/VoxCeleb1_Mirror/id11244/00024.wav
train,id11245,../../Datasets/VoxCeleb1_features/id11245/00010.npy,../../Datasets/VoxCeleb1_Mirror/id11245/00010.wav
train,id11246,../../Datasets/VoxCeleb1_features/id11246/00005.npy,../../Datasets/VoxCeleb1_Mirror/id11246/00005.wav
train,id11247,../../Datasets/VoxCeleb1_features/id11247/00012.npy,../../Datasets/VoxCeleb1_Mirror/id11247/00012.wav
train,id11248,../../Datasets/VoxCeleb1_features/id11248/00029.npy,../../Datasets/VoxCeleb1_Mirror/id11248/00029.wav
train,id11249,../../Datasets/VoxCeleb1_features/id11249/00031.npy,../../Datasets/VoxCeleb1_Mirror/id11249/00031.wav
train,id11250,../../Datasets/VoxCeleb1_features/id11250/00008.npy,../../Datasets/VoxCeleb1_Mirror/id11250/00008.wav
train,id11251,../../Datasets/VoxCeleb1_features/id11251/00008.npy,../../Datasets/VoxCeleb1_Mirror/id11251/00008.wav
