split,class_name,npy_path,wav_path
train,Acanthis flammea_Common Redpoll,../../Datasets/BirdClef/features/Acanthis flammea_Common Redpoll/XC383641.npy,../../Datasets/BirdClef/audio/Acanthis flammea_Common Redpoll/XC383641.mp3
train,Acanthis flammea_Common Redpoll,../../Datasets/BirdClef/features/Acanthis flammea_Common Redpoll/XC130445.npy,../../Datasets/BirdClef/audio/Acanthis flammea_Common Redpoll/XC130445.mp3
train,Acanthis flammea_Common Redpoll,../../Datasets/BirdClef/features/Acanthis flammea_Common Redpoll/XC398879.npy,../../Datasets/BirdClef/audio/Acanthis flammea_Common Redpoll/XC398879.mp3
train,Acanthis flammea_Common Redpoll,../../Datasets/BirdClef/features/Acanthis flammea_Common Redpoll/XC218762.npy,../../Datasets/BirdClef/audio/Acanthis flammea_Common Redpoll/XC218762.mp3
train,Acanthis flammea_Common Redpoll,../../Datasets/BirdClef/features/Acanthis flammea_Common Redpoll/XC437867.npy,../../Datasets/BirdClef/audio/Acanthis flammea_Common Redpoll/XC437867.mp3
train,Accipiter cooperii_Cooper's Hawk,../../Datasets/BirdClef/features/Accipiter cooperii_Cooper's Hawk/XC321395.npy,../../Datasets/BirdClef/audio/Accipiter cooperii_Cooper's Hawk/XC321395.mp3
train,Accipiter cooperii_Cooper's Hawk,../../Datasets/BirdClef/features/Accipiter cooperii_Cooper's Hawk/XC161891.npy,../../Datasets/BirdClef/audio/Accipiter cooperii_Cooper's Hawk/XC161891.mp3
train,Accipiter cooperii_Cooper's Hawk,../../Datasets/BirdClef/features/Accipiter cooperii_Cooper's Hawk/XC159438.npy,../../Datasets/BirdClef/audio/Accipiter cooperii_Cooper's Hawk/XC159438.mp3
train,Accipiter cooperii_Cooper's Hawk,../../Datasets/BirdClef/features/Accipiter cooperii_Cooper's Hawk/XC171214.npy,../../Datasets/BirdClef/audio/Accipiter cooperii_Cooper's Hawk/XC171214.mp3
train,Accipiter cooperii_Cooper's Hawk,../../Datasets/BirdClef/features/Accipiter cooperii_Cooper's Hawk/XC218140.npy,../../Datasets/BirdClef/audio/Accipiter cooperii_Cooper's Hawk/XC218140.mp3
train,Accipiter gentilis_Northern Goshawk,../../Datasets/BirdClef/features/Accipiter gentilis_Northern Goshawk/XC379970.npy,../../Datasets/BirdClef/audio/Accipiter gentilis_Northern Goshawk/XC379970.mp3
train,Accipiter gentilis_Northern Goshawk,../../Datasets/BirdClef/features/Accipiter gentilis_Northern Goshawk/XC426223.npy,../../Datasets/BirdClef/audio/Accipiter gentilis_Northern Goshawk/XC426223.mp3
train,Accipiter gentilis_Northern Goshawk,../../Datasets/BirdClef/features/Accipiter gentilis_Northern Goshawk/XC425919.npy,../../Datasets/BirdClef/audio/Accipiter gentilis_Northern Goshawk/XC425919.mp3
train,Accipiter gentilis_Northern Goshawk,../../Datasets/BirdClef/features/Accipiter gentilis_Northern Goshawk/XC426222.npy,../../Datasets/BirdClef/audio/Accipiter gentilis_Northern Goshawk/XC426222.mp3
train,Accipiter gentilis_Northern Goshawk,../../Datasets/BirdClef/features/Accipiter gentilis_Northern Goshawk/XC405653.npy,../../Datasets/BirdClef/audio/Accipiter gentilis_Northern Goshawk/XC405653.mp3
train,Accipiter nisus_Eurasian Sparrowhawk,../../Datasets/BirdClef/features/Accipiter nisus_Eurasian Sparrowhawk/XC175851.npy,../../Datasets/BirdClef/audio/Accipiter nisus_Eurasian Sparrowhawk/XC175851.mp3
train,Accipiter nisus_Eurasian Sparrowhawk,../../Datasets/BirdClef/features/Accipiter nisus_Eurasian Sparrowhawk/XC105417.npy,../../Datasets/BirdClef/audio/Accipiter nisus_Eurasian Sparrowhawk/XC105417.mp3
train,Accipiter nisus_Eurasian Sparrowhawk,../../Datasets/BirdClef/features/Accipiter nisus_Eurasian Sparrowhawk/XC188561.npy,../../Datasets/BirdClef/audio/Accipiter nisus_Eurasian Sparrowhawk/XC188561.mp3
train,Accipiter nisus_Eurasian Sparrowhawk,../../Datasets/BirdClef/features/Accipiter nisus_Eurasian Sparrowhawk/XC281002.npy,../../Datasets/BirdClef/audio/Accipiter nisus_Eurasian Sparrowhawk/XC281002.mp3
train,Accipiter nisus_Eurasian Sparrowhawk,../../Datasets/BirdClef/features/Accipiter nisus_Eurasian Sparrowhawk/XC428264.npy,../../Datasets/BirdClef/audio/Accipiter nisus_Eurasian Sparrowhawk/XC428264.mp3
train,Acrocephalus arundinaceus_Great Reed Warbler,../../Datasets/BirdClef/features/Acrocephalus arundinaceus_Great Reed Warbler/XC347288.npy,../../Datasets/BirdClef/audio/Acrocephalus arundinaceus_Great Reed Warbler/XC347288.mp3
train,Acrocephalus arundinaceus_Great Reed Warbler,../../Datasets/BirdClef/features/Acrocephalus arundinaceus_Great Reed Warbler/XC137857.npy,../../Datasets/BirdClef/audio/Acrocephalus arundinaceus_Great Reed Warbler/XC137857.mp3
train,Acrocephalus arundinaceus_Great Reed Warbler,../../Datasets/BirdClef/features/Acrocephalus arundinaceus_Great Reed Warbler/XC287127.npy,../../Datasets/BirdClef/audio/Acrocephalus arundinaceus_Great Reed Warbler/XC287127.mp3
train,Acrocephalus arundinaceus_Great Reed Warbler,../../Datasets/BirdClef/features/Acrocephalus arundinaceus_Great Reed Warbler/XC364289.npy,../../Datasets/BirdClef/audio/Acrocephalus arundinaceus_Great Reed Warbler/XC364289.mp3
train,Acrocephalus arundinaceus_Great Reed Warbler,../../Datasets/BirdClef/features/Acrocephalus arundinaceus_Great Reed Warbler/XC363793.npy,../../Datasets/BirdClef/audio/Acrocephalus arundinaceus_Great Reed Warbler/XC363793.mp3
train,Acrocephalus scirpaceus_Eurasian Reed Warbler,../../Datasets/BirdClef/features/Acrocephalus scirpaceus_Eurasian Reed Warbler/XC143077.npy,../../Datasets/BirdClef/audio/Acrocephalus scirpaceus_Eurasian Reed Warbler/XC143077.mp3
train,Acrocephalus scirpaceus_Eurasian Reed Warbler,../../Datasets/BirdClef/features/Acrocephalus scirpaceus_Eurasian Reed Warbler/XC177735.npy,../../Datasets/BirdClef/audio/Acrocephalus scirpaceus_Eurasian Reed Warbler/XC177735.mp3
train,Acrocephalus scirpaceus_Eurasian Reed Warbler,../../Datasets/BirdClef/features/Acrocephalus scirpaceus_Eurasian Reed Warbler/XC19625.npy,../../Datasets/BirdClef/audio/Acrocephalus scirpaceus_Eurasian Reed Warbler/XC19625.mp3
train,Acrocephalus scirpaceus_Eurasian Reed Warbler,../../Datasets/BirdClef/features/Acrocephalus scirpaceus_Eurasian Reed Warbler/XC299922.npy,../../Datasets/BirdClef/audio/Acrocephalus scirpaceus_Eurasian Reed Warbler/XC299922.mp3
train,Acrocephalus scirpaceus_Eurasian Reed Warbler,../../Datasets/BirdClef/features/Acrocephalus scirpaceus_Eurasian Reed Warbler/XC143035.npy,../../Datasets/BirdClef/audio/Acrocephalus scirpaceus_Eurasian Reed Warbler/XC143035.mp3
train,Actitis hypoleucos_Common Sandpiper,../../Datasets/BirdClef/features/Actitis hypoleucos_Common Sandpiper/XC99966.npy,../../Datasets/BirdClef/audio/Actitis hypoleucos_Common Sandpiper/XC99966.mp3
train,Actitis hypoleucos_Common Sandpiper,../../Datasets/BirdClef/features/Actitis hypoleucos_Common Sandpiper/XC281130.npy,../../Datasets/BirdClef/audio/Actitis hypoleucos_Common Sandpiper/XC281130.mp3
train,Actitis hypoleucos_Common Sandpiper,../../Datasets/BirdClef/features/Actitis hypoleucos_Common Sandpiper/XC121739.npy,../../Datasets/BirdClef/audio/Actitis hypoleucos_Common Sandpiper/XC121739.mp3
train,Actitis hypoleucos_Common Sandpiper,../../Datasets/BirdClef/features/Actitis hypoleucos_Common Sandpiper/XC496436.npy,../../Datasets/BirdClef/audio/Actitis hypoleucos_Common Sandpiper/XC496436.mp3
train,Actitis hypoleucos_Common Sandpiper,../../Datasets/BirdClef/features/Actitis hypoleucos_Common Sandpiper/XC342914.npy,../../Datasets/BirdClef/audio/Actitis hypoleucos_Common Sandpiper/XC342914.mp3
train,Actitis macularius_Spotted Sandpiper,../../Datasets/BirdClef/features/Actitis macularius_Spotted Sandpiper/XC218192.npy,../../Datasets/BirdClef/audio/Actitis macularius_Spotted Sandpiper/XC218192.mp3
train,Actitis macularius_Spotted Sandpiper,../../Datasets/BirdClef/features/Actitis macularius_Spotted Sandpiper/XC389435.npy,../../Datasets/BirdClef/audio/Actitis macularius_Spotted Sandpiper/XC389435.mp3
train,Actitis macularius_Spotted Sandpiper,../../Datasets/BirdClef/features/Actitis macularius_Spotted Sandpiper/XC498129.npy,../../Datasets/BirdClef/audio/Actitis macularius_Spotted Sandpiper/XC498129.mp3
train,Actitis macularius_Spotted Sandpiper,../../Datasets/BirdClef/features/Actitis macularius_Spotted Sandpiper/XC101606.npy,../../Datasets/BirdClef/audio/Actitis macularius_Spotted Sandpiper/XC101606.mp3
train,Actitis macularius_Spotted Sandpiper,../../Datasets/BirdClef/features/Actitis macularius_Spotted Sandpiper/XC453000.npy,../../Datasets/BirdClef/audio/Actitis macularius_Spotted Sandpiper/XC453000.mp3
train,Aegithalos caudatus_Long-tailed Tit,../../Datasets/BirdClef/features/Aegithalos caudatus_Long-tailed Tit/XC342288.npy,../../Datasets/BirdClef/audio/Aegithalos caudatus_Long-tailed Tit/XC342288.mp3
train,Aegithalos caudatus_Long-tailed Tit,../../Datasets/BirdClef/features/Aegithalos caudatus_Long-tailed Tit/XC279671.npy,../../Datasets/BirdClef/audio/Aegithalos caudatus_Long-tailed Tit/XC279671.mp3
train,Aegithalos caudatus_Long-tailed Tit,../../Datasets/BirdClef/features/Aegithalos caudatus_Long-tailed Tit/XC339759.npy,../../Datasets/BirdClef/audio/Aegithalos caudatus_Long-tailed Tit/XC339759.mp3
train,Aegithalos caudatus_Long-tailed Tit,../../Datasets/BirdClef/features/Aegithalos caudatus_Long-tailed Tit/XC204747.npy,../../Datasets/BirdClef/audio/Aegithalos caudatus_Long-tailed Tit/XC204747.mp3
train,Aegithalos caudatus_Long-tailed Tit,../../Datasets/BirdClef/features/Aegithalos caudatus_Long-tailed Tit/XC342812.npy,../../Datasets/BirdClef/audio/Aegithalos caudatus_Long-tailed Tit/XC342812.mp3
train,Agelaius phoeniceus_Red-winged Blackbird,../../Datasets/BirdClef/features/Agelaius phoeniceus_Red-winged Blackbird/XC482700.npy,../../Datasets/BirdClef/audio/Agelaius phoeniceus_Red-winged Blackbird/XC482700.mp3
train,Agelaius phoeniceus_Red-winged Blackbird,../../Datasets/BirdClef/features/Agelaius phoeniceus_Red-winged Blackbird/XC479483.npy,../../Datasets/BirdClef/audio/Agelaius phoeniceus_Red-winged Blackbird/XC479483.mp3
train,Agelaius phoeniceus_Red-winged Blackbird,../../Datasets/BirdClef/features/Agelaius phoeniceus_Red-winged Blackbird/XC164257.npy,../../Datasets/BirdClef/audio/Agelaius phoeniceus_Red-winged Blackbird/XC164257.mp3
train,Agelaius phoeniceus_Red-winged Blackbird,../../Datasets/BirdClef/features/Agelaius phoeniceus_Red-winged Blackbird/XC477979.npy,../../Datasets/BirdClef/audio/Agelaius phoeniceus_Red-winged Blackbird/XC477979.mp3
train,Agelaius phoeniceus_Red-winged Blackbird,../../Datasets/BirdClef/features/Agelaius phoeniceus_Red-winged Blackbird/XC325700.npy,../../Datasets/BirdClef/audio/Agelaius phoeniceus_Red-winged Blackbird/XC325700.mp3
train,Aix galericulata_Mandarin Duck,../../Datasets/BirdClef/features/Aix galericulata_Mandarin Duck/XC42687.npy,../../Datasets/BirdClef/audio/Aix galericulata_Mandarin Duck/XC42687.mp3
train,Aix galericulata_Mandarin Duck,../../Datasets/BirdClef/features/Aix galericulata_Mandarin Duck/XC356040.npy,../../Datasets/BirdClef/audio/Aix galericulata_Mandarin Duck/XC356040.mp3
train,Aix galericulata_Mandarin Duck,../../Datasets/BirdClef/features/Aix galericulata_Mandarin Duck/XC356949.npy,../../Datasets/BirdClef/audio/Aix galericulata_Mandarin Duck/XC356949.mp3
train,Aix galericulata_Mandarin Duck,../../Datasets/BirdClef/features/Aix galericulata_Mandarin Duck/XC292108.npy,../../Datasets/BirdClef/audio/Aix galericulata_Mandarin Duck/XC292108.mp3
train,Aix galericulata_Mandarin Duck,../../Datasets/BirdClef/features/Aix galericulata_Mandarin Duck/XC116225.npy,../../Datasets/BirdClef/audio/Aix galericulata_Mandarin Duck/XC116225.mp3
train,Aix sponsa_Wood Duck,../../Datasets/BirdClef/features/Aix sponsa_Wood Duck/XC347194.npy,../../Datasets/BirdClef/audio/Aix sponsa_Wood Duck/XC347194.mp3
train,Aix sponsa_Wood Duck,../../Datasets/BirdClef/features/Aix sponsa_Wood Duck/XC453756.npy,../../Datasets/BirdClef/audio/Aix sponsa_Wood Duck/XC453756.mp3
train,Aix sponsa_Wood Duck,../../Datasets/BirdClef/features/Aix sponsa_Wood Duck/XC174542.npy,../../Datasets/BirdClef/audio/Aix sponsa_Wood Duck/XC174542.mp3
train,Aix sponsa_Wood Duck,../../Datasets/BirdClef/features/Aix sponsa_Wood Duck/XC451137.npy,../../Datasets/BirdClef/audio/Aix sponsa_Wood Duck/XC451137.mp3
train,Aix sponsa_Wood Duck,../../Datasets/BirdClef/features/Aix sponsa_Wood Duck/XC210720.npy,../../Datasets/BirdClef/audio/Aix sponsa_Wood Duck/XC210720.mp3
train,Akletos goeldii_Goeldi's Antbird,../../Datasets/BirdClef/features/Akletos goeldii_Goeldi's Antbird/XC153065.npy,../../Datasets/BirdClef/audio/Akletos goeldii_Goeldi's Antbird/XC153065.mp3
train,Akletos goeldii_Goeldi's Antbird,../../Datasets/BirdClef/features/Akletos goeldii_Goeldi's Antbird/XC73873.npy,../../Datasets/BirdClef/audio/Akletos goeldii_Goeldi's Antbird/XC73873.mp3
train,Akletos goeldii_Goeldi's Antbird,../../Datasets/BirdClef/features/Akletos goeldii_Goeldi's Antbird/XC122316.npy,../../Datasets/BirdClef/audio/Akletos goeldii_Goeldi's Antbird/XC122316.mp3
train,Akletos goeldii_Goeldi's Antbird,../../Datasets/BirdClef/features/Akletos goeldii_Goeldi's Antbird/XC14063.npy,../../Datasets/BirdClef/audio/Akletos goeldii_Goeldi's Antbird/XC14063.mp3
train,Akletos goeldii_Goeldi's Antbird,../../Datasets/BirdClef/features/Akletos goeldii_Goeldi's Antbird/XC143388.npy,../../Datasets/BirdClef/audio/Akletos goeldii_Goeldi's Antbird/XC143388.mp3
train,Alauda arvensis_Eurasian Skylark,../../Datasets/BirdClef/features/Alauda arvensis_Eurasian Skylark/XC197398.npy,../../Datasets/BirdClef/audio/Alauda arvensis_Eurasian Skylark/XC197398.mp3
train,Alauda arvensis_Eurasian Skylark,../../Datasets/BirdClef/features/Alauda arvensis_Eurasian Skylark/XC138225.npy,../../Datasets/BirdClef/audio/Alauda arvensis_Eurasian Skylark/XC138225.mp3
train,Alauda arvensis_Eurasian Skylark,../../Datasets/BirdClef/features/Alauda arvensis_Eurasian Skylark/XC309476.npy,../../Datasets/BirdClef/audio/Alauda arvensis_Eurasian Skylark/XC309476.mp3
train,Alauda arvensis_Eurasian Skylark,../../Datasets/BirdClef/features/Alauda arvensis_Eurasian Skylark/XC25716.npy,../../Datasets/BirdClef/audio/Alauda arvensis_Eurasian Skylark/XC25716.mp3
train,Alauda arvensis_Eurasian Skylark,../../Datasets/BirdClef/features/Alauda arvensis_Eurasian Skylark/XC153899.npy,../../Datasets/BirdClef/audio/Alauda arvensis_Eurasian Skylark/XC153899.mp3
train,Alcedo atthis_Common Kingfisher,../../Datasets/BirdClef/features/Alcedo atthis_Common Kingfisher/XC501144.npy,../../Datasets/BirdClef/audio/Alcedo atthis_Common Kingfisher/XC501144.mp3
train,Alcedo atthis_Common Kingfisher,../../Datasets/BirdClef/features/Alcedo atthis_Common Kingfisher/XC118166.npy,../../Datasets/BirdClef/audio/Alcedo atthis_Common Kingfisher/XC118166.mp3
train,Alcedo atthis_Common Kingfisher,../../Datasets/BirdClef/features/Alcedo atthis_Common Kingfisher/XC459889.npy,../../Datasets/BirdClef/audio/Alcedo atthis_Common Kingfisher/XC459889.mp3
train,Alcedo atthis_Common Kingfisher,../../Datasets/BirdClef/features/Alcedo atthis_Common Kingfisher/XC279679.npy,../../Datasets/BirdClef/audio/Alcedo atthis_Common Kingfisher/XC279679.mp3
train,Alcedo atthis_Common Kingfisher,../../Datasets/BirdClef/features/Alcedo atthis_Common Kingfisher/XC494719.npy,../../Datasets/BirdClef/audio/Alcedo atthis_Common Kingfisher/XC494719.mp3
train,Alopochen aegyptiaca_Egyptian Goose,../../Datasets/BirdClef/features/Alopochen aegyptiaca_Egyptian Goose/XC429471.npy,../../Datasets/BirdClef/audio/Alopochen aegyptiaca_Egyptian Goose/XC429471.mp3
train,Alopochen aegyptiaca_Egyptian Goose,../../Datasets/BirdClef/features/Alopochen aegyptiaca_Egyptian Goose/XC429470.npy,../../Datasets/BirdClef/audio/Alopochen aegyptiaca_Egyptian Goose/XC429470.mp3
train,Alopochen aegyptiaca_Egyptian Goose,../../Datasets/BirdClef/features/Alopochen aegyptiaca_Egyptian Goose/XC455084.npy,../../Datasets/BirdClef/audio/Alopochen aegyptiaca_Egyptian Goose/XC455084.mp3
train,Alopochen aegyptiaca_Egyptian Goose,../../Datasets/BirdClef/features/Alopochen aegyptiaca_Egyptian Goose/XC277066.npy,../../Datasets/BirdClef/audio/Alopochen aegyptiaca_Egyptian Goose/XC277066.mp3
train,Alopochen aegyptiaca_Egyptian Goose,../../Datasets/BirdClef/features/Alopochen aegyptiaca_Egyptian Goose/XC96616.npy,../../Datasets/BirdClef/audio/Alopochen aegyptiaca_Egyptian Goose/XC96616.mp3
train,Amazona farinosa_Mealy Parrot,../../Datasets/BirdClef/features/Amazona farinosa_Mealy Parrot/XC218373.npy,../../Datasets/BirdClef/audio/Amazona farinosa_Mealy Parrot/XC218373.mp3
train,Amazona farinosa_Mealy Parrot,../../Datasets/BirdClef/features/Amazona farinosa_Mealy Parrot/XC218366.npy,../../Datasets/BirdClef/audio/Amazona farinosa_Mealy Parrot/XC218366.mp3
train,Amazona farinosa_Mealy Parrot,../../Datasets/BirdClef/features/Amazona farinosa_Mealy Parrot/XC2856.npy,../../Datasets/BirdClef/audio/Amazona farinosa_Mealy Parrot/XC2856.mp3
train,Amazona farinosa_Mealy Parrot,../../Datasets/BirdClef/features/Amazona farinosa_Mealy Parrot/XC257702.npy,../../Datasets/BirdClef/audio/Amazona farinosa_Mealy Parrot/XC257702.mp3
train,Amazona farinosa_Mealy Parrot,../../Datasets/BirdClef/features/Amazona farinosa_Mealy Parrot/XC113214.npy,../../Datasets/BirdClef/audio/Amazona farinosa_Mealy Parrot/XC113214.mp3
train,Amazona ochrocephala_Yellow-crowned Parrot,../../Datasets/BirdClef/features/Amazona ochrocephala_Yellow-crowned Parrot/XC66209.npy,../../Datasets/BirdClef/audio/Amazona ochrocephala_Yellow-crowned Parrot/XC66209.mp3
train,Amazona ochrocephala_Yellow-crowned Parrot,../../Datasets/BirdClef/features/Amazona ochrocephala_Yellow-crowned Parrot/XC39989.npy,../../Datasets/BirdClef/audio/Amazona ochrocephala_Yellow-crowned Parrot/XC39989.mp3
train,Amazona ochrocephala_Yellow-crowned Parrot,../../Datasets/BirdClef/features/Amazona ochrocephala_Yellow-crowned Parrot/XC115516.npy,../../Datasets/BirdClef/audio/Amazona ochrocephala_Yellow-crowned Parrot/XC115516.mp3
train,Amazona ochrocephala_Yellow-crowned Parrot,../../Datasets/BirdClef/features/Amazona ochrocephala_Yellow-crowned Parrot/XC266375.npy,../../Datasets/BirdClef/audio/Amazona ochrocephala_Yellow-crowned Parrot/XC266375.mp3
train,Amazona ochrocephala_Yellow-crowned Parrot,../../Datasets/BirdClef/features/Amazona ochrocephala_Yellow-crowned Parrot/XC18345.npy,../../Datasets/BirdClef/audio/Amazona ochrocephala_Yellow-crowned Parrot/XC18345.mp3
train,Ammodramus aurifrons_Yellow-browed Sparrow,../../Datasets/BirdClef/features/Ammodramus aurifrons_Yellow-browed Sparrow/XC91442.npy,../../Datasets/BirdClef/audio/Ammodramus aurifrons_Yellow-browed Sparrow/XC91442.mp3
train,Ammodramus aurifrons_Yellow-browed Sparrow,../../Datasets/BirdClef/features/Ammodramus aurifrons_Yellow-browed Sparrow/XC120136.npy,../../Datasets/BirdClef/audio/Ammodramus aurifrons_Yellow-browed Sparrow/XC120136.mp3
train,Ammodramus aurifrons_Yellow-browed Sparrow,../../Datasets/BirdClef/features/Ammodramus aurifrons_Yellow-browed Sparrow/XC446957.npy,../../Datasets/BirdClef/audio/Ammodramus aurifrons_Yellow-browed Sparrow/XC446957.mp3
train,Ammodramus aurifrons_Yellow-browed Sparrow,../../Datasets/BirdClef/features/Ammodramus aurifrons_Yellow-browed Sparrow/XC43701.npy,../../Datasets/BirdClef/audio/Ammodramus aurifrons_Yellow-browed Sparrow/XC43701.mp3
train,Ammodramus aurifrons_Yellow-browed Sparrow,../../Datasets/BirdClef/features/Ammodramus aurifrons_Yellow-browed Sparrow/XC428447.npy,../../Datasets/BirdClef/audio/Ammodramus aurifrons_Yellow-browed Sparrow/XC428447.mp3
train,Ammodramus humeralis_Grassland Sparrow,../../Datasets/BirdClef/features/Ammodramus humeralis_Grassland Sparrow/XC146553.npy,../../Datasets/BirdClef/audio/Ammodramus humeralis_Grassland Sparrow/XC146553.mp3
train,Ammodramus humeralis_Grassland Sparrow,../../Datasets/BirdClef/features/Ammodramus humeralis_Grassland Sparrow/XC51996.npy,../../Datasets/BirdClef/audio/Ammodramus humeralis_Grassland Sparrow/XC51996.mp3
train,Ammodramus humeralis_Grassland Sparrow,../../Datasets/BirdClef/features/Ammodramus humeralis_Grassland Sparrow/XC20858.npy,../../Datasets/BirdClef/audio/Ammodramus humeralis_Grassland Sparrow/XC20858.mp3
train,Ammodramus humeralis_Grassland Sparrow,../../Datasets/BirdClef/features/Ammodramus humeralis_Grassland Sparrow/XC200399.npy,../../Datasets/BirdClef/audio/Ammodramus humeralis_Grassland Sparrow/XC200399.mp3
train,Ammodramus humeralis_Grassland Sparrow,../../Datasets/BirdClef/features/Ammodramus humeralis_Grassland Sparrow/XC54582.npy,../../Datasets/BirdClef/audio/Ammodramus humeralis_Grassland Sparrow/XC54582.mp3
train,Amphispiza bilineata_Black-throated Sparrow,../../Datasets/BirdClef/features/Amphispiza bilineata_Black-throated Sparrow/XC21728.npy,../../Datasets/BirdClef/audio/Amphispiza bilineata_Black-throated Sparrow/XC21728.mp3
train,Amphispiza bilineata_Black-throated Sparrow,../../Datasets/BirdClef/features/Amphispiza bilineata_Black-throated Sparrow/XC109950.npy,../../Datasets/BirdClef/audio/Amphispiza bilineata_Black-throated Sparrow/XC109950.mp3
train,Amphispiza bilineata_Black-throated Sparrow,../../Datasets/BirdClef/features/Amphispiza bilineata_Black-throated Sparrow/XC314138.npy,../../Datasets/BirdClef/audio/Amphispiza bilineata_Black-throated Sparrow/XC314138.mp3
train,Amphispiza bilineata_Black-throated Sparrow,../../Datasets/BirdClef/features/Amphispiza bilineata_Black-throated Sparrow/XC111306.npy,../../Datasets/BirdClef/audio/Amphispiza bilineata_Black-throated Sparrow/XC111306.mp3
train,Amphispiza bilineata_Black-throated Sparrow,../../Datasets/BirdClef/features/Amphispiza bilineata_Black-throated Sparrow/XC408172.npy,../../Datasets/BirdClef/audio/Amphispiza bilineata_Black-throated Sparrow/XC408172.mp3
train,Anas acuta_Northern Pintail,../../Datasets/BirdClef/features/Anas acuta_Northern Pintail/XC266788.npy,../../Datasets/BirdClef/audio/Anas acuta_Northern Pintail/XC266788.mp3
train,Anas acuta_Northern Pintail,../../Datasets/BirdClef/features/Anas acuta_Northern Pintail/XC280939.npy,../../Datasets/BirdClef/audio/Anas acuta_Northern Pintail/XC280939.mp3
train,Anas acuta_Northern Pintail,../../Datasets/BirdClef/features/Anas acuta_Northern Pintail/XC129047.npy,../../Datasets/BirdClef/audio/Anas acuta_Northern Pintail/XC129047.mp3
train,Anas acuta_Northern Pintail,../../Datasets/BirdClef/features/Anas acuta_Northern Pintail/XC432258.npy,../../Datasets/BirdClef/audio/Anas acuta_Northern Pintail/XC432258.mp3
train,Anas acuta_Northern Pintail,../../Datasets/BirdClef/features/Anas acuta_Northern Pintail/XC432787.npy,../../Datasets/BirdClef/audio/Anas acuta_Northern Pintail/XC432787.mp3
train,Anas crecca_Green-winged Teal,../../Datasets/BirdClef/features/Anas crecca_Green-winged Teal/XC461611.npy,../../Datasets/BirdClef/audio/Anas crecca_Green-winged Teal/XC461611.mp3
train,Anas crecca_Green-winged Teal,../../Datasets/BirdClef/features/Anas crecca_Green-winged Teal/XC432744.npy,../../Datasets/BirdClef/audio/Anas crecca_Green-winged Teal/XC432744.mp3
train,Anas crecca_Green-winged Teal,../../Datasets/BirdClef/features/Anas crecca_Green-winged Teal/XC365501.npy,../../Datasets/BirdClef/audio/Anas crecca_Green-winged Teal/XC365501.mp3
train,Anas crecca_Green-winged Teal,../../Datasets/BirdClef/features/Anas crecca_Green-winged Teal/XC464123.npy,../../Datasets/BirdClef/audio/Anas crecca_Green-winged Teal/XC464123.mp3
train,Anas crecca_Green-winged Teal,../../Datasets/BirdClef/features/Anas crecca_Green-winged Teal/XC107298.npy,../../Datasets/BirdClef/audio/Anas crecca_Green-winged Teal/XC107298.mp3
train,Anas platyrhynchos_Mallard,../../Datasets/BirdClef/features/Anas platyrhynchos_Mallard/XC497824.npy,../../Datasets/BirdClef/audio/Anas platyrhynchos_Mallard/XC497824.mp3
train,Anas platyrhynchos_Mallard,../../Datasets/BirdClef/features/Anas platyrhynchos_Mallard/XC252165.npy,../../Datasets/BirdClef/audio/Anas platyrhynchos_Mallard/XC252165.mp3
train,Anas platyrhynchos_Mallard,../../Datasets/BirdClef/features/Anas platyrhynchos_Mallard/XC62258.npy,../../Datasets/BirdClef/audio/Anas platyrhynchos_Mallard/XC62258.mp3
train,Anas platyrhynchos_Mallard,../../Datasets/BirdClef/features/Anas platyrhynchos_Mallard/XC437498.npy,../../Datasets/BirdClef/audio/Anas platyrhynchos_Mallard/XC437498.mp3
train,Anas platyrhynchos_Mallard,../../Datasets/BirdClef/features/Anas platyrhynchos_Mallard/XC340598.npy,../../Datasets/BirdClef/audio/Anas platyrhynchos_Mallard/XC340598.mp3
train,Anhima cornuta_Horned Screamer,../../Datasets/BirdClef/features/Anhima cornuta_Horned Screamer/XC453568.npy,../../Datasets/BirdClef/audio/Anhima cornuta_Horned Screamer/XC453568.mp3
train,Anhima cornuta_Horned Screamer,../../Datasets/BirdClef/features/Anhima cornuta_Horned Screamer/XC439454.npy,../../Datasets/BirdClef/audio/Anhima cornuta_Horned Screamer/XC439454.mp3
train,Anhima cornuta_Horned Screamer,../../Datasets/BirdClef/features/Anhima cornuta_Horned Screamer/XC218590.npy,../../Datasets/BirdClef/audio/Anhima cornuta_Horned Screamer/XC218590.mp3
train,Anhima cornuta_Horned Screamer,../../Datasets/BirdClef/features/Anhima cornuta_Horned Screamer/XC329860.npy,../../Datasets/BirdClef/audio/Anhima cornuta_Horned Screamer/XC329860.mp3
train,Anhima cornuta_Horned Screamer,../../Datasets/BirdClef/features/Anhima cornuta_Horned Screamer/XC424976.npy,../../Datasets/BirdClef/audio/Anhima cornuta_Horned Screamer/XC424976.mp3
train,Anser albifrons_Greater White-fronted Goose,../../Datasets/BirdClef/features/Anser albifrons_Greater White-fronted Goose/XC443248.npy,../../Datasets/BirdClef/audio/Anser albifrons_Greater White-fronted Goose/XC443248.mp3
train,Anser albifrons_Greater White-fronted Goose,../../Datasets/BirdClef/features/Anser albifrons_Greater White-fronted Goose/XC169484.npy,../../Datasets/BirdClef/audio/Anser albifrons_Greater White-fronted Goose/XC169484.mp3
train,Anser albifrons_Greater White-fronted Goose,../../Datasets/BirdClef/features/Anser albifrons_Greater White-fronted Goose/XC126034.npy,../../Datasets/BirdClef/audio/Anser albifrons_Greater White-fronted Goose/XC126034.mp3
train,Anser albifrons_Greater White-fronted Goose,../../Datasets/BirdClef/features/Anser albifrons_Greater White-fronted Goose/XC202770.npy,../../Datasets/BirdClef/audio/Anser albifrons_Greater White-fronted Goose/XC202770.mp3
train,Anser albifrons_Greater White-fronted Goose,../../Datasets/BirdClef/features/Anser albifrons_Greater White-fronted Goose/XC202771.npy,../../Datasets/BirdClef/audio/Anser albifrons_Greater White-fronted Goose/XC202771.mp3
train,Anser anser_Graylag Goose,../../Datasets/BirdClef/features/Anser anser_Graylag Goose/XC214282.npy,../../Datasets/BirdClef/audio/Anser anser_Graylag Goose/XC214282.mp3
train,Anser anser_Graylag Goose,../../Datasets/BirdClef/features/Anser anser_Graylag Goose/XC263925.npy,../../Datasets/BirdClef/audio/Anser anser_Graylag Goose/XC263925.mp3
train,Anser anser_Graylag Goose,../../Datasets/BirdClef/features/Anser anser_Graylag Goose/XC391282.npy,../../Datasets/BirdClef/audio/Anser anser_Graylag Goose/XC391282.mp3
train,Anser anser_Graylag Goose,../../Datasets/BirdClef/features/Anser anser_Graylag Goose/XC458078.npy,../../Datasets/BirdClef/audio/Anser anser_Graylag Goose/XC458078.mp3
train,Anser anser_Graylag Goose,../../Datasets/BirdClef/features/Anser anser_Graylag Goose/XC27163.npy,../../Datasets/BirdClef/audio/Anser anser_Graylag Goose/XC27163.mp3
train,Anser caerulescens_Snow Goose,../../Datasets/BirdClef/features/Anser caerulescens_Snow Goose/XC28266.npy,../../Datasets/BirdClef/audio/Anser caerulescens_Snow Goose/XC28266.mp3
train,Anser caerulescens_Snow Goose,../../Datasets/BirdClef/features/Anser caerulescens_Snow Goose/XC116051.npy,../../Datasets/BirdClef/audio/Anser caerulescens_Snow Goose/XC116051.mp3
train,Anser caerulescens_Snow Goose,../../Datasets/BirdClef/features/Anser caerulescens_Snow Goose/XC220924.npy,../../Datasets/BirdClef/audio/Anser caerulescens_Snow Goose/XC220924.mp3
train,Anser caerulescens_Snow Goose,../../Datasets/BirdClef/features/Anser caerulescens_Snow Goose/XC160472.npy,../../Datasets/BirdClef/audio/Anser caerulescens_Snow Goose/XC160472.mp3
train,Anser caerulescens_Snow Goose,../../Datasets/BirdClef/features/Anser caerulescens_Snow Goose/XC452070.npy,../../Datasets/BirdClef/audio/Anser caerulescens_Snow Goose/XC452070.mp3
train,Anthus pratensis_Meadow Pipit,../../Datasets/BirdClef/features/Anthus pratensis_Meadow Pipit/XC374451.npy,../../Datasets/BirdClef/audio/Anthus pratensis_Meadow Pipit/XC374451.mp3
train,Anthus pratensis_Meadow Pipit,../../Datasets/BirdClef/features/Anthus pratensis_Meadow Pipit/XC67331.npy,../../Datasets/BirdClef/audio/Anthus pratensis_Meadow Pipit/XC67331.mp3
train,Anthus pratensis_Meadow Pipit,../../Datasets/BirdClef/features/Anthus pratensis_Meadow Pipit/XC180270.npy,../../Datasets/BirdClef/audio/Anthus pratensis_Meadow Pipit/XC180270.mp3
train,Anthus pratensis_Meadow Pipit,../../Datasets/BirdClef/features/Anthus pratensis_Meadow Pipit/XC475491.npy,../../Datasets/BirdClef/audio/Anthus pratensis_Meadow Pipit/XC475491.mp3
train,Anthus pratensis_Meadow Pipit,../../Datasets/BirdClef/features/Anthus pratensis_Meadow Pipit/XC144582.npy,../../Datasets/BirdClef/audio/Anthus pratensis_Meadow Pipit/XC144582.mp3
train,Anthus rubescens_American Pipit,../../Datasets/BirdClef/features/Anthus rubescens_American Pipit/XC358862.npy,../../Datasets/BirdClef/audio/Anthus rubescens_American Pipit/XC358862.mp3
train,Anthus rubescens_American Pipit,../../Datasets/BirdClef/features/Anthus rubescens_American Pipit/XC339906.npy,../../Datasets/BirdClef/audio/Anthus rubescens_American Pipit/XC339906.mp3
train,Anthus rubescens_American Pipit,../../Datasets/BirdClef/features/Anthus rubescens_American Pipit/XC358683.npy,../../Datasets/BirdClef/audio/Anthus rubescens_American Pipit/XC358683.mp3
train,Anthus rubescens_American Pipit,../../Datasets/BirdClef/features/Anthus rubescens_American Pipit/XC159605.npy,../../Datasets/BirdClef/audio/Anthus rubescens_American Pipit/XC159605.mp3
train,Anthus rubescens_American Pipit,../../Datasets/BirdClef/features/Anthus rubescens_American Pipit/XC395155.npy,../../Datasets/BirdClef/audio/Anthus rubescens_American Pipit/XC395155.mp3
train,Anthus trivialis_Tree Pipit,../../Datasets/BirdClef/features/Anthus trivialis_Tree Pipit/XC30057.npy,../../Datasets/BirdClef/audio/Anthus trivialis_Tree Pipit/XC30057.mp3
train,Anthus trivialis_Tree Pipit,../../Datasets/BirdClef/features/Anthus trivialis_Tree Pipit/XC345761.npy,../../Datasets/BirdClef/audio/Anthus trivialis_Tree Pipit/XC345761.mp3
train,Anthus trivialis_Tree Pipit,../../Datasets/BirdClef/features/Anthus trivialis_Tree Pipit/XC252745.npy,../../Datasets/BirdClef/audio/Anthus trivialis_Tree Pipit/XC252745.mp3
train,Anthus trivialis_Tree Pipit,../../Datasets/BirdClef/features/Anthus trivialis_Tree Pipit/XC363642.npy,../../Datasets/BirdClef/audio/Anthus trivialis_Tree Pipit/XC363642.mp3
train,Anthus trivialis_Tree Pipit,../../Datasets/BirdClef/features/Anthus trivialis_Tree Pipit/XC167137.npy,../../Datasets/BirdClef/audio/Anthus trivialis_Tree Pipit/XC167137.mp3
train,Anurolimnas castaneiceps_Chestnut-headed Crake,../../Datasets/BirdClef/features/Anurolimnas castaneiceps_Chestnut-headed Crake/XC306300.npy,../../Datasets/BirdClef/audio/Anurolimnas castaneiceps_Chestnut-headed Crake/XC306300.mp3
train,Anurolimnas castaneiceps_Chestnut-headed Crake,../../Datasets/BirdClef/features/Anurolimnas castaneiceps_Chestnut-headed Crake/XC180648.npy,../../Datasets/BirdClef/audio/Anurolimnas castaneiceps_Chestnut-headed Crake/XC180648.mp3
train,Anurolimnas castaneiceps_Chestnut-headed Crake,../../Datasets/BirdClef/features/Anurolimnas castaneiceps_Chestnut-headed Crake/XC453538.npy,../../Datasets/BirdClef/audio/Anurolimnas castaneiceps_Chestnut-headed Crake/XC453538.mp3
train,Anurolimnas castaneiceps_Chestnut-headed Crake,../../Datasets/BirdClef/features/Anurolimnas castaneiceps_Chestnut-headed Crake/XC4957.npy,../../Datasets/BirdClef/audio/Anurolimnas castaneiceps_Chestnut-headed Crake/XC4957.mp3
train,Anurolimnas castaneiceps_Chestnut-headed Crake,../../Datasets/BirdClef/features/Anurolimnas castaneiceps_Chestnut-headed Crake/XC73097.npy,../../Datasets/BirdClef/audio/Anurolimnas castaneiceps_Chestnut-headed Crake/XC73097.mp3
train,Aphelocoma californica_California Scrub-Jay,../../Datasets/BirdClef/features/Aphelocoma californica_California Scrub-Jay/XC163703.npy,../../Datasets/BirdClef/audio/Aphelocoma californica_California Scrub-Jay/XC163703.mp3
train,Aphelocoma californica_California Scrub-Jay,../../Datasets/BirdClef/features/Aphelocoma californica_California Scrub-Jay/XC163707.npy,../../Datasets/BirdClef/audio/Aphelocoma californica_California Scrub-Jay/XC163707.mp3
train,Aphelocoma californica_California Scrub-Jay,../../Datasets/BirdClef/features/Aphelocoma californica_California Scrub-Jay/XC270240.npy,../../Datasets/BirdClef/audio/Aphelocoma californica_California Scrub-Jay/XC270240.mp3
train,Aphelocoma californica_California Scrub-Jay,../../Datasets/BirdClef/features/Aphelocoma californica_California Scrub-Jay/XC90153.npy,../../Datasets/BirdClef/audio/Aphelocoma californica_California Scrub-Jay/XC90153.mp3
train,Aphelocoma californica_California Scrub-Jay,../../Datasets/BirdClef/features/Aphelocoma californica_California Scrub-Jay/XC348774.npy,../../Datasets/BirdClef/audio/Aphelocoma californica_California Scrub-Jay/XC348774.mp3
train,Aphelocoma woodhouseii_Woodhouse's Scrub-Jay,../../Datasets/BirdClef/features/Aphelocoma woodhouseii_Woodhouse's Scrub-Jay/XC163697.npy,../../Datasets/BirdClef/audio/Aphelocoma woodhouseii_Woodhouse's Scrub-Jay/XC163697.mp3
train,Aphelocoma woodhouseii_Woodhouse's Scrub-Jay,../../Datasets/BirdClef/features/Aphelocoma woodhouseii_Woodhouse's Scrub-Jay/XC9663.npy,../../Datasets/BirdClef/audio/Aphelocoma woodhouseii_Woodhouse's Scrub-Jay/XC9663.mp3
train,Aphelocoma woodhouseii_Woodhouse's Scrub-Jay,../../Datasets/BirdClef/features/Aphelocoma woodhouseii_Woodhouse's Scrub-Jay/XC31509.npy,../../Datasets/BirdClef/audio/Aphelocoma woodhouseii_Woodhouse's Scrub-Jay/XC31509.mp3
train,Aphelocoma woodhouseii_Woodhouse's Scrub-Jay,../../Datasets/BirdClef/features/Aphelocoma woodhouseii_Woodhouse's Scrub-Jay/XC358542.npy,../../Datasets/BirdClef/audio/Aphelocoma woodhouseii_Woodhouse's Scrub-Jay/XC358542.mp3
train,Aphelocoma woodhouseii_Woodhouse's Scrub-Jay,../../Datasets/BirdClef/features/Aphelocoma woodhouseii_Woodhouse's Scrub-Jay/XC274848.npy,../../Datasets/BirdClef/audio/Aphelocoma woodhouseii_Woodhouse's Scrub-Jay/XC274848.mp3
train,Apus apus_Common Swift,../../Datasets/BirdClef/features/Apus apus_Common Swift/XC492936.npy,../../Datasets/BirdClef/audio/Apus apus_Common Swift/XC492936.mp3
train,Apus apus_Common Swift,../../Datasets/BirdClef/features/Apus apus_Common Swift/XC421048.npy,../../Datasets/BirdClef/audio/Apus apus_Common Swift/XC421048.mp3
train,Apus apus_Common Swift,../../Datasets/BirdClef/features/Apus apus_Common Swift/XC106178.npy,../../Datasets/BirdClef/audio/Apus apus_Common Swift/XC106178.mp3
train,Apus apus_Common Swift,../../Datasets/BirdClef/features/Apus apus_Common Swift/XC331848.npy,../../Datasets/BirdClef/audio/Apus apus_Common Swift/XC331848.mp3
train,Apus apus_Common Swift,../../Datasets/BirdClef/features/Apus apus_Common Swift/XC105084.npy,../../Datasets/BirdClef/audio/Apus apus_Common Swift/XC105084.mp3
train,Ara ararauna_Blue-and-yellow Macaw,../../Datasets/BirdClef/features/Ara ararauna_Blue-and-yellow Macaw/XC218894.npy,../../Datasets/BirdClef/audio/Ara ararauna_Blue-and-yellow Macaw/XC218894.mp3
train,Ara ararauna_Blue-and-yellow Macaw,../../Datasets/BirdClef/features/Ara ararauna_Blue-and-yellow Macaw/XC108125.npy,../../Datasets/BirdClef/audio/Ara ararauna_Blue-and-yellow Macaw/XC108125.mp3
train,Ara ararauna_Blue-and-yellow Macaw,../../Datasets/BirdClef/features/Ara ararauna_Blue-and-yellow Macaw/XC274942.npy,../../Datasets/BirdClef/audio/Ara ararauna_Blue-and-yellow Macaw/XC274942.mp3
train,Ara ararauna_Blue-and-yellow Macaw,../../Datasets/BirdClef/features/Ara ararauna_Blue-and-yellow Macaw/XC453524.npy,../../Datasets/BirdClef/audio/Ara ararauna_Blue-and-yellow Macaw/XC453524.mp3
train,Ara ararauna_Blue-and-yellow Macaw,../../Datasets/BirdClef/features/Ara ararauna_Blue-and-yellow Macaw/XC218890.npy,../../Datasets/BirdClef/audio/Ara ararauna_Blue-and-yellow Macaw/XC218890.mp3
train,Ara chloropterus_Red-and-green Macaw,../../Datasets/BirdClef/features/Ara chloropterus_Red-and-green Macaw/XC67035.npy,../../Datasets/BirdClef/audio/Ara chloropterus_Red-and-green Macaw/XC67035.mp3
train,Ara chloropterus_Red-and-green Macaw,../../Datasets/BirdClef/features/Ara chloropterus_Red-and-green Macaw/XC129840.npy,../../Datasets/BirdClef/audio/Ara chloropterus_Red-and-green Macaw/XC129840.mp3
train,Ara chloropterus_Red-and-green Macaw,../../Datasets/BirdClef/features/Ara chloropterus_Red-and-green Macaw/XC2906.npy,../../Datasets/BirdClef/audio/Ara chloropterus_Red-and-green Macaw/XC2906.mp3
train,Ara chloropterus_Red-and-green Macaw,../../Datasets/BirdClef/features/Ara chloropterus_Red-and-green Macaw/XC145814.npy,../../Datasets/BirdClef/audio/Ara chloropterus_Red-and-green Macaw/XC145814.mp3
train,Ara chloropterus_Red-and-green Macaw,../../Datasets/BirdClef/features/Ara chloropterus_Red-and-green Macaw/XC195317.npy,../../Datasets/BirdClef/audio/Ara chloropterus_Red-and-green Macaw/XC195317.mp3
train,Ara macao_Scarlet Macaw,../../Datasets/BirdClef/features/Ara macao_Scarlet Macaw/XC437671.npy,../../Datasets/BirdClef/audio/Ara macao_Scarlet Macaw/XC437671.mp3
train,Ara macao_Scarlet Macaw,../../Datasets/BirdClef/features/Ara macao_Scarlet Macaw/XC9009.npy,../../Datasets/BirdClef/audio/Ara macao_Scarlet Macaw/XC9009.mp3
train,Ara macao_Scarlet Macaw,../../Datasets/BirdClef/features/Ara macao_Scarlet Macaw/XC374502.npy,../../Datasets/BirdClef/audio/Ara macao_Scarlet Macaw/XC374502.mp3
train,Ara macao_Scarlet Macaw,../../Datasets/BirdClef/features/Ara macao_Scarlet Macaw/XC119271.npy,../../Datasets/BirdClef/audio/Ara macao_Scarlet Macaw/XC119271.mp3
train,Ara macao_Scarlet Macaw,../../Datasets/BirdClef/features/Ara macao_Scarlet Macaw/XC70218.npy,../../Datasets/BirdClef/audio/Ara macao_Scarlet Macaw/XC70218.mp3
train,Ara severus_Chestnut-fronted Macaw,../../Datasets/BirdClef/features/Ara severus_Chestnut-fronted Macaw/XC244186.npy,../../Datasets/BirdClef/audio/Ara severus_Chestnut-fronted Macaw/XC244186.mp3
train,Ara severus_Chestnut-fronted Macaw,../../Datasets/BirdClef/features/Ara severus_Chestnut-fronted Macaw/XC67631.npy,../../Datasets/BirdClef/audio/Ara severus_Chestnut-fronted Macaw/XC67631.mp3
train,Ara severus_Chestnut-fronted Macaw,../../Datasets/BirdClef/features/Ara severus_Chestnut-fronted Macaw/XC84912.npy,../../Datasets/BirdClef/audio/Ara severus_Chestnut-fronted Macaw/XC84912.mp3
train,Ara severus_Chestnut-fronted Macaw,../../Datasets/BirdClef/features/Ara severus_Chestnut-fronted Macaw/XC148068.npy,../../Datasets/BirdClef/audio/Ara severus_Chestnut-fronted Macaw/XC148068.mp3
train,Ara severus_Chestnut-fronted Macaw,../../Datasets/BirdClef/features/Ara severus_Chestnut-fronted Macaw/XC244185.npy,../../Datasets/BirdClef/audio/Ara severus_Chestnut-fronted Macaw/XC244185.mp3
train,Aramides cajaneus_Gray-cowled Wood-Rail,../../Datasets/BirdClef/features/Aramides cajaneus_Gray-cowled Wood-Rail/XC216181.npy,../../Datasets/BirdClef/audio/Aramides cajaneus_Gray-cowled Wood-Rail/XC216181.mp3
train,Aramides cajaneus_Gray-cowled Wood-Rail,../../Datasets/BirdClef/features/Aramides cajaneus_Gray-cowled Wood-Rail/XC252699.npy,../../Datasets/BirdClef/audio/Aramides cajaneus_Gray-cowled Wood-Rail/XC252699.mp3
train,Aramides cajaneus_Gray-cowled Wood-Rail,../../Datasets/BirdClef/features/Aramides cajaneus_Gray-cowled Wood-Rail/XC257449.npy,../../Datasets/BirdClef/audio/Aramides cajaneus_Gray-cowled Wood-Rail/XC257449.mp3
train,Aramides cajaneus_Gray-cowled Wood-Rail,../../Datasets/BirdClef/features/Aramides cajaneus_Gray-cowled Wood-Rail/XC200144.npy,../../Datasets/BirdClef/audio/Aramides cajaneus_Gray-cowled Wood-Rail/XC200144.mp3
train,Aramides cajaneus_Gray-cowled Wood-Rail,../../Datasets/BirdClef/features/Aramides cajaneus_Gray-cowled Wood-Rail/XC353054.npy,../../Datasets/BirdClef/audio/Aramides cajaneus_Gray-cowled Wood-Rail/XC353054.mp3
train,Aramus guarauna_Limpkin,../../Datasets/BirdClef/features/Aramus guarauna_Limpkin/XC433608.npy,../../Datasets/BirdClef/audio/Aramus guarauna_Limpkin/XC433608.mp3
train,Aramus guarauna_Limpkin,../../Datasets/BirdClef/features/Aramus guarauna_Limpkin/XC257484.npy,../../Datasets/BirdClef/audio/Aramus guarauna_Limpkin/XC257484.mp3
train,Aramus guarauna_Limpkin,../../Datasets/BirdClef/features/Aramus guarauna_Limpkin/XC443153.npy,../../Datasets/BirdClef/audio/Aramus guarauna_Limpkin/XC443153.mp3
train,Aramus guarauna_Limpkin,../../Datasets/BirdClef/features/Aramus guarauna_Limpkin/XC218960.npy,../../Datasets/BirdClef/audio/Aramus guarauna_Limpkin/XC218960.mp3
train,Aramus guarauna_Limpkin,../../Datasets/BirdClef/features/Aramus guarauna_Limpkin/XC426300.npy,../../Datasets/BirdClef/audio/Aramus guarauna_Limpkin/XC426300.mp3
train,Aratinga weddellii_Dusky-headed Parakeet,../../Datasets/BirdClef/features/Aratinga weddellii_Dusky-headed Parakeet/XC491689.npy,../../Datasets/BirdClef/audio/Aratinga weddellii_Dusky-headed Parakeet/XC491689.mp3
train,Aratinga weddellii_Dusky-headed Parakeet,../../Datasets/BirdClef/features/Aratinga weddellii_Dusky-headed Parakeet/XC438560.npy,../../Datasets/BirdClef/audio/Aratinga weddellii_Dusky-headed Parakeet/XC438560.mp3
train,Aratinga weddellii_Dusky-headed Parakeet,../../Datasets/BirdClef/features/Aratinga weddellii_Dusky-headed Parakeet/XC332961.npy,../../Datasets/BirdClef/audio/Aratinga weddellii_Dusky-headed Parakeet/XC332961.mp3
train,Aratinga weddellii_Dusky-headed Parakeet,../../Datasets/BirdClef/features/Aratinga weddellii_Dusky-headed Parakeet/XC257649.npy,../../Datasets/BirdClef/audio/Aratinga weddellii_Dusky-headed Parakeet/XC257649.mp3
train,Aratinga weddellii_Dusky-headed Parakeet,../../Datasets/BirdClef/features/Aratinga weddellii_Dusky-headed Parakeet/XC128793.npy,../../Datasets/BirdClef/audio/Aratinga weddellii_Dusky-headed Parakeet/XC128793.mp3
train,Archilochus alexandri_Black-chinned Hummingbird,../../Datasets/BirdClef/features/Archilochus alexandri_Black-chinned Hummingbird/XC132331.npy,../../Datasets/BirdClef/audio/Archilochus alexandri_Black-chinned Hummingbird/XC132331.mp3
train,Archilochus alexandri_Black-chinned Hummingbird,../../Datasets/BirdClef/features/Archilochus alexandri_Black-chinned Hummingbird/XC75515.npy,../../Datasets/BirdClef/audio/Archilochus alexandri_Black-chinned Hummingbird/XC75515.mp3
train,Archilochus alexandri_Black-chinned Hummingbird,../../Datasets/BirdClef/features/Archilochus alexandri_Black-chinned Hummingbird/XC132344.npy,../../Datasets/BirdClef/audio/Archilochus alexandri_Black-chinned Hummingbird/XC132344.mp3
train,Archilochus alexandri_Black-chinned Hummingbird,../../Datasets/BirdClef/features/Archilochus alexandri_Black-chinned Hummingbird/XC75514.npy,../../Datasets/BirdClef/audio/Archilochus alexandri_Black-chinned Hummingbird/XC75514.mp3
train,Archilochus alexandri_Black-chinned Hummingbird,../../Datasets/BirdClef/features/Archilochus alexandri_Black-chinned Hummingbird/XC132277.npy,../../Datasets/BirdClef/audio/Archilochus alexandri_Black-chinned Hummingbird/XC132277.mp3
train,Ardea alba_Great Egret,../../Datasets/BirdClef/features/Ardea alba_Great Egret/XC45432.npy,../../Datasets/BirdClef/audio/Ardea alba_Great Egret/XC45432.mp3
train,Ardea alba_Great Egret,../../Datasets/BirdClef/features/Ardea alba_Great Egret/XC336032.npy,../../Datasets/BirdClef/audio/Ardea alba_Great Egret/XC336032.mp3
train,Ardea alba_Great Egret,../../Datasets/BirdClef/features/Ardea alba_Great Egret/XC307187.npy,../../Datasets/BirdClef/audio/Ardea alba_Great Egret/XC307187.mp3
train,Ardea alba_Great Egret,../../Datasets/BirdClef/features/Ardea alba_Great Egret/XC149600.npy,../../Datasets/BirdClef/audio/Ardea alba_Great Egret/XC149600.mp3
train,Ardea alba_Great Egret,../../Datasets/BirdClef/features/Ardea alba_Great Egret/XC10884.npy,../../Datasets/BirdClef/audio/Ardea alba_Great Egret/XC10884.mp3
train,Ardea cinerea_Gray Heron,../../Datasets/BirdClef/features/Ardea cinerea_Gray Heron/XC379826.npy,../../Datasets/BirdClef/audio/Ardea cinerea_Gray Heron/XC379826.mp3
train,Ardea cinerea_Gray Heron,../../Datasets/BirdClef/features/Ardea cinerea_Gray Heron/XC466816.npy,../../Datasets/BirdClef/audio/Ardea cinerea_Gray Heron/XC466816.mp3
train,Ardea cinerea_Gray Heron,../../Datasets/BirdClef/features/Ardea cinerea_Gray Heron/XC287940.npy,../../Datasets/BirdClef/audio/Ardea cinerea_Gray Heron/XC287940.mp3
train,Ardea cinerea_Gray Heron,../../Datasets/BirdClef/features/Ardea cinerea_Gray Heron/XC497259.npy,../../Datasets/BirdClef/audio/Ardea cinerea_Gray Heron/XC497259.mp3
train,Ardea cinerea_Gray Heron,../../Datasets/BirdClef/features/Ardea cinerea_Gray Heron/XC391014.npy,../../Datasets/BirdClef/audio/Ardea cinerea_Gray Heron/XC391014.mp3
train,Ardea herodias_Great Blue Heron,../../Datasets/BirdClef/features/Ardea herodias_Great Blue Heron/XC130682.npy,../../Datasets/BirdClef/audio/Ardea herodias_Great Blue Heron/XC130682.mp3
train,Ardea herodias_Great Blue Heron,../../Datasets/BirdClef/features/Ardea herodias_Great Blue Heron/XC445854.npy,../../Datasets/BirdClef/audio/Ardea herodias_Great Blue Heron/XC445854.mp3
train,Ardea herodias_Great Blue Heron,../../Datasets/BirdClef/features/Ardea herodias_Great Blue Heron/XC486224.npy,../../Datasets/BirdClef/audio/Ardea herodias_Great Blue Heron/XC486224.mp3
train,Ardea herodias_Great Blue Heron,../../Datasets/BirdClef/features/Ardea herodias_Great Blue Heron/XC37259.npy,../../Datasets/BirdClef/audio/Ardea herodias_Great Blue Heron/XC37259.mp3
train,Ardea herodias_Great Blue Heron,../../Datasets/BirdClef/features/Ardea herodias_Great Blue Heron/XC419194.npy,../../Datasets/BirdClef/audio/Ardea herodias_Great Blue Heron/XC419194.mp3
train,Arremon taciturnus_Pectoral Sparrow,../../Datasets/BirdClef/features/Arremon taciturnus_Pectoral Sparrow/XC174565.npy,../../Datasets/BirdClef/audio/Arremon taciturnus_Pectoral Sparrow/XC174565.mp3
train,Arremon taciturnus_Pectoral Sparrow,../../Datasets/BirdClef/features/Arremon taciturnus_Pectoral Sparrow/XC338534.npy,../../Datasets/BirdClef/audio/Arremon taciturnus_Pectoral Sparrow/XC338534.mp3
train,Arremon taciturnus_Pectoral Sparrow,../../Datasets/BirdClef/features/Arremon taciturnus_Pectoral Sparrow/XC272363.npy,../../Datasets/BirdClef/audio/Arremon taciturnus_Pectoral Sparrow/XC272363.mp3
train,Arremon taciturnus_Pectoral Sparrow,../../Datasets/BirdClef/features/Arremon taciturnus_Pectoral Sparrow/XC219082.npy,../../Datasets/BirdClef/audio/Arremon taciturnus_Pectoral Sparrow/XC219082.mp3
train,Arremon taciturnus_Pectoral Sparrow,../../Datasets/BirdClef/features/Arremon taciturnus_Pectoral Sparrow/XC33196.npy,../../Datasets/BirdClef/audio/Arremon taciturnus_Pectoral Sparrow/XC33196.mp3
train,Artemisiospiza belli_Bell's Sparrow,../../Datasets/BirdClef/features/Artemisiospiza belli_Bell's Sparrow/XC83986.npy,../../Datasets/BirdClef/audio/Artemisiospiza belli_Bell's Sparrow/XC83986.mp3
train,Artemisiospiza belli_Bell's Sparrow,../../Datasets/BirdClef/features/Artemisiospiza belli_Bell's Sparrow/XC233389.npy,../../Datasets/BirdClef/audio/Artemisiospiza belli_Bell's Sparrow/XC233389.mp3
train,Artemisiospiza belli_Bell's Sparrow,../../Datasets/BirdClef/features/Artemisiospiza belli_Bell's Sparrow/XC459765.npy,../../Datasets/BirdClef/audio/Artemisiospiza belli_Bell's Sparrow/XC459765.mp3
train,Artemisiospiza belli_Bell's Sparrow,../../Datasets/BirdClef/features/Artemisiospiza belli_Bell's Sparrow/XC72201.npy,../../Datasets/BirdClef/audio/Artemisiospiza belli_Bell's Sparrow/XC72201.mp3
train,Artemisiospiza belli_Bell's Sparrow,../../Datasets/BirdClef/features/Artemisiospiza belli_Bell's Sparrow/XC125549.npy,../../Datasets/BirdClef/audio/Artemisiospiza belli_Bell's Sparrow/XC125549.mp3
train,Asio clamator_Striped Owl,../../Datasets/BirdClef/features/Asio clamator_Striped Owl/XC60574.npy,../../Datasets/BirdClef/audio/Asio clamator_Striped Owl/XC60574.mp3
train,Asio clamator_Striped Owl,../../Datasets/BirdClef/features/Asio clamator_Striped Owl/XC114728.npy,../../Datasets/BirdClef/audio/Asio clamator_Striped Owl/XC114728.mp3
train,Asio clamator_Striped Owl,../../Datasets/BirdClef/features/Asio clamator_Striped Owl/XC494632.npy,../../Datasets/BirdClef/audio/Asio clamator_Striped Owl/XC494632.mp3
train,Asio clamator_Striped Owl,../../Datasets/BirdClef/features/Asio clamator_Striped Owl/XC61572.npy,../../Datasets/BirdClef/audio/Asio clamator_Striped Owl/XC61572.mp3
train,Asio clamator_Striped Owl,../../Datasets/BirdClef/features/Asio clamator_Striped Owl/XC144310.npy,../../Datasets/BirdClef/audio/Asio clamator_Striped Owl/XC144310.mp3
train,Asio flammeus_Short-eared Owl,../../Datasets/BirdClef/features/Asio flammeus_Short-eared Owl/XC39074.npy,../../Datasets/BirdClef/audio/Asio flammeus_Short-eared Owl/XC39074.mp3
train,Asio flammeus_Short-eared Owl,../../Datasets/BirdClef/features/Asio flammeus_Short-eared Owl/XC450493.npy,../../Datasets/BirdClef/audio/Asio flammeus_Short-eared Owl/XC450493.mp3
train,Asio flammeus_Short-eared Owl,../../Datasets/BirdClef/features/Asio flammeus_Short-eared Owl/XC344157.npy,../../Datasets/BirdClef/audio/Asio flammeus_Short-eared Owl/XC344157.mp3
train,Asio flammeus_Short-eared Owl,../../Datasets/BirdClef/features/Asio flammeus_Short-eared Owl/XC46338.npy,../../Datasets/BirdClef/audio/Asio flammeus_Short-eared Owl/XC46338.mp3
train,Asio flammeus_Short-eared Owl,../../Datasets/BirdClef/features/Asio flammeus_Short-eared Owl/XC465266.npy,../../Datasets/BirdClef/audio/Asio flammeus_Short-eared Owl/XC465266.mp3
train,Athene cunicularia_Burrowing Owl,../../Datasets/BirdClef/features/Athene cunicularia_Burrowing Owl/XC443370.npy,../../Datasets/BirdClef/audio/Athene cunicularia_Burrowing Owl/XC443370.mp3
train,Athene cunicularia_Burrowing Owl,../../Datasets/BirdClef/features/Athene cunicularia_Burrowing Owl/XC247784.npy,../../Datasets/BirdClef/audio/Athene cunicularia_Burrowing Owl/XC247784.mp3
train,Athene cunicularia_Burrowing Owl,../../Datasets/BirdClef/features/Athene cunicularia_Burrowing Owl/XC104661.npy,../../Datasets/BirdClef/audio/Athene cunicularia_Burrowing Owl/XC104661.mp3
train,Athene cunicularia_Burrowing Owl,../../Datasets/BirdClef/features/Athene cunicularia_Burrowing Owl/XC443369.npy,../../Datasets/BirdClef/audio/Athene cunicularia_Burrowing Owl/XC443369.mp3
train,Athene cunicularia_Burrowing Owl,../../Datasets/BirdClef/features/Athene cunicularia_Burrowing Owl/XC172849.npy,../../Datasets/BirdClef/audio/Athene cunicularia_Burrowing Owl/XC172849.mp3
train,Attila bolivianus_Dull-capped Attila,../../Datasets/BirdClef/features/Attila bolivianus_Dull-capped Attila/XC151889.npy,../../Datasets/BirdClef/audio/Attila bolivianus_Dull-capped Attila/XC151889.mp3
train,Attila bolivianus_Dull-capped Attila,../../Datasets/BirdClef/features/Attila bolivianus_Dull-capped Attila/XC270600.npy,../../Datasets/BirdClef/audio/Attila bolivianus_Dull-capped Attila/XC270600.mp3
train,Attila bolivianus_Dull-capped Attila,../../Datasets/BirdClef/features/Attila bolivianus_Dull-capped Attila/XC346340.npy,../../Datasets/BirdClef/audio/Attila bolivianus_Dull-capped Attila/XC346340.mp3
train,Attila bolivianus_Dull-capped Attila,../../Datasets/BirdClef/features/Attila bolivianus_Dull-capped Attila/XC306512.npy,../../Datasets/BirdClef/audio/Attila bolivianus_Dull-capped Attila/XC306512.mp3
train,Attila bolivianus_Dull-capped Attila,../../Datasets/BirdClef/features/Attila bolivianus_Dull-capped Attila/XC400235.npy,../../Datasets/BirdClef/audio/Attila bolivianus_Dull-capped Attila/XC400235.mp3
train,Attila spadiceus_Bright-rumped Attila,../../Datasets/BirdClef/features/Attila spadiceus_Bright-rumped Attila/XC303087.npy,../../Datasets/BirdClef/audio/Attila spadiceus_Bright-rumped Attila/XC303087.mp3
train,Attila spadiceus_Bright-rumped Attila,../../Datasets/BirdClef/features/Attila spadiceus_Bright-rumped Attila/XC359208.npy,../../Datasets/BirdClef/audio/Attila spadiceus_Bright-rumped Attila/XC359208.mp3
train,Attila spadiceus_Bright-rumped Attila,../../Datasets/BirdClef/features/Attila spadiceus_Bright-rumped Attila/XC201189.npy,../../Datasets/BirdClef/audio/Attila spadiceus_Bright-rumped Attila/XC201189.mp3
train,Attila spadiceus_Bright-rumped Attila,../../Datasets/BirdClef/features/Attila spadiceus_Bright-rumped Attila/XC338413.npy,../../Datasets/BirdClef/audio/Attila spadiceus_Bright-rumped Attila/XC338413.mp3
train,Attila spadiceus_Bright-rumped Attila,../../Datasets/BirdClef/features/Attila spadiceus_Bright-rumped Attila/XC377863.npy,../../Datasets/BirdClef/audio/Attila spadiceus_Bright-rumped Attila/XC377863.mp3
train,Aulacorhynchus albivitta_Southern Emerald-Toucanet,../../Datasets/BirdClef/features/Aulacorhynchus albivitta_Southern Emerald-Toucanet/XC117838.npy,../../Datasets/BirdClef/audio/Aulacorhynchus albivitta_Southern Emerald-Toucanet/XC117838.mp3
train,Aulacorhynchus albivitta_Southern Emerald-Toucanet,../../Datasets/BirdClef/features/Aulacorhynchus albivitta_Southern Emerald-Toucanet/XC117540.npy,../../Datasets/BirdClef/audio/Aulacorhynchus albivitta_Southern Emerald-Toucanet/XC117540.mp3
train,Aulacorhynchus albivitta_Southern Emerald-Toucanet,../../Datasets/BirdClef/features/Aulacorhynchus albivitta_Southern Emerald-Toucanet/XC117506.npy,../../Datasets/BirdClef/audio/Aulacorhynchus albivitta_Southern Emerald-Toucanet/XC117506.mp3
train,Aulacorhynchus albivitta_Southern Emerald-Toucanet,../../Datasets/BirdClef/features/Aulacorhynchus albivitta_Southern Emerald-Toucanet/XC353237.npy,../../Datasets/BirdClef/audio/Aulacorhynchus albivitta_Southern Emerald-Toucanet/XC353237.mp3
train,Aulacorhynchus albivitta_Southern Emerald-Toucanet,../../Datasets/BirdClef/features/Aulacorhynchus albivitta_Southern Emerald-Toucanet/XC235595.npy,../../Datasets/BirdClef/audio/Aulacorhynchus albivitta_Southern Emerald-Toucanet/XC235595.mp3
train,Automolus infuscatus_Olive-backed Foliage-gleaner,../../Datasets/BirdClef/features/Automolus infuscatus_Olive-backed Foliage-gleaner/XC76005.npy,../../Datasets/BirdClef/audio/Automolus infuscatus_Olive-backed Foliage-gleaner/XC76005.mp3
train,Automolus infuscatus_Olive-backed Foliage-gleaner,../../Datasets/BirdClef/features/Automolus infuscatus_Olive-backed Foliage-gleaner/XC258205.npy,../../Datasets/BirdClef/audio/Automolus infuscatus_Olive-backed Foliage-gleaner/XC258205.mp3
train,Automolus infuscatus_Olive-backed Foliage-gleaner,../../Datasets/BirdClef/features/Automolus infuscatus_Olive-backed Foliage-gleaner/XC64567.npy,../../Datasets/BirdClef/audio/Automolus infuscatus_Olive-backed Foliage-gleaner/XC64567.mp3
train,Automolus infuscatus_Olive-backed Foliage-gleaner,../../Datasets/BirdClef/features/Automolus infuscatus_Olive-backed Foliage-gleaner/XC44211.npy,../../Datasets/BirdClef/audio/Automolus infuscatus_Olive-backed Foliage-gleaner/XC44211.mp3
train,Automolus infuscatus_Olive-backed Foliage-gleaner,../../Datasets/BirdClef/features/Automolus infuscatus_Olive-backed Foliage-gleaner/XC102530.npy,../../Datasets/BirdClef/audio/Automolus infuscatus_Olive-backed Foliage-gleaner/XC102530.mp3
train,Automolus ochrolaemus_Buff-throated Foliage-gleaner,../../Datasets/BirdClef/features/Automolus ochrolaemus_Buff-throated Foliage-gleaner/XC157576.npy,../../Datasets/BirdClef/audio/Automolus ochrolaemus_Buff-throated Foliage-gleaner/XC157576.mp3
train,Automolus ochrolaemus_Buff-throated Foliage-gleaner,../../Datasets/BirdClef/features/Automolus ochrolaemus_Buff-throated Foliage-gleaner/XC253739.npy,../../Datasets/BirdClef/audio/Automolus ochrolaemus_Buff-throated Foliage-gleaner/XC253739.mp3
train,Automolus ochrolaemus_Buff-throated Foliage-gleaner,../../Datasets/BirdClef/features/Automolus ochrolaemus_Buff-throated Foliage-gleaner/XC296263.npy,../../Datasets/BirdClef/audio/Automolus ochrolaemus_Buff-throated Foliage-gleaner/XC296263.mp3
train,Automolus ochrolaemus_Buff-throated Foliage-gleaner,../../Datasets/BirdClef/features/Automolus ochrolaemus_Buff-throated Foliage-gleaner/XC274473.npy,../../Datasets/BirdClef/audio/Automolus ochrolaemus_Buff-throated Foliage-gleaner/XC274473.mp3
train,Automolus ochrolaemus_Buff-throated Foliage-gleaner,../../Datasets/BirdClef/features/Automolus ochrolaemus_Buff-throated Foliage-gleaner/XC310932.npy,../../Datasets/BirdClef/audio/Automolus ochrolaemus_Buff-throated Foliage-gleaner/XC310932.mp3
train,Automolus rufipileatus_Chestnut-crowned Foliage-gleaner,../../Datasets/BirdClef/features/Automolus rufipileatus_Chestnut-crowned Foliage-gleaner/XC274735.npy,../../Datasets/BirdClef/audio/Automolus rufipileatus_Chestnut-crowned Foliage-gleaner/XC274735.mp3
train,Automolus rufipileatus_Chestnut-crowned Foliage-gleaner,../../Datasets/BirdClef/features/Automolus rufipileatus_Chestnut-crowned Foliage-gleaner/XC219495.npy,../../Datasets/BirdClef/audio/Automolus rufipileatus_Chestnut-crowned Foliage-gleaner/XC219495.mp3
train,Automolus rufipileatus_Chestnut-crowned Foliage-gleaner,../../Datasets/BirdClef/features/Automolus rufipileatus_Chestnut-crowned Foliage-gleaner/XC121200.npy,../../Datasets/BirdClef/audio/Automolus rufipileatus_Chestnut-crowned Foliage-gleaner/XC121200.mp3
train,Automolus rufipileatus_Chestnut-crowned Foliage-gleaner,../../Datasets/BirdClef/features/Automolus rufipileatus_Chestnut-crowned Foliage-gleaner/XC249417.npy,../../Datasets/BirdClef/audio/Automolus rufipileatus_Chestnut-crowned Foliage-gleaner/XC249417.mp3
train,Automolus rufipileatus_Chestnut-crowned Foliage-gleaner,../../Datasets/BirdClef/features/Automolus rufipileatus_Chestnut-crowned Foliage-gleaner/XC258214.npy,../../Datasets/BirdClef/audio/Automolus rufipileatus_Chestnut-crowned Foliage-gleaner/XC258214.mp3
train,Automolus subulatus_Striped Woodhaunter,../../Datasets/BirdClef/features/Automolus subulatus_Striped Woodhaunter/XC167339.npy,../../Datasets/BirdClef/audio/Automolus subulatus_Striped Woodhaunter/XC167339.mp3
train,Automolus subulatus_Striped Woodhaunter,../../Datasets/BirdClef/features/Automolus subulatus_Striped Woodhaunter/XC4285.npy,../../Datasets/BirdClef/audio/Automolus subulatus_Striped Woodhaunter/XC4285.mp3
train,Automolus subulatus_Striped Woodhaunter,../../Datasets/BirdClef/features/Automolus subulatus_Striped Woodhaunter/XC452918.npy,../../Datasets/BirdClef/audio/Automolus subulatus_Striped Woodhaunter/XC452918.mp3
train,Automolus subulatus_Striped Woodhaunter,../../Datasets/BirdClef/features/Automolus subulatus_Striped Woodhaunter/XC19088.npy,../../Datasets/BirdClef/audio/Automolus subulatus_Striped Woodhaunter/XC19088.mp3
train,Automolus subulatus_Striped Woodhaunter,../../Datasets/BirdClef/features/Automolus subulatus_Striped Woodhaunter/XC11898.npy,../../Datasets/BirdClef/audio/Automolus subulatus_Striped Woodhaunter/XC11898.mp3
train,Aythya ferina_Common Pochard,../../Datasets/BirdClef/features/Aythya ferina_Common Pochard/XC372299.npy,../../Datasets/BirdClef/audio/Aythya ferina_Common Pochard/XC372299.mp3
train,Aythya ferina_Common Pochard,../../Datasets/BirdClef/features/Aythya ferina_Common Pochard/XC138810.npy,../../Datasets/BirdClef/audio/Aythya ferina_Common Pochard/XC138810.mp3
train,Aythya ferina_Common Pochard,../../Datasets/BirdClef/features/Aythya ferina_Common Pochard/XC138178.npy,../../Datasets/BirdClef/audio/Aythya ferina_Common Pochard/XC138178.mp3
train,Aythya ferina_Common Pochard,../../Datasets/BirdClef/features/Aythya ferina_Common Pochard/XC349108.npy,../../Datasets/BirdClef/audio/Aythya ferina_Common Pochard/XC349108.mp3
train,Aythya ferina_Common Pochard,../../Datasets/BirdClef/features/Aythya ferina_Common Pochard/XC417298.npy,../../Datasets/BirdClef/audio/Aythya ferina_Common Pochard/XC417298.mp3
train,Aythya fuligula_Tufted Duck,../../Datasets/BirdClef/features/Aythya fuligula_Tufted Duck/XC350749.npy,../../Datasets/BirdClef/audio/Aythya fuligula_Tufted Duck/XC350749.mp3
train,Aythya fuligula_Tufted Duck,../../Datasets/BirdClef/features/Aythya fuligula_Tufted Duck/XC361992.npy,../../Datasets/BirdClef/audio/Aythya fuligula_Tufted Duck/XC361992.mp3
train,Aythya fuligula_Tufted Duck,../../Datasets/BirdClef/features/Aythya fuligula_Tufted Duck/XC350751.npy,../../Datasets/BirdClef/audio/Aythya fuligula_Tufted Duck/XC350751.mp3
train,Aythya fuligula_Tufted Duck,../../Datasets/BirdClef/features/Aythya fuligula_Tufted Duck/XC244007.npy,../../Datasets/BirdClef/audio/Aythya fuligula_Tufted Duck/XC244007.mp3
train,Aythya fuligula_Tufted Duck,../../Datasets/BirdClef/features/Aythya fuligula_Tufted Duck/XC280919.npy,../../Datasets/BirdClef/audio/Aythya fuligula_Tufted Duck/XC280919.mp3
train,Baeolophus bicolor_Tufted Titmouse,../../Datasets/BirdClef/features/Baeolophus bicolor_Tufted Titmouse/XC316285.npy,../../Datasets/BirdClef/audio/Baeolophus bicolor_Tufted Titmouse/XC316285.mp3
train,Baeolophus bicolor_Tufted Titmouse,../../Datasets/BirdClef/features/Baeolophus bicolor_Tufted Titmouse/XC422042.npy,../../Datasets/BirdClef/audio/Baeolophus bicolor_Tufted Titmouse/XC422042.mp3
train,Baeolophus bicolor_Tufted Titmouse,../../Datasets/BirdClef/features/Baeolophus bicolor_Tufted Titmouse/XC168009.npy,../../Datasets/BirdClef/audio/Baeolophus bicolor_Tufted Titmouse/XC168009.mp3
train,Baeolophus bicolor_Tufted Titmouse,../../Datasets/BirdClef/features/Baeolophus bicolor_Tufted Titmouse/XC388598.npy,../../Datasets/BirdClef/audio/Baeolophus bicolor_Tufted Titmouse/XC388598.mp3
train,Baeolophus bicolor_Tufted Titmouse,../../Datasets/BirdClef/features/Baeolophus bicolor_Tufted Titmouse/XC318897.npy,../../Datasets/BirdClef/audio/Baeolophus bicolor_Tufted Titmouse/XC318897.mp3
train,Baeolophus ridgwayi_Juniper Titmouse,../../Datasets/BirdClef/features/Baeolophus ridgwayi_Juniper Titmouse/XC452526.npy,../../Datasets/BirdClef/audio/Baeolophus ridgwayi_Juniper Titmouse/XC452526.mp3
train,Baeolophus ridgwayi_Juniper Titmouse,../../Datasets/BirdClef/features/Baeolophus ridgwayi_Juniper Titmouse/XC297534.npy,../../Datasets/BirdClef/audio/Baeolophus ridgwayi_Juniper Titmouse/XC297534.mp3
train,Baeolophus ridgwayi_Juniper Titmouse,../../Datasets/BirdClef/features/Baeolophus ridgwayi_Juniper Titmouse/XC216660.npy,../../Datasets/BirdClef/audio/Baeolophus ridgwayi_Juniper Titmouse/XC216660.mp3
train,Baeolophus ridgwayi_Juniper Titmouse,../../Datasets/BirdClef/features/Baeolophus ridgwayi_Juniper Titmouse/XC15224.npy,../../Datasets/BirdClef/audio/Baeolophus ridgwayi_Juniper Titmouse/XC15224.mp3
train,Baeolophus ridgwayi_Juniper Titmouse,../../Datasets/BirdClef/features/Baeolophus ridgwayi_Juniper Titmouse/XC12123.npy,../../Datasets/BirdClef/audio/Baeolophus ridgwayi_Juniper Titmouse/XC12123.mp3
train,Bartramia longicauda_Upland Sandpiper,../../Datasets/BirdClef/features/Bartramia longicauda_Upland Sandpiper/XC438796.npy,../../Datasets/BirdClef/audio/Bartramia longicauda_Upland Sandpiper/XC438796.mp3
train,Bartramia longicauda_Upland Sandpiper,../../Datasets/BirdClef/features/Bartramia longicauda_Upland Sandpiper/XC279727.npy,../../Datasets/BirdClef/audio/Bartramia longicauda_Upland Sandpiper/XC279727.mp3
train,Bartramia longicauda_Upland Sandpiper,../../Datasets/BirdClef/features/Bartramia longicauda_Upland Sandpiper/XC334684.npy,../../Datasets/BirdClef/audio/Bartramia longicauda_Upland Sandpiper/XC334684.mp3
train,Bartramia longicauda_Upland Sandpiper,../../Datasets/BirdClef/features/Bartramia longicauda_Upland Sandpiper/XC51890.npy,../../Datasets/BirdClef/audio/Bartramia longicauda_Upland Sandpiper/XC51890.mp3
train,Bartramia longicauda_Upland Sandpiper,../../Datasets/BirdClef/features/Bartramia longicauda_Upland Sandpiper/XC254691.npy,../../Datasets/BirdClef/audio/Bartramia longicauda_Upland Sandpiper/XC254691.mp3
train,Baryphthengus martii_Rufous Motmot,../../Datasets/BirdClef/features/Baryphthengus martii_Rufous Motmot/XC271090.npy,../../Datasets/BirdClef/audio/Baryphthengus martii_Rufous Motmot/XC271090.mp3
train,Baryphthengus martii_Rufous Motmot,../../Datasets/BirdClef/features/Baryphthengus martii_Rufous Motmot/XC261825.npy,../../Datasets/BirdClef/audio/Baryphthengus martii_Rufous Motmot/XC261825.mp3
train,Baryphthengus martii_Rufous Motmot,../../Datasets/BirdClef/features/Baryphthengus martii_Rufous Motmot/XC17568.npy,../../Datasets/BirdClef/audio/Baryphthengus martii_Rufous Motmot/XC17568.mp3
train,Baryphthengus martii_Rufous Motmot,../../Datasets/BirdClef/features/Baryphthengus martii_Rufous Motmot/XC122268.npy,../../Datasets/BirdClef/audio/Baryphthengus martii_Rufous Motmot/XC122268.mp3
train,Baryphthengus martii_Rufous Motmot,../../Datasets/BirdClef/features/Baryphthengus martii_Rufous Motmot/XC471178.npy,../../Datasets/BirdClef/audio/Baryphthengus martii_Rufous Motmot/XC471178.mp3
train,Berlepschia rikeri_Point-tailed Palmcreeper,../../Datasets/BirdClef/features/Berlepschia rikeri_Point-tailed Palmcreeper/XC270611.npy,../../Datasets/BirdClef/audio/Berlepschia rikeri_Point-tailed Palmcreeper/XC270611.mp3
train,Berlepschia rikeri_Point-tailed Palmcreeper,../../Datasets/BirdClef/features/Berlepschia rikeri_Point-tailed Palmcreeper/XC303396.npy,../../Datasets/BirdClef/audio/Berlepschia rikeri_Point-tailed Palmcreeper/XC303396.mp3
train,Berlepschia rikeri_Point-tailed Palmcreeper,../../Datasets/BirdClef/features/Berlepschia rikeri_Point-tailed Palmcreeper/XC274991.npy,../../Datasets/BirdClef/audio/Berlepschia rikeri_Point-tailed Palmcreeper/XC274991.mp3
train,Berlepschia rikeri_Point-tailed Palmcreeper,../../Datasets/BirdClef/features/Berlepschia rikeri_Point-tailed Palmcreeper/XC504388.npy,../../Datasets/BirdClef/audio/Berlepschia rikeri_Point-tailed Palmcreeper/XC504388.mp3
train,Berlepschia rikeri_Point-tailed Palmcreeper,../../Datasets/BirdClef/features/Berlepschia rikeri_Point-tailed Palmcreeper/XC270610.npy,../../Datasets/BirdClef/audio/Berlepschia rikeri_Point-tailed Palmcreeper/XC270610.mp3
train,Bombycilla cedrorum_Cedar Waxwing,../../Datasets/BirdClef/features/Bombycilla cedrorum_Cedar Waxwing/XC296871.npy,../../Datasets/BirdClef/audio/Bombycilla cedrorum_Cedar Waxwing/XC296871.mp3
train,Bombycilla cedrorum_Cedar Waxwing,../../Datasets/BirdClef/features/Bombycilla cedrorum_Cedar Waxwing/XC298968.npy,../../Datasets/BirdClef/audio/Bombycilla cedrorum_Cedar Waxwing/XC298968.mp3
train,Bombycilla cedrorum_Cedar Waxwing,../../Datasets/BirdClef/features/Bombycilla cedrorum_Cedar Waxwing/XC75741.npy,../../Datasets/BirdClef/audio/Bombycilla cedrorum_Cedar Waxwing/XC75741.mp3
train,Bombycilla cedrorum_Cedar Waxwing,../../Datasets/BirdClef/features/Bombycilla cedrorum_Cedar Waxwing/XC70984.npy,../../Datasets/BirdClef/audio/Bombycilla cedrorum_Cedar Waxwing/XC70984.mp3
train,Bombycilla cedrorum_Cedar Waxwing,../../Datasets/BirdClef/features/Bombycilla cedrorum_Cedar Waxwing/XC142478.npy,../../Datasets/BirdClef/audio/Bombycilla cedrorum_Cedar Waxwing/XC142478.mp3
train,Botaurus stellaris_Great Bittern,../../Datasets/BirdClef/features/Botaurus stellaris_Great Bittern/XC309607.npy,../../Datasets/BirdClef/audio/Botaurus stellaris_Great Bittern/XC309607.mp3
train,Botaurus stellaris_Great Bittern,../../Datasets/BirdClef/features/Botaurus stellaris_Great Bittern/XC446989.npy,../../Datasets/BirdClef/audio/Botaurus stellaris_Great Bittern/XC446989.mp3
train,Botaurus stellaris_Great Bittern,../../Datasets/BirdClef/features/Botaurus stellaris_Great Bittern/XC431136.npy,../../Datasets/BirdClef/audio/Botaurus stellaris_Great Bittern/XC431136.mp3
train,Botaurus stellaris_Great Bittern,../../Datasets/BirdClef/features/Botaurus stellaris_Great Bittern/XC340916.npy,../../Datasets/BirdClef/audio/Botaurus stellaris_Great Bittern/XC340916.mp3
train,Botaurus stellaris_Great Bittern,../../Datasets/BirdClef/features/Botaurus stellaris_Great Bittern/XC235201.npy,../../Datasets/BirdClef/audio/Botaurus stellaris_Great Bittern/XC235201.mp3
train,Branta canadensis_Canada Goose,../../Datasets/BirdClef/features/Branta canadensis_Canada Goose/XC490827.npy,../../Datasets/BirdClef/audio/Branta canadensis_Canada Goose/XC490827.mp3
train,Branta canadensis_Canada Goose,../../Datasets/BirdClef/features/Branta canadensis_Canada Goose/XC280891.npy,../../Datasets/BirdClef/audio/Branta canadensis_Canada Goose/XC280891.mp3
train,Branta canadensis_Canada Goose,../../Datasets/BirdClef/features/Branta canadensis_Canada Goose/XC240829.npy,../../Datasets/BirdClef/audio/Branta canadensis_Canada Goose/XC240829.mp3
train,Branta canadensis_Canada Goose,../../Datasets/BirdClef/features/Branta canadensis_Canada Goose/XC412644.npy,../../Datasets/BirdClef/audio/Branta canadensis_Canada Goose/XC412644.mp3
train,Branta canadensis_Canada Goose,../../Datasets/BirdClef/features/Branta canadensis_Canada Goose/XC448914.npy,../../Datasets/BirdClef/audio/Branta canadensis_Canada Goose/XC448914.mp3
train,Branta leucopsis_Barnacle Goose,../../Datasets/BirdClef/features/Branta leucopsis_Barnacle Goose/XC202670.npy,../../Datasets/BirdClef/audio/Branta leucopsis_Barnacle Goose/XC202670.mp3
train,Branta leucopsis_Barnacle Goose,../../Datasets/BirdClef/features/Branta leucopsis_Barnacle Goose/XC459502.npy,../../Datasets/BirdClef/audio/Branta leucopsis_Barnacle Goose/XC459502.mp3
train,Branta leucopsis_Barnacle Goose,../../Datasets/BirdClef/features/Branta leucopsis_Barnacle Goose/XC478989.npy,../../Datasets/BirdClef/audio/Branta leucopsis_Barnacle Goose/XC478989.mp3
train,Branta leucopsis_Barnacle Goose,../../Datasets/BirdClef/features/Branta leucopsis_Barnacle Goose/XC77420.npy,../../Datasets/BirdClef/audio/Branta leucopsis_Barnacle Goose/XC77420.mp3
train,Branta leucopsis_Barnacle Goose,../../Datasets/BirdClef/features/Branta leucopsis_Barnacle Goose/XC478994.npy,../../Datasets/BirdClef/audio/Branta leucopsis_Barnacle Goose/XC478994.mp3
train,Brotogeris cyanoptera_Cobalt-winged Parakeet,../../Datasets/BirdClef/features/Brotogeris cyanoptera_Cobalt-winged Parakeet/XC308228.npy,../../Datasets/BirdClef/audio/Brotogeris cyanoptera_Cobalt-winged Parakeet/XC308228.mp3
train,Brotogeris cyanoptera_Cobalt-winged Parakeet,../../Datasets/BirdClef/features/Brotogeris cyanoptera_Cobalt-winged Parakeet/XC148238.npy,../../Datasets/BirdClef/audio/Brotogeris cyanoptera_Cobalt-winged Parakeet/XC148238.mp3
train,Brotogeris cyanoptera_Cobalt-winged Parakeet,../../Datasets/BirdClef/features/Brotogeris cyanoptera_Cobalt-winged Parakeet/XC54672.npy,../../Datasets/BirdClef/audio/Brotogeris cyanoptera_Cobalt-winged Parakeet/XC54672.mp3
train,Brotogeris cyanoptera_Cobalt-winged Parakeet,../../Datasets/BirdClef/features/Brotogeris cyanoptera_Cobalt-winged Parakeet/XC216624.npy,../../Datasets/BirdClef/audio/Brotogeris cyanoptera_Cobalt-winged Parakeet/XC216624.mp3
train,Brotogeris cyanoptera_Cobalt-winged Parakeet,../../Datasets/BirdClef/features/Brotogeris cyanoptera_Cobalt-winged Parakeet/XC270614.npy,../../Datasets/BirdClef/audio/Brotogeris cyanoptera_Cobalt-winged Parakeet/XC270614.mp3
train,Bubo virginianus_Great Horned Owl,../../Datasets/BirdClef/features/Bubo virginianus_Great Horned Owl/XC197448.npy,../../Datasets/BirdClef/audio/Bubo virginianus_Great Horned Owl/XC197448.mp3
train,Bubo virginianus_Great Horned Owl,../../Datasets/BirdClef/features/Bubo virginianus_Great Horned Owl/XC503347.npy,../../Datasets/BirdClef/audio/Bubo virginianus_Great Horned Owl/XC503347.mp3
train,Bubo virginianus_Great Horned Owl,../../Datasets/BirdClef/features/Bubo virginianus_Great Horned Owl/XC335480.npy,../../Datasets/BirdClef/audio/Bubo virginianus_Great Horned Owl/XC335480.mp3
train,Bubo virginianus_Great Horned Owl,../../Datasets/BirdClef/features/Bubo virginianus_Great Horned Owl/XC347525.npy,../../Datasets/BirdClef/audio/Bubo virginianus_Great Horned Owl/XC347525.mp3
train,Bubo virginianus_Great Horned Owl,../../Datasets/BirdClef/features/Bubo virginianus_Great Horned Owl/XC330635.npy,../../Datasets/BirdClef/audio/Bubo virginianus_Great Horned Owl/XC330635.mp3
train,Bubulcus ibis_Cattle Egret,../../Datasets/BirdClef/features/Bubulcus ibis_Cattle Egret/XC143599.npy,../../Datasets/BirdClef/audio/Bubulcus ibis_Cattle Egret/XC143599.mp3
train,Bubulcus ibis_Cattle Egret,../../Datasets/BirdClef/features/Bubulcus ibis_Cattle Egret/XC174527.npy,../../Datasets/BirdClef/audio/Bubulcus ibis_Cattle Egret/XC174527.mp3
train,Bubulcus ibis_Cattle Egret,../../Datasets/BirdClef/features/Bubulcus ibis_Cattle Egret/XC50322.npy,../../Datasets/BirdClef/audio/Bubulcus ibis_Cattle Egret/XC50322.mp3
train,Bubulcus ibis_Cattle Egret,../../Datasets/BirdClef/features/Bubulcus ibis_Cattle Egret/XC371472.npy,../../Datasets/BirdClef/audio/Bubulcus ibis_Cattle Egret/XC371472.mp3
train,Bubulcus ibis_Cattle Egret,../../Datasets/BirdClef/features/Bubulcus ibis_Cattle Egret/XC438523.npy,../../Datasets/BirdClef/audio/Bubulcus ibis_Cattle Egret/XC438523.mp3
train,Bucephala clangula_Common Goldeneye,../../Datasets/BirdClef/features/Bucephala clangula_Common Goldeneye/XC502178.npy,../../Datasets/BirdClef/audio/Bucephala clangula_Common Goldeneye/XC502178.mp3
train,Bucephala clangula_Common Goldeneye,../../Datasets/BirdClef/features/Bucephala clangula_Common Goldeneye/XC236427.npy,../../Datasets/BirdClef/audio/Bucephala clangula_Common Goldeneye/XC236427.mp3
train,Bucephala clangula_Common Goldeneye,../../Datasets/BirdClef/features/Bucephala clangula_Common Goldeneye/XC132097.npy,../../Datasets/BirdClef/audio/Bucephala clangula_Common Goldeneye/XC132097.mp3
train,Bucephala clangula_Common Goldeneye,../../Datasets/BirdClef/features/Bucephala clangula_Common Goldeneye/XC297669.npy,../../Datasets/BirdClef/audio/Bucephala clangula_Common Goldeneye/XC297669.mp3
train,Bucephala clangula_Common Goldeneye,../../Datasets/BirdClef/features/Bucephala clangula_Common Goldeneye/XC132546.npy,../../Datasets/BirdClef/audio/Bucephala clangula_Common Goldeneye/XC132546.mp3
train,Busarellus nigricollis_Black-collared Hawk,../../Datasets/BirdClef/features/Busarellus nigricollis_Black-collared Hawk/XC219847.npy,../../Datasets/BirdClef/audio/Busarellus nigricollis_Black-collared Hawk/XC219847.mp3
train,Busarellus nigricollis_Black-collared Hawk,../../Datasets/BirdClef/features/Busarellus nigricollis_Black-collared Hawk/XC84953.npy,../../Datasets/BirdClef/audio/Busarellus nigricollis_Black-collared Hawk/XC84953.mp3
train,Busarellus nigricollis_Black-collared Hawk,../../Datasets/BirdClef/features/Busarellus nigricollis_Black-collared Hawk/XC60500.npy,../../Datasets/BirdClef/audio/Busarellus nigricollis_Black-collared Hawk/XC60500.mp3
train,Busarellus nigricollis_Black-collared Hawk,../../Datasets/BirdClef/features/Busarellus nigricollis_Black-collared Hawk/XC260345.npy,../../Datasets/BirdClef/audio/Busarellus nigricollis_Black-collared Hawk/XC260345.mp3
train,Busarellus nigricollis_Black-collared Hawk,../../Datasets/BirdClef/features/Busarellus nigricollis_Black-collared Hawk/XC116247.npy,../../Datasets/BirdClef/audio/Busarellus nigricollis_Black-collared Hawk/XC116247.mp3
train,Buteo buteo_Common Buzzard,../../Datasets/BirdClef/features/Buteo buteo_Common Buzzard/XC177453.npy,../../Datasets/BirdClef/audio/Buteo buteo_Common Buzzard/XC177453.mp3
train,Buteo buteo_Common Buzzard,../../Datasets/BirdClef/features/Buteo buteo_Common Buzzard/XC415177.npy,../../Datasets/BirdClef/audio/Buteo buteo_Common Buzzard/XC415177.mp3
train,Buteo buteo_Common Buzzard,../../Datasets/BirdClef/features/Buteo buteo_Common Buzzard/XC180232.npy,../../Datasets/BirdClef/audio/Buteo buteo_Common Buzzard/XC180232.mp3
train,Buteo buteo_Common Buzzard,../../Datasets/BirdClef/features/Buteo buteo_Common Buzzard/XC138324.npy,../../Datasets/BirdClef/audio/Buteo buteo_Common Buzzard/XC138324.mp3
train,Buteo buteo_Common Buzzard,../../Datasets/BirdClef/features/Buteo buteo_Common Buzzard/XC234607.npy,../../Datasets/BirdClef/audio/Buteo buteo_Common Buzzard/XC234607.mp3
train,Buteo jamaicensis_Red-tailed Hawk,../../Datasets/BirdClef/features/Buteo jamaicensis_Red-tailed Hawk/XC160481.npy,../../Datasets/BirdClef/audio/Buteo jamaicensis_Red-tailed Hawk/XC160481.mp3
train,Buteo jamaicensis_Red-tailed Hawk,../../Datasets/BirdClef/features/Buteo jamaicensis_Red-tailed Hawk/XC362114.npy,../../Datasets/BirdClef/audio/Buteo jamaicensis_Red-tailed Hawk/XC362114.mp3
train,Buteo jamaicensis_Red-tailed Hawk,../../Datasets/BirdClef/features/Buteo jamaicensis_Red-tailed Hawk/XC297281.npy,../../Datasets/BirdClef/audio/Buteo jamaicensis_Red-tailed Hawk/XC297281.mp3
train,Buteo jamaicensis_Red-tailed Hawk,../../Datasets/BirdClef/features/Buteo jamaicensis_Red-tailed Hawk/XC173873.npy,../../Datasets/BirdClef/audio/Buteo jamaicensis_Red-tailed Hawk/XC173873.mp3
train,Buteo jamaicensis_Red-tailed Hawk,../../Datasets/BirdClef/features/Buteo jamaicensis_Red-tailed Hawk/XC418252.npy,../../Datasets/BirdClef/audio/Buteo jamaicensis_Red-tailed Hawk/XC418252.mp3
train,Buteo lineatus_Red-shouldered Hawk,../../Datasets/BirdClef/features/Buteo lineatus_Red-shouldered Hawk/XC399004.npy,../../Datasets/BirdClef/audio/Buteo lineatus_Red-shouldered Hawk/XC399004.mp3
train,Buteo lineatus_Red-shouldered Hawk,../../Datasets/BirdClef/features/Buteo lineatus_Red-shouldered Hawk/XC137952.npy,../../Datasets/BirdClef/audio/Buteo lineatus_Red-shouldered Hawk/XC137952.mp3
train,Buteo lineatus_Red-shouldered Hawk,../../Datasets/BirdClef/features/Buteo lineatus_Red-shouldered Hawk/XC451479.npy,../../Datasets/BirdClef/audio/Buteo lineatus_Red-shouldered Hawk/XC451479.mp3
train,Buteo lineatus_Red-shouldered Hawk,../../Datasets/BirdClef/features/Buteo lineatus_Red-shouldered Hawk/XC430781.npy,../../Datasets/BirdClef/audio/Buteo lineatus_Red-shouldered Hawk/XC430781.mp3
train,Buteo lineatus_Red-shouldered Hawk,../../Datasets/BirdClef/features/Buteo lineatus_Red-shouldered Hawk/XC367006.npy,../../Datasets/BirdClef/audio/Buteo lineatus_Red-shouldered Hawk/XC367006.mp3
train,Buteo nitidus_Gray-lined Hawk,../../Datasets/BirdClef/features/Buteo nitidus_Gray-lined Hawk/XC219875.npy,../../Datasets/BirdClef/audio/Buteo nitidus_Gray-lined Hawk/XC219875.mp3
train,Buteo nitidus_Gray-lined Hawk,../../Datasets/BirdClef/features/Buteo nitidus_Gray-lined Hawk/XC359464.npy,../../Datasets/BirdClef/audio/Buteo nitidus_Gray-lined Hawk/XC359464.mp3
train,Buteo nitidus_Gray-lined Hawk,../../Datasets/BirdClef/features/Buteo nitidus_Gray-lined Hawk/XC12093.npy,../../Datasets/BirdClef/audio/Buteo nitidus_Gray-lined Hawk/XC12093.mp3
train,Buteo nitidus_Gray-lined Hawk,../../Datasets/BirdClef/features/Buteo nitidus_Gray-lined Hawk/XC305307.npy,../../Datasets/BirdClef/audio/Buteo nitidus_Gray-lined Hawk/XC305307.mp3
train,Buteo nitidus_Gray-lined Hawk,../../Datasets/BirdClef/features/Buteo nitidus_Gray-lined Hawk/XC428481.npy,../../Datasets/BirdClef/audio/Buteo nitidus_Gray-lined Hawk/XC428481.mp3
train,Buteo platypterus_Broad-winged Hawk,../../Datasets/BirdClef/features/Buteo platypterus_Broad-winged Hawk/XC103861.npy,../../Datasets/BirdClef/audio/Buteo platypterus_Broad-winged Hawk/XC103861.mp3
train,Buteo platypterus_Broad-winged Hawk,../../Datasets/BirdClef/features/Buteo platypterus_Broad-winged Hawk/XC78897.npy,../../Datasets/BirdClef/audio/Buteo platypterus_Broad-winged Hawk/XC78897.mp3
train,Buteo platypterus_Broad-winged Hawk,../../Datasets/BirdClef/features/Buteo platypterus_Broad-winged Hawk/XC250549.npy,../../Datasets/BirdClef/audio/Buteo platypterus_Broad-winged Hawk/XC250549.mp3
train,Buteo platypterus_Broad-winged Hawk,../../Datasets/BirdClef/features/Buteo platypterus_Broad-winged Hawk/XC479500.npy,../../Datasets/BirdClef/audio/Buteo platypterus_Broad-winged Hawk/XC479500.mp3
train,Buteo platypterus_Broad-winged Hawk,../../Datasets/BirdClef/features/Buteo platypterus_Broad-winged Hawk/XC427139.npy,../../Datasets/BirdClef/audio/Buteo platypterus_Broad-winged Hawk/XC427139.mp3
train,Buteogallus urubitinga_Great Black Hawk,../../Datasets/BirdClef/features/Buteogallus urubitinga_Great Black Hawk/XC43120.npy,../../Datasets/BirdClef/audio/Buteogallus urubitinga_Great Black Hawk/XC43120.mp3
train,Buteogallus urubitinga_Great Black Hawk,../../Datasets/BirdClef/features/Buteogallus urubitinga_Great Black Hawk/XC50580.npy,../../Datasets/BirdClef/audio/Buteogallus urubitinga_Great Black Hawk/XC50580.mp3
train,Buteogallus urubitinga_Great Black Hawk,../../Datasets/BirdClef/features/Buteogallus urubitinga_Great Black Hawk/XC50583.npy,../../Datasets/BirdClef/audio/Buteogallus urubitinga_Great Black Hawk/XC50583.mp3
train,Buteogallus urubitinga_Great Black Hawk,../../Datasets/BirdClef/features/Buteogallus urubitinga_Great Black Hawk/XC95201.npy,../../Datasets/BirdClef/audio/Buteogallus urubitinga_Great Black Hawk/XC95201.mp3
train,Buteogallus urubitinga_Great Black Hawk,../../Datasets/BirdClef/features/Buteogallus urubitinga_Great Black Hawk/XC123666.npy,../../Datasets/BirdClef/audio/Buteogallus urubitinga_Great Black Hawk/XC123666.mp3
train,Butorides striata_Striated Heron,../../Datasets/BirdClef/features/Butorides striata_Striated Heron/XC151340.npy,../../Datasets/BirdClef/audio/Butorides striata_Striated Heron/XC151340.mp3
train,Butorides striata_Striated Heron,../../Datasets/BirdClef/features/Butorides striata_Striated Heron/XC117050.npy,../../Datasets/BirdClef/audio/Butorides striata_Striated Heron/XC117050.mp3
train,Butorides striata_Striated Heron,../../Datasets/BirdClef/features/Butorides striata_Striated Heron/XC255383.npy,../../Datasets/BirdClef/audio/Butorides striata_Striated Heron/XC255383.mp3
train,Butorides striata_Striated Heron,../../Datasets/BirdClef/features/Butorides striata_Striated Heron/XC48575.npy,../../Datasets/BirdClef/audio/Butorides striata_Striated Heron/XC48575.mp3
train,Butorides striata_Striated Heron,../../Datasets/BirdClef/features/Butorides striata_Striated Heron/XC294678.npy,../../Datasets/BirdClef/audio/Butorides striata_Striated Heron/XC294678.mp3
train,Butorides virescens_Green Heron,../../Datasets/BirdClef/features/Butorides virescens_Green Heron/XC326526.npy,../../Datasets/BirdClef/audio/Butorides virescens_Green Heron/XC326526.mp3
train,Butorides virescens_Green Heron,../../Datasets/BirdClef/features/Butorides virescens_Green Heron/XC141841.npy,../../Datasets/BirdClef/audio/Butorides virescens_Green Heron/XC141841.mp3
train,Butorides virescens_Green Heron,../../Datasets/BirdClef/features/Butorides virescens_Green Heron/XC149433.npy,../../Datasets/BirdClef/audio/Butorides virescens_Green Heron/XC149433.mp3
train,Butorides virescens_Green Heron,../../Datasets/BirdClef/features/Butorides virescens_Green Heron/XC319278.npy,../../Datasets/BirdClef/audio/Butorides virescens_Green Heron/XC319278.mp3
train,Butorides virescens_Green Heron,../../Datasets/BirdClef/features/Butorides virescens_Green Heron/XC149427.npy,../../Datasets/BirdClef/audio/Butorides virescens_Green Heron/XC149427.mp3
train,Cacicus cela_Yellow-rumped Cacique,../../Datasets/BirdClef/features/Cacicus cela_Yellow-rumped Cacique/XC74695.npy,../../Datasets/BirdClef/audio/Cacicus cela_Yellow-rumped Cacique/XC74695.mp3
train,Cacicus cela_Yellow-rumped Cacique,../../Datasets/BirdClef/features/Cacicus cela_Yellow-rumped Cacique/XC436790.npy,../../Datasets/BirdClef/audio/Cacicus cela_Yellow-rumped Cacique/XC436790.mp3
train,Cacicus cela_Yellow-rumped Cacique,../../Datasets/BirdClef/features/Cacicus cela_Yellow-rumped Cacique/XC446945.npy,../../Datasets/BirdClef/audio/Cacicus cela_Yellow-rumped Cacique/XC446945.mp3
train,Cacicus cela_Yellow-rumped Cacique,../../Datasets/BirdClef/features/Cacicus cela_Yellow-rumped Cacique/XC32050.npy,../../Datasets/BirdClef/audio/Cacicus cela_Yellow-rumped Cacique/XC32050.mp3
train,Cacicus cela_Yellow-rumped Cacique,../../Datasets/BirdClef/features/Cacicus cela_Yellow-rumped Cacique/XC199036.npy,../../Datasets/BirdClef/audio/Cacicus cela_Yellow-rumped Cacique/XC199036.mp3
train,Cacicus haemorrhous_Red-rumped Cacique,../../Datasets/BirdClef/features/Cacicus haemorrhous_Red-rumped Cacique/XC48004.npy,../../Datasets/BirdClef/audio/Cacicus haemorrhous_Red-rumped Cacique/XC48004.mp3
train,Cacicus haemorrhous_Red-rumped Cacique,../../Datasets/BirdClef/features/Cacicus haemorrhous_Red-rumped Cacique/XC34122.npy,../../Datasets/BirdClef/audio/Cacicus haemorrhous_Red-rumped Cacique/XC34122.mp3
train,Cacicus haemorrhous_Red-rumped Cacique,../../Datasets/BirdClef/features/Cacicus haemorrhous_Red-rumped Cacique/XC34123.npy,../../Datasets/BirdClef/audio/Cacicus haemorrhous_Red-rumped Cacique/XC34123.mp3
train,Cacicus haemorrhous_Red-rumped Cacique,../../Datasets/BirdClef/features/Cacicus haemorrhous_Red-rumped Cacique/XC259968.npy,../../Datasets/BirdClef/audio/Cacicus haemorrhous_Red-rumped Cacique/XC259968.mp3
train,Cacicus haemorrhous_Red-rumped Cacique,../../Datasets/BirdClef/features/Cacicus haemorrhous_Red-rumped Cacique/XC42820.npy,../../Datasets/BirdClef/audio/Cacicus haemorrhous_Red-rumped Cacique/XC42820.mp3
train,Cacicus solitarius_Solitary Black Cacique,../../Datasets/BirdClef/features/Cacicus solitarius_Solitary Black Cacique/XC15613.npy,../../Datasets/BirdClef/audio/Cacicus solitarius_Solitary Black Cacique/XC15613.mp3
train,Cacicus solitarius_Solitary Black Cacique,../../Datasets/BirdClef/features/Cacicus solitarius_Solitary Black Cacique/XC206728.npy,../../Datasets/BirdClef/audio/Cacicus solitarius_Solitary Black Cacique/XC206728.mp3
train,Cacicus solitarius_Solitary Black Cacique,../../Datasets/BirdClef/features/Cacicus solitarius_Solitary Black Cacique/XC444254.npy,../../Datasets/BirdClef/audio/Cacicus solitarius_Solitary Black Cacique/XC444254.mp3
train,Cacicus solitarius_Solitary Black Cacique,../../Datasets/BirdClef/features/Cacicus solitarius_Solitary Black Cacique/XC263022.npy,../../Datasets/BirdClef/audio/Cacicus solitarius_Solitary Black Cacique/XC263022.mp3
train,Cacicus solitarius_Solitary Black Cacique,../../Datasets/BirdClef/features/Cacicus solitarius_Solitary Black Cacique/XC106724.npy,../../Datasets/BirdClef/audio/Cacicus solitarius_Solitary Black Cacique/XC106724.mp3
train,Calidris alpina_Dunlin,../../Datasets/BirdClef/features/Calidris alpina_Dunlin/XC161093.npy,../../Datasets/BirdClef/audio/Calidris alpina_Dunlin/XC161093.mp3
train,Calidris alpina_Dunlin,../../Datasets/BirdClef/features/Calidris alpina_Dunlin/XC291779.npy,../../Datasets/BirdClef/audio/Calidris alpina_Dunlin/XC291779.mp3
train,Calidris alpina_Dunlin,../../Datasets/BirdClef/features/Calidris alpina_Dunlin/XC147161.npy,../../Datasets/BirdClef/audio/Calidris alpina_Dunlin/XC147161.mp3
train,Calidris alpina_Dunlin,../../Datasets/BirdClef/features/Calidris alpina_Dunlin/XC432112.npy,../../Datasets/BirdClef/audio/Calidris alpina_Dunlin/XC432112.mp3
train,Calidris alpina_Dunlin,../../Datasets/BirdClef/features/Calidris alpina_Dunlin/XC150666.npy,../../Datasets/BirdClef/audio/Calidris alpina_Dunlin/XC150666.mp3
train,Calidris bairdii_Baird's Sandpiper,../../Datasets/BirdClef/features/Calidris bairdii_Baird's Sandpiper/XC148504.npy,../../Datasets/BirdClef/audio/Calidris bairdii_Baird's Sandpiper/XC148504.mp3
train,Calidris bairdii_Baird's Sandpiper,../../Datasets/BirdClef/features/Calidris bairdii_Baird's Sandpiper/XC470789.npy,../../Datasets/BirdClef/audio/Calidris bairdii_Baird's Sandpiper/XC470789.mp3
train,Calidris bairdii_Baird's Sandpiper,../../Datasets/BirdClef/features/Calidris bairdii_Baird's Sandpiper/XC272612.npy,../../Datasets/BirdClef/audio/Calidris bairdii_Baird's Sandpiper/XC272612.mp3
train,Calidris bairdii_Baird's Sandpiper,../../Datasets/BirdClef/features/Calidris bairdii_Baird's Sandpiper/XC449847.npy,../../Datasets/BirdClef/audio/Calidris bairdii_Baird's Sandpiper/XC449847.mp3
train,Calidris bairdii_Baird's Sandpiper,../../Datasets/BirdClef/features/Calidris bairdii_Baird's Sandpiper/XC185621.npy,../../Datasets/BirdClef/audio/Calidris bairdii_Baird's Sandpiper/XC185621.mp3
train,Calidris melanotos_Pectoral Sandpiper,../../Datasets/BirdClef/features/Calidris melanotos_Pectoral Sandpiper/XC461097.npy,../../Datasets/BirdClef/audio/Calidris melanotos_Pectoral Sandpiper/XC461097.mp3
train,Calidris melanotos_Pectoral Sandpiper,../../Datasets/BirdClef/features/Calidris melanotos_Pectoral Sandpiper/XC396681.npy,../../Datasets/BirdClef/audio/Calidris melanotos_Pectoral Sandpiper/XC396681.mp3
train,Calidris melanotos_Pectoral Sandpiper,../../Datasets/BirdClef/features/Calidris melanotos_Pectoral Sandpiper/XC220048.npy,../../Datasets/BirdClef/audio/Calidris melanotos_Pectoral Sandpiper/XC220048.mp3
train,Calidris melanotos_Pectoral Sandpiper,../../Datasets/BirdClef/features/Calidris melanotos_Pectoral Sandpiper/XC384947.npy,../../Datasets/BirdClef/audio/Calidris melanotos_Pectoral Sandpiper/XC384947.mp3
train,Calidris melanotos_Pectoral Sandpiper,../../Datasets/BirdClef/features/Calidris melanotos_Pectoral Sandpiper/XC276934.npy,../../Datasets/BirdClef/audio/Calidris melanotos_Pectoral Sandpiper/XC276934.mp3
train,Calidris minutilla_Least Sandpiper,../../Datasets/BirdClef/features/Calidris minutilla_Least Sandpiper/XC474335.npy,../../Datasets/BirdClef/audio/Calidris minutilla_Least Sandpiper/XC474335.mp3
train,Calidris minutilla_Least Sandpiper,../../Datasets/BirdClef/features/Calidris minutilla_Least Sandpiper/XC109318.npy,../../Datasets/BirdClef/audio/Calidris minutilla_Least Sandpiper/XC109318.mp3
train,Calidris minutilla_Least Sandpiper,../../Datasets/BirdClef/features/Calidris minutilla_Least Sandpiper/XC147355.npy,../../Datasets/BirdClef/audio/Calidris minutilla_Least Sandpiper/XC147355.mp3
train,Calidris minutilla_Least Sandpiper,../../Datasets/BirdClef/features/Calidris minutilla_Least Sandpiper/XC149436.npy,../../Datasets/BirdClef/audio/Calidris minutilla_Least Sandpiper/XC149436.mp3
train,Calidris minutilla_Least Sandpiper,../../Datasets/BirdClef/features/Calidris minutilla_Least Sandpiper/XC238080.npy,../../Datasets/BirdClef/audio/Calidris minutilla_Least Sandpiper/XC238080.mp3
train,Calidris pusilla_Semipalmated Sandpiper,../../Datasets/BirdClef/features/Calidris pusilla_Semipalmated Sandpiper/XC460711.npy,../../Datasets/BirdClef/audio/Calidris pusilla_Semipalmated Sandpiper/XC460711.mp3
train,Calidris pusilla_Semipalmated Sandpiper,../../Datasets/BirdClef/features/Calidris pusilla_Semipalmated Sandpiper/XC354720.npy,../../Datasets/BirdClef/audio/Calidris pusilla_Semipalmated Sandpiper/XC354720.mp3
train,Calidris pusilla_Semipalmated Sandpiper,../../Datasets/BirdClef/features/Calidris pusilla_Semipalmated Sandpiper/XC406232.npy,../../Datasets/BirdClef/audio/Calidris pusilla_Semipalmated Sandpiper/XC406232.mp3
train,Calidris pusilla_Semipalmated Sandpiper,../../Datasets/BirdClef/features/Calidris pusilla_Semipalmated Sandpiper/XC145906.npy,../../Datasets/BirdClef/audio/Calidris pusilla_Semipalmated Sandpiper/XC145906.mp3
train,Calidris pusilla_Semipalmated Sandpiper,../../Datasets/BirdClef/features/Calidris pusilla_Semipalmated Sandpiper/XC141733.npy,../../Datasets/BirdClef/audio/Calidris pusilla_Semipalmated Sandpiper/XC141733.mp3
train,Callipepla californica_California Quail,../../Datasets/BirdClef/features/Callipepla californica_California Quail/XC364572.npy,../../Datasets/BirdClef/audio/Callipepla californica_California Quail/XC364572.mp3
train,Callipepla californica_California Quail,../../Datasets/BirdClef/features/Callipepla californica_California Quail/XC471670.npy,../../Datasets/BirdClef/audio/Callipepla californica_California Quail/XC471670.mp3
train,Callipepla californica_California Quail,../../Datasets/BirdClef/features/Callipepla californica_California Quail/XC408289.npy,../../Datasets/BirdClef/audio/Callipepla californica_California Quail/XC408289.mp3
train,Callipepla californica_California Quail,../../Datasets/BirdClef/features/Callipepla californica_California Quail/XC53487.npy,../../Datasets/BirdClef/audio/Callipepla californica_California Quail/XC53487.mp3
train,Callipepla californica_California Quail,../../Datasets/BirdClef/features/Callipepla californica_California Quail/XC108164.npy,../../Datasets/BirdClef/audio/Callipepla californica_California Quail/XC108164.mp3
train,Calypte anna_Anna's Hummingbird,../../Datasets/BirdClef/features/Calypte anna_Anna's Hummingbird/XC159137.npy,../../Datasets/BirdClef/audio/Calypte anna_Anna's Hummingbird/XC159137.mp3
train,Calypte anna_Anna's Hummingbird,../../Datasets/BirdClef/features/Calypte anna_Anna's Hummingbird/XC297468.npy,../../Datasets/BirdClef/audio/Calypte anna_Anna's Hummingbird/XC297468.mp3
train,Calypte anna_Anna's Hummingbird,../../Datasets/BirdClef/features/Calypte anna_Anna's Hummingbird/XC158923.npy,../../Datasets/BirdClef/audio/Calypte anna_Anna's Hummingbird/XC158923.mp3
train,Calypte anna_Anna's Hummingbird,../../Datasets/BirdClef/features/Calypte anna_Anna's Hummingbird/XC160060.npy,../../Datasets/BirdClef/audio/Calypte anna_Anna's Hummingbird/XC160060.mp3
train,Calypte anna_Anna's Hummingbird,../../Datasets/BirdClef/features/Calypte anna_Anna's Hummingbird/XC297440.npy,../../Datasets/BirdClef/audio/Calypte anna_Anna's Hummingbird/XC297440.mp3
train,Campephilus melanoleucos_Crimson-crested Woodpecker,../../Datasets/BirdClef/features/Campephilus melanoleucos_Crimson-crested Woodpecker/XC493630.npy,../../Datasets/BirdClef/audio/Campephilus melanoleucos_Crimson-crested Woodpecker/XC493630.mp3
train,Campephilus melanoleucos_Crimson-crested Woodpecker,../../Datasets/BirdClef/features/Campephilus melanoleucos_Crimson-crested Woodpecker/XC92397.npy,../../Datasets/BirdClef/audio/Campephilus melanoleucos_Crimson-crested Woodpecker/XC92397.mp3
train,Campephilus melanoleucos_Crimson-crested Woodpecker,../../Datasets/BirdClef/features/Campephilus melanoleucos_Crimson-crested Woodpecker/XC258073.npy,../../Datasets/BirdClef/audio/Campephilus melanoleucos_Crimson-crested Woodpecker/XC258073.mp3
train,Campephilus melanoleucos_Crimson-crested Woodpecker,../../Datasets/BirdClef/features/Campephilus melanoleucos_Crimson-crested Woodpecker/XC234592.npy,../../Datasets/BirdClef/audio/Campephilus melanoleucos_Crimson-crested Woodpecker/XC234592.mp3
train,Campephilus melanoleucos_Crimson-crested Woodpecker,../../Datasets/BirdClef/features/Campephilus melanoleucos_Crimson-crested Woodpecker/XC305306.npy,../../Datasets/BirdClef/audio/Campephilus melanoleucos_Crimson-crested Woodpecker/XC305306.mp3
train,Campephilus rubricollis_Red-necked Woodpecker,../../Datasets/BirdClef/features/Campephilus rubricollis_Red-necked Woodpecker/XC216561.npy,../../Datasets/BirdClef/audio/Campephilus rubricollis_Red-necked Woodpecker/XC216561.mp3
train,Campephilus rubricollis_Red-necked Woodpecker,../../Datasets/BirdClef/features/Campephilus rubricollis_Red-necked Woodpecker/XC86728.npy,../../Datasets/BirdClef/audio/Campephilus rubricollis_Red-necked Woodpecker/XC86728.mp3
train,Campephilus rubricollis_Red-necked Woodpecker,../../Datasets/BirdClef/features/Campephilus rubricollis_Red-necked Woodpecker/XC220141.npy,../../Datasets/BirdClef/audio/Campephilus rubricollis_Red-necked Woodpecker/XC220141.mp3
train,Campephilus rubricollis_Red-necked Woodpecker,../../Datasets/BirdClef/features/Campephilus rubricollis_Red-necked Woodpecker/XC370577.npy,../../Datasets/BirdClef/audio/Campephilus rubricollis_Red-necked Woodpecker/XC370577.mp3
train,Campephilus rubricollis_Red-necked Woodpecker,../../Datasets/BirdClef/features/Campephilus rubricollis_Red-necked Woodpecker/XC146935.npy,../../Datasets/BirdClef/audio/Campephilus rubricollis_Red-necked Woodpecker/XC146935.mp3
train,Camptostoma obsoletum_Southern Beardless-Tyrannulet,../../Datasets/BirdClef/features/Camptostoma obsoletum_Southern Beardless-Tyrannulet/XC307322.npy,../../Datasets/BirdClef/audio/Camptostoma obsoletum_Southern Beardless-Tyrannulet/XC307322.mp3
train,Camptostoma obsoletum_Southern Beardless-Tyrannulet,../../Datasets/BirdClef/features/Camptostoma obsoletum_Southern Beardless-Tyrannulet/XC148187.npy,../../Datasets/BirdClef/audio/Camptostoma obsoletum_Southern Beardless-Tyrannulet/XC148187.mp3
train,Camptostoma obsoletum_Southern Beardless-Tyrannulet,../../Datasets/BirdClef/features/Camptostoma obsoletum_Southern Beardless-Tyrannulet/XC330923.npy,../../Datasets/BirdClef/audio/Camptostoma obsoletum_Southern Beardless-Tyrannulet/XC330923.mp3
train,Camptostoma obsoletum_Southern Beardless-Tyrannulet,../../Datasets/BirdClef/features/Camptostoma obsoletum_Southern Beardless-Tyrannulet/XC419306.npy,../../Datasets/BirdClef/audio/Camptostoma obsoletum_Southern Beardless-Tyrannulet/XC419306.mp3
train,Camptostoma obsoletum_Southern Beardless-Tyrannulet,../../Datasets/BirdClef/features/Camptostoma obsoletum_Southern Beardless-Tyrannulet/XC273159.npy,../../Datasets/BirdClef/audio/Camptostoma obsoletum_Southern Beardless-Tyrannulet/XC273159.mp3
train,Campylorhamphus trochilirostris_Red-billed Scythebill,../../Datasets/BirdClef/features/Campylorhamphus trochilirostris_Red-billed Scythebill/XC151190.npy,../../Datasets/BirdClef/audio/Campylorhamphus trochilirostris_Red-billed Scythebill/XC151190.mp3
train,Campylorhamphus trochilirostris_Red-billed Scythebill,../../Datasets/BirdClef/features/Campylorhamphus trochilirostris_Red-billed Scythebill/XC254144.npy,../../Datasets/BirdClef/audio/Campylorhamphus trochilirostris_Red-billed Scythebill/XC254144.mp3
train,Campylorhamphus trochilirostris_Red-billed Scythebill,../../Datasets/BirdClef/features/Campylorhamphus trochilirostris_Red-billed Scythebill/XC3110.npy,../../Datasets/BirdClef/audio/Campylorhamphus trochilirostris_Red-billed Scythebill/XC3110.mp3
train,Campylorhamphus trochilirostris_Red-billed Scythebill,../../Datasets/BirdClef/features/Campylorhamphus trochilirostris_Red-billed Scythebill/XC123270.npy,../../Datasets/BirdClef/audio/Campylorhamphus trochilirostris_Red-billed Scythebill/XC123270.mp3
train,Campylorhamphus trochilirostris_Red-billed Scythebill,../../Datasets/BirdClef/features/Campylorhamphus trochilirostris_Red-billed Scythebill/XC220216.npy,../../Datasets/BirdClef/audio/Campylorhamphus trochilirostris_Red-billed Scythebill/XC220216.mp3
train,Campylorhynchus brunneicapillus_Cactus Wren,../../Datasets/BirdClef/features/Campylorhynchus brunneicapillus_Cactus Wren/XC360277.npy,../../Datasets/BirdClef/audio/Campylorhynchus brunneicapillus_Cactus Wren/XC360277.mp3
train,Campylorhynchus brunneicapillus_Cactus Wren,../../Datasets/BirdClef/features/Campylorhynchus brunneicapillus_Cactus Wren/XC220233.npy,../../Datasets/BirdClef/audio/Campylorhynchus brunneicapillus_Cactus Wren/XC220233.mp3
train,Campylorhynchus brunneicapillus_Cactus Wren,../../Datasets/BirdClef/features/Campylorhynchus brunneicapillus_Cactus Wren/XC324044.npy,../../Datasets/BirdClef/audio/Campylorhynchus brunneicapillus_Cactus Wren/XC324044.mp3
train,Campylorhynchus brunneicapillus_Cactus Wren,../../Datasets/BirdClef/features/Campylorhynchus brunneicapillus_Cactus Wren/XC72392.npy,../../Datasets/BirdClef/audio/Campylorhynchus brunneicapillus_Cactus Wren/XC72392.mp3
train,Campylorhynchus brunneicapillus_Cactus Wren,../../Datasets/BirdClef/features/Campylorhynchus brunneicapillus_Cactus Wren/XC21458.npy,../../Datasets/BirdClef/audio/Campylorhynchus brunneicapillus_Cactus Wren/XC21458.mp3
train,Campylorhynchus turdinus_Thrush-like Wren,../../Datasets/BirdClef/features/Campylorhynchus turdinus_Thrush-like Wren/XC180198.npy,../../Datasets/BirdClef/audio/Campylorhynchus turdinus_Thrush-like Wren/XC180198.mp3
train,Campylorhynchus turdinus_Thrush-like Wren,../../Datasets/BirdClef/features/Campylorhynchus turdinus_Thrush-like Wren/XC259294.npy,../../Datasets/BirdClef/audio/Campylorhynchus turdinus_Thrush-like Wren/XC259294.mp3
train,Campylorhynchus turdinus_Thrush-like Wren,../../Datasets/BirdClef/features/Campylorhynchus turdinus_Thrush-like Wren/XC20686.npy,../../Datasets/BirdClef/audio/Campylorhynchus turdinus_Thrush-like Wren/XC20686.mp3
train,Campylorhynchus turdinus_Thrush-like Wren,../../Datasets/BirdClef/features/Campylorhynchus turdinus_Thrush-like Wren/XC86393.npy,../../Datasets/BirdClef/audio/Campylorhynchus turdinus_Thrush-like Wren/XC86393.mp3
train,Campylorhynchus turdinus_Thrush-like Wren,../../Datasets/BirdClef/features/Campylorhynchus turdinus_Thrush-like Wren/XC190231.npy,../../Datasets/BirdClef/audio/Campylorhynchus turdinus_Thrush-like Wren/XC190231.mp3
train,Cantorchilus leucotis_Buff-breasted Wren,../../Datasets/BirdClef/features/Cantorchilus leucotis_Buff-breasted Wren/XC461613.npy,../../Datasets/BirdClef/audio/Cantorchilus leucotis_Buff-breasted Wren/XC461613.mp3
train,Cantorchilus leucotis_Buff-breasted Wren,../../Datasets/BirdClef/features/Cantorchilus leucotis_Buff-breasted Wren/XC316947.npy,../../Datasets/BirdClef/audio/Cantorchilus leucotis_Buff-breasted Wren/XC316947.mp3
train,Cantorchilus leucotis_Buff-breasted Wren,../../Datasets/BirdClef/features/Cantorchilus leucotis_Buff-breasted Wren/XC464816.npy,../../Datasets/BirdClef/audio/Cantorchilus leucotis_Buff-breasted Wren/XC464816.mp3
train,Cantorchilus leucotis_Buff-breasted Wren,../../Datasets/BirdClef/features/Cantorchilus leucotis_Buff-breasted Wren/XC270629.npy,../../Datasets/BirdClef/audio/Cantorchilus leucotis_Buff-breasted Wren/XC270629.mp3
train,Cantorchilus leucotis_Buff-breasted Wren,../../Datasets/BirdClef/features/Cantorchilus leucotis_Buff-breasted Wren/XC270627.npy,../../Datasets/BirdClef/audio/Cantorchilus leucotis_Buff-breasted Wren/XC270627.mp3
train,Capsiempis flaveola_Yellow Tyrannulet,../../Datasets/BirdClef/features/Capsiempis flaveola_Yellow Tyrannulet/XC356870.npy,../../Datasets/BirdClef/audio/Capsiempis flaveola_Yellow Tyrannulet/XC356870.mp3
train,Capsiempis flaveola_Yellow Tyrannulet,../../Datasets/BirdClef/features/Capsiempis flaveola_Yellow Tyrannulet/XC415717.npy,../../Datasets/BirdClef/audio/Capsiempis flaveola_Yellow Tyrannulet/XC415717.mp3
train,Capsiempis flaveola_Yellow Tyrannulet,../../Datasets/BirdClef/features/Capsiempis flaveola_Yellow Tyrannulet/XC249763.npy,../../Datasets/BirdClef/audio/Capsiempis flaveola_Yellow Tyrannulet/XC249763.mp3
train,Capsiempis flaveola_Yellow Tyrannulet,../../Datasets/BirdClef/features/Capsiempis flaveola_Yellow Tyrannulet/XC275071.npy,../../Datasets/BirdClef/audio/Capsiempis flaveola_Yellow Tyrannulet/XC275071.mp3
train,Capsiempis flaveola_Yellow Tyrannulet,../../Datasets/BirdClef/features/Capsiempis flaveola_Yellow Tyrannulet/XC465447.npy,../../Datasets/BirdClef/audio/Capsiempis flaveola_Yellow Tyrannulet/XC465447.mp3
train,Caracara plancus_Southern Caracara,../../Datasets/BirdClef/features/Caracara plancus_Southern Caracara/XC62240.npy,../../Datasets/BirdClef/audio/Caracara plancus_Southern Caracara/XC62240.mp3
train,Caracara plancus_Southern Caracara,../../Datasets/BirdClef/features/Caracara plancus_Southern Caracara/XC123595.npy,../../Datasets/BirdClef/audio/Caracara plancus_Southern Caracara/XC123595.mp3
train,Caracara plancus_Southern Caracara,../../Datasets/BirdClef/features/Caracara plancus_Southern Caracara/XC123639.npy,../../Datasets/BirdClef/audio/Caracara plancus_Southern Caracara/XC123639.mp3
train,Caracara plancus_Southern Caracara,../../Datasets/BirdClef/features/Caracara plancus_Southern Caracara/XC384138.npy,../../Datasets/BirdClef/audio/Caracara plancus_Southern Caracara/XC384138.mp3
train,Caracara plancus_Southern Caracara,../../Datasets/BirdClef/features/Caracara plancus_Southern Caracara/XC416255.npy,../../Datasets/BirdClef/audio/Caracara plancus_Southern Caracara/XC416255.mp3
train,Cardellina pusilla_Wilson's Warbler,../../Datasets/BirdClef/features/Cardellina pusilla_Wilson's Warbler/XC160269.npy,../../Datasets/BirdClef/audio/Cardellina pusilla_Wilson's Warbler/XC160269.mp3
train,Cardellina pusilla_Wilson's Warbler,../../Datasets/BirdClef/features/Cardellina pusilla_Wilson's Warbler/XC159459.npy,../../Datasets/BirdClef/audio/Cardellina pusilla_Wilson's Warbler/XC159459.mp3
train,Cardellina pusilla_Wilson's Warbler,../../Datasets/BirdClef/features/Cardellina pusilla_Wilson's Warbler/XC473454.npy,../../Datasets/BirdClef/audio/Cardellina pusilla_Wilson's Warbler/XC473454.mp3
train,Cardellina pusilla_Wilson's Warbler,../../Datasets/BirdClef/features/Cardellina pusilla_Wilson's Warbler/XC494254.npy,../../Datasets/BirdClef/audio/Cardellina pusilla_Wilson's Warbler/XC494254.mp3
train,Cardellina pusilla_Wilson's Warbler,../../Datasets/BirdClef/features/Cardellina pusilla_Wilson's Warbler/XC157885.npy,../../Datasets/BirdClef/audio/Cardellina pusilla_Wilson's Warbler/XC157885.mp3
train,Cardinalis cardinalis_Northern Cardinal,../../Datasets/BirdClef/features/Cardinalis cardinalis_Northern Cardinal/XC313512.npy,../../Datasets/BirdClef/audio/Cardinalis cardinalis_Northern Cardinal/XC313512.mp3
train,Cardinalis cardinalis_Northern Cardinal,../../Datasets/BirdClef/features/Cardinalis cardinalis_Northern Cardinal/XC466698.npy,../../Datasets/BirdClef/audio/Cardinalis cardinalis_Northern Cardinal/XC466698.mp3
train,Cardinalis cardinalis_Northern Cardinal,../../Datasets/BirdClef/features/Cardinalis cardinalis_Northern Cardinal/XC220401.npy,../../Datasets/BirdClef/audio/Cardinalis cardinalis_Northern Cardinal/XC220401.mp3
train,Cardinalis cardinalis_Northern Cardinal,../../Datasets/BirdClef/features/Cardinalis cardinalis_Northern Cardinal/XC476938.npy,../../Datasets/BirdClef/audio/Cardinalis cardinalis_Northern Cardinal/XC476938.mp3
train,Cardinalis cardinalis_Northern Cardinal,../../Datasets/BirdClef/features/Cardinalis cardinalis_Northern Cardinal/XC373569.npy,../../Datasets/BirdClef/audio/Cardinalis cardinalis_Northern Cardinal/XC373569.mp3
train,Carduelis carduelis_European Goldfinch,../../Datasets/BirdClef/features/Carduelis carduelis_European Goldfinch/XC403120.npy,../../Datasets/BirdClef/audio/Carduelis carduelis_European Goldfinch/XC403120.mp3
train,Carduelis carduelis_European Goldfinch,../../Datasets/BirdClef/features/Carduelis carduelis_European Goldfinch/XC447834.npy,../../Datasets/BirdClef/audio/Carduelis carduelis_European Goldfinch/XC447834.mp3
train,Carduelis carduelis_European Goldfinch,../../Datasets/BirdClef/features/Carduelis carduelis_European Goldfinch/XC375881.npy,../../Datasets/BirdClef/audio/Carduelis carduelis_European Goldfinch/XC375881.mp3
train,Carduelis carduelis_European Goldfinch,../../Datasets/BirdClef/features/Carduelis carduelis_European Goldfinch/XC405946.npy,../../Datasets/BirdClef/audio/Carduelis carduelis_European Goldfinch/XC405946.mp3
train,Carduelis carduelis_European Goldfinch,../../Datasets/BirdClef/features/Carduelis carduelis_European Goldfinch/XC360717.npy,../../Datasets/BirdClef/audio/Carduelis carduelis_European Goldfinch/XC360717.mp3
train,Catharus fuscescens_Veery,../../Datasets/BirdClef/features/Catharus fuscescens_Veery/XC30772.npy,../../Datasets/BirdClef/audio/Catharus fuscescens_Veery/XC30772.mp3
train,Catharus fuscescens_Veery,../../Datasets/BirdClef/features/Catharus fuscescens_Veery/XC362634.npy,../../Datasets/BirdClef/audio/Catharus fuscescens_Veery/XC362634.mp3
train,Catharus fuscescens_Veery,../../Datasets/BirdClef/features/Catharus fuscescens_Veery/XC13855.npy,../../Datasets/BirdClef/audio/Catharus fuscescens_Veery/XC13855.mp3
train,Catharus fuscescens_Veery,../../Datasets/BirdClef/features/Catharus fuscescens_Veery/XC149633.npy,../../Datasets/BirdClef/audio/Catharus fuscescens_Veery/XC149633.mp3
train,Catharus fuscescens_Veery,../../Datasets/BirdClef/features/Catharus fuscescens_Veery/XC139380.npy,../../Datasets/BirdClef/audio/Catharus fuscescens_Veery/XC139380.mp3
train,Catharus guttatus_Hermit Thrush,../../Datasets/BirdClef/features/Catharus guttatus_Hermit Thrush/XC195299.npy,../../Datasets/BirdClef/audio/Catharus guttatus_Hermit Thrush/XC195299.mp3
train,Catharus guttatus_Hermit Thrush,../../Datasets/BirdClef/features/Catharus guttatus_Hermit Thrush/XC14211.npy,../../Datasets/BirdClef/audio/Catharus guttatus_Hermit Thrush/XC14211.mp3
train,Catharus guttatus_Hermit Thrush,../../Datasets/BirdClef/features/Catharus guttatus_Hermit Thrush/XC13857.npy,../../Datasets/BirdClef/audio/Catharus guttatus_Hermit Thrush/XC13857.mp3
train,Catharus guttatus_Hermit Thrush,../../Datasets/BirdClef/features/Catharus guttatus_Hermit Thrush/XC206078.npy,../../Datasets/BirdClef/audio/Catharus guttatus_Hermit Thrush/XC206078.mp3
train,Catharus guttatus_Hermit Thrush,../../Datasets/BirdClef/features/Catharus guttatus_Hermit Thrush/XC157655.npy,../../Datasets/BirdClef/audio/Catharus guttatus_Hermit Thrush/XC157655.mp3
train,Catharus ustulatus_Swainson's Thrush,../../Datasets/BirdClef/features/Catharus ustulatus_Swainson's Thrush/XC144680.npy,../../Datasets/BirdClef/audio/Catharus ustulatus_Swainson's Thrush/XC144680.mp3
train,Catharus ustulatus_Swainson's Thrush,../../Datasets/BirdClef/features/Catharus ustulatus_Swainson's Thrush/XC394519.npy,../../Datasets/BirdClef/audio/Catharus ustulatus_Swainson's Thrush/XC394519.mp3
train,Catharus ustulatus_Swainson's Thrush,../../Datasets/BirdClef/features/Catharus ustulatus_Swainson's Thrush/XC183588.npy,../../Datasets/BirdClef/audio/Catharus ustulatus_Swainson's Thrush/XC183588.mp3
train,Catharus ustulatus_Swainson's Thrush,../../Datasets/BirdClef/features/Catharus ustulatus_Swainson's Thrush/XC14200.npy,../../Datasets/BirdClef/audio/Catharus ustulatus_Swainson's Thrush/XC14200.mp3
train,Catharus ustulatus_Swainson's Thrush,../../Datasets/BirdClef/features/Catharus ustulatus_Swainson's Thrush/XC148241.npy,../../Datasets/BirdClef/audio/Catharus ustulatus_Swainson's Thrush/XC148241.mp3
train,Catherpes mexicanus_Canyon Wren,../../Datasets/BirdClef/features/Catherpes mexicanus_Canyon Wren/XC206349.npy,../../Datasets/BirdClef/audio/Catherpes mexicanus_Canyon Wren/XC206349.mp3
train,Catherpes mexicanus_Canyon Wren,../../Datasets/BirdClef/features/Catherpes mexicanus_Canyon Wren/XC449572.npy,../../Datasets/BirdClef/audio/Catherpes mexicanus_Canyon Wren/XC449572.mp3
train,Catherpes mexicanus_Canyon Wren,../../Datasets/BirdClef/features/Catherpes mexicanus_Canyon Wren/XC87639.npy,../../Datasets/BirdClef/audio/Catherpes mexicanus_Canyon Wren/XC87639.mp3
train,Catherpes mexicanus_Canyon Wren,../../Datasets/BirdClef/features/Catherpes mexicanus_Canyon Wren/XC370754.npy,../../Datasets/BirdClef/audio/Catherpes mexicanus_Canyon Wren/XC370754.mp3
train,Catherpes mexicanus_Canyon Wren,../../Datasets/BirdClef/features/Catherpes mexicanus_Canyon Wren/XC172811.npy,../../Datasets/BirdClef/audio/Catherpes mexicanus_Canyon Wren/XC172811.mp3
train,Celeus flavus_Cream-colored Woodpecker,../../Datasets/BirdClef/features/Celeus flavus_Cream-colored Woodpecker/XC220659.npy,../../Datasets/BirdClef/audio/Celeus flavus_Cream-colored Woodpecker/XC220659.mp3
train,Celeus flavus_Cream-colored Woodpecker,../../Datasets/BirdClef/features/Celeus flavus_Cream-colored Woodpecker/XC46240.npy,../../Datasets/BirdClef/audio/Celeus flavus_Cream-colored Woodpecker/XC46240.mp3
train,Celeus flavus_Cream-colored Woodpecker,../../Datasets/BirdClef/features/Celeus flavus_Cream-colored Woodpecker/XC258050.npy,../../Datasets/BirdClef/audio/Celeus flavus_Cream-colored Woodpecker/XC258050.mp3
train,Celeus flavus_Cream-colored Woodpecker,../../Datasets/BirdClef/features/Celeus flavus_Cream-colored Woodpecker/XC220660.npy,../../Datasets/BirdClef/audio/Celeus flavus_Cream-colored Woodpecker/XC220660.mp3
train,Celeus flavus_Cream-colored Woodpecker,../../Datasets/BirdClef/features/Celeus flavus_Cream-colored Woodpecker/XC14692.npy,../../Datasets/BirdClef/audio/Celeus flavus_Cream-colored Woodpecker/XC14692.mp3
train,Celeus grammicus_Scale-breasted Woodpecker,../../Datasets/BirdClef/features/Celeus grammicus_Scale-breasted Woodpecker/XC148411.npy,../../Datasets/BirdClef/audio/Celeus grammicus_Scale-breasted Woodpecker/XC148411.mp3
train,Celeus grammicus_Scale-breasted Woodpecker,../../Datasets/BirdClef/features/Celeus grammicus_Scale-breasted Woodpecker/XC148039.npy,../../Datasets/BirdClef/audio/Celeus grammicus_Scale-breasted Woodpecker/XC148039.mp3
train,Celeus grammicus_Scale-breasted Woodpecker,../../Datasets/BirdClef/features/Celeus grammicus_Scale-breasted Woodpecker/XC87450.npy,../../Datasets/BirdClef/audio/Celeus grammicus_Scale-breasted Woodpecker/XC87450.mp3
train,Celeus grammicus_Scale-breasted Woodpecker,../../Datasets/BirdClef/features/Celeus grammicus_Scale-breasted Woodpecker/XC148390.npy,../../Datasets/BirdClef/audio/Celeus grammicus_Scale-breasted Woodpecker/XC148390.mp3
train,Celeus grammicus_Scale-breasted Woodpecker,../../Datasets/BirdClef/features/Celeus grammicus_Scale-breasted Woodpecker/XC73330.npy,../../Datasets/BirdClef/audio/Celeus grammicus_Scale-breasted Woodpecker/XC73330.mp3
train,Celeus torquatus_Ringed Woodpecker,../../Datasets/BirdClef/features/Celeus torquatus_Ringed Woodpecker/XC264523.npy,../../Datasets/BirdClef/audio/Celeus torquatus_Ringed Woodpecker/XC264523.mp3
train,Celeus torquatus_Ringed Woodpecker,../../Datasets/BirdClef/features/Celeus torquatus_Ringed Woodpecker/XC272370.npy,../../Datasets/BirdClef/audio/Celeus torquatus_Ringed Woodpecker/XC272370.mp3
train,Celeus torquatus_Ringed Woodpecker,../../Datasets/BirdClef/features/Celeus torquatus_Ringed Woodpecker/XC102828.npy,../../Datasets/BirdClef/audio/Celeus torquatus_Ringed Woodpecker/XC102828.mp3
train,Celeus torquatus_Ringed Woodpecker,../../Datasets/BirdClef/features/Celeus torquatus_Ringed Woodpecker/XC119244.npy,../../Datasets/BirdClef/audio/Celeus torquatus_Ringed Woodpecker/XC119244.mp3
train,Celeus torquatus_Ringed Woodpecker,../../Datasets/BirdClef/features/Celeus torquatus_Ringed Woodpecker/XC148378.npy,../../Datasets/BirdClef/audio/Celeus torquatus_Ringed Woodpecker/XC148378.mp3
train,Ceratopipra rubrocapilla_Red-headed Manakin,../../Datasets/BirdClef/features/Ceratopipra rubrocapilla_Red-headed Manakin/XC228246.npy,../../Datasets/BirdClef/audio/Ceratopipra rubrocapilla_Red-headed Manakin/XC228246.mp3
train,Ceratopipra rubrocapilla_Red-headed Manakin,../../Datasets/BirdClef/features/Ceratopipra rubrocapilla_Red-headed Manakin/XC228244.npy,../../Datasets/BirdClef/audio/Ceratopipra rubrocapilla_Red-headed Manakin/XC228244.mp3
train,Ceratopipra rubrocapilla_Red-headed Manakin,../../Datasets/BirdClef/features/Ceratopipra rubrocapilla_Red-headed Manakin/XC499906.npy,../../Datasets/BirdClef/audio/Ceratopipra rubrocapilla_Red-headed Manakin/XC499906.mp3
train,Ceratopipra rubrocapilla_Red-headed Manakin,../../Datasets/BirdClef/features/Ceratopipra rubrocapilla_Red-headed Manakin/XC445968.npy,../../Datasets/BirdClef/audio/Ceratopipra rubrocapilla_Red-headed Manakin/XC445968.mp3
train,Ceratopipra rubrocapilla_Red-headed Manakin,../../Datasets/BirdClef/features/Ceratopipra rubrocapilla_Red-headed Manakin/XC37966.npy,../../Datasets/BirdClef/audio/Ceratopipra rubrocapilla_Red-headed Manakin/XC37966.mp3
train,Cercomacra cinerascens_Gray Antbird,../../Datasets/BirdClef/features/Cercomacra cinerascens_Gray Antbird/XC275824.npy,../../Datasets/BirdClef/audio/Cercomacra cinerascens_Gray Antbird/XC275824.mp3
train,Cercomacra cinerascens_Gray Antbird,../../Datasets/BirdClef/features/Cercomacra cinerascens_Gray Antbird/XC314648.npy,../../Datasets/BirdClef/audio/Cercomacra cinerascens_Gray Antbird/XC314648.mp3
train,Cercomacra cinerascens_Gray Antbird,../../Datasets/BirdClef/features/Cercomacra cinerascens_Gray Antbird/XC401410.npy,../../Datasets/BirdClef/audio/Cercomacra cinerascens_Gray Antbird/XC401410.mp3
train,Cercomacra cinerascens_Gray Antbird,../../Datasets/BirdClef/features/Cercomacra cinerascens_Gray Antbird/XC225037.npy,../../Datasets/BirdClef/audio/Cercomacra cinerascens_Gray Antbird/XC225037.mp3
train,Cercomacra cinerascens_Gray Antbird,../../Datasets/BirdClef/features/Cercomacra cinerascens_Gray Antbird/XC9096.npy,../../Datasets/BirdClef/audio/Cercomacra cinerascens_Gray Antbird/XC9096.mp3
train,Cercomacra manu_Manu Antbird,../../Datasets/BirdClef/features/Cercomacra manu_Manu Antbird/XC220715.npy,../../Datasets/BirdClef/audio/Cercomacra manu_Manu Antbird/XC220715.mp3
train,Cercomacra manu_Manu Antbird,../../Datasets/BirdClef/features/Cercomacra manu_Manu Antbird/XC21302.npy,../../Datasets/BirdClef/audio/Cercomacra manu_Manu Antbird/XC21302.mp3
train,Cercomacra manu_Manu Antbird,../../Datasets/BirdClef/features/Cercomacra manu_Manu Antbird/XC303319.npy,../../Datasets/BirdClef/audio/Cercomacra manu_Manu Antbird/XC303319.mp3
train,Cercomacra manu_Manu Antbird,../../Datasets/BirdClef/features/Cercomacra manu_Manu Antbird/XC75426.npy,../../Datasets/BirdClef/audio/Cercomacra manu_Manu Antbird/XC75426.mp3
train,Cercomacra manu_Manu Antbird,../../Datasets/BirdClef/features/Cercomacra manu_Manu Antbird/XC88606.npy,../../Datasets/BirdClef/audio/Cercomacra manu_Manu Antbird/XC88606.mp3
train,Cercomacroides fuscicauda_Riparian Antbird,../../Datasets/BirdClef/features/Cercomacroides fuscicauda_Riparian Antbird/XC464332.npy,../../Datasets/BirdClef/audio/Cercomacroides fuscicauda_Riparian Antbird/XC464332.mp3
train,Cercomacroides fuscicauda_Riparian Antbird,../../Datasets/BirdClef/features/Cercomacroides fuscicauda_Riparian Antbird/XC429286.npy,../../Datasets/BirdClef/audio/Cercomacroides fuscicauda_Riparian Antbird/XC429286.mp3
train,Cercomacroides fuscicauda_Riparian Antbird,../../Datasets/BirdClef/features/Cercomacroides fuscicauda_Riparian Antbird/XC47471.npy,../../Datasets/BirdClef/audio/Cercomacroides fuscicauda_Riparian Antbird/XC47471.mp3
train,Cercomacroides fuscicauda_Riparian Antbird,../../Datasets/BirdClef/features/Cercomacroides fuscicauda_Riparian Antbird/XC73343.npy,../../Datasets/BirdClef/audio/Cercomacroides fuscicauda_Riparian Antbird/XC73343.mp3
train,Cercomacroides fuscicauda_Riparian Antbird,../../Datasets/BirdClef/features/Cercomacroides fuscicauda_Riparian Antbird/XC63248.npy,../../Datasets/BirdClef/audio/Cercomacroides fuscicauda_Riparian Antbird/XC63248.mp3
train,Cercomacroides serva_Black Antbird,../../Datasets/BirdClef/features/Cercomacroides serva_Black Antbird/XC453511.npy,../../Datasets/BirdClef/audio/Cercomacroides serva_Black Antbird/XC453511.mp3
train,Cercomacroides serva_Black Antbird,../../Datasets/BirdClef/features/Cercomacroides serva_Black Antbird/XC449157.npy,../../Datasets/BirdClef/audio/Cercomacroides serva_Black Antbird/XC449157.mp3
train,Cercomacroides serva_Black Antbird,../../Datasets/BirdClef/features/Cercomacroides serva_Black Antbird/XC372025.npy,../../Datasets/BirdClef/audio/Cercomacroides serva_Black Antbird/XC372025.mp3
train,Cercomacroides serva_Black Antbird,../../Datasets/BirdClef/features/Cercomacroides serva_Black Antbird/XC446759.npy,../../Datasets/BirdClef/audio/Cercomacroides serva_Black Antbird/XC446759.mp3
train,Cercomacroides serva_Black Antbird,../../Datasets/BirdClef/features/Cercomacroides serva_Black Antbird/XC220758.npy,../../Datasets/BirdClef/audio/Cercomacroides serva_Black Antbird/XC220758.mp3
train,Certhia americana_Brown Creeper,../../Datasets/BirdClef/features/Certhia americana_Brown Creeper/XC211314.npy,../../Datasets/BirdClef/audio/Certhia americana_Brown Creeper/XC211314.mp3
train,Certhia americana_Brown Creeper,../../Datasets/BirdClef/features/Certhia americana_Brown Creeper/XC350752.npy,../../Datasets/BirdClef/audio/Certhia americana_Brown Creeper/XC350752.mp3
train,Certhia americana_Brown Creeper,../../Datasets/BirdClef/features/Certhia americana_Brown Creeper/XC131549.npy,../../Datasets/BirdClef/audio/Certhia americana_Brown Creeper/XC131549.mp3
train,Certhia americana_Brown Creeper,../../Datasets/BirdClef/features/Certhia americana_Brown Creeper/XC158991.npy,../../Datasets/BirdClef/audio/Certhia americana_Brown Creeper/XC158991.mp3
train,Certhia americana_Brown Creeper,../../Datasets/BirdClef/features/Certhia americana_Brown Creeper/XC70026.npy,../../Datasets/BirdClef/audio/Certhia americana_Brown Creeper/XC70026.mp3
train,Certhia brachydactyla_Short-toed Treecreeper,../../Datasets/BirdClef/features/Certhia brachydactyla_Short-toed Treecreeper/XC379045.npy,../../Datasets/BirdClef/audio/Certhia brachydactyla_Short-toed Treecreeper/XC379045.mp3
train,Certhia brachydactyla_Short-toed Treecreeper,../../Datasets/BirdClef/features/Certhia brachydactyla_Short-toed Treecreeper/XC305078.npy,../../Datasets/BirdClef/audio/Certhia brachydactyla_Short-toed Treecreeper/XC305078.mp3
train,Certhia brachydactyla_Short-toed Treecreeper,../../Datasets/BirdClef/features/Certhia brachydactyla_Short-toed Treecreeper/XC375419.npy,../../Datasets/BirdClef/audio/Certhia brachydactyla_Short-toed Treecreeper/XC375419.mp3
train,Certhia brachydactyla_Short-toed Treecreeper,../../Datasets/BirdClef/features/Certhia brachydactyla_Short-toed Treecreeper/XC161543.npy,../../Datasets/BirdClef/audio/Certhia brachydactyla_Short-toed Treecreeper/XC161543.mp3
train,Certhia brachydactyla_Short-toed Treecreeper,../../Datasets/BirdClef/features/Certhia brachydactyla_Short-toed Treecreeper/XC304821.npy,../../Datasets/BirdClef/audio/Certhia brachydactyla_Short-toed Treecreeper/XC304821.mp3
train,Certhia familiaris_Eurasian Treecreeper,../../Datasets/BirdClef/features/Certhia familiaris_Eurasian Treecreeper/XC490924.npy,../../Datasets/BirdClef/audio/Certhia familiaris_Eurasian Treecreeper/XC490924.mp3
train,Certhia familiaris_Eurasian Treecreeper,../../Datasets/BirdClef/features/Certhia familiaris_Eurasian Treecreeper/XC168859.npy,../../Datasets/BirdClef/audio/Certhia familiaris_Eurasian Treecreeper/XC168859.mp3
train,Certhia familiaris_Eurasian Treecreeper,../../Datasets/BirdClef/features/Certhia familiaris_Eurasian Treecreeper/XC83653.npy,../../Datasets/BirdClef/audio/Certhia familiaris_Eurasian Treecreeper/XC83653.mp3
train,Certhia familiaris_Eurasian Treecreeper,../../Datasets/BirdClef/features/Certhia familiaris_Eurasian Treecreeper/XC104912.npy,../../Datasets/BirdClef/audio/Certhia familiaris_Eurasian Treecreeper/XC104912.mp3
train,Certhia familiaris_Eurasian Treecreeper,../../Datasets/BirdClef/features/Certhia familiaris_Eurasian Treecreeper/XC83646.npy,../../Datasets/BirdClef/audio/Certhia familiaris_Eurasian Treecreeper/XC83646.mp3
train,Chaetura cinereiventris_Gray-rumped Swift,../../Datasets/BirdClef/features/Chaetura cinereiventris_Gray-rumped Swift/XC220826.npy,../../Datasets/BirdClef/audio/Chaetura cinereiventris_Gray-rumped Swift/XC220826.mp3
train,Chaetura cinereiventris_Gray-rumped Swift,../../Datasets/BirdClef/features/Chaetura cinereiventris_Gray-rumped Swift/XC250622.npy,../../Datasets/BirdClef/audio/Chaetura cinereiventris_Gray-rumped Swift/XC250622.mp3
train,Chaetura cinereiventris_Gray-rumped Swift,../../Datasets/BirdClef/features/Chaetura cinereiventris_Gray-rumped Swift/XC238118.npy,../../Datasets/BirdClef/audio/Chaetura cinereiventris_Gray-rumped Swift/XC238118.mp3
train,Chaetura cinereiventris_Gray-rumped Swift,../../Datasets/BirdClef/features/Chaetura cinereiventris_Gray-rumped Swift/XC220835.npy,../../Datasets/BirdClef/audio/Chaetura cinereiventris_Gray-rumped Swift/XC220835.mp3
train,Chaetura cinereiventris_Gray-rumped Swift,../../Datasets/BirdClef/features/Chaetura cinereiventris_Gray-rumped Swift/XC411804.npy,../../Datasets/BirdClef/audio/Chaetura cinereiventris_Gray-rumped Swift/XC411804.mp3
train,Charadrius dubius_Little Ringed Plover,../../Datasets/BirdClef/features/Charadrius dubius_Little Ringed Plover/XC381758.npy,../../Datasets/BirdClef/audio/Charadrius dubius_Little Ringed Plover/XC381758.mp3
train,Charadrius dubius_Little Ringed Plover,../../Datasets/BirdClef/features/Charadrius dubius_Little Ringed Plover/XC485451.npy,../../Datasets/BirdClef/audio/Charadrius dubius_Little Ringed Plover/XC485451.mp3
train,Charadrius dubius_Little Ringed Plover,../../Datasets/BirdClef/features/Charadrius dubius_Little Ringed Plover/XC436164.npy,../../Datasets/BirdClef/audio/Charadrius dubius_Little Ringed Plover/XC436164.mp3
train,Charadrius dubius_Little Ringed Plover,../../Datasets/BirdClef/features/Charadrius dubius_Little Ringed Plover/XC61935.npy,../../Datasets/BirdClef/audio/Charadrius dubius_Little Ringed Plover/XC61935.mp3
train,Charadrius dubius_Little Ringed Plover,../../Datasets/BirdClef/features/Charadrius dubius_Little Ringed Plover/XC233491.npy,../../Datasets/BirdClef/audio/Charadrius dubius_Little Ringed Plover/XC233491.mp3
train,Charadrius morinellus_Eurasian Dotterel,../../Datasets/BirdClef/features/Charadrius morinellus_Eurasian Dotterel/XC192534.npy,../../Datasets/BirdClef/audio/Charadrius morinellus_Eurasian Dotterel/XC192534.mp3
train,Charadrius morinellus_Eurasian Dotterel,../../Datasets/BirdClef/features/Charadrius morinellus_Eurasian Dotterel/XC192002.npy,../../Datasets/BirdClef/audio/Charadrius morinellus_Eurasian Dotterel/XC192002.mp3
train,Charadrius morinellus_Eurasian Dotterel,../../Datasets/BirdClef/features/Charadrius morinellus_Eurasian Dotterel/XC205527.npy,../../Datasets/BirdClef/audio/Charadrius morinellus_Eurasian Dotterel/XC205527.mp3
train,Charadrius morinellus_Eurasian Dotterel,../../Datasets/BirdClef/features/Charadrius morinellus_Eurasian Dotterel/XC386093.npy,../../Datasets/BirdClef/audio/Charadrius morinellus_Eurasian Dotterel/XC386093.mp3
train,Charadrius morinellus_Eurasian Dotterel,../../Datasets/BirdClef/features/Charadrius morinellus_Eurasian Dotterel/XC385948.npy,../../Datasets/BirdClef/audio/Charadrius morinellus_Eurasian Dotterel/XC385948.mp3
train,Charadrius semipalmatus_Semipalmated Plover,../../Datasets/BirdClef/features/Charadrius semipalmatus_Semipalmated Plover/XC460726.npy,../../Datasets/BirdClef/audio/Charadrius semipalmatus_Semipalmated Plover/XC460726.mp3
train,Charadrius semipalmatus_Semipalmated Plover,../../Datasets/BirdClef/features/Charadrius semipalmatus_Semipalmated Plover/XC231078.npy,../../Datasets/BirdClef/audio/Charadrius semipalmatus_Semipalmated Plover/XC231078.mp3
train,Charadrius semipalmatus_Semipalmated Plover,../../Datasets/BirdClef/features/Charadrius semipalmatus_Semipalmated Plover/XC323096.npy,../../Datasets/BirdClef/audio/Charadrius semipalmatus_Semipalmated Plover/XC323096.mp3
train,Charadrius semipalmatus_Semipalmated Plover,../../Datasets/BirdClef/features/Charadrius semipalmatus_Semipalmated Plover/XC257555.npy,../../Datasets/BirdClef/audio/Charadrius semipalmatus_Semipalmated Plover/XC257555.mp3
train,Charadrius semipalmatus_Semipalmated Plover,../../Datasets/BirdClef/features/Charadrius semipalmatus_Semipalmated Plover/XC282462.npy,../../Datasets/BirdClef/audio/Charadrius semipalmatus_Semipalmated Plover/XC282462.mp3
train,Charadrius vociferus_Killdeer,../../Datasets/BirdClef/features/Charadrius vociferus_Killdeer/XC160339.npy,../../Datasets/BirdClef/audio/Charadrius vociferus_Killdeer/XC160339.mp3
train,Charadrius vociferus_Killdeer,../../Datasets/BirdClef/features/Charadrius vociferus_Killdeer/XC482277.npy,../../Datasets/BirdClef/audio/Charadrius vociferus_Killdeer/XC482277.mp3
train,Charadrius vociferus_Killdeer,../../Datasets/BirdClef/features/Charadrius vociferus_Killdeer/XC29509.npy,../../Datasets/BirdClef/audio/Charadrius vociferus_Killdeer/XC29509.mp3
train,Charadrius vociferus_Killdeer,../../Datasets/BirdClef/features/Charadrius vociferus_Killdeer/XC461651.npy,../../Datasets/BirdClef/audio/Charadrius vociferus_Killdeer/XC461651.mp3
train,Charadrius vociferus_Killdeer,../../Datasets/BirdClef/features/Charadrius vociferus_Killdeer/XC47217.npy,../../Datasets/BirdClef/audio/Charadrius vociferus_Killdeer/XC47217.mp3
train,Chauna torquata_Southern Screamer,../../Datasets/BirdClef/features/Chauna torquata_Southern Screamer/XC368719.npy,../../Datasets/BirdClef/audio/Chauna torquata_Southern Screamer/XC368719.mp3
train,Chauna torquata_Southern Screamer,../../Datasets/BirdClef/features/Chauna torquata_Southern Screamer/XC60829.npy,../../Datasets/BirdClef/audio/Chauna torquata_Southern Screamer/XC60829.mp3
train,Chauna torquata_Southern Screamer,../../Datasets/BirdClef/features/Chauna torquata_Southern Screamer/XC30344.npy,../../Datasets/BirdClef/audio/Chauna torquata_Southern Screamer/XC30344.mp3
train,Chauna torquata_Southern Screamer,../../Datasets/BirdClef/features/Chauna torquata_Southern Screamer/XC2777.npy,../../Datasets/BirdClef/audio/Chauna torquata_Southern Screamer/XC2777.mp3
train,Chauna torquata_Southern Screamer,../../Datasets/BirdClef/features/Chauna torquata_Southern Screamer/XC51898.npy,../../Datasets/BirdClef/audio/Chauna torquata_Southern Screamer/XC51898.mp3
train,Chiroxiphia pareola_Blue-backed Manakin,../../Datasets/BirdClef/features/Chiroxiphia pareola_Blue-backed Manakin/XC427203.npy,../../Datasets/BirdClef/audio/Chiroxiphia pareola_Blue-backed Manakin/XC427203.mp3
train,Chiroxiphia pareola_Blue-backed Manakin,../../Datasets/BirdClef/features/Chiroxiphia pareola_Blue-backed Manakin/XC220959.npy,../../Datasets/BirdClef/audio/Chiroxiphia pareola_Blue-backed Manakin/XC220959.mp3
train,Chiroxiphia pareola_Blue-backed Manakin,../../Datasets/BirdClef/features/Chiroxiphia pareola_Blue-backed Manakin/XC177786.npy,../../Datasets/BirdClef/audio/Chiroxiphia pareola_Blue-backed Manakin/XC177786.mp3
train,Chiroxiphia pareola_Blue-backed Manakin,../../Datasets/BirdClef/features/Chiroxiphia pareola_Blue-backed Manakin/XC121251.npy,../../Datasets/BirdClef/audio/Chiroxiphia pareola_Blue-backed Manakin/XC121251.mp3
train,Chiroxiphia pareola_Blue-backed Manakin,../../Datasets/BirdClef/features/Chiroxiphia pareola_Blue-backed Manakin/XC220965.npy,../../Datasets/BirdClef/audio/Chiroxiphia pareola_Blue-backed Manakin/XC220965.mp3
train,Chloris chloris_European Greenfinch,../../Datasets/BirdClef/features/Chloris chloris_European Greenfinch/XC202317.npy,../../Datasets/BirdClef/audio/Chloris chloris_European Greenfinch/XC202317.mp3
train,Chloris chloris_European Greenfinch,../../Datasets/BirdClef/features/Chloris chloris_European Greenfinch/XC143274.npy,../../Datasets/BirdClef/audio/Chloris chloris_European Greenfinch/XC143274.mp3
train,Chloris chloris_European Greenfinch,../../Datasets/BirdClef/features/Chloris chloris_European Greenfinch/XC129476.npy,../../Datasets/BirdClef/audio/Chloris chloris_European Greenfinch/XC129476.mp3
train,Chloris chloris_European Greenfinch,../../Datasets/BirdClef/features/Chloris chloris_European Greenfinch/XC263902.npy,../../Datasets/BirdClef/audio/Chloris chloris_European Greenfinch/XC263902.mp3
train,Chloris chloris_European Greenfinch,../../Datasets/BirdClef/features/Chloris chloris_European Greenfinch/XC127286.npy,../../Datasets/BirdClef/audio/Chloris chloris_European Greenfinch/XC127286.mp3
train,Chloroceryle amazona_Amazon Kingfisher,../../Datasets/BirdClef/features/Chloroceryle amazona_Amazon Kingfisher/XC257913.npy,../../Datasets/BirdClef/audio/Chloroceryle amazona_Amazon Kingfisher/XC257913.mp3
train,Chloroceryle amazona_Amazon Kingfisher,../../Datasets/BirdClef/features/Chloroceryle amazona_Amazon Kingfisher/XC260563.npy,../../Datasets/BirdClef/audio/Chloroceryle amazona_Amazon Kingfisher/XC260563.mp3
train,Chloroceryle amazona_Amazon Kingfisher,../../Datasets/BirdClef/features/Chloroceryle amazona_Amazon Kingfisher/XC48817.npy,../../Datasets/BirdClef/audio/Chloroceryle amazona_Amazon Kingfisher/XC48817.mp3
train,Chloroceryle amazona_Amazon Kingfisher,../../Datasets/BirdClef/features/Chloroceryle amazona_Amazon Kingfisher/XC66016.npy,../../Datasets/BirdClef/audio/Chloroceryle amazona_Amazon Kingfisher/XC66016.mp3
train,Chloroceryle amazona_Amazon Kingfisher,../../Datasets/BirdClef/features/Chloroceryle amazona_Amazon Kingfisher/XC51484.npy,../../Datasets/BirdClef/audio/Chloroceryle amazona_Amazon Kingfisher/XC51484.mp3
train,Chloroceryle americana_Green Kingfisher,../../Datasets/BirdClef/features/Chloroceryle americana_Green Kingfisher/XC176853.npy,../../Datasets/BirdClef/audio/Chloroceryle americana_Green Kingfisher/XC176853.mp3
train,Chloroceryle americana_Green Kingfisher,../../Datasets/BirdClef/features/Chloroceryle americana_Green Kingfisher/XC443235.npy,../../Datasets/BirdClef/audio/Chloroceryle americana_Green Kingfisher/XC443235.mp3
train,Chloroceryle americana_Green Kingfisher,../../Datasets/BirdClef/features/Chloroceryle americana_Green Kingfisher/XC108678.npy,../../Datasets/BirdClef/audio/Chloroceryle americana_Green Kingfisher/XC108678.mp3
train,Chloroceryle americana_Green Kingfisher,../../Datasets/BirdClef/features/Chloroceryle americana_Green Kingfisher/XC447728.npy,../../Datasets/BirdClef/audio/Chloroceryle americana_Green Kingfisher/XC447728.mp3
train,Chloroceryle americana_Green Kingfisher,../../Datasets/BirdClef/features/Chloroceryle americana_Green Kingfisher/XC400955.npy,../../Datasets/BirdClef/audio/Chloroceryle americana_Green Kingfisher/XC400955.mp3
train,Chlorophonia cyanea_Blue-naped Chlorophonia,../../Datasets/BirdClef/features/Chlorophonia cyanea_Blue-naped Chlorophonia/XC84463.npy,../../Datasets/BirdClef/audio/Chlorophonia cyanea_Blue-naped Chlorophonia/XC84463.mp3
train,Chlorophonia cyanea_Blue-naped Chlorophonia,../../Datasets/BirdClef/features/Chlorophonia cyanea_Blue-naped Chlorophonia/XC43444.npy,../../Datasets/BirdClef/audio/Chlorophonia cyanea_Blue-naped Chlorophonia/XC43444.mp3
train,Chlorophonia cyanea_Blue-naped Chlorophonia,../../Datasets/BirdClef/features/Chlorophonia cyanea_Blue-naped Chlorophonia/XC445716.npy,../../Datasets/BirdClef/audio/Chlorophonia cyanea_Blue-naped Chlorophonia/XC445716.mp3
train,Chlorophonia cyanea_Blue-naped Chlorophonia,../../Datasets/BirdClef/features/Chlorophonia cyanea_Blue-naped Chlorophonia/XC275843.npy,../../Datasets/BirdClef/audio/Chlorophonia cyanea_Blue-naped Chlorophonia/XC275843.mp3
train,Chlorophonia cyanea_Blue-naped Chlorophonia,../../Datasets/BirdClef/features/Chlorophonia cyanea_Blue-naped Chlorophonia/XC261142.npy,../../Datasets/BirdClef/audio/Chlorophonia cyanea_Blue-naped Chlorophonia/XC261142.mp3
train,Chondestes grammacus_Lark Sparrow,../../Datasets/BirdClef/features/Chondestes grammacus_Lark Sparrow/XC154222.npy,../../Datasets/BirdClef/audio/Chondestes grammacus_Lark Sparrow/XC154222.mp3
train,Chondestes grammacus_Lark Sparrow,../../Datasets/BirdClef/features/Chondestes grammacus_Lark Sparrow/XC312613.npy,../../Datasets/BirdClef/audio/Chondestes grammacus_Lark Sparrow/XC312613.mp3
train,Chondestes grammacus_Lark Sparrow,../../Datasets/BirdClef/features/Chondestes grammacus_Lark Sparrow/XC125445.npy,../../Datasets/BirdClef/audio/Chondestes grammacus_Lark Sparrow/XC125445.mp3
train,Chondestes grammacus_Lark Sparrow,../../Datasets/BirdClef/features/Chondestes grammacus_Lark Sparrow/XC133297.npy,../../Datasets/BirdClef/audio/Chondestes grammacus_Lark Sparrow/XC133297.mp3
train,Chondestes grammacus_Lark Sparrow,../../Datasets/BirdClef/features/Chondestes grammacus_Lark Sparrow/XC72200.npy,../../Datasets/BirdClef/audio/Chondestes grammacus_Lark Sparrow/XC72200.mp3
train,Chordeiles acutipennis_Lesser Nighthawk,../../Datasets/BirdClef/features/Chordeiles acutipennis_Lesser Nighthawk/XC321959.npy,../../Datasets/BirdClef/audio/Chordeiles acutipennis_Lesser Nighthawk/XC321959.mp3
train,Chordeiles acutipennis_Lesser Nighthawk,../../Datasets/BirdClef/features/Chordeiles acutipennis_Lesser Nighthawk/XC490945.npy,../../Datasets/BirdClef/audio/Chordeiles acutipennis_Lesser Nighthawk/XC490945.mp3
train,Chordeiles acutipennis_Lesser Nighthawk,../../Datasets/BirdClef/features/Chordeiles acutipennis_Lesser Nighthawk/XC350428.npy,../../Datasets/BirdClef/audio/Chordeiles acutipennis_Lesser Nighthawk/XC350428.mp3
train,Chordeiles acutipennis_Lesser Nighthawk,../../Datasets/BirdClef/features/Chordeiles acutipennis_Lesser Nighthawk/XC176666.npy,../../Datasets/BirdClef/audio/Chordeiles acutipennis_Lesser Nighthawk/XC176666.mp3
train,Chordeiles acutipennis_Lesser Nighthawk,../../Datasets/BirdClef/features/Chordeiles acutipennis_Lesser Nighthawk/XC138695.npy,../../Datasets/BirdClef/audio/Chordeiles acutipennis_Lesser Nighthawk/XC138695.mp3
train,Chordeiles minor_Common Nighthawk,../../Datasets/BirdClef/features/Chordeiles minor_Common Nighthawk/XC256213.npy,../../Datasets/BirdClef/audio/Chordeiles minor_Common Nighthawk/XC256213.mp3
train,Chordeiles minor_Common Nighthawk,../../Datasets/BirdClef/features/Chordeiles minor_Common Nighthawk/XC13683.npy,../../Datasets/BirdClef/audio/Chordeiles minor_Common Nighthawk/XC13683.mp3
train,Chordeiles minor_Common Nighthawk,../../Datasets/BirdClef/features/Chordeiles minor_Common Nighthawk/XC83763.npy,../../Datasets/BirdClef/audio/Chordeiles minor_Common Nighthawk/XC83763.mp3
train,Chordeiles minor_Common Nighthawk,../../Datasets/BirdClef/features/Chordeiles minor_Common Nighthawk/XC308563.npy,../../Datasets/BirdClef/audio/Chordeiles minor_Common Nighthawk/XC308563.mp3
train,Chordeiles minor_Common Nighthawk,../../Datasets/BirdClef/features/Chordeiles minor_Common Nighthawk/XC104560.npy,../../Datasets/BirdClef/audio/Chordeiles minor_Common Nighthawk/XC104560.mp3
train,Chroicocephalus ridibundus_Black-headed Gull,../../Datasets/BirdClef/features/Chroicocephalus ridibundus_Black-headed Gull/XC138399.npy,../../Datasets/BirdClef/audio/Chroicocephalus ridibundus_Black-headed Gull/XC138399.mp3
train,Chroicocephalus ridibundus_Black-headed Gull,../../Datasets/BirdClef/features/Chroicocephalus ridibundus_Black-headed Gull/XC183406.npy,../../Datasets/BirdClef/audio/Chroicocephalus ridibundus_Black-headed Gull/XC183406.mp3
train,Chroicocephalus ridibundus_Black-headed Gull,../../Datasets/BirdClef/features/Chroicocephalus ridibundus_Black-headed Gull/XC303217.npy,../../Datasets/BirdClef/audio/Chroicocephalus ridibundus_Black-headed Gull/XC303217.mp3
train,Chroicocephalus ridibundus_Black-headed Gull,../../Datasets/BirdClef/features/Chroicocephalus ridibundus_Black-headed Gull/XC342968.npy,../../Datasets/BirdClef/audio/Chroicocephalus ridibundus_Black-headed Gull/XC342968.mp3
train,Chroicocephalus ridibundus_Black-headed Gull,../../Datasets/BirdClef/features/Chroicocephalus ridibundus_Black-headed Gull/XC348755.npy,../../Datasets/BirdClef/audio/Chroicocephalus ridibundus_Black-headed Gull/XC348755.mp3
train,Ciccaba huhula_Black-banded Owl,../../Datasets/BirdClef/features/Ciccaba huhula_Black-banded Owl/XC76431.npy,../../Datasets/BirdClef/audio/Ciccaba huhula_Black-banded Owl/XC76431.mp3
train,Ciccaba huhula_Black-banded Owl,../../Datasets/BirdClef/features/Ciccaba huhula_Black-banded Owl/XC351412.npy,../../Datasets/BirdClef/audio/Ciccaba huhula_Black-banded Owl/XC351412.mp3
train,Ciccaba huhula_Black-banded Owl,../../Datasets/BirdClef/features/Ciccaba huhula_Black-banded Owl/XC391434.npy,../../Datasets/BirdClef/audio/Ciccaba huhula_Black-banded Owl/XC391434.mp3
train,Ciccaba huhula_Black-banded Owl,../../Datasets/BirdClef/features/Ciccaba huhula_Black-banded Owl/XC288158.npy,../../Datasets/BirdClef/audio/Ciccaba huhula_Black-banded Owl/XC288158.mp3
train,Ciccaba huhula_Black-banded Owl,../../Datasets/BirdClef/features/Ciccaba huhula_Black-banded Owl/XC3102.npy,../../Datasets/BirdClef/audio/Ciccaba huhula_Black-banded Owl/XC3102.mp3
train,Ciccaba virgata_Mottled Owl,../../Datasets/BirdClef/features/Ciccaba virgata_Mottled Owl/XC142714.npy,../../Datasets/BirdClef/audio/Ciccaba virgata_Mottled Owl/XC142714.mp3
train,Ciccaba virgata_Mottled Owl,../../Datasets/BirdClef/features/Ciccaba virgata_Mottled Owl/XC13076.npy,../../Datasets/BirdClef/audio/Ciccaba virgata_Mottled Owl/XC13076.mp3
train,Ciccaba virgata_Mottled Owl,../../Datasets/BirdClef/features/Ciccaba virgata_Mottled Owl/XC427980.npy,../../Datasets/BirdClef/audio/Ciccaba virgata_Mottled Owl/XC427980.mp3
train,Ciccaba virgata_Mottled Owl,../../Datasets/BirdClef/features/Ciccaba virgata_Mottled Owl/XC124129.npy,../../Datasets/BirdClef/audio/Ciccaba virgata_Mottled Owl/XC124129.mp3
train,Ciccaba virgata_Mottled Owl,../../Datasets/BirdClef/features/Ciccaba virgata_Mottled Owl/XC476120.npy,../../Datasets/BirdClef/audio/Ciccaba virgata_Mottled Owl/XC476120.mp3
train,Ciconia ciconia_White Stork,../../Datasets/BirdClef/features/Ciconia ciconia_White Stork/XC181349.npy,../../Datasets/BirdClef/audio/Ciconia ciconia_White Stork/XC181349.mp3
train,Ciconia ciconia_White Stork,../../Datasets/BirdClef/features/Ciconia ciconia_White Stork/XC416671.npy,../../Datasets/BirdClef/audio/Ciconia ciconia_White Stork/XC416671.mp3
train,Ciconia ciconia_White Stork,../../Datasets/BirdClef/features/Ciconia ciconia_White Stork/XC181355.npy,../../Datasets/BirdClef/audio/Ciconia ciconia_White Stork/XC181355.mp3
train,Ciconia ciconia_White Stork,../../Datasets/BirdClef/features/Ciconia ciconia_White Stork/XC149072.npy,../../Datasets/BirdClef/audio/Ciconia ciconia_White Stork/XC149072.mp3
train,Ciconia ciconia_White Stork,../../Datasets/BirdClef/features/Ciconia ciconia_White Stork/XC295997.npy,../../Datasets/BirdClef/audio/Ciconia ciconia_White Stork/XC295997.mp3
train,Circus aeruginosus_Eurasian Marsh-Harrier,../../Datasets/BirdClef/features/Circus aeruginosus_Eurasian Marsh-Harrier/XC294303.npy,../../Datasets/BirdClef/audio/Circus aeruginosus_Eurasian Marsh-Harrier/XC294303.mp3
train,Circus aeruginosus_Eurasian Marsh-Harrier,../../Datasets/BirdClef/features/Circus aeruginosus_Eurasian Marsh-Harrier/XC233481.npy,../../Datasets/BirdClef/audio/Circus aeruginosus_Eurasian Marsh-Harrier/XC233481.mp3
train,Circus aeruginosus_Eurasian Marsh-Harrier,../../Datasets/BirdClef/features/Circus aeruginosus_Eurasian Marsh-Harrier/XC345760.npy,../../Datasets/BirdClef/audio/Circus aeruginosus_Eurasian Marsh-Harrier/XC345760.mp3
train,Circus aeruginosus_Eurasian Marsh-Harrier,../../Datasets/BirdClef/features/Circus aeruginosus_Eurasian Marsh-Harrier/XC235176.npy,../../Datasets/BirdClef/audio/Circus aeruginosus_Eurasian Marsh-Harrier/XC235176.mp3
train,Circus aeruginosus_Eurasian Marsh-Harrier,../../Datasets/BirdClef/features/Circus aeruginosus_Eurasian Marsh-Harrier/XC100623.npy,../../Datasets/BirdClef/audio/Circus aeruginosus_Eurasian Marsh-Harrier/XC100623.mp3
train,Cissopis leverianus_Magpie Tanager,../../Datasets/BirdClef/features/Cissopis leverianus_Magpie Tanager/XC13493.npy,../../Datasets/BirdClef/audio/Cissopis leverianus_Magpie Tanager/XC13493.mp3
train,Cissopis leverianus_Magpie Tanager,../../Datasets/BirdClef/features/Cissopis leverianus_Magpie Tanager/XC58193.npy,../../Datasets/BirdClef/audio/Cissopis leverianus_Magpie Tanager/XC58193.mp3
train,Cissopis leverianus_Magpie Tanager,../../Datasets/BirdClef/features/Cissopis leverianus_Magpie Tanager/XC299025.npy,../../Datasets/BirdClef/audio/Cissopis leverianus_Magpie Tanager/XC299025.mp3
train,Cissopis leverianus_Magpie Tanager,../../Datasets/BirdClef/features/Cissopis leverianus_Magpie Tanager/XC174360.npy,../../Datasets/BirdClef/audio/Cissopis leverianus_Magpie Tanager/XC174360.mp3
train,Cissopis leverianus_Magpie Tanager,../../Datasets/BirdClef/features/Cissopis leverianus_Magpie Tanager/XC118960.npy,../../Datasets/BirdClef/audio/Cissopis leverianus_Magpie Tanager/XC118960.mp3
train,Cistothorus palustris_Marsh Wren,../../Datasets/BirdClef/features/Cistothorus palustris_Marsh Wren/XC479944.npy,../../Datasets/BirdClef/audio/Cistothorus palustris_Marsh Wren/XC479944.mp3
train,Cistothorus palustris_Marsh Wren,../../Datasets/BirdClef/features/Cistothorus palustris_Marsh Wren/XC143795.npy,../../Datasets/BirdClef/audio/Cistothorus palustris_Marsh Wren/XC143795.mp3
train,Cistothorus palustris_Marsh Wren,../../Datasets/BirdClef/features/Cistothorus palustris_Marsh Wren/XC173279.npy,../../Datasets/BirdClef/audio/Cistothorus palustris_Marsh Wren/XC173279.mp3
train,Cistothorus palustris_Marsh Wren,../../Datasets/BirdClef/features/Cistothorus palustris_Marsh Wren/XC178295.npy,../../Datasets/BirdClef/audio/Cistothorus palustris_Marsh Wren/XC178295.mp3
train,Cistothorus palustris_Marsh Wren,../../Datasets/BirdClef/features/Cistothorus palustris_Marsh Wren/XC14865.npy,../../Datasets/BirdClef/audio/Cistothorus palustris_Marsh Wren/XC14865.mp3
train,Clangula hyemalis_Long-tailed Duck,../../Datasets/BirdClef/features/Clangula hyemalis_Long-tailed Duck/XC208355.npy,../../Datasets/BirdClef/audio/Clangula hyemalis_Long-tailed Duck/XC208355.mp3
train,Clangula hyemalis_Long-tailed Duck,../../Datasets/BirdClef/features/Clangula hyemalis_Long-tailed Duck/XC106033.npy,../../Datasets/BirdClef/audio/Clangula hyemalis_Long-tailed Duck/XC106033.mp3
train,Clangula hyemalis_Long-tailed Duck,../../Datasets/BirdClef/features/Clangula hyemalis_Long-tailed Duck/XC64611.npy,../../Datasets/BirdClef/audio/Clangula hyemalis_Long-tailed Duck/XC64611.mp3
train,Clangula hyemalis_Long-tailed Duck,../../Datasets/BirdClef/features/Clangula hyemalis_Long-tailed Duck/XC235974.npy,../../Datasets/BirdClef/audio/Clangula hyemalis_Long-tailed Duck/XC235974.mp3
train,Clangula hyemalis_Long-tailed Duck,../../Datasets/BirdClef/features/Clangula hyemalis_Long-tailed Duck/XC327998.npy,../../Datasets/BirdClef/audio/Clangula hyemalis_Long-tailed Duck/XC327998.mp3
train,Claravis pretiosa_Blue Ground Dove,../../Datasets/BirdClef/features/Claravis pretiosa_Blue Ground Dove/XC195407.npy,../../Datasets/BirdClef/audio/Claravis pretiosa_Blue Ground Dove/XC195407.mp3
train,Claravis pretiosa_Blue Ground Dove,../../Datasets/BirdClef/features/Claravis pretiosa_Blue Ground Dove/XC102150.npy,../../Datasets/BirdClef/audio/Claravis pretiosa_Blue Ground Dove/XC102150.mp3
train,Claravis pretiosa_Blue Ground Dove,../../Datasets/BirdClef/features/Claravis pretiosa_Blue Ground Dove/XC421473.npy,../../Datasets/BirdClef/audio/Claravis pretiosa_Blue Ground Dove/XC421473.mp3
train,Claravis pretiosa_Blue Ground Dove,../../Datasets/BirdClef/features/Claravis pretiosa_Blue Ground Dove/XC29078.npy,../../Datasets/BirdClef/audio/Claravis pretiosa_Blue Ground Dove/XC29078.mp3
train,Claravis pretiosa_Blue Ground Dove,../../Datasets/BirdClef/features/Claravis pretiosa_Blue Ground Dove/XC427221.npy,../../Datasets/BirdClef/audio/Claravis pretiosa_Blue Ground Dove/XC427221.mp3
train,Clibanornis rubiginosus_Ruddy Foliage-gleaner,../../Datasets/BirdClef/features/Clibanornis rubiginosus_Ruddy Foliage-gleaner/XC303090.npy,../../Datasets/BirdClef/audio/Clibanornis rubiginosus_Ruddy Foliage-gleaner/XC303090.mp3
train,Clibanornis rubiginosus_Ruddy Foliage-gleaner,../../Datasets/BirdClef/features/Clibanornis rubiginosus_Ruddy Foliage-gleaner/XC72649.npy,../../Datasets/BirdClef/audio/Clibanornis rubiginosus_Ruddy Foliage-gleaner/XC72649.mp3
train,Clibanornis rubiginosus_Ruddy Foliage-gleaner,../../Datasets/BirdClef/features/Clibanornis rubiginosus_Ruddy Foliage-gleaner/XC249423.npy,../../Datasets/BirdClef/audio/Clibanornis rubiginosus_Ruddy Foliage-gleaner/XC249423.mp3
train,Clibanornis rubiginosus_Ruddy Foliage-gleaner,../../Datasets/BirdClef/features/Clibanornis rubiginosus_Ruddy Foliage-gleaner/XC11012.npy,../../Datasets/BirdClef/audio/Clibanornis rubiginosus_Ruddy Foliage-gleaner/XC11012.mp3
train,Clibanornis rubiginosus_Ruddy Foliage-gleaner,../../Datasets/BirdClef/features/Clibanornis rubiginosus_Ruddy Foliage-gleaner/XC275350.npy,../../Datasets/BirdClef/audio/Clibanornis rubiginosus_Ruddy Foliage-gleaner/XC275350.mp3
train,Cnemotriccus fuscatus_Fuscous Flycatcher,../../Datasets/BirdClef/features/Cnemotriccus fuscatus_Fuscous Flycatcher/XC11767.npy,../../Datasets/BirdClef/audio/Cnemotriccus fuscatus_Fuscous Flycatcher/XC11767.mp3
train,Cnemotriccus fuscatus_Fuscous Flycatcher,../../Datasets/BirdClef/features/Cnemotriccus fuscatus_Fuscous Flycatcher/XC258876.npy,../../Datasets/BirdClef/audio/Cnemotriccus fuscatus_Fuscous Flycatcher/XC258876.mp3
train,Cnemotriccus fuscatus_Fuscous Flycatcher,../../Datasets/BirdClef/features/Cnemotriccus fuscatus_Fuscous Flycatcher/XC28285.npy,../../Datasets/BirdClef/audio/Cnemotriccus fuscatus_Fuscous Flycatcher/XC28285.mp3
train,Cnemotriccus fuscatus_Fuscous Flycatcher,../../Datasets/BirdClef/features/Cnemotriccus fuscatus_Fuscous Flycatcher/XC116151.npy,../../Datasets/BirdClef/audio/Cnemotriccus fuscatus_Fuscous Flycatcher/XC116151.mp3
train,Cnemotriccus fuscatus_Fuscous Flycatcher,../../Datasets/BirdClef/features/Cnemotriccus fuscatus_Fuscous Flycatcher/XC427228.npy,../../Datasets/BirdClef/audio/Cnemotriccus fuscatus_Fuscous Flycatcher/XC427228.mp3
train,Coccothraustes coccothraustes_Hawfinch,../../Datasets/BirdClef/features/Coccothraustes coccothraustes_Hawfinch/XC467667.npy,../../Datasets/BirdClef/audio/Coccothraustes coccothraustes_Hawfinch/XC467667.mp3
train,Coccothraustes coccothraustes_Hawfinch,../../Datasets/BirdClef/features/Coccothraustes coccothraustes_Hawfinch/XC361264.npy,../../Datasets/BirdClef/audio/Coccothraustes coccothraustes_Hawfinch/XC361264.mp3
train,Coccothraustes coccothraustes_Hawfinch,../../Datasets/BirdClef/features/Coccothraustes coccothraustes_Hawfinch/XC421732.npy,../../Datasets/BirdClef/audio/Coccothraustes coccothraustes_Hawfinch/XC421732.mp3
train,Coccothraustes coccothraustes_Hawfinch,../../Datasets/BirdClef/features/Coccothraustes coccothraustes_Hawfinch/XC121015.npy,../../Datasets/BirdClef/audio/Coccothraustes coccothraustes_Hawfinch/XC121015.mp3
train,Coccothraustes coccothraustes_Hawfinch,../../Datasets/BirdClef/features/Coccothraustes coccothraustes_Hawfinch/XC153797.npy,../../Datasets/BirdClef/audio/Coccothraustes coccothraustes_Hawfinch/XC153797.mp3
train,Coccycua minuta_Little Cuckoo,../../Datasets/BirdClef/features/Coccycua minuta_Little Cuckoo/XC257715.npy,../../Datasets/BirdClef/audio/Coccycua minuta_Little Cuckoo/XC257715.mp3
train,Coccycua minuta_Little Cuckoo,../../Datasets/BirdClef/features/Coccycua minuta_Little Cuckoo/XC407337.npy,../../Datasets/BirdClef/audio/Coccycua minuta_Little Cuckoo/XC407337.mp3
train,Coccycua minuta_Little Cuckoo,../../Datasets/BirdClef/features/Coccycua minuta_Little Cuckoo/XC85319.npy,../../Datasets/BirdClef/audio/Coccycua minuta_Little Cuckoo/XC85319.mp3
train,Coccycua minuta_Little Cuckoo,../../Datasets/BirdClef/features/Coccycua minuta_Little Cuckoo/XC36510.npy,../../Datasets/BirdClef/audio/Coccycua minuta_Little Cuckoo/XC36510.mp3
train,Coccycua minuta_Little Cuckoo,../../Datasets/BirdClef/features/Coccycua minuta_Little Cuckoo/XC458432.npy,../../Datasets/BirdClef/audio/Coccycua minuta_Little Cuckoo/XC458432.mp3
train,Coccyzus americanus_Yellow-billed Cuckoo,../../Datasets/BirdClef/features/Coccyzus americanus_Yellow-billed Cuckoo/XC135719.npy,../../Datasets/BirdClef/audio/Coccyzus americanus_Yellow-billed Cuckoo/XC135719.mp3
train,Coccyzus americanus_Yellow-billed Cuckoo,../../Datasets/BirdClef/features/Coccyzus americanus_Yellow-billed Cuckoo/XC179579.npy,../../Datasets/BirdClef/audio/Coccyzus americanus_Yellow-billed Cuckoo/XC179579.mp3
train,Coccyzus americanus_Yellow-billed Cuckoo,../../Datasets/BirdClef/features/Coccyzus americanus_Yellow-billed Cuckoo/XC502802.npy,../../Datasets/BirdClef/audio/Coccyzus americanus_Yellow-billed Cuckoo/XC502802.mp3
train,Coccyzus americanus_Yellow-billed Cuckoo,../../Datasets/BirdClef/features/Coccyzus americanus_Yellow-billed Cuckoo/XC490601.npy,../../Datasets/BirdClef/audio/Coccyzus americanus_Yellow-billed Cuckoo/XC490601.mp3
train,Coccyzus americanus_Yellow-billed Cuckoo,../../Datasets/BirdClef/features/Coccyzus americanus_Yellow-billed Cuckoo/XC440725.npy,../../Datasets/BirdClef/audio/Coccyzus americanus_Yellow-billed Cuckoo/XC440725.mp3
train,Coccyzus erythropthalmus_Black-billed Cuckoo,../../Datasets/BirdClef/features/Coccyzus erythropthalmus_Black-billed Cuckoo/XC101605.npy,../../Datasets/BirdClef/audio/Coccyzus erythropthalmus_Black-billed Cuckoo/XC101605.mp3
train,Coccyzus erythropthalmus_Black-billed Cuckoo,../../Datasets/BirdClef/features/Coccyzus erythropthalmus_Black-billed Cuckoo/XC100084.npy,../../Datasets/BirdClef/audio/Coccyzus erythropthalmus_Black-billed Cuckoo/XC100084.mp3
train,Coccyzus erythropthalmus_Black-billed Cuckoo,../../Datasets/BirdClef/features/Coccyzus erythropthalmus_Black-billed Cuckoo/XC16525.npy,../../Datasets/BirdClef/audio/Coccyzus erythropthalmus_Black-billed Cuckoo/XC16525.mp3
train,Coccyzus erythropthalmus_Black-billed Cuckoo,../../Datasets/BirdClef/features/Coccyzus erythropthalmus_Black-billed Cuckoo/XC179829.npy,../../Datasets/BirdClef/audio/Coccyzus erythropthalmus_Black-billed Cuckoo/XC179829.mp3
train,Coccyzus erythropthalmus_Black-billed Cuckoo,../../Datasets/BirdClef/features/Coccyzus erythropthalmus_Black-billed Cuckoo/XC16526.npy,../../Datasets/BirdClef/audio/Coccyzus erythropthalmus_Black-billed Cuckoo/XC16526.mp3
train,Coccyzus melacoryphus_Dark-billed Cuckoo,../../Datasets/BirdClef/features/Coccyzus melacoryphus_Dark-billed Cuckoo/XC22387.npy,../../Datasets/BirdClef/audio/Coccyzus melacoryphus_Dark-billed Cuckoo/XC22387.mp3
train,Coccyzus melacoryphus_Dark-billed Cuckoo,../../Datasets/BirdClef/features/Coccyzus melacoryphus_Dark-billed Cuckoo/XC471062.npy,../../Datasets/BirdClef/audio/Coccyzus melacoryphus_Dark-billed Cuckoo/XC471062.mp3
train,Coccyzus melacoryphus_Dark-billed Cuckoo,../../Datasets/BirdClef/features/Coccyzus melacoryphus_Dark-billed Cuckoo/XC112350.npy,../../Datasets/BirdClef/audio/Coccyzus melacoryphus_Dark-billed Cuckoo/XC112350.mp3
train,Coccyzus melacoryphus_Dark-billed Cuckoo,../../Datasets/BirdClef/features/Coccyzus melacoryphus_Dark-billed Cuckoo/XC221185.npy,../../Datasets/BirdClef/audio/Coccyzus melacoryphus_Dark-billed Cuckoo/XC221185.mp3
train,Coccyzus melacoryphus_Dark-billed Cuckoo,../../Datasets/BirdClef/features/Coccyzus melacoryphus_Dark-billed Cuckoo/XC107909.npy,../../Datasets/BirdClef/audio/Coccyzus melacoryphus_Dark-billed Cuckoo/XC107909.mp3
train,Coereba flaveola_Bananaquit,../../Datasets/BirdClef/features/Coereba flaveola_Bananaquit/XC308450.npy,../../Datasets/BirdClef/audio/Coereba flaveola_Bananaquit/XC308450.mp3
train,Coereba flaveola_Bananaquit,../../Datasets/BirdClef/features/Coereba flaveola_Bananaquit/XC221203.npy,../../Datasets/BirdClef/audio/Coereba flaveola_Bananaquit/XC221203.mp3
train,Coereba flaveola_Bananaquit,../../Datasets/BirdClef/features/Coereba flaveola_Bananaquit/XC241562.npy,../../Datasets/BirdClef/audio/Coereba flaveola_Bananaquit/XC241562.mp3
train,Coereba flaveola_Bananaquit,../../Datasets/BirdClef/features/Coereba flaveola_Bananaquit/XC297013.npy,../../Datasets/BirdClef/audio/Coereba flaveola_Bananaquit/XC297013.mp3
train,Coereba flaveola_Bananaquit,../../Datasets/BirdClef/features/Coereba flaveola_Bananaquit/XC18114.npy,../../Datasets/BirdClef/audio/Coereba flaveola_Bananaquit/XC18114.mp3
train,Colaptes auratus_Northern Flicker,../../Datasets/BirdClef/features/Colaptes auratus_Northern Flicker/XC253572.npy,../../Datasets/BirdClef/audio/Colaptes auratus_Northern Flicker/XC253572.mp3
train,Colaptes auratus_Northern Flicker,../../Datasets/BirdClef/features/Colaptes auratus_Northern Flicker/XC13644.npy,../../Datasets/BirdClef/audio/Colaptes auratus_Northern Flicker/XC13644.mp3
train,Colaptes auratus_Northern Flicker,../../Datasets/BirdClef/features/Colaptes auratus_Northern Flicker/XC71845.npy,../../Datasets/BirdClef/audio/Colaptes auratus_Northern Flicker/XC71845.mp3
train,Colaptes auratus_Northern Flicker,../../Datasets/BirdClef/features/Colaptes auratus_Northern Flicker/XC104537.npy,../../Datasets/BirdClef/audio/Colaptes auratus_Northern Flicker/XC104537.mp3
train,Colaptes auratus_Northern Flicker,../../Datasets/BirdClef/features/Colaptes auratus_Northern Flicker/XC408275.npy,../../Datasets/BirdClef/audio/Colaptes auratus_Northern Flicker/XC408275.mp3
train,Colibri coruscans_Sparkling Violetear,../../Datasets/BirdClef/features/Colibri coruscans_Sparkling Violetear/XC257808.npy,../../Datasets/BirdClef/audio/Colibri coruscans_Sparkling Violetear/XC257808.mp3
train,Colibri coruscans_Sparkling Violetear,../../Datasets/BirdClef/features/Colibri coruscans_Sparkling Violetear/XC148356.npy,../../Datasets/BirdClef/audio/Colibri coruscans_Sparkling Violetear/XC148356.mp3
train,Colibri coruscans_Sparkling Violetear,../../Datasets/BirdClef/features/Colibri coruscans_Sparkling Violetear/XC180609.npy,../../Datasets/BirdClef/audio/Colibri coruscans_Sparkling Violetear/XC180609.mp3
train,Colibri coruscans_Sparkling Violetear,../../Datasets/BirdClef/features/Colibri coruscans_Sparkling Violetear/XC273818.npy,../../Datasets/BirdClef/audio/Colibri coruscans_Sparkling Violetear/XC273818.mp3
train,Colibri coruscans_Sparkling Violetear,../../Datasets/BirdClef/features/Colibri coruscans_Sparkling Violetear/XC148362.npy,../../Datasets/BirdClef/audio/Colibri coruscans_Sparkling Violetear/XC148362.mp3
train,Colonia colonus_Long-tailed Tyrant,../../Datasets/BirdClef/features/Colonia colonus_Long-tailed Tyrant/XC115246.npy,../../Datasets/BirdClef/audio/Colonia colonus_Long-tailed Tyrant/XC115246.mp3
train,Colonia colonus_Long-tailed Tyrant,../../Datasets/BirdClef/features/Colonia colonus_Long-tailed Tyrant/XC22492.npy,../../Datasets/BirdClef/audio/Colonia colonus_Long-tailed Tyrant/XC22492.mp3
train,Colonia colonus_Long-tailed Tyrant,../../Datasets/BirdClef/features/Colonia colonus_Long-tailed Tyrant/XC436493.npy,../../Datasets/BirdClef/audio/Colonia colonus_Long-tailed Tyrant/XC436493.mp3
train,Colonia colonus_Long-tailed Tyrant,../../Datasets/BirdClef/features/Colonia colonus_Long-tailed Tyrant/XC327596.npy,../../Datasets/BirdClef/audio/Colonia colonus_Long-tailed Tyrant/XC327596.mp3
train,Colonia colonus_Long-tailed Tyrant,../../Datasets/BirdClef/features/Colonia colonus_Long-tailed Tyrant/XC60702.npy,../../Datasets/BirdClef/audio/Colonia colonus_Long-tailed Tyrant/XC60702.mp3
train,Columba livia_Rock Pigeon,../../Datasets/BirdClef/features/Columba livia_Rock Pigeon/XC460854.npy,../../Datasets/BirdClef/audio/Columba livia_Rock Pigeon/XC460854.mp3
train,Columba livia_Rock Pigeon,../../Datasets/BirdClef/features/Columba livia_Rock Pigeon/XC302293.npy,../../Datasets/BirdClef/audio/Columba livia_Rock Pigeon/XC302293.mp3
train,Columba livia_Rock Pigeon,../../Datasets/BirdClef/features/Columba livia_Rock Pigeon/XC500494.npy,../../Datasets/BirdClef/audio/Columba livia_Rock Pigeon/XC500494.mp3
train,Columba livia_Rock Pigeon,../../Datasets/BirdClef/features/Columba livia_Rock Pigeon/XC453908.npy,../../Datasets/BirdClef/audio/Columba livia_Rock Pigeon/XC453908.mp3
train,Columba livia_Rock Pigeon,../../Datasets/BirdClef/features/Columba livia_Rock Pigeon/XC263180.npy,../../Datasets/BirdClef/audio/Columba livia_Rock Pigeon/XC263180.mp3
train,Columba oenas_Stock Dove,../../Datasets/BirdClef/features/Columba oenas_Stock Dove/XC432239.npy,../../Datasets/BirdClef/audio/Columba oenas_Stock Dove/XC432239.mp3
train,Columba oenas_Stock Dove,../../Datasets/BirdClef/features/Columba oenas_Stock Dove/XC281214.npy,../../Datasets/BirdClef/audio/Columba oenas_Stock Dove/XC281214.mp3
train,Columba oenas_Stock Dove,../../Datasets/BirdClef/features/Columba oenas_Stock Dove/XC190176.npy,../../Datasets/BirdClef/audio/Columba oenas_Stock Dove/XC190176.mp3
train,Columba oenas_Stock Dove,../../Datasets/BirdClef/features/Columba oenas_Stock Dove/XC363948.npy,../../Datasets/BirdClef/audio/Columba oenas_Stock Dove/XC363948.mp3
train,Columba oenas_Stock Dove,../../Datasets/BirdClef/features/Columba oenas_Stock Dove/XC354466.npy,../../Datasets/BirdClef/audio/Columba oenas_Stock Dove/XC354466.mp3
train,Columba palumbus_Common Wood-Pigeon,../../Datasets/BirdClef/features/Columba palumbus_Common Wood-Pigeon/XC462990.npy,../../Datasets/BirdClef/audio/Columba palumbus_Common Wood-Pigeon/XC462990.mp3
train,Columba palumbus_Common Wood-Pigeon,../../Datasets/BirdClef/features/Columba palumbus_Common Wood-Pigeon/XC487371.npy,../../Datasets/BirdClef/audio/Columba palumbus_Common Wood-Pigeon/XC487371.mp3
train,Columba palumbus_Common Wood-Pigeon,../../Datasets/BirdClef/features/Columba palumbus_Common Wood-Pigeon/XC376904.npy,../../Datasets/BirdClef/audio/Columba palumbus_Common Wood-Pigeon/XC376904.mp3
train,Columba palumbus_Common Wood-Pigeon,../../Datasets/BirdClef/features/Columba palumbus_Common Wood-Pigeon/XC434462.npy,../../Datasets/BirdClef/audio/Columba palumbus_Common Wood-Pigeon/XC434462.mp3
train,Columba palumbus_Common Wood-Pigeon,../../Datasets/BirdClef/features/Columba palumbus_Common Wood-Pigeon/XC121734.npy,../../Datasets/BirdClef/audio/Columba palumbus_Common Wood-Pigeon/XC121734.mp3
train,Columbina talpacoti_Ruddy Ground Dove,../../Datasets/BirdClef/features/Columbina talpacoti_Ruddy Ground Dove/XC8828.npy,../../Datasets/BirdClef/audio/Columbina talpacoti_Ruddy Ground Dove/XC8828.mp3
train,Columbina talpacoti_Ruddy Ground Dove,../../Datasets/BirdClef/features/Columbina talpacoti_Ruddy Ground Dove/XC419580.npy,../../Datasets/BirdClef/audio/Columbina talpacoti_Ruddy Ground Dove/XC419580.mp3
train,Columbina talpacoti_Ruddy Ground Dove,../../Datasets/BirdClef/features/Columbina talpacoti_Ruddy Ground Dove/XC85026.npy,../../Datasets/BirdClef/audio/Columbina talpacoti_Ruddy Ground Dove/XC85026.mp3
train,Columbina talpacoti_Ruddy Ground Dove,../../Datasets/BirdClef/features/Columbina talpacoti_Ruddy Ground Dove/XC20498.npy,../../Datasets/BirdClef/audio/Columbina talpacoti_Ruddy Ground Dove/XC20498.mp3
train,Columbina talpacoti_Ruddy Ground Dove,../../Datasets/BirdClef/features/Columbina talpacoti_Ruddy Ground Dove/XC42355.npy,../../Datasets/BirdClef/audio/Columbina talpacoti_Ruddy Ground Dove/XC42355.mp3
train,Conirostrum speciosum_Chestnut-vented Conebill,../../Datasets/BirdClef/features/Conirostrum speciosum_Chestnut-vented Conebill/XC176839.npy,../../Datasets/BirdClef/audio/Conirostrum speciosum_Chestnut-vented Conebill/XC176839.mp3
train,Conirostrum speciosum_Chestnut-vented Conebill,../../Datasets/BirdClef/features/Conirostrum speciosum_Chestnut-vented Conebill/XC73449.npy,../../Datasets/BirdClef/audio/Conirostrum speciosum_Chestnut-vented Conebill/XC73449.mp3
train,Conirostrum speciosum_Chestnut-vented Conebill,../../Datasets/BirdClef/features/Conirostrum speciosum_Chestnut-vented Conebill/XC86261.npy,../../Datasets/BirdClef/audio/Conirostrum speciosum_Chestnut-vented Conebill/XC86261.mp3
train,Conirostrum speciosum_Chestnut-vented Conebill,../../Datasets/BirdClef/features/Conirostrum speciosum_Chestnut-vented Conebill/XC292125.npy,../../Datasets/BirdClef/audio/Conirostrum speciosum_Chestnut-vented Conebill/XC292125.mp3
train,Conirostrum speciosum_Chestnut-vented Conebill,../../Datasets/BirdClef/features/Conirostrum speciosum_Chestnut-vented Conebill/XC114943.npy,../../Datasets/BirdClef/audio/Conirostrum speciosum_Chestnut-vented Conebill/XC114943.mp3
train,Contopus cooperi_Olive-sided Flycatcher,../../Datasets/BirdClef/features/Contopus cooperi_Olive-sided Flycatcher/XC81925.npy,../../Datasets/BirdClef/audio/Contopus cooperi_Olive-sided Flycatcher/XC81925.mp3
train,Contopus cooperi_Olive-sided Flycatcher,../../Datasets/BirdClef/features/Contopus cooperi_Olive-sided Flycatcher/XC395015.npy,../../Datasets/BirdClef/audio/Contopus cooperi_Olive-sided Flycatcher/XC395015.mp3
train,Contopus cooperi_Olive-sided Flycatcher,../../Datasets/BirdClef/features/Contopus cooperi_Olive-sided Flycatcher/XC321076.npy,../../Datasets/BirdClef/audio/Contopus cooperi_Olive-sided Flycatcher/XC321076.mp3
train,Contopus cooperi_Olive-sided Flycatcher,../../Datasets/BirdClef/features/Contopus cooperi_Olive-sided Flycatcher/XC388148.npy,../../Datasets/BirdClef/audio/Contopus cooperi_Olive-sided Flycatcher/XC388148.mp3
train,Contopus cooperi_Olive-sided Flycatcher,../../Datasets/BirdClef/features/Contopus cooperi_Olive-sided Flycatcher/XC207797.npy,../../Datasets/BirdClef/audio/Contopus cooperi_Olive-sided Flycatcher/XC207797.mp3
train,Contopus sordidulus_Western Wood-Pewee,../../Datasets/BirdClef/features/Contopus sordidulus_Western Wood-Pewee/XC373899.npy,../../Datasets/BirdClef/audio/Contopus sordidulus_Western Wood-Pewee/XC373899.mp3
train,Contopus sordidulus_Western Wood-Pewee,../../Datasets/BirdClef/features/Contopus sordidulus_Western Wood-Pewee/XC338017.npy,../../Datasets/BirdClef/audio/Contopus sordidulus_Western Wood-Pewee/XC338017.mp3
train,Contopus sordidulus_Western Wood-Pewee,../../Datasets/BirdClef/features/Contopus sordidulus_Western Wood-Pewee/XC334682.npy,../../Datasets/BirdClef/audio/Contopus sordidulus_Western Wood-Pewee/XC334682.mp3
train,Contopus sordidulus_Western Wood-Pewee,../../Datasets/BirdClef/features/Contopus sordidulus_Western Wood-Pewee/XC6670.npy,../../Datasets/BirdClef/audio/Contopus sordidulus_Western Wood-Pewee/XC6670.mp3
train,Contopus sordidulus_Western Wood-Pewee,../../Datasets/BirdClef/features/Contopus sordidulus_Western Wood-Pewee/XC193158.npy,../../Datasets/BirdClef/audio/Contopus sordidulus_Western Wood-Pewee/XC193158.mp3
train,Contopus virens_Eastern Wood-Pewee,../../Datasets/BirdClef/features/Contopus virens_Eastern Wood-Pewee/XC20998.npy,../../Datasets/BirdClef/audio/Contopus virens_Eastern Wood-Pewee/XC20998.mp3
train,Contopus virens_Eastern Wood-Pewee,../../Datasets/BirdClef/features/Contopus virens_Eastern Wood-Pewee/XC384804.npy,../../Datasets/BirdClef/audio/Contopus virens_Eastern Wood-Pewee/XC384804.mp3
train,Contopus virens_Eastern Wood-Pewee,../../Datasets/BirdClef/features/Contopus virens_Eastern Wood-Pewee/XC221637.npy,../../Datasets/BirdClef/audio/Contopus virens_Eastern Wood-Pewee/XC221637.mp3
train,Contopus virens_Eastern Wood-Pewee,../../Datasets/BirdClef/features/Contopus virens_Eastern Wood-Pewee/XC221636.npy,../../Datasets/BirdClef/audio/Contopus virens_Eastern Wood-Pewee/XC221636.mp3
train,Contopus virens_Eastern Wood-Pewee,../../Datasets/BirdClef/features/Contopus virens_Eastern Wood-Pewee/XC322456.npy,../../Datasets/BirdClef/audio/Contopus virens_Eastern Wood-Pewee/XC322456.mp3
train,Coragyps atratus_Black Vulture,../../Datasets/BirdClef/features/Coragyps atratus_Black Vulture/XC451477.npy,../../Datasets/BirdClef/audio/Coragyps atratus_Black Vulture/XC451477.mp3
train,Coragyps atratus_Black Vulture,../../Datasets/BirdClef/features/Coragyps atratus_Black Vulture/XC422352.npy,../../Datasets/BirdClef/audio/Coragyps atratus_Black Vulture/XC422352.mp3
train,Coragyps atratus_Black Vulture,../../Datasets/BirdClef/features/Coragyps atratus_Black Vulture/XC150218.npy,../../Datasets/BirdClef/audio/Coragyps atratus_Black Vulture/XC150218.mp3
train,Coragyps atratus_Black Vulture,../../Datasets/BirdClef/features/Coragyps atratus_Black Vulture/XC174763.npy,../../Datasets/BirdClef/audio/Coragyps atratus_Black Vulture/XC174763.mp3
train,Coragyps atratus_Black Vulture,../../Datasets/BirdClef/features/Coragyps atratus_Black Vulture/XC495190.npy,../../Datasets/BirdClef/audio/Coragyps atratus_Black Vulture/XC495190.mp3
train,Corvus brachyrhynchos_American Crow,../../Datasets/BirdClef/features/Corvus brachyrhynchos_American Crow/XC206082.npy,../../Datasets/BirdClef/audio/Corvus brachyrhynchos_American Crow/XC206082.mp3
train,Corvus brachyrhynchos_American Crow,../../Datasets/BirdClef/features/Corvus brachyrhynchos_American Crow/XC197260.npy,../../Datasets/BirdClef/audio/Corvus brachyrhynchos_American Crow/XC197260.mp3
train,Corvus brachyrhynchos_American Crow,../../Datasets/BirdClef/features/Corvus brachyrhynchos_American Crow/XC381507.npy,../../Datasets/BirdClef/audio/Corvus brachyrhynchos_American Crow/XC381507.mp3
train,Corvus brachyrhynchos_American Crow,../../Datasets/BirdClef/features/Corvus brachyrhynchos_American Crow/XC318014.npy,../../Datasets/BirdClef/audio/Corvus brachyrhynchos_American Crow/XC318014.mp3
train,Corvus brachyrhynchos_American Crow,../../Datasets/BirdClef/features/Corvus brachyrhynchos_American Crow/XC424738.npy,../../Datasets/BirdClef/audio/Corvus brachyrhynchos_American Crow/XC424738.mp3
train,Corvus corax_Common Raven,../../Datasets/BirdClef/features/Corvus corax_Common Raven/XC169999.npy,../../Datasets/BirdClef/audio/Corvus corax_Common Raven/XC169999.mp3
train,Corvus corax_Common Raven,../../Datasets/BirdClef/features/Corvus corax_Common Raven/XC215818.npy,../../Datasets/BirdClef/audio/Corvus corax_Common Raven/XC215818.mp3
train,Corvus corax_Common Raven,../../Datasets/BirdClef/features/Corvus corax_Common Raven/XC169598.npy,../../Datasets/BirdClef/audio/Corvus corax_Common Raven/XC169598.mp3
train,Corvus corax_Common Raven,../../Datasets/BirdClef/features/Corvus corax_Common Raven/XC159902.npy,../../Datasets/BirdClef/audio/Corvus corax_Common Raven/XC159902.mp3
train,Corvus corax_Common Raven,../../Datasets/BirdClef/features/Corvus corax_Common Raven/XC157318.npy,../../Datasets/BirdClef/audio/Corvus corax_Common Raven/XC157318.mp3
train,Corvus corone_Carrion Crow,../../Datasets/BirdClef/features/Corvus corone_Carrion Crow/XC448435.npy,../../Datasets/BirdClef/audio/Corvus corone_Carrion Crow/XC448435.mp3
train,Corvus corone_Carrion Crow,../../Datasets/BirdClef/features/Corvus corone_Carrion Crow/XC481317.npy,../../Datasets/BirdClef/audio/Corvus corone_Carrion Crow/XC481317.mp3
train,Corvus corone_Carrion Crow,../../Datasets/BirdClef/features/Corvus corone_Carrion Crow/XC387923.npy,../../Datasets/BirdClef/audio/Corvus corone_Carrion Crow/XC387923.mp3
train,Corvus corone_Carrion Crow,../../Datasets/BirdClef/features/Corvus corone_Carrion Crow/XC456421.npy,../../Datasets/BirdClef/audio/Corvus corone_Carrion Crow/XC456421.mp3
train,Corvus corone_Carrion Crow,../../Datasets/BirdClef/features/Corvus corone_Carrion Crow/XC437410.npy,../../Datasets/BirdClef/audio/Corvus corone_Carrion Crow/XC437410.mp3
train,Corvus frugilegus_Rook,../../Datasets/BirdClef/features/Corvus frugilegus_Rook/XC194175.npy,../../Datasets/BirdClef/audio/Corvus frugilegus_Rook/XC194175.mp3
train,Corvus frugilegus_Rook,../../Datasets/BirdClef/features/Corvus frugilegus_Rook/XC143994.npy,../../Datasets/BirdClef/audio/Corvus frugilegus_Rook/XC143994.mp3
train,Corvus frugilegus_Rook,../../Datasets/BirdClef/features/Corvus frugilegus_Rook/XC143002.npy,../../Datasets/BirdClef/audio/Corvus frugilegus_Rook/XC143002.mp3
train,Corvus frugilegus_Rook,../../Datasets/BirdClef/features/Corvus frugilegus_Rook/XC492941.npy,../../Datasets/BirdClef/audio/Corvus frugilegus_Rook/XC492941.mp3
train,Corvus frugilegus_Rook,../../Datasets/BirdClef/features/Corvus frugilegus_Rook/XC183291.npy,../../Datasets/BirdClef/audio/Corvus frugilegus_Rook/XC183291.mp3
train,Corvus monedula_Eurasian Jackdaw,../../Datasets/BirdClef/features/Corvus monedula_Eurasian Jackdaw/XC349315.npy,../../Datasets/BirdClef/audio/Corvus monedula_Eurasian Jackdaw/XC349315.mp3
train,Corvus monedula_Eurasian Jackdaw,../../Datasets/BirdClef/features/Corvus monedula_Eurasian Jackdaw/XC65835.npy,../../Datasets/BirdClef/audio/Corvus monedula_Eurasian Jackdaw/XC65835.mp3
train,Corvus monedula_Eurasian Jackdaw,../../Datasets/BirdClef/features/Corvus monedula_Eurasian Jackdaw/XC309716.npy,../../Datasets/BirdClef/audio/Corvus monedula_Eurasian Jackdaw/XC309716.mp3
train,Corvus monedula_Eurasian Jackdaw,../../Datasets/BirdClef/features/Corvus monedula_Eurasian Jackdaw/XC116231.npy,../../Datasets/BirdClef/audio/Corvus monedula_Eurasian Jackdaw/XC116231.mp3
train,Corvus monedula_Eurasian Jackdaw,../../Datasets/BirdClef/features/Corvus monedula_Eurasian Jackdaw/XC411422.npy,../../Datasets/BirdClef/audio/Corvus monedula_Eurasian Jackdaw/XC411422.mp3
train,Corvus ossifragus_Fish Crow,../../Datasets/BirdClef/features/Corvus ossifragus_Fish Crow/XC177580.npy,../../Datasets/BirdClef/audio/Corvus ossifragus_Fish Crow/XC177580.mp3
train,Corvus ossifragus_Fish Crow,../../Datasets/BirdClef/features/Corvus ossifragus_Fish Crow/XC460871.npy,../../Datasets/BirdClef/audio/Corvus ossifragus_Fish Crow/XC460871.mp3
train,Corvus ossifragus_Fish Crow,../../Datasets/BirdClef/features/Corvus ossifragus_Fish Crow/XC308715.npy,../../Datasets/BirdClef/audio/Corvus ossifragus_Fish Crow/XC308715.mp3
train,Corvus ossifragus_Fish Crow,../../Datasets/BirdClef/features/Corvus ossifragus_Fish Crow/XC445788.npy,../../Datasets/BirdClef/audio/Corvus ossifragus_Fish Crow/XC445788.mp3
train,Corvus ossifragus_Fish Crow,../../Datasets/BirdClef/features/Corvus ossifragus_Fish Crow/XC196138.npy,../../Datasets/BirdClef/audio/Corvus ossifragus_Fish Crow/XC196138.mp3
train,Corythopis torquatus_Ringed Antpipit,../../Datasets/BirdClef/features/Corythopis torquatus_Ringed Antpipit/XC87864.npy,../../Datasets/BirdClef/audio/Corythopis torquatus_Ringed Antpipit/XC87864.mp3
train,Corythopis torquatus_Ringed Antpipit,../../Datasets/BirdClef/features/Corythopis torquatus_Ringed Antpipit/XC474803.npy,../../Datasets/BirdClef/audio/Corythopis torquatus_Ringed Antpipit/XC474803.mp3
train,Corythopis torquatus_Ringed Antpipit,../../Datasets/BirdClef/features/Corythopis torquatus_Ringed Antpipit/XC751.npy,../../Datasets/BirdClef/audio/Corythopis torquatus_Ringed Antpipit/XC751.mp3
train,Corythopis torquatus_Ringed Antpipit,../../Datasets/BirdClef/features/Corythopis torquatus_Ringed Antpipit/XC171003.npy,../../Datasets/BirdClef/audio/Corythopis torquatus_Ringed Antpipit/XC171003.mp3
train,Corythopis torquatus_Ringed Antpipit,../../Datasets/BirdClef/features/Corythopis torquatus_Ringed Antpipit/XC118831.npy,../../Datasets/BirdClef/audio/Corythopis torquatus_Ringed Antpipit/XC118831.mp3
train,Crotophaga ani_Smooth-billed Ani,../../Datasets/BirdClef/features/Crotophaga ani_Smooth-billed Ani/XC171389.npy,../../Datasets/BirdClef/audio/Crotophaga ani_Smooth-billed Ani/XC171389.mp3
train,Crotophaga ani_Smooth-billed Ani,../../Datasets/BirdClef/features/Crotophaga ani_Smooth-billed Ani/XC401624.npy,../../Datasets/BirdClef/audio/Crotophaga ani_Smooth-billed Ani/XC401624.mp3
train,Crotophaga ani_Smooth-billed Ani,../../Datasets/BirdClef/features/Crotophaga ani_Smooth-billed Ani/XC93140.npy,../../Datasets/BirdClef/audio/Crotophaga ani_Smooth-billed Ani/XC93140.mp3
train,Crotophaga ani_Smooth-billed Ani,../../Datasets/BirdClef/features/Crotophaga ani_Smooth-billed Ani/XC260416.npy,../../Datasets/BirdClef/audio/Crotophaga ani_Smooth-billed Ani/XC260416.mp3
train,Crotophaga ani_Smooth-billed Ani,../../Datasets/BirdClef/features/Crotophaga ani_Smooth-billed Ani/XC269046.npy,../../Datasets/BirdClef/audio/Crotophaga ani_Smooth-billed Ani/XC269046.mp3
train,Crotophaga major_Greater Ani,../../Datasets/BirdClef/features/Crotophaga major_Greater Ani/XC461444.npy,../../Datasets/BirdClef/audio/Crotophaga major_Greater Ani/XC461444.mp3
train,Crotophaga major_Greater Ani,../../Datasets/BirdClef/features/Crotophaga major_Greater Ani/XC60238.npy,../../Datasets/BirdClef/audio/Crotophaga major_Greater Ani/XC60238.mp3
train,Crotophaga major_Greater Ani,../../Datasets/BirdClef/features/Crotophaga major_Greater Ani/XC54796.npy,../../Datasets/BirdClef/audio/Crotophaga major_Greater Ani/XC54796.mp3
train,Crotophaga major_Greater Ani,../../Datasets/BirdClef/features/Crotophaga major_Greater Ani/XC55417.npy,../../Datasets/BirdClef/audio/Crotophaga major_Greater Ani/XC55417.mp3
train,Crotophaga major_Greater Ani,../../Datasets/BirdClef/features/Crotophaga major_Greater Ani/XC386464.npy,../../Datasets/BirdClef/audio/Crotophaga major_Greater Ani/XC386464.mp3
train,Crypturellus cinereus_Cinereous Tinamou,../../Datasets/BirdClef/features/Crypturellus cinereus_Cinereous Tinamou/XC424163.npy,../../Datasets/BirdClef/audio/Crypturellus cinereus_Cinereous Tinamou/XC424163.mp3
train,Crypturellus cinereus_Cinereous Tinamou,../../Datasets/BirdClef/features/Crypturellus cinereus_Cinereous Tinamou/XC117974.npy,../../Datasets/BirdClef/audio/Crypturellus cinereus_Cinereous Tinamou/XC117974.mp3
train,Crypturellus cinereus_Cinereous Tinamou,../../Datasets/BirdClef/features/Crypturellus cinereus_Cinereous Tinamou/XC117368.npy,../../Datasets/BirdClef/audio/Crypturellus cinereus_Cinereous Tinamou/XC117368.mp3
train,Crypturellus cinereus_Cinereous Tinamou,../../Datasets/BirdClef/features/Crypturellus cinereus_Cinereous Tinamou/XC47907.npy,../../Datasets/BirdClef/audio/Crypturellus cinereus_Cinereous Tinamou/XC47907.mp3
train,Crypturellus cinereus_Cinereous Tinamou,../../Datasets/BirdClef/features/Crypturellus cinereus_Cinereous Tinamou/XC54929.npy,../../Datasets/BirdClef/audio/Crypturellus cinereus_Cinereous Tinamou/XC54929.mp3
train,Crypturellus obsoletus_Brown Tinamou,../../Datasets/BirdClef/features/Crypturellus obsoletus_Brown Tinamou/XC351069.npy,../../Datasets/BirdClef/audio/Crypturellus obsoletus_Brown Tinamou/XC351069.mp3
train,Crypturellus obsoletus_Brown Tinamou,../../Datasets/BirdClef/features/Crypturellus obsoletus_Brown Tinamou/XC176295.npy,../../Datasets/BirdClef/audio/Crypturellus obsoletus_Brown Tinamou/XC176295.mp3
train,Crypturellus obsoletus_Brown Tinamou,../../Datasets/BirdClef/features/Crypturellus obsoletus_Brown Tinamou/XC55894.npy,../../Datasets/BirdClef/audio/Crypturellus obsoletus_Brown Tinamou/XC55894.mp3
train,Crypturellus obsoletus_Brown Tinamou,../../Datasets/BirdClef/features/Crypturellus obsoletus_Brown Tinamou/XC348783.npy,../../Datasets/BirdClef/audio/Crypturellus obsoletus_Brown Tinamou/XC348783.mp3
train,Crypturellus obsoletus_Brown Tinamou,../../Datasets/BirdClef/features/Crypturellus obsoletus_Brown Tinamou/XC27557.npy,../../Datasets/BirdClef/audio/Crypturellus obsoletus_Brown Tinamou/XC27557.mp3
train,Crypturellus parvirostris_Small-billed Tinamou,../../Datasets/BirdClef/features/Crypturellus parvirostris_Small-billed Tinamou/XC415352.npy,../../Datasets/BirdClef/audio/Crypturellus parvirostris_Small-billed Tinamou/XC415352.mp3
train,Crypturellus parvirostris_Small-billed Tinamou,../../Datasets/BirdClef/features/Crypturellus parvirostris_Small-billed Tinamou/XC427712.npy,../../Datasets/BirdClef/audio/Crypturellus parvirostris_Small-billed Tinamou/XC427712.mp3
train,Crypturellus parvirostris_Small-billed Tinamou,../../Datasets/BirdClef/features/Crypturellus parvirostris_Small-billed Tinamou/XC471053.npy,../../Datasets/BirdClef/audio/Crypturellus parvirostris_Small-billed Tinamou/XC471053.mp3
train,Crypturellus parvirostris_Small-billed Tinamou,../../Datasets/BirdClef/features/Crypturellus parvirostris_Small-billed Tinamou/XC111117.npy,../../Datasets/BirdClef/audio/Crypturellus parvirostris_Small-billed Tinamou/XC111117.mp3
train,Crypturellus parvirostris_Small-billed Tinamou,../../Datasets/BirdClef/features/Crypturellus parvirostris_Small-billed Tinamou/XC221878.npy,../../Datasets/BirdClef/audio/Crypturellus parvirostris_Small-billed Tinamou/XC221878.mp3
train,Crypturellus soui_Little Tinamou,../../Datasets/BirdClef/features/Crypturellus soui_Little Tinamou/XC333320.npy,../../Datasets/BirdClef/audio/Crypturellus soui_Little Tinamou/XC333320.mp3
train,Crypturellus soui_Little Tinamou,../../Datasets/BirdClef/features/Crypturellus soui_Little Tinamou/XC148301.npy,../../Datasets/BirdClef/audio/Crypturellus soui_Little Tinamou/XC148301.mp3
train,Crypturellus soui_Little Tinamou,../../Datasets/BirdClef/features/Crypturellus soui_Little Tinamou/XC127107.npy,../../Datasets/BirdClef/audio/Crypturellus soui_Little Tinamou/XC127107.mp3
train,Crypturellus soui_Little Tinamou,../../Datasets/BirdClef/features/Crypturellus soui_Little Tinamou/XC493436.npy,../../Datasets/BirdClef/audio/Crypturellus soui_Little Tinamou/XC493436.mp3
train,Crypturellus soui_Little Tinamou,../../Datasets/BirdClef/features/Crypturellus soui_Little Tinamou/XC272298.npy,../../Datasets/BirdClef/audio/Crypturellus soui_Little Tinamou/XC272298.mp3
train,Crypturellus strigulosus_Brazilian Tinamou,../../Datasets/BirdClef/features/Crypturellus strigulosus_Brazilian Tinamou/XC312936.npy,../../Datasets/BirdClef/audio/Crypturellus strigulosus_Brazilian Tinamou/XC312936.mp3
train,Crypturellus strigulosus_Brazilian Tinamou,../../Datasets/BirdClef/features/Crypturellus strigulosus_Brazilian Tinamou/XC151909.npy,../../Datasets/BirdClef/audio/Crypturellus strigulosus_Brazilian Tinamou/XC151909.mp3
train,Crypturellus strigulosus_Brazilian Tinamou,../../Datasets/BirdClef/features/Crypturellus strigulosus_Brazilian Tinamou/XC278458.npy,../../Datasets/BirdClef/audio/Crypturellus strigulosus_Brazilian Tinamou/XC278458.mp3
train,Crypturellus strigulosus_Brazilian Tinamou,../../Datasets/BirdClef/features/Crypturellus strigulosus_Brazilian Tinamou/XC313940.npy,../../Datasets/BirdClef/audio/Crypturellus strigulosus_Brazilian Tinamou/XC313940.mp3
train,Crypturellus strigulosus_Brazilian Tinamou,../../Datasets/BirdClef/features/Crypturellus strigulosus_Brazilian Tinamou/XC118961.npy,../../Datasets/BirdClef/audio/Crypturellus strigulosus_Brazilian Tinamou/XC118961.mp3
train,Crypturellus undulatus_Undulated Tinamou,../../Datasets/BirdClef/features/Crypturellus undulatus_Undulated Tinamou/XC329100.npy,../../Datasets/BirdClef/audio/Crypturellus undulatus_Undulated Tinamou/XC329100.mp3
train,Crypturellus undulatus_Undulated Tinamou,../../Datasets/BirdClef/features/Crypturellus undulatus_Undulated Tinamou/XC180328.npy,../../Datasets/BirdClef/audio/Crypturellus undulatus_Undulated Tinamou/XC180328.mp3
train,Crypturellus undulatus_Undulated Tinamou,../../Datasets/BirdClef/features/Crypturellus undulatus_Undulated Tinamou/XC143363.npy,../../Datasets/BirdClef/audio/Crypturellus undulatus_Undulated Tinamou/XC143363.mp3
train,Crypturellus undulatus_Undulated Tinamou,../../Datasets/BirdClef/features/Crypturellus undulatus_Undulated Tinamou/XC257245.npy,../../Datasets/BirdClef/audio/Crypturellus undulatus_Undulated Tinamou/XC257245.mp3
train,Crypturellus undulatus_Undulated Tinamou,../../Datasets/BirdClef/features/Crypturellus undulatus_Undulated Tinamou/XC74716.npy,../../Datasets/BirdClef/audio/Crypturellus undulatus_Undulated Tinamou/XC74716.mp3
train,Crypturellus variegatus_Variegated Tinamou,../../Datasets/BirdClef/features/Crypturellus variegatus_Variegated Tinamou/XC85515.npy,../../Datasets/BirdClef/audio/Crypturellus variegatus_Variegated Tinamou/XC85515.mp3
train,Crypturellus variegatus_Variegated Tinamou,../../Datasets/BirdClef/features/Crypturellus variegatus_Variegated Tinamou/XC272385.npy,../../Datasets/BirdClef/audio/Crypturellus variegatus_Variegated Tinamou/XC272385.mp3
train,Crypturellus variegatus_Variegated Tinamou,../../Datasets/BirdClef/features/Crypturellus variegatus_Variegated Tinamou/XC85068.npy,../../Datasets/BirdClef/audio/Crypturellus variegatus_Variegated Tinamou/XC85068.mp3
train,Crypturellus variegatus_Variegated Tinamou,../../Datasets/BirdClef/features/Crypturellus variegatus_Variegated Tinamou/XC171226.npy,../../Datasets/BirdClef/audio/Crypturellus variegatus_Variegated Tinamou/XC171226.mp3
train,Crypturellus variegatus_Variegated Tinamou,../../Datasets/BirdClef/features/Crypturellus variegatus_Variegated Tinamou/XC456399.npy,../../Datasets/BirdClef/audio/Crypturellus variegatus_Variegated Tinamou/XC456399.mp3
train,Cuculus canorus_Common Cuckoo,../../Datasets/BirdClef/features/Cuculus canorus_Common Cuckoo/XC369578.npy,../../Datasets/BirdClef/audio/Cuculus canorus_Common Cuckoo/XC369578.mp3
train,Cuculus canorus_Common Cuckoo,../../Datasets/BirdClef/features/Cuculus canorus_Common Cuckoo/XC327476.npy,../../Datasets/BirdClef/audio/Cuculus canorus_Common Cuckoo/XC327476.mp3
train,Cuculus canorus_Common Cuckoo,../../Datasets/BirdClef/features/Cuculus canorus_Common Cuckoo/XC142386.npy,../../Datasets/BirdClef/audio/Cuculus canorus_Common Cuckoo/XC142386.mp3
train,Cuculus canorus_Common Cuckoo,../../Datasets/BirdClef/features/Cuculus canorus_Common Cuckoo/XC180920.npy,../../Datasets/BirdClef/audio/Cuculus canorus_Common Cuckoo/XC180920.mp3
train,Cuculus canorus_Common Cuckoo,../../Datasets/BirdClef/features/Cuculus canorus_Common Cuckoo/XC133016.npy,../../Datasets/BirdClef/audio/Cuculus canorus_Common Cuckoo/XC133016.mp3
train,Cyanerpes cyaneus_Red-legged Honeycreeper,../../Datasets/BirdClef/features/Cyanerpes cyaneus_Red-legged Honeycreeper/XC6994.npy,../../Datasets/BirdClef/audio/Cyanerpes cyaneus_Red-legged Honeycreeper/XC6994.mp3
train,Cyanerpes cyaneus_Red-legged Honeycreeper,../../Datasets/BirdClef/features/Cyanerpes cyaneus_Red-legged Honeycreeper/XC403370.npy,../../Datasets/BirdClef/audio/Cyanerpes cyaneus_Red-legged Honeycreeper/XC403370.mp3
train,Cyanerpes cyaneus_Red-legged Honeycreeper,../../Datasets/BirdClef/features/Cyanerpes cyaneus_Red-legged Honeycreeper/XC472330.npy,../../Datasets/BirdClef/audio/Cyanerpes cyaneus_Red-legged Honeycreeper/XC472330.mp3
train,Cyanerpes cyaneus_Red-legged Honeycreeper,../../Datasets/BirdClef/features/Cyanerpes cyaneus_Red-legged Honeycreeper/XC483503.npy,../../Datasets/BirdClef/audio/Cyanerpes cyaneus_Red-legged Honeycreeper/XC483503.mp3
train,Cyanerpes cyaneus_Red-legged Honeycreeper,../../Datasets/BirdClef/features/Cyanerpes cyaneus_Red-legged Honeycreeper/XC387967.npy,../../Datasets/BirdClef/audio/Cyanerpes cyaneus_Red-legged Honeycreeper/XC387967.mp3
train,Cyanistes caeruleus_Eurasian Blue Tit,../../Datasets/BirdClef/features/Cyanistes caeruleus_Eurasian Blue Tit/XC148428.npy,../../Datasets/BirdClef/audio/Cyanistes caeruleus_Eurasian Blue Tit/XC148428.mp3
train,Cyanistes caeruleus_Eurasian Blue Tit,../../Datasets/BirdClef/features/Cyanistes caeruleus_Eurasian Blue Tit/XC236753.npy,../../Datasets/BirdClef/audio/Cyanistes caeruleus_Eurasian Blue Tit/XC236753.mp3
train,Cyanistes caeruleus_Eurasian Blue Tit,../../Datasets/BirdClef/features/Cyanistes caeruleus_Eurasian Blue Tit/XC165083.npy,../../Datasets/BirdClef/audio/Cyanistes caeruleus_Eurasian Blue Tit/XC165083.mp3
train,Cyanistes caeruleus_Eurasian Blue Tit,../../Datasets/BirdClef/features/Cyanistes caeruleus_Eurasian Blue Tit/XC217474.npy,../../Datasets/BirdClef/audio/Cyanistes caeruleus_Eurasian Blue Tit/XC217474.mp3
train,Cyanistes caeruleus_Eurasian Blue Tit,../../Datasets/BirdClef/features/Cyanistes caeruleus_Eurasian Blue Tit/XC25853.npy,../../Datasets/BirdClef/audio/Cyanistes caeruleus_Eurasian Blue Tit/XC25853.mp3
train,Cyanocitta cristata_Blue Jay,../../Datasets/BirdClef/features/Cyanocitta cristata_Blue Jay/XC325696.npy,../../Datasets/BirdClef/audio/Cyanocitta cristata_Blue Jay/XC325696.mp3
train,Cyanocitta cristata_Blue Jay,../../Datasets/BirdClef/features/Cyanocitta cristata_Blue Jay/XC175223.npy,../../Datasets/BirdClef/audio/Cyanocitta cristata_Blue Jay/XC175223.mp3
train,Cyanocitta cristata_Blue Jay,../../Datasets/BirdClef/features/Cyanocitta cristata_Blue Jay/XC142244.npy,../../Datasets/BirdClef/audio/Cyanocitta cristata_Blue Jay/XC142244.mp3
train,Cyanocitta cristata_Blue Jay,../../Datasets/BirdClef/features/Cyanocitta cristata_Blue Jay/XC165321.npy,../../Datasets/BirdClef/audio/Cyanocitta cristata_Blue Jay/XC165321.mp3
train,Cyanocitta cristata_Blue Jay,../../Datasets/BirdClef/features/Cyanocitta cristata_Blue Jay/XC310840.npy,../../Datasets/BirdClef/audio/Cyanocitta cristata_Blue Jay/XC310840.mp3
train,Cyanocitta stelleri_Steller's Jay,../../Datasets/BirdClef/features/Cyanocitta stelleri_Steller's Jay/XC221964.npy,../../Datasets/BirdClef/audio/Cyanocitta stelleri_Steller's Jay/XC221964.mp3
train,Cyanocitta stelleri_Steller's Jay,../../Datasets/BirdClef/features/Cyanocitta stelleri_Steller's Jay/XC368857.npy,../../Datasets/BirdClef/audio/Cyanocitta stelleri_Steller's Jay/XC368857.mp3
train,Cyanocitta stelleri_Steller's Jay,../../Datasets/BirdClef/features/Cyanocitta stelleri_Steller's Jay/XC390093.npy,../../Datasets/BirdClef/audio/Cyanocitta stelleri_Steller's Jay/XC390093.mp3
train,Cyanocitta stelleri_Steller's Jay,../../Datasets/BirdClef/features/Cyanocitta stelleri_Steller's Jay/XC269699.npy,../../Datasets/BirdClef/audio/Cyanocitta stelleri_Steller's Jay/XC269699.mp3
train,Cyanocitta stelleri_Steller's Jay,../../Datasets/BirdClef/features/Cyanocitta stelleri_Steller's Jay/XC422408.npy,../../Datasets/BirdClef/audio/Cyanocitta stelleri_Steller's Jay/XC422408.mp3
train,Cyanocorax cyanomelas_Purplish Jay,../../Datasets/BirdClef/features/Cyanocorax cyanomelas_Purplish Jay/XC2192.npy,../../Datasets/BirdClef/audio/Cyanocorax cyanomelas_Purplish Jay/XC2192.mp3
train,Cyanocorax cyanomelas_Purplish Jay,../../Datasets/BirdClef/features/Cyanocorax cyanomelas_Purplish Jay/XC123640.npy,../../Datasets/BirdClef/audio/Cyanocorax cyanomelas_Purplish Jay/XC123640.mp3
train,Cyanocorax cyanomelas_Purplish Jay,../../Datasets/BirdClef/features/Cyanocorax cyanomelas_Purplish Jay/XC31234.npy,../../Datasets/BirdClef/audio/Cyanocorax cyanomelas_Purplish Jay/XC31234.mp3
train,Cyanocorax cyanomelas_Purplish Jay,../../Datasets/BirdClef/features/Cyanocorax cyanomelas_Purplish Jay/XC63340.npy,../../Datasets/BirdClef/audio/Cyanocorax cyanomelas_Purplish Jay/XC63340.mp3
train,Cyanocorax cyanomelas_Purplish Jay,../../Datasets/BirdClef/features/Cyanocorax cyanomelas_Purplish Jay/XC14815.npy,../../Datasets/BirdClef/audio/Cyanocorax cyanomelas_Purplish Jay/XC14815.mp3
train,Cyanocorax violaceus_Violaceous Jay,../../Datasets/BirdClef/features/Cyanocorax violaceus_Violaceous Jay/XC216543.npy,../../Datasets/BirdClef/audio/Cyanocorax violaceus_Violaceous Jay/XC216543.mp3
train,Cyanocorax violaceus_Violaceous Jay,../../Datasets/BirdClef/features/Cyanocorax violaceus_Violaceous Jay/XC217095.npy,../../Datasets/BirdClef/audio/Cyanocorax violaceus_Violaceous Jay/XC217095.mp3
train,Cyanocorax violaceus_Violaceous Jay,../../Datasets/BirdClef/features/Cyanocorax violaceus_Violaceous Jay/XC86299.npy,../../Datasets/BirdClef/audio/Cyanocorax violaceus_Violaceous Jay/XC86299.mp3
train,Cyanocorax violaceus_Violaceous Jay,../../Datasets/BirdClef/features/Cyanocorax violaceus_Violaceous Jay/XC222083.npy,../../Datasets/BirdClef/audio/Cyanocorax violaceus_Violaceous Jay/XC222083.mp3
train,Cyanocorax violaceus_Violaceous Jay,../../Datasets/BirdClef/features/Cyanocorax violaceus_Violaceous Jay/XC20824.npy,../../Datasets/BirdClef/audio/Cyanocorax violaceus_Violaceous Jay/XC20824.mp3
train,Cyanoloxia rothschildii_Amazonian Grosbeak,../../Datasets/BirdClef/features/Cyanoloxia rothschildii_Amazonian Grosbeak/XC171101.npy,../../Datasets/BirdClef/audio/Cyanoloxia rothschildii_Amazonian Grosbeak/XC171101.mp3
train,Cyanoloxia rothschildii_Amazonian Grosbeak,../../Datasets/BirdClef/features/Cyanoloxia rothschildii_Amazonian Grosbeak/XC113792.npy,../../Datasets/BirdClef/audio/Cyanoloxia rothschildii_Amazonian Grosbeak/XC113792.mp3
train,Cyanoloxia rothschildii_Amazonian Grosbeak,../../Datasets/BirdClef/features/Cyanoloxia rothschildii_Amazonian Grosbeak/XC3705.npy,../../Datasets/BirdClef/audio/Cyanoloxia rothschildii_Amazonian Grosbeak/XC3705.mp3
train,Cyanoloxia rothschildii_Amazonian Grosbeak,../../Datasets/BirdClef/features/Cyanoloxia rothschildii_Amazonian Grosbeak/XC118805.npy,../../Datasets/BirdClef/audio/Cyanoloxia rothschildii_Amazonian Grosbeak/XC118805.mp3
train,Cyanoloxia rothschildii_Amazonian Grosbeak,../../Datasets/BirdClef/features/Cyanoloxia rothschildii_Amazonian Grosbeak/XC12891.npy,../../Datasets/BirdClef/audio/Cyanoloxia rothschildii_Amazonian Grosbeak/XC12891.mp3
train,Cyclarhis gujanensis_Rufous-browed Peppershrike,../../Datasets/BirdClef/features/Cyclarhis gujanensis_Rufous-browed Peppershrike/XC222130.npy,../../Datasets/BirdClef/audio/Cyclarhis gujanensis_Rufous-browed Peppershrike/XC222130.mp3
train,Cyclarhis gujanensis_Rufous-browed Peppershrike,../../Datasets/BirdClef/features/Cyclarhis gujanensis_Rufous-browed Peppershrike/XC143080.npy,../../Datasets/BirdClef/audio/Cyclarhis gujanensis_Rufous-browed Peppershrike/XC143080.mp3
train,Cyclarhis gujanensis_Rufous-browed Peppershrike,../../Datasets/BirdClef/features/Cyclarhis gujanensis_Rufous-browed Peppershrike/XC41294.npy,../../Datasets/BirdClef/audio/Cyclarhis gujanensis_Rufous-browed Peppershrike/XC41294.mp3
train,Cyclarhis gujanensis_Rufous-browed Peppershrike,../../Datasets/BirdClef/features/Cyclarhis gujanensis_Rufous-browed Peppershrike/XC36220.npy,../../Datasets/BirdClef/audio/Cyclarhis gujanensis_Rufous-browed Peppershrike/XC36220.mp3
train,Cyclarhis gujanensis_Rufous-browed Peppershrike,../../Datasets/BirdClef/features/Cyclarhis gujanensis_Rufous-browed Peppershrike/XC341870.npy,../../Datasets/BirdClef/audio/Cyclarhis gujanensis_Rufous-browed Peppershrike/XC341870.mp3
train,Cygnus buccinator_Trumpeter Swan,../../Datasets/BirdClef/features/Cygnus buccinator_Trumpeter Swan/XC269472.npy,../../Datasets/BirdClef/audio/Cygnus buccinator_Trumpeter Swan/XC269472.mp3
train,Cygnus buccinator_Trumpeter Swan,../../Datasets/BirdClef/features/Cygnus buccinator_Trumpeter Swan/XC439995.npy,../../Datasets/BirdClef/audio/Cygnus buccinator_Trumpeter Swan/XC439995.mp3
train,Cygnus buccinator_Trumpeter Swan,../../Datasets/BirdClef/features/Cygnus buccinator_Trumpeter Swan/XC355221.npy,../../Datasets/BirdClef/audio/Cygnus buccinator_Trumpeter Swan/XC355221.mp3
train,Cygnus buccinator_Trumpeter Swan,../../Datasets/BirdClef/features/Cygnus buccinator_Trumpeter Swan/XC355210.npy,../../Datasets/BirdClef/audio/Cygnus buccinator_Trumpeter Swan/XC355210.mp3
train,Cygnus buccinator_Trumpeter Swan,../../Datasets/BirdClef/features/Cygnus buccinator_Trumpeter Swan/XC355218.npy,../../Datasets/BirdClef/audio/Cygnus buccinator_Trumpeter Swan/XC355218.mp3
train,Cygnus columbianus_Tundra Swan,../../Datasets/BirdClef/features/Cygnus columbianus_Tundra Swan/XC72771.npy,../../Datasets/BirdClef/audio/Cygnus columbianus_Tundra Swan/XC72771.mp3
train,Cygnus columbianus_Tundra Swan,../../Datasets/BirdClef/features/Cygnus columbianus_Tundra Swan/XC342507.npy,../../Datasets/BirdClef/audio/Cygnus columbianus_Tundra Swan/XC342507.mp3
train,Cygnus columbianus_Tundra Swan,../../Datasets/BirdClef/features/Cygnus columbianus_Tundra Swan/XC357196.npy,../../Datasets/BirdClef/audio/Cygnus columbianus_Tundra Swan/XC357196.mp3
train,Cygnus columbianus_Tundra Swan,../../Datasets/BirdClef/features/Cygnus columbianus_Tundra Swan/XC66288.npy,../../Datasets/BirdClef/audio/Cygnus columbianus_Tundra Swan/XC66288.mp3
train,Cygnus columbianus_Tundra Swan,../../Datasets/BirdClef/features/Cygnus columbianus_Tundra Swan/XC401980.npy,../../Datasets/BirdClef/audio/Cygnus columbianus_Tundra Swan/XC401980.mp3
train,Cygnus cygnus_Whooper Swan,../../Datasets/BirdClef/features/Cygnus cygnus_Whooper Swan/XC214435.npy,../../Datasets/BirdClef/audio/Cygnus cygnus_Whooper Swan/XC214435.mp3
train,Cygnus cygnus_Whooper Swan,../../Datasets/BirdClef/features/Cygnus cygnus_Whooper Swan/XC47922.npy,../../Datasets/BirdClef/audio/Cygnus cygnus_Whooper Swan/XC47922.mp3
train,Cygnus cygnus_Whooper Swan,../../Datasets/BirdClef/features/Cygnus cygnus_Whooper Swan/XC495843.npy,../../Datasets/BirdClef/audio/Cygnus cygnus_Whooper Swan/XC495843.mp3
train,Cygnus cygnus_Whooper Swan,../../Datasets/BirdClef/features/Cygnus cygnus_Whooper Swan/XC115885.npy,../../Datasets/BirdClef/audio/Cygnus cygnus_Whooper Swan/XC115885.mp3
train,Cygnus cygnus_Whooper Swan,../../Datasets/BirdClef/features/Cygnus cygnus_Whooper Swan/XC195724.npy,../../Datasets/BirdClef/audio/Cygnus cygnus_Whooper Swan/XC195724.mp3
train,Cygnus olor_Mute Swan,../../Datasets/BirdClef/features/Cygnus olor_Mute Swan/XC175273.npy,../../Datasets/BirdClef/audio/Cygnus olor_Mute Swan/XC175273.mp3
train,Cygnus olor_Mute Swan,../../Datasets/BirdClef/features/Cygnus olor_Mute Swan/XC280865.npy,../../Datasets/BirdClef/audio/Cygnus olor_Mute Swan/XC280865.mp3
train,Cygnus olor_Mute Swan,../../Datasets/BirdClef/features/Cygnus olor_Mute Swan/XC424020.npy,../../Datasets/BirdClef/audio/Cygnus olor_Mute Swan/XC424020.mp3
train,Cygnus olor_Mute Swan,../../Datasets/BirdClef/features/Cygnus olor_Mute Swan/XC503157.npy,../../Datasets/BirdClef/audio/Cygnus olor_Mute Swan/XC503157.mp3
train,Cygnus olor_Mute Swan,../../Datasets/BirdClef/features/Cygnus olor_Mute Swan/XC133921.npy,../../Datasets/BirdClef/audio/Cygnus olor_Mute Swan/XC133921.mp3
train,Cymbilaimus lineatus_Fasciated Antshrike,../../Datasets/BirdClef/features/Cymbilaimus lineatus_Fasciated Antshrike/XC385417.npy,../../Datasets/BirdClef/audio/Cymbilaimus lineatus_Fasciated Antshrike/XC385417.mp3
train,Cymbilaimus lineatus_Fasciated Antshrike,../../Datasets/BirdClef/features/Cymbilaimus lineatus_Fasciated Antshrike/XC272166.npy,../../Datasets/BirdClef/audio/Cymbilaimus lineatus_Fasciated Antshrike/XC272166.mp3
train,Cymbilaimus lineatus_Fasciated Antshrike,../../Datasets/BirdClef/features/Cymbilaimus lineatus_Fasciated Antshrike/XC42929.npy,../../Datasets/BirdClef/audio/Cymbilaimus lineatus_Fasciated Antshrike/XC42929.mp3
train,Cymbilaimus lineatus_Fasciated Antshrike,../../Datasets/BirdClef/features/Cymbilaimus lineatus_Fasciated Antshrike/XC11025.npy,../../Datasets/BirdClef/audio/Cymbilaimus lineatus_Fasciated Antshrike/XC11025.mp3
train,Cymbilaimus lineatus_Fasciated Antshrike,../../Datasets/BirdClef/features/Cymbilaimus lineatus_Fasciated Antshrike/XC151426.npy,../../Datasets/BirdClef/audio/Cymbilaimus lineatus_Fasciated Antshrike/XC151426.mp3
train,Cyphorhinus arada_Musician Wren,../../Datasets/BirdClef/features/Cyphorhinus arada_Musician Wren/XC13735.npy,../../Datasets/BirdClef/audio/Cyphorhinus arada_Musician Wren/XC13735.mp3
train,Cyphorhinus arada_Musician Wren,../../Datasets/BirdClef/features/Cyphorhinus arada_Musician Wren/XC247076.npy,../../Datasets/BirdClef/audio/Cyphorhinus arada_Musician Wren/XC247076.mp3
train,Cyphorhinus arada_Musician Wren,../../Datasets/BirdClef/features/Cyphorhinus arada_Musician Wren/XC308739.npy,../../Datasets/BirdClef/audio/Cyphorhinus arada_Musician Wren/XC308739.mp3
train,Cyphorhinus arada_Musician Wren,../../Datasets/BirdClef/features/Cyphorhinus arada_Musician Wren/XC144857.npy,../../Datasets/BirdClef/audio/Cyphorhinus arada_Musician Wren/XC144857.mp3
train,Cyphorhinus arada_Musician Wren,../../Datasets/BirdClef/features/Cyphorhinus arada_Musician Wren/XC222183.npy,../../Datasets/BirdClef/audio/Cyphorhinus arada_Musician Wren/XC222183.mp3
train,Dacnis cayana_Blue Dacnis,../../Datasets/BirdClef/features/Dacnis cayana_Blue Dacnis/XC247732.npy,../../Datasets/BirdClef/audio/Dacnis cayana_Blue Dacnis/XC247732.mp3
train,Dacnis cayana_Blue Dacnis,../../Datasets/BirdClef/features/Dacnis cayana_Blue Dacnis/XC24393.npy,../../Datasets/BirdClef/audio/Dacnis cayana_Blue Dacnis/XC24393.mp3
train,Dacnis cayana_Blue Dacnis,../../Datasets/BirdClef/features/Dacnis cayana_Blue Dacnis/XC143562.npy,../../Datasets/BirdClef/audio/Dacnis cayana_Blue Dacnis/XC143562.mp3
train,Dacnis cayana_Blue Dacnis,../../Datasets/BirdClef/features/Dacnis cayana_Blue Dacnis/XC164083.npy,../../Datasets/BirdClef/audio/Dacnis cayana_Blue Dacnis/XC164083.mp3
train,Dacnis cayana_Blue Dacnis,../../Datasets/BirdClef/features/Dacnis cayana_Blue Dacnis/XC168605.npy,../../Datasets/BirdClef/audio/Dacnis cayana_Blue Dacnis/XC168605.mp3
train,Daptrius ater_Black Caracara,../../Datasets/BirdClef/features/Daptrius ater_Black Caracara/XC402854.npy,../../Datasets/BirdClef/audio/Daptrius ater_Black Caracara/XC402854.mp3
train,Daptrius ater_Black Caracara,../../Datasets/BirdClef/features/Daptrius ater_Black Caracara/XC38662.npy,../../Datasets/BirdClef/audio/Daptrius ater_Black Caracara/XC38662.mp3
train,Daptrius ater_Black Caracara,../../Datasets/BirdClef/features/Daptrius ater_Black Caracara/XC257384.npy,../../Datasets/BirdClef/audio/Daptrius ater_Black Caracara/XC257384.mp3
train,Daptrius ater_Black Caracara,../../Datasets/BirdClef/features/Daptrius ater_Black Caracara/XC24179.npy,../../Datasets/BirdClef/audio/Daptrius ater_Black Caracara/XC24179.mp3
train,Daptrius ater_Black Caracara,../../Datasets/BirdClef/features/Daptrius ater_Black Caracara/XC89229.npy,../../Datasets/BirdClef/audio/Daptrius ater_Black Caracara/XC89229.mp3
train,Deconychura longicauda_Long-tailed Woodcreeper,../../Datasets/BirdClef/features/Deconychura longicauda_Long-tailed Woodcreeper/XC151929.npy,../../Datasets/BirdClef/audio/Deconychura longicauda_Long-tailed Woodcreeper/XC151929.mp3
train,Deconychura longicauda_Long-tailed Woodcreeper,../../Datasets/BirdClef/features/Deconychura longicauda_Long-tailed Woodcreeper/XC39452.npy,../../Datasets/BirdClef/audio/Deconychura longicauda_Long-tailed Woodcreeper/XC39452.mp3
train,Deconychura longicauda_Long-tailed Woodcreeper,../../Datasets/BirdClef/features/Deconychura longicauda_Long-tailed Woodcreeper/XC401418.npy,../../Datasets/BirdClef/audio/Deconychura longicauda_Long-tailed Woodcreeper/XC401418.mp3
train,Deconychura longicauda_Long-tailed Woodcreeper,../../Datasets/BirdClef/features/Deconychura longicauda_Long-tailed Woodcreeper/XC39450.npy,../../Datasets/BirdClef/audio/Deconychura longicauda_Long-tailed Woodcreeper/XC39450.mp3
train,Deconychura longicauda_Long-tailed Woodcreeper,../../Datasets/BirdClef/features/Deconychura longicauda_Long-tailed Woodcreeper/XC22249.npy,../../Datasets/BirdClef/audio/Deconychura longicauda_Long-tailed Woodcreeper/XC22249.mp3
train,Delichon urbicum_Common House-Martin,../../Datasets/BirdClef/features/Delichon urbicum_Common House-Martin/XC377660.npy,../../Datasets/BirdClef/audio/Delichon urbicum_Common House-Martin/XC377660.mp3
train,Delichon urbicum_Common House-Martin,../../Datasets/BirdClef/features/Delichon urbicum_Common House-Martin/XC471773.npy,../../Datasets/BirdClef/audio/Delichon urbicum_Common House-Martin/XC471773.mp3
train,Delichon urbicum_Common House-Martin,../../Datasets/BirdClef/features/Delichon urbicum_Common House-Martin/XC381988.npy,../../Datasets/BirdClef/audio/Delichon urbicum_Common House-Martin/XC381988.mp3
train,Delichon urbicum_Common House-Martin,../../Datasets/BirdClef/features/Delichon urbicum_Common House-Martin/XC130258.npy,../../Datasets/BirdClef/audio/Delichon urbicum_Common House-Martin/XC130258.mp3
train,Delichon urbicum_Common House-Martin,../../Datasets/BirdClef/features/Delichon urbicum_Common House-Martin/XC109358.npy,../../Datasets/BirdClef/audio/Delichon urbicum_Common House-Martin/XC109358.mp3
train,Dendrexetastes rufigula_Cinnamon-throated Woodcreeper,../../Datasets/BirdClef/features/Dendrexetastes rufigula_Cinnamon-throated Woodcreeper/XC1340.npy,../../Datasets/BirdClef/audio/Dendrexetastes rufigula_Cinnamon-throated Woodcreeper/XC1340.mp3
train,Dendrexetastes rufigula_Cinnamon-throated Woodcreeper,../../Datasets/BirdClef/features/Dendrexetastes rufigula_Cinnamon-throated Woodcreeper/XC443176.npy,../../Datasets/BirdClef/audio/Dendrexetastes rufigula_Cinnamon-throated Woodcreeper/XC443176.mp3
train,Dendrexetastes rufigula_Cinnamon-throated Woodcreeper,../../Datasets/BirdClef/features/Dendrexetastes rufigula_Cinnamon-throated Woodcreeper/XC139214.npy,../../Datasets/BirdClef/audio/Dendrexetastes rufigula_Cinnamon-throated Woodcreeper/XC139214.mp3
train,Dendrexetastes rufigula_Cinnamon-throated Woodcreeper,../../Datasets/BirdClef/features/Dendrexetastes rufigula_Cinnamon-throated Woodcreeper/XC316506.npy,../../Datasets/BirdClef/audio/Dendrexetastes rufigula_Cinnamon-throated Woodcreeper/XC316506.mp3
train,Dendrexetastes rufigula_Cinnamon-throated Woodcreeper,../../Datasets/BirdClef/features/Dendrexetastes rufigula_Cinnamon-throated Woodcreeper/XC481999.npy,../../Datasets/BirdClef/audio/Dendrexetastes rufigula_Cinnamon-throated Woodcreeper/XC481999.mp3
train,Dendrocincla fuliginosa_Plain-brown Woodcreeper,../../Datasets/BirdClef/features/Dendrocincla fuliginosa_Plain-brown Woodcreeper/XC250767.npy,../../Datasets/BirdClef/audio/Dendrocincla fuliginosa_Plain-brown Woodcreeper/XC250767.mp3
train,Dendrocincla fuliginosa_Plain-brown Woodcreeper,../../Datasets/BirdClef/features/Dendrocincla fuliginosa_Plain-brown Woodcreeper/XC90580.npy,../../Datasets/BirdClef/audio/Dendrocincla fuliginosa_Plain-brown Woodcreeper/XC90580.mp3
train,Dendrocincla fuliginosa_Plain-brown Woodcreeper,../../Datasets/BirdClef/features/Dendrocincla fuliginosa_Plain-brown Woodcreeper/XC273398.npy,../../Datasets/BirdClef/audio/Dendrocincla fuliginosa_Plain-brown Woodcreeper/XC273398.mp3
train,Dendrocincla fuliginosa_Plain-brown Woodcreeper,../../Datasets/BirdClef/features/Dendrocincla fuliginosa_Plain-brown Woodcreeper/XC32560.npy,../../Datasets/BirdClef/audio/Dendrocincla fuliginosa_Plain-brown Woodcreeper/XC32560.mp3
train,Dendrocincla fuliginosa_Plain-brown Woodcreeper,../../Datasets/BirdClef/features/Dendrocincla fuliginosa_Plain-brown Woodcreeper/XC222245.npy,../../Datasets/BirdClef/audio/Dendrocincla fuliginosa_Plain-brown Woodcreeper/XC222245.mp3
train,Dendrocolaptes certhia_Amazonian Barred-Woodcreeper,../../Datasets/BirdClef/features/Dendrocolaptes certhia_Amazonian Barred-Woodcreeper/XC494093.npy,../../Datasets/BirdClef/audio/Dendrocolaptes certhia_Amazonian Barred-Woodcreeper/XC494093.mp3
train,Dendrocolaptes certhia_Amazonian Barred-Woodcreeper,../../Datasets/BirdClef/features/Dendrocolaptes certhia_Amazonian Barred-Woodcreeper/XC222290.npy,../../Datasets/BirdClef/audio/Dendrocolaptes certhia_Amazonian Barred-Woodcreeper/XC222290.mp3
train,Dendrocolaptes certhia_Amazonian Barred-Woodcreeper,../../Datasets/BirdClef/features/Dendrocolaptes certhia_Amazonian Barred-Woodcreeper/XC482002.npy,../../Datasets/BirdClef/audio/Dendrocolaptes certhia_Amazonian Barred-Woodcreeper/XC482002.mp3
train,Dendrocolaptes certhia_Amazonian Barred-Woodcreeper,../../Datasets/BirdClef/features/Dendrocolaptes certhia_Amazonian Barred-Woodcreeper/XC91239.npy,../../Datasets/BirdClef/audio/Dendrocolaptes certhia_Amazonian Barred-Woodcreeper/XC91239.mp3
train,Dendrocolaptes certhia_Amazonian Barred-Woodcreeper,../../Datasets/BirdClef/features/Dendrocolaptes certhia_Amazonian Barred-Woodcreeper/XC264566.npy,../../Datasets/BirdClef/audio/Dendrocolaptes certhia_Amazonian Barred-Woodcreeper/XC264566.mp3
train,Dendrocolaptes picumnus_Black-banded Woodcreeper,../../Datasets/BirdClef/features/Dendrocolaptes picumnus_Black-banded Woodcreeper/XC388506.npy,../../Datasets/BirdClef/audio/Dendrocolaptes picumnus_Black-banded Woodcreeper/XC388506.mp3
train,Dendrocolaptes picumnus_Black-banded Woodcreeper,../../Datasets/BirdClef/features/Dendrocolaptes picumnus_Black-banded Woodcreeper/XC497200.npy,../../Datasets/BirdClef/audio/Dendrocolaptes picumnus_Black-banded Woodcreeper/XC497200.mp3
train,Dendrocolaptes picumnus_Black-banded Woodcreeper,../../Datasets/BirdClef/features/Dendrocolaptes picumnus_Black-banded Woodcreeper/XC496540.npy,../../Datasets/BirdClef/audio/Dendrocolaptes picumnus_Black-banded Woodcreeper/XC496540.mp3
train,Dendrocolaptes picumnus_Black-banded Woodcreeper,../../Datasets/BirdClef/features/Dendrocolaptes picumnus_Black-banded Woodcreeper/XC270047.npy,../../Datasets/BirdClef/audio/Dendrocolaptes picumnus_Black-banded Woodcreeper/XC270047.mp3
train,Dendrocolaptes picumnus_Black-banded Woodcreeper,../../Datasets/BirdClef/features/Dendrocolaptes picumnus_Black-banded Woodcreeper/XC435441.npy,../../Datasets/BirdClef/audio/Dendrocolaptes picumnus_Black-banded Woodcreeper/XC435441.mp3
train,Dendrocopos major_Great Spotted Woodpecker,../../Datasets/BirdClef/features/Dendrocopos major_Great Spotted Woodpecker/XC180124.npy,../../Datasets/BirdClef/audio/Dendrocopos major_Great Spotted Woodpecker/XC180124.mp3
train,Dendrocopos major_Great Spotted Woodpecker,../../Datasets/BirdClef/features/Dendrocopos major_Great Spotted Woodpecker/XC182045.npy,../../Datasets/BirdClef/audio/Dendrocopos major_Great Spotted Woodpecker/XC182045.mp3
train,Dendrocopos major_Great Spotted Woodpecker,../../Datasets/BirdClef/features/Dendrocopos major_Great Spotted Woodpecker/XC134275.npy,../../Datasets/BirdClef/audio/Dendrocopos major_Great Spotted Woodpecker/XC134275.mp3
train,Dendrocopos major_Great Spotted Woodpecker,../../Datasets/BirdClef/features/Dendrocopos major_Great Spotted Woodpecker/XC189565.npy,../../Datasets/BirdClef/audio/Dendrocopos major_Great Spotted Woodpecker/XC189565.mp3
train,Dendrocopos major_Great Spotted Woodpecker,../../Datasets/BirdClef/features/Dendrocopos major_Great Spotted Woodpecker/XC281284.npy,../../Datasets/BirdClef/audio/Dendrocopos major_Great Spotted Woodpecker/XC281284.mp3
train,Dendrocoptes medius_Middle Spotted Woodpecker,../../Datasets/BirdClef/features/Dendrocoptes medius_Middle Spotted Woodpecker/XC215916.npy,../../Datasets/BirdClef/audio/Dendrocoptes medius_Middle Spotted Woodpecker/XC215916.mp3
train,Dendrocoptes medius_Middle Spotted Woodpecker,../../Datasets/BirdClef/features/Dendrocoptes medius_Middle Spotted Woodpecker/XC281295.npy,../../Datasets/BirdClef/audio/Dendrocoptes medius_Middle Spotted Woodpecker/XC281295.mp3
train,Dendrocoptes medius_Middle Spotted Woodpecker,../../Datasets/BirdClef/features/Dendrocoptes medius_Middle Spotted Woodpecker/XC169322.npy,../../Datasets/BirdClef/audio/Dendrocoptes medius_Middle Spotted Woodpecker/XC169322.mp3
train,Dendrocoptes medius_Middle Spotted Woodpecker,../../Datasets/BirdClef/features/Dendrocoptes medius_Middle Spotted Woodpecker/XC356772.npy,../../Datasets/BirdClef/audio/Dendrocoptes medius_Middle Spotted Woodpecker/XC356772.mp3
train,Dendrocoptes medius_Middle Spotted Woodpecker,../../Datasets/BirdClef/features/Dendrocoptes medius_Middle Spotted Woodpecker/XC281291.npy,../../Datasets/BirdClef/audio/Dendrocoptes medius_Middle Spotted Woodpecker/XC281291.mp3
train,Dendrocygna autumnalis_Black-bellied Whistling-Duck,../../Datasets/BirdClef/features/Dendrocygna autumnalis_Black-bellied Whistling-Duck/XC480387.npy,../../Datasets/BirdClef/audio/Dendrocygna autumnalis_Black-bellied Whistling-Duck/XC480387.mp3
train,Dendrocygna autumnalis_Black-bellied Whistling-Duck,../../Datasets/BirdClef/features/Dendrocygna autumnalis_Black-bellied Whistling-Duck/XC396164.npy,../../Datasets/BirdClef/audio/Dendrocygna autumnalis_Black-bellied Whistling-Duck/XC396164.mp3
train,Dendrocygna autumnalis_Black-bellied Whistling-Duck,../../Datasets/BirdClef/features/Dendrocygna autumnalis_Black-bellied Whistling-Duck/XC286820.npy,../../Datasets/BirdClef/audio/Dendrocygna autumnalis_Black-bellied Whistling-Duck/XC286820.mp3
train,Dendrocygna autumnalis_Black-bellied Whistling-Duck,../../Datasets/BirdClef/features/Dendrocygna autumnalis_Black-bellied Whistling-Duck/XC61058.npy,../../Datasets/BirdClef/audio/Dendrocygna autumnalis_Black-bellied Whistling-Duck/XC61058.mp3
train,Dendrocygna autumnalis_Black-bellied Whistling-Duck,../../Datasets/BirdClef/features/Dendrocygna autumnalis_Black-bellied Whistling-Duck/XC264960.npy,../../Datasets/BirdClef/audio/Dendrocygna autumnalis_Black-bellied Whistling-Duck/XC264960.mp3
train,Dendrocygna viduata_White-faced Whistling-Duck,../../Datasets/BirdClef/features/Dendrocygna viduata_White-faced Whistling-Duck/XC85075.npy,../../Datasets/BirdClef/audio/Dendrocygna viduata_White-faced Whistling-Duck/XC85075.mp3
train,Dendrocygna viduata_White-faced Whistling-Duck,../../Datasets/BirdClef/features/Dendrocygna viduata_White-faced Whistling-Duck/XC397711.npy,../../Datasets/BirdClef/audio/Dendrocygna viduata_White-faced Whistling-Duck/XC397711.mp3
train,Dendrocygna viduata_White-faced Whistling-Duck,../../Datasets/BirdClef/features/Dendrocygna viduata_White-faced Whistling-Duck/XC48073.npy,../../Datasets/BirdClef/audio/Dendrocygna viduata_White-faced Whistling-Duck/XC48073.mp3
train,Dendrocygna viduata_White-faced Whistling-Duck,../../Datasets/BirdClef/features/Dendrocygna viduata_White-faced Whistling-Duck/XC126354.npy,../../Datasets/BirdClef/audio/Dendrocygna viduata_White-faced Whistling-Duck/XC126354.mp3
train,Dendrocygna viduata_White-faced Whistling-Duck,../../Datasets/BirdClef/features/Dendrocygna viduata_White-faced Whistling-Duck/XC307183.npy,../../Datasets/BirdClef/audio/Dendrocygna viduata_White-faced Whistling-Duck/XC307183.mp3
train,Dendroplex picus_Straight-billed Woodcreeper,../../Datasets/BirdClef/features/Dendroplex picus_Straight-billed Woodcreeper/XC158861.npy,../../Datasets/BirdClef/audio/Dendroplex picus_Straight-billed Woodcreeper/XC158861.mp3
train,Dendroplex picus_Straight-billed Woodcreeper,../../Datasets/BirdClef/features/Dendroplex picus_Straight-billed Woodcreeper/XC232453.npy,../../Datasets/BirdClef/audio/Dendroplex picus_Straight-billed Woodcreeper/XC232453.mp3
train,Dendroplex picus_Straight-billed Woodcreeper,../../Datasets/BirdClef/features/Dendroplex picus_Straight-billed Woodcreeper/XC384435.npy,../../Datasets/BirdClef/audio/Dendroplex picus_Straight-billed Woodcreeper/XC384435.mp3
train,Dendroplex picus_Straight-billed Woodcreeper,../../Datasets/BirdClef/features/Dendroplex picus_Straight-billed Woodcreeper/XC56684.npy,../../Datasets/BirdClef/audio/Dendroplex picus_Straight-billed Woodcreeper/XC56684.mp3
train,Dendroplex picus_Straight-billed Woodcreeper,../../Datasets/BirdClef/features/Dendroplex picus_Straight-billed Woodcreeper/XC186242.npy,../../Datasets/BirdClef/audio/Dendroplex picus_Straight-billed Woodcreeper/XC186242.mp3
train,Dichrozona cincta_Banded Antbird,../../Datasets/BirdClef/features/Dichrozona cincta_Banded Antbird/XC494023.npy,../../Datasets/BirdClef/audio/Dichrozona cincta_Banded Antbird/XC494023.mp3
train,Dichrozona cincta_Banded Antbird,../../Datasets/BirdClef/features/Dichrozona cincta_Banded Antbird/XC275944.npy,../../Datasets/BirdClef/audio/Dichrozona cincta_Banded Antbird/XC275944.mp3
train,Dichrozona cincta_Banded Antbird,../../Datasets/BirdClef/features/Dichrozona cincta_Banded Antbird/XC40906.npy,../../Datasets/BirdClef/audio/Dichrozona cincta_Banded Antbird/XC40906.mp3
train,Dichrozona cincta_Banded Antbird,../../Datasets/BirdClef/features/Dichrozona cincta_Banded Antbird/XC482004.npy,../../Datasets/BirdClef/audio/Dichrozona cincta_Banded Antbird/XC482004.mp3
train,Dichrozona cincta_Banded Antbird,../../Datasets/BirdClef/features/Dichrozona cincta_Banded Antbird/XC56724.npy,../../Datasets/BirdClef/audio/Dichrozona cincta_Banded Antbird/XC56724.mp3
train,Dolichonyx oryzivorus_Bobolink,../../Datasets/BirdClef/features/Dolichonyx oryzivorus_Bobolink/XC460832.npy,../../Datasets/BirdClef/audio/Dolichonyx oryzivorus_Bobolink/XC460832.mp3
train,Dolichonyx oryzivorus_Bobolink,../../Datasets/BirdClef/features/Dolichonyx oryzivorus_Bobolink/XC292085.npy,../../Datasets/BirdClef/audio/Dolichonyx oryzivorus_Bobolink/XC292085.mp3
train,Dolichonyx oryzivorus_Bobolink,../../Datasets/BirdClef/features/Dolichonyx oryzivorus_Bobolink/XC318349.npy,../../Datasets/BirdClef/audio/Dolichonyx oryzivorus_Bobolink/XC318349.mp3
train,Dolichonyx oryzivorus_Bobolink,../../Datasets/BirdClef/features/Dolichonyx oryzivorus_Bobolink/XC318350.npy,../../Datasets/BirdClef/audio/Dolichonyx oryzivorus_Bobolink/XC318350.mp3
train,Dolichonyx oryzivorus_Bobolink,../../Datasets/BirdClef/features/Dolichonyx oryzivorus_Bobolink/XC278925.npy,../../Datasets/BirdClef/audio/Dolichonyx oryzivorus_Bobolink/XC278925.mp3
train,Donacobius atricapilla_Black-capped Donacobius,../../Datasets/BirdClef/features/Donacobius atricapilla_Black-capped Donacobius/XC109021.npy,../../Datasets/BirdClef/audio/Donacobius atricapilla_Black-capped Donacobius/XC109021.mp3
train,Donacobius atricapilla_Black-capped Donacobius,../../Datasets/BirdClef/features/Donacobius atricapilla_Black-capped Donacobius/XC13478.npy,../../Datasets/BirdClef/audio/Donacobius atricapilla_Black-capped Donacobius/XC13478.mp3
train,Donacobius atricapilla_Black-capped Donacobius,../../Datasets/BirdClef/features/Donacobius atricapilla_Black-capped Donacobius/XC246902.npy,../../Datasets/BirdClef/audio/Donacobius atricapilla_Black-capped Donacobius/XC246902.mp3
train,Donacobius atricapilla_Black-capped Donacobius,../../Datasets/BirdClef/features/Donacobius atricapilla_Black-capped Donacobius/XC115511.npy,../../Datasets/BirdClef/audio/Donacobius atricapilla_Black-capped Donacobius/XC115511.mp3
train,Donacobius atricapilla_Black-capped Donacobius,../../Datasets/BirdClef/features/Donacobius atricapilla_Black-capped Donacobius/XC186247.npy,../../Datasets/BirdClef/audio/Donacobius atricapilla_Black-capped Donacobius/XC186247.mp3
train,Dromococcyx pavoninus_Pavonine Cuckoo,../../Datasets/BirdClef/features/Dromococcyx pavoninus_Pavonine Cuckoo/XC85084.npy,../../Datasets/BirdClef/audio/Dromococcyx pavoninus_Pavonine Cuckoo/XC85084.mp3
train,Dromococcyx pavoninus_Pavonine Cuckoo,../../Datasets/BirdClef/features/Dromococcyx pavoninus_Pavonine Cuckoo/XC503639.npy,../../Datasets/BirdClef/audio/Dromococcyx pavoninus_Pavonine Cuckoo/XC503639.mp3
train,Dromococcyx pavoninus_Pavonine Cuckoo,../../Datasets/BirdClef/features/Dromococcyx pavoninus_Pavonine Cuckoo/XC295721.npy,../../Datasets/BirdClef/audio/Dromococcyx pavoninus_Pavonine Cuckoo/XC295721.mp3
train,Dromococcyx pavoninus_Pavonine Cuckoo,../../Datasets/BirdClef/features/Dromococcyx pavoninus_Pavonine Cuckoo/XC369884.npy,../../Datasets/BirdClef/audio/Dromococcyx pavoninus_Pavonine Cuckoo/XC369884.mp3
train,Dromococcyx pavoninus_Pavonine Cuckoo,../../Datasets/BirdClef/features/Dromococcyx pavoninus_Pavonine Cuckoo/XC453588.npy,../../Datasets/BirdClef/audio/Dromococcyx pavoninus_Pavonine Cuckoo/XC453588.mp3
train,Dromococcyx phasianellus_Pheasant Cuckoo,../../Datasets/BirdClef/features/Dromococcyx phasianellus_Pheasant Cuckoo/XC60344.npy,../../Datasets/BirdClef/audio/Dromococcyx phasianellus_Pheasant Cuckoo/XC60344.mp3
train,Dromococcyx phasianellus_Pheasant Cuckoo,../../Datasets/BirdClef/features/Dromococcyx phasianellus_Pheasant Cuckoo/XC83090.npy,../../Datasets/BirdClef/audio/Dromococcyx phasianellus_Pheasant Cuckoo/XC83090.mp3
train,Dromococcyx phasianellus_Pheasant Cuckoo,../../Datasets/BirdClef/features/Dromococcyx phasianellus_Pheasant Cuckoo/XC1423.npy,../../Datasets/BirdClef/audio/Dromococcyx phasianellus_Pheasant Cuckoo/XC1423.mp3
train,Dromococcyx phasianellus_Pheasant Cuckoo,../../Datasets/BirdClef/features/Dromococcyx phasianellus_Pheasant Cuckoo/XC164774.npy,../../Datasets/BirdClef/audio/Dromococcyx phasianellus_Pheasant Cuckoo/XC164774.mp3
train,Dromococcyx phasianellus_Pheasant Cuckoo,../../Datasets/BirdClef/features/Dromococcyx phasianellus_Pheasant Cuckoo/XC360774.npy,../../Datasets/BirdClef/audio/Dromococcyx phasianellus_Pheasant Cuckoo/XC360774.mp3
train,Drymophila devillei_Striated Antbird,../../Datasets/BirdClef/features/Drymophila devillei_Striated Antbird/XC72576.npy,../../Datasets/BirdClef/audio/Drymophila devillei_Striated Antbird/XC72576.mp3
train,Drymophila devillei_Striated Antbird,../../Datasets/BirdClef/features/Drymophila devillei_Striated Antbird/XC258447.npy,../../Datasets/BirdClef/audio/Drymophila devillei_Striated Antbird/XC258447.mp3
train,Drymophila devillei_Striated Antbird,../../Datasets/BirdClef/features/Drymophila devillei_Striated Antbird/XC388408.npy,../../Datasets/BirdClef/audio/Drymophila devillei_Striated Antbird/XC388408.mp3
train,Drymophila devillei_Striated Antbird,../../Datasets/BirdClef/features/Drymophila devillei_Striated Antbird/XC453621.npy,../../Datasets/BirdClef/audio/Drymophila devillei_Striated Antbird/XC453621.mp3
train,Drymophila devillei_Striated Antbird,../../Datasets/BirdClef/features/Drymophila devillei_Striated Antbird/XC73526.npy,../../Datasets/BirdClef/audio/Drymophila devillei_Striated Antbird/XC73526.mp3
train,Dryobates affinis_Red-stained Woodpecker,../../Datasets/BirdClef/features/Dryobates affinis_Red-stained Woodpecker/XC232029.npy,../../Datasets/BirdClef/audio/Dryobates affinis_Red-stained Woodpecker/XC232029.mp3
train,Dryobates affinis_Red-stained Woodpecker,../../Datasets/BirdClef/features/Dryobates affinis_Red-stained Woodpecker/XC12091.npy,../../Datasets/BirdClef/audio/Dryobates affinis_Red-stained Woodpecker/XC12091.mp3
train,Dryobates affinis_Red-stained Woodpecker,../../Datasets/BirdClef/features/Dryobates affinis_Red-stained Woodpecker/XC85480.npy,../../Datasets/BirdClef/audio/Dryobates affinis_Red-stained Woodpecker/XC85480.mp3
train,Dryobates affinis_Red-stained Woodpecker,../../Datasets/BirdClef/features/Dryobates affinis_Red-stained Woodpecker/XC428540.npy,../../Datasets/BirdClef/audio/Dryobates affinis_Red-stained Woodpecker/XC428540.mp3
train,Dryobates affinis_Red-stained Woodpecker,../../Datasets/BirdClef/features/Dryobates affinis_Red-stained Woodpecker/XC421047.npy,../../Datasets/BirdClef/audio/Dryobates affinis_Red-stained Woodpecker/XC421047.mp3
train,Dryobates minor_Lesser Spotted Woodpecker,../../Datasets/BirdClef/features/Dryobates minor_Lesser Spotted Woodpecker/XC114580.npy,../../Datasets/BirdClef/audio/Dryobates minor_Lesser Spotted Woodpecker/XC114580.mp3
train,Dryobates minor_Lesser Spotted Woodpecker,../../Datasets/BirdClef/features/Dryobates minor_Lesser Spotted Woodpecker/XC42424.npy,../../Datasets/BirdClef/audio/Dryobates minor_Lesser Spotted Woodpecker/XC42424.mp3
train,Dryobates minor_Lesser Spotted Woodpecker,../../Datasets/BirdClef/features/Dryobates minor_Lesser Spotted Woodpecker/XC363395.npy,../../Datasets/BirdClef/audio/Dryobates minor_Lesser Spotted Woodpecker/XC363395.mp3
train,Dryobates minor_Lesser Spotted Woodpecker,../../Datasets/BirdClef/features/Dryobates minor_Lesser Spotted Woodpecker/XC26681.npy,../../Datasets/BirdClef/audio/Dryobates minor_Lesser Spotted Woodpecker/XC26681.mp3
train,Dryobates minor_Lesser Spotted Woodpecker,../../Datasets/BirdClef/features/Dryobates minor_Lesser Spotted Woodpecker/XC381665.npy,../../Datasets/BirdClef/audio/Dryobates minor_Lesser Spotted Woodpecker/XC381665.mp3
train,Dryobates nuttallii_Nuttall's Woodpecker,../../Datasets/BirdClef/features/Dryobates nuttallii_Nuttall's Woodpecker/XC367070.npy,../../Datasets/BirdClef/audio/Dryobates nuttallii_Nuttall's Woodpecker/XC367070.mp3
train,Dryobates nuttallii_Nuttall's Woodpecker,../../Datasets/BirdClef/features/Dryobates nuttallii_Nuttall's Woodpecker/XC72385.npy,../../Datasets/BirdClef/audio/Dryobates nuttallii_Nuttall's Woodpecker/XC72385.mp3
train,Dryobates nuttallii_Nuttall's Woodpecker,../../Datasets/BirdClef/features/Dryobates nuttallii_Nuttall's Woodpecker/XC227948.npy,../../Datasets/BirdClef/audio/Dryobates nuttallii_Nuttall's Woodpecker/XC227948.mp3
train,Dryobates nuttallii_Nuttall's Woodpecker,../../Datasets/BirdClef/features/Dryobates nuttallii_Nuttall's Woodpecker/XC462014.npy,../../Datasets/BirdClef/audio/Dryobates nuttallii_Nuttall's Woodpecker/XC462014.mp3
train,Dryobates nuttallii_Nuttall's Woodpecker,../../Datasets/BirdClef/features/Dryobates nuttallii_Nuttall's Woodpecker/XC213224.npy,../../Datasets/BirdClef/audio/Dryobates nuttallii_Nuttall's Woodpecker/XC213224.mp3
train,Dryobates passerinus_Little Woodpecker,../../Datasets/BirdClef/features/Dryobates passerinus_Little Woodpecker/XC474861.npy,../../Datasets/BirdClef/audio/Dryobates passerinus_Little Woodpecker/XC474861.mp3
train,Dryobates passerinus_Little Woodpecker,../../Datasets/BirdClef/features/Dryobates passerinus_Little Woodpecker/XC61109.npy,../../Datasets/BirdClef/audio/Dryobates passerinus_Little Woodpecker/XC61109.mp3
train,Dryobates passerinus_Little Woodpecker,../../Datasets/BirdClef/features/Dryobates passerinus_Little Woodpecker/XC232065.npy,../../Datasets/BirdClef/audio/Dryobates passerinus_Little Woodpecker/XC232065.mp3
train,Dryobates passerinus_Little Woodpecker,../../Datasets/BirdClef/features/Dryobates passerinus_Little Woodpecker/XC64365.npy,../../Datasets/BirdClef/audio/Dryobates passerinus_Little Woodpecker/XC64365.mp3
train,Dryobates passerinus_Little Woodpecker,../../Datasets/BirdClef/features/Dryobates passerinus_Little Woodpecker/XC13086.npy,../../Datasets/BirdClef/audio/Dryobates passerinus_Little Woodpecker/XC13086.mp3
train,Dryobates pubescens_Downy Woodpecker,../../Datasets/BirdClef/features/Dryobates pubescens_Downy Woodpecker/XC89855.npy,../../Datasets/BirdClef/audio/Dryobates pubescens_Downy Woodpecker/XC89855.mp3
train,Dryobates pubescens_Downy Woodpecker,../../Datasets/BirdClef/features/Dryobates pubescens_Downy Woodpecker/XC251303.npy,../../Datasets/BirdClef/audio/Dryobates pubescens_Downy Woodpecker/XC251303.mp3
train,Dryobates pubescens_Downy Woodpecker,../../Datasets/BirdClef/features/Dryobates pubescens_Downy Woodpecker/XC118417.npy,../../Datasets/BirdClef/audio/Dryobates pubescens_Downy Woodpecker/XC118417.mp3
train,Dryobates pubescens_Downy Woodpecker,../../Datasets/BirdClef/features/Dryobates pubescens_Downy Woodpecker/XC383942.npy,../../Datasets/BirdClef/audio/Dryobates pubescens_Downy Woodpecker/XC383942.mp3
train,Dryobates pubescens_Downy Woodpecker,../../Datasets/BirdClef/features/Dryobates pubescens_Downy Woodpecker/XC313765.npy,../../Datasets/BirdClef/audio/Dryobates pubescens_Downy Woodpecker/XC313765.mp3
train,Dryobates scalaris_Ladder-backed Woodpecker,../../Datasets/BirdClef/features/Dryobates scalaris_Ladder-backed Woodpecker/XC173143.npy,../../Datasets/BirdClef/audio/Dryobates scalaris_Ladder-backed Woodpecker/XC173143.mp3
train,Dryobates scalaris_Ladder-backed Woodpecker,../../Datasets/BirdClef/features/Dryobates scalaris_Ladder-backed Woodpecker/XC57956.npy,../../Datasets/BirdClef/audio/Dryobates scalaris_Ladder-backed Woodpecker/XC57956.mp3
train,Dryobates scalaris_Ladder-backed Woodpecker,../../Datasets/BirdClef/features/Dryobates scalaris_Ladder-backed Woodpecker/XC466425.npy,../../Datasets/BirdClef/audio/Dryobates scalaris_Ladder-backed Woodpecker/XC466425.mp3
train,Dryobates scalaris_Ladder-backed Woodpecker,../../Datasets/BirdClef/features/Dryobates scalaris_Ladder-backed Woodpecker/XC451306.npy,../../Datasets/BirdClef/audio/Dryobates scalaris_Ladder-backed Woodpecker/XC451306.mp3
train,Dryobates scalaris_Ladder-backed Woodpecker,../../Datasets/BirdClef/features/Dryobates scalaris_Ladder-backed Woodpecker/XC227961.npy,../../Datasets/BirdClef/audio/Dryobates scalaris_Ladder-backed Woodpecker/XC227961.mp3
train,Dryobates villosus_Hairy Woodpecker,../../Datasets/BirdClef/features/Dryobates villosus_Hairy Woodpecker/XC72369.npy,../../Datasets/BirdClef/audio/Dryobates villosus_Hairy Woodpecker/XC72369.mp3
train,Dryobates villosus_Hairy Woodpecker,../../Datasets/BirdClef/features/Dryobates villosus_Hairy Woodpecker/XC333147.npy,../../Datasets/BirdClef/audio/Dryobates villosus_Hairy Woodpecker/XC333147.mp3
train,Dryobates villosus_Hairy Woodpecker,../../Datasets/BirdClef/features/Dryobates villosus_Hairy Woodpecker/XC335359.npy,../../Datasets/BirdClef/audio/Dryobates villosus_Hairy Woodpecker/XC335359.mp3
train,Dryobates villosus_Hairy Woodpecker,../../Datasets/BirdClef/features/Dryobates villosus_Hairy Woodpecker/XC72368.npy,../../Datasets/BirdClef/audio/Dryobates villosus_Hairy Woodpecker/XC72368.mp3
train,Dryobates villosus_Hairy Woodpecker,../../Datasets/BirdClef/features/Dryobates villosus_Hairy Woodpecker/XC194510.npy,../../Datasets/BirdClef/audio/Dryobates villosus_Hairy Woodpecker/XC194510.mp3
train,Dryocopus lineatus_Lineated Woodpecker,../../Datasets/BirdClef/features/Dryocopus lineatus_Lineated Woodpecker/XC152686.npy,../../Datasets/BirdClef/audio/Dryocopus lineatus_Lineated Woodpecker/XC152686.mp3
train,Dryocopus lineatus_Lineated Woodpecker,../../Datasets/BirdClef/features/Dryocopus lineatus_Lineated Woodpecker/XC388141.npy,../../Datasets/BirdClef/audio/Dryocopus lineatus_Lineated Woodpecker/XC388141.mp3
train,Dryocopus lineatus_Lineated Woodpecker,../../Datasets/BirdClef/features/Dryocopus lineatus_Lineated Woodpecker/XC64578.npy,../../Datasets/BirdClef/audio/Dryocopus lineatus_Lineated Woodpecker/XC64578.mp3
train,Dryocopus lineatus_Lineated Woodpecker,../../Datasets/BirdClef/features/Dryocopus lineatus_Lineated Woodpecker/XC242671.npy,../../Datasets/BirdClef/audio/Dryocopus lineatus_Lineated Woodpecker/XC242671.mp3
train,Dryocopus lineatus_Lineated Woodpecker,../../Datasets/BirdClef/features/Dryocopus lineatus_Lineated Woodpecker/XC253145.npy,../../Datasets/BirdClef/audio/Dryocopus lineatus_Lineated Woodpecker/XC253145.mp3
train,Dryocopus martius_Black Woodpecker,../../Datasets/BirdClef/features/Dryocopus martius_Black Woodpecker/XC130827.npy,../../Datasets/BirdClef/audio/Dryocopus martius_Black Woodpecker/XC130827.mp3
train,Dryocopus martius_Black Woodpecker,../../Datasets/BirdClef/features/Dryocopus martius_Black Woodpecker/XC302820.npy,../../Datasets/BirdClef/audio/Dryocopus martius_Black Woodpecker/XC302820.mp3
train,Dryocopus martius_Black Woodpecker,../../Datasets/BirdClef/features/Dryocopus martius_Black Woodpecker/XC286205.npy,../../Datasets/BirdClef/audio/Dryocopus martius_Black Woodpecker/XC286205.mp3
train,Dryocopus martius_Black Woodpecker,../../Datasets/BirdClef/features/Dryocopus martius_Black Woodpecker/XC31079.npy,../../Datasets/BirdClef/audio/Dryocopus martius_Black Woodpecker/XC31079.mp3
train,Dryocopus martius_Black Woodpecker,../../Datasets/BirdClef/features/Dryocopus martius_Black Woodpecker/XC187168.npy,../../Datasets/BirdClef/audio/Dryocopus martius_Black Woodpecker/XC187168.mp3
train,Dryocopus pileatus_Pileated Woodpecker,../../Datasets/BirdClef/features/Dryocopus pileatus_Pileated Woodpecker/XC98344.npy,../../Datasets/BirdClef/audio/Dryocopus pileatus_Pileated Woodpecker/XC98344.mp3
train,Dryocopus pileatus_Pileated Woodpecker,../../Datasets/BirdClef/features/Dryocopus pileatus_Pileated Woodpecker/XC146292.npy,../../Datasets/BirdClef/audio/Dryocopus pileatus_Pileated Woodpecker/XC146292.mp3
train,Dryocopus pileatus_Pileated Woodpecker,../../Datasets/BirdClef/features/Dryocopus pileatus_Pileated Woodpecker/XC418315.npy,../../Datasets/BirdClef/audio/Dryocopus pileatus_Pileated Woodpecker/XC418315.mp3
train,Dryocopus pileatus_Pileated Woodpecker,../../Datasets/BirdClef/features/Dryocopus pileatus_Pileated Woodpecker/XC433421.npy,../../Datasets/BirdClef/audio/Dryocopus pileatus_Pileated Woodpecker/XC433421.mp3
train,Dryocopus pileatus_Pileated Woodpecker,../../Datasets/BirdClef/features/Dryocopus pileatus_Pileated Woodpecker/XC469661.npy,../../Datasets/BirdClef/audio/Dryocopus pileatus_Pileated Woodpecker/XC469661.mp3
train,Dumetella carolinensis_Gray Catbird,../../Datasets/BirdClef/features/Dumetella carolinensis_Gray Catbird/XC332654.npy,../../Datasets/BirdClef/audio/Dumetella carolinensis_Gray Catbird/XC332654.mp3
train,Dumetella carolinensis_Gray Catbird,../../Datasets/BirdClef/features/Dumetella carolinensis_Gray Catbird/XC498245.npy,../../Datasets/BirdClef/audio/Dumetella carolinensis_Gray Catbird/XC498245.mp3
train,Dumetella carolinensis_Gray Catbird,../../Datasets/BirdClef/features/Dumetella carolinensis_Gray Catbird/XC494689.npy,../../Datasets/BirdClef/audio/Dumetella carolinensis_Gray Catbird/XC494689.mp3
train,Dumetella carolinensis_Gray Catbird,../../Datasets/BirdClef/features/Dumetella carolinensis_Gray Catbird/XC292264.npy,../../Datasets/BirdClef/audio/Dumetella carolinensis_Gray Catbird/XC292264.mp3
train,Dumetella carolinensis_Gray Catbird,../../Datasets/BirdClef/features/Dumetella carolinensis_Gray Catbird/XC115064.npy,../../Datasets/BirdClef/audio/Dumetella carolinensis_Gray Catbird/XC115064.mp3
train,Dysithamnus mentalis_Plain Antvireo,../../Datasets/BirdClef/features/Dysithamnus mentalis_Plain Antvireo/XC315412.npy,../../Datasets/BirdClef/audio/Dysithamnus mentalis_Plain Antvireo/XC315412.mp3
train,Dysithamnus mentalis_Plain Antvireo,../../Datasets/BirdClef/features/Dysithamnus mentalis_Plain Antvireo/XC80065.npy,../../Datasets/BirdClef/audio/Dysithamnus mentalis_Plain Antvireo/XC80065.mp3
train,Dysithamnus mentalis_Plain Antvireo,../../Datasets/BirdClef/features/Dysithamnus mentalis_Plain Antvireo/XC254155.npy,../../Datasets/BirdClef/audio/Dysithamnus mentalis_Plain Antvireo/XC254155.mp3
train,Dysithamnus mentalis_Plain Antvireo,../../Datasets/BirdClef/features/Dysithamnus mentalis_Plain Antvireo/XC113563.npy,../../Datasets/BirdClef/audio/Dysithamnus mentalis_Plain Antvireo/XC113563.mp3
train,Dysithamnus mentalis_Plain Antvireo,../../Datasets/BirdClef/features/Dysithamnus mentalis_Plain Antvireo/XC422406.npy,../../Datasets/BirdClef/audio/Dysithamnus mentalis_Plain Antvireo/XC422406.mp3
train,Egretta thula_Snowy Egret,../../Datasets/BirdClef/features/Egretta thula_Snowy Egret/XC45684.npy,../../Datasets/BirdClef/audio/Egretta thula_Snowy Egret/XC45684.mp3
train,Egretta thula_Snowy Egret,../../Datasets/BirdClef/features/Egretta thula_Snowy Egret/XC222666.npy,../../Datasets/BirdClef/audio/Egretta thula_Snowy Egret/XC222666.mp3
train,Egretta thula_Snowy Egret,../../Datasets/BirdClef/features/Egretta thula_Snowy Egret/XC222663.npy,../../Datasets/BirdClef/audio/Egretta thula_Snowy Egret/XC222663.mp3
train,Egretta thula_Snowy Egret,../../Datasets/BirdClef/features/Egretta thula_Snowy Egret/XC15296.npy,../../Datasets/BirdClef/audio/Egretta thula_Snowy Egret/XC15296.mp3
train,Egretta thula_Snowy Egret,../../Datasets/BirdClef/features/Egretta thula_Snowy Egret/XC222669.npy,../../Datasets/BirdClef/audio/Egretta thula_Snowy Egret/XC222669.mp3
train,Elaenia albiceps_White-crested Elaenia,../../Datasets/BirdClef/features/Elaenia albiceps_White-crested Elaenia/XC47618.npy,../../Datasets/BirdClef/audio/Elaenia albiceps_White-crested Elaenia/XC47618.mp3
train,Elaenia albiceps_White-crested Elaenia,../../Datasets/BirdClef/features/Elaenia albiceps_White-crested Elaenia/XC52848.npy,../../Datasets/BirdClef/audio/Elaenia albiceps_White-crested Elaenia/XC52848.mp3
train,Elaenia albiceps_White-crested Elaenia,../../Datasets/BirdClef/features/Elaenia albiceps_White-crested Elaenia/XC59934.npy,../../Datasets/BirdClef/audio/Elaenia albiceps_White-crested Elaenia/XC59934.mp3
train,Elaenia albiceps_White-crested Elaenia,../../Datasets/BirdClef/features/Elaenia albiceps_White-crested Elaenia/XC207325.npy,../../Datasets/BirdClef/audio/Elaenia albiceps_White-crested Elaenia/XC207325.mp3
train,Elaenia albiceps_White-crested Elaenia,../../Datasets/BirdClef/features/Elaenia albiceps_White-crested Elaenia/XC250337.npy,../../Datasets/BirdClef/audio/Elaenia albiceps_White-crested Elaenia/XC250337.mp3
train,Elaenia parvirostris_Small-billed Elaenia,../../Datasets/BirdClef/features/Elaenia parvirostris_Small-billed Elaenia/XC126974.npy,../../Datasets/BirdClef/audio/Elaenia parvirostris_Small-billed Elaenia/XC126974.mp3
train,Elaenia parvirostris_Small-billed Elaenia,../../Datasets/BirdClef/features/Elaenia parvirostris_Small-billed Elaenia/XC30445.npy,../../Datasets/BirdClef/audio/Elaenia parvirostris_Small-billed Elaenia/XC30445.mp3
train,Elaenia parvirostris_Small-billed Elaenia,../../Datasets/BirdClef/features/Elaenia parvirostris_Small-billed Elaenia/XC399497.npy,../../Datasets/BirdClef/audio/Elaenia parvirostris_Small-billed Elaenia/XC399497.mp3
train,Elaenia parvirostris_Small-billed Elaenia,../../Datasets/BirdClef/features/Elaenia parvirostris_Small-billed Elaenia/XC63415.npy,../../Datasets/BirdClef/audio/Elaenia parvirostris_Small-billed Elaenia/XC63415.mp3
train,Elaenia parvirostris_Small-billed Elaenia,../../Datasets/BirdClef/features/Elaenia parvirostris_Small-billed Elaenia/XC49389.npy,../../Datasets/BirdClef/audio/Elaenia parvirostris_Small-billed Elaenia/XC49389.mp3
train,Elaenia spectabilis_Large Elaenia,../../Datasets/BirdClef/features/Elaenia spectabilis_Large Elaenia/XC49371.npy,../../Datasets/BirdClef/audio/Elaenia spectabilis_Large Elaenia/XC49371.mp3
train,Elaenia spectabilis_Large Elaenia,../../Datasets/BirdClef/features/Elaenia spectabilis_Large Elaenia/XC142239.npy,../../Datasets/BirdClef/audio/Elaenia spectabilis_Large Elaenia/XC142239.mp3
train,Elaenia spectabilis_Large Elaenia,../../Datasets/BirdClef/features/Elaenia spectabilis_Large Elaenia/XC10189.npy,../../Datasets/BirdClef/audio/Elaenia spectabilis_Large Elaenia/XC10189.mp3
train,Elaenia spectabilis_Large Elaenia,../../Datasets/BirdClef/features/Elaenia spectabilis_Large Elaenia/XC49368.npy,../../Datasets/BirdClef/audio/Elaenia spectabilis_Large Elaenia/XC49368.mp3
train,Elaenia spectabilis_Large Elaenia,../../Datasets/BirdClef/features/Elaenia spectabilis_Large Elaenia/XC17112.npy,../../Datasets/BirdClef/audio/Elaenia spectabilis_Large Elaenia/XC17112.mp3
train,Elanoides forficatus_Swallow-tailed Kite,../../Datasets/BirdClef/features/Elanoides forficatus_Swallow-tailed Kite/XC48775.npy,../../Datasets/BirdClef/audio/Elanoides forficatus_Swallow-tailed Kite/XC48775.mp3
train,Elanoides forficatus_Swallow-tailed Kite,../../Datasets/BirdClef/features/Elanoides forficatus_Swallow-tailed Kite/XC118937.npy,../../Datasets/BirdClef/audio/Elanoides forficatus_Swallow-tailed Kite/XC118937.mp3
train,Elanoides forficatus_Swallow-tailed Kite,../../Datasets/BirdClef/features/Elanoides forficatus_Swallow-tailed Kite/XC275966.npy,../../Datasets/BirdClef/audio/Elanoides forficatus_Swallow-tailed Kite/XC275966.mp3
train,Elanoides forficatus_Swallow-tailed Kite,../../Datasets/BirdClef/features/Elanoides forficatus_Swallow-tailed Kite/XC273254.npy,../../Datasets/BirdClef/audio/Elanoides forficatus_Swallow-tailed Kite/XC273254.mp3
train,Elanoides forficatus_Swallow-tailed Kite,../../Datasets/BirdClef/features/Elanoides forficatus_Swallow-tailed Kite/XC129095.npy,../../Datasets/BirdClef/audio/Elanoides forficatus_Swallow-tailed Kite/XC129095.mp3
train,Electron platyrhynchum_Broad-billed Motmot,../../Datasets/BirdClef/features/Electron platyrhynchum_Broad-billed Motmot/XC15657.npy,../../Datasets/BirdClef/audio/Electron platyrhynchum_Broad-billed Motmot/XC15657.mp3
train,Electron platyrhynchum_Broad-billed Motmot,../../Datasets/BirdClef/features/Electron platyrhynchum_Broad-billed Motmot/XC23573.npy,../../Datasets/BirdClef/audio/Electron platyrhynchum_Broad-billed Motmot/XC23573.mp3
train,Electron platyrhynchum_Broad-billed Motmot,../../Datasets/BirdClef/features/Electron platyrhynchum_Broad-billed Motmot/XC394277.npy,../../Datasets/BirdClef/audio/Electron platyrhynchum_Broad-billed Motmot/XC394277.mp3
train,Electron platyrhynchum_Broad-billed Motmot,../../Datasets/BirdClef/features/Electron platyrhynchum_Broad-billed Motmot/XC222725.npy,../../Datasets/BirdClef/audio/Electron platyrhynchum_Broad-billed Motmot/XC222725.mp3
train,Electron platyrhynchum_Broad-billed Motmot,../../Datasets/BirdClef/features/Electron platyrhynchum_Broad-billed Motmot/XC275967.npy,../../Datasets/BirdClef/audio/Electron platyrhynchum_Broad-billed Motmot/XC275967.mp3
train,Emberiza cia_Rock Bunting,../../Datasets/BirdClef/features/Emberiza cia_Rock Bunting/XC178268.npy,../../Datasets/BirdClef/audio/Emberiza cia_Rock Bunting/XC178268.mp3
train,Emberiza cia_Rock Bunting,../../Datasets/BirdClef/features/Emberiza cia_Rock Bunting/XC25596.npy,../../Datasets/BirdClef/audio/Emberiza cia_Rock Bunting/XC25596.mp3
train,Emberiza cia_Rock Bunting,../../Datasets/BirdClef/features/Emberiza cia_Rock Bunting/XC350495.npy,../../Datasets/BirdClef/audio/Emberiza cia_Rock Bunting/XC350495.mp3
train,Emberiza cia_Rock Bunting,../../Datasets/BirdClef/features/Emberiza cia_Rock Bunting/XC26993.npy,../../Datasets/BirdClef/audio/Emberiza cia_Rock Bunting/XC26993.mp3
train,Emberiza cia_Rock Bunting,../../Datasets/BirdClef/features/Emberiza cia_Rock Bunting/XC307026.npy,../../Datasets/BirdClef/audio/Emberiza cia_Rock Bunting/XC307026.mp3
train,Emberiza cirlus_Cirl Bunting,../../Datasets/BirdClef/features/Emberiza cirlus_Cirl Bunting/XC29454.npy,../../Datasets/BirdClef/audio/Emberiza cirlus_Cirl Bunting/XC29454.mp3
train,Emberiza cirlus_Cirl Bunting,../../Datasets/BirdClef/features/Emberiza cirlus_Cirl Bunting/XC112568.npy,../../Datasets/BirdClef/audio/Emberiza cirlus_Cirl Bunting/XC112568.mp3
train,Emberiza cirlus_Cirl Bunting,../../Datasets/BirdClef/features/Emberiza cirlus_Cirl Bunting/XC105633.npy,../../Datasets/BirdClef/audio/Emberiza cirlus_Cirl Bunting/XC105633.mp3
train,Emberiza cirlus_Cirl Bunting,../../Datasets/BirdClef/features/Emberiza cirlus_Cirl Bunting/XC128719.npy,../../Datasets/BirdClef/audio/Emberiza cirlus_Cirl Bunting/XC128719.mp3
train,Emberiza cirlus_Cirl Bunting,../../Datasets/BirdClef/features/Emberiza cirlus_Cirl Bunting/XC173936.npy,../../Datasets/BirdClef/audio/Emberiza cirlus_Cirl Bunting/XC173936.mp3
train,Emberiza citrinella_Yellowhammer,../../Datasets/BirdClef/features/Emberiza citrinella_Yellowhammer/XC129517.npy,../../Datasets/BirdClef/audio/Emberiza citrinella_Yellowhammer/XC129517.mp3
train,Emberiza citrinella_Yellowhammer,../../Datasets/BirdClef/features/Emberiza citrinella_Yellowhammer/XC281808.npy,../../Datasets/BirdClef/audio/Emberiza citrinella_Yellowhammer/XC281808.mp3
train,Emberiza citrinella_Yellowhammer,../../Datasets/BirdClef/features/Emberiza citrinella_Yellowhammer/XC27579.npy,../../Datasets/BirdClef/audio/Emberiza citrinella_Yellowhammer/XC27579.mp3
train,Emberiza citrinella_Yellowhammer,../../Datasets/BirdClef/features/Emberiza citrinella_Yellowhammer/XC173919.npy,../../Datasets/BirdClef/audio/Emberiza citrinella_Yellowhammer/XC173919.mp3
train,Emberiza citrinella_Yellowhammer,../../Datasets/BirdClef/features/Emberiza citrinella_Yellowhammer/XC102107.npy,../../Datasets/BirdClef/audio/Emberiza citrinella_Yellowhammer/XC102107.mp3
train,Emberiza schoeniclus_Reed Bunting,../../Datasets/BirdClef/features/Emberiza schoeniclus_Reed Bunting/XC377108.npy,../../Datasets/BirdClef/audio/Emberiza schoeniclus_Reed Bunting/XC377108.mp3
train,Emberiza schoeniclus_Reed Bunting,../../Datasets/BirdClef/features/Emberiza schoeniclus_Reed Bunting/XC132751.npy,../../Datasets/BirdClef/audio/Emberiza schoeniclus_Reed Bunting/XC132751.mp3
train,Emberiza schoeniclus_Reed Bunting,../../Datasets/BirdClef/features/Emberiza schoeniclus_Reed Bunting/XC200242.npy,../../Datasets/BirdClef/audio/Emberiza schoeniclus_Reed Bunting/XC200242.mp3
train,Emberiza schoeniclus_Reed Bunting,../../Datasets/BirdClef/features/Emberiza schoeniclus_Reed Bunting/XC183436.npy,../../Datasets/BirdClef/audio/Emberiza schoeniclus_Reed Bunting/XC183436.mp3
train,Emberiza schoeniclus_Reed Bunting,../../Datasets/BirdClef/features/Emberiza schoeniclus_Reed Bunting/XC350510.npy,../../Datasets/BirdClef/audio/Emberiza schoeniclus_Reed Bunting/XC350510.mp3
train,Empidonax alnorum_Alder Flycatcher,../../Datasets/BirdClef/features/Empidonax alnorum_Alder Flycatcher/XC188434.npy,../../Datasets/BirdClef/audio/Empidonax alnorum_Alder Flycatcher/XC188434.mp3
train,Empidonax alnorum_Alder Flycatcher,../../Datasets/BirdClef/features/Empidonax alnorum_Alder Flycatcher/XC188432.npy,../../Datasets/BirdClef/audio/Empidonax alnorum_Alder Flycatcher/XC188432.mp3
train,Empidonax alnorum_Alder Flycatcher,../../Datasets/BirdClef/features/Empidonax alnorum_Alder Flycatcher/XC302253.npy,../../Datasets/BirdClef/audio/Empidonax alnorum_Alder Flycatcher/XC302253.mp3
train,Empidonax alnorum_Alder Flycatcher,../../Datasets/BirdClef/features/Empidonax alnorum_Alder Flycatcher/XC269063.npy,../../Datasets/BirdClef/audio/Empidonax alnorum_Alder Flycatcher/XC269063.mp3
train,Empidonax alnorum_Alder Flycatcher,../../Datasets/BirdClef/features/Empidonax alnorum_Alder Flycatcher/XC16967.npy,../../Datasets/BirdClef/audio/Empidonax alnorum_Alder Flycatcher/XC16967.mp3
train,Empidonax difficilis_Pacific-slope Flycatcher,../../Datasets/BirdClef/features/Empidonax difficilis_Pacific-slope Flycatcher/XC348144.npy,../../Datasets/BirdClef/audio/Empidonax difficilis_Pacific-slope Flycatcher/XC348144.mp3
train,Empidonax difficilis_Pacific-slope Flycatcher,../../Datasets/BirdClef/features/Empidonax difficilis_Pacific-slope Flycatcher/XC353035.npy,../../Datasets/BirdClef/audio/Empidonax difficilis_Pacific-slope Flycatcher/XC353035.mp3
train,Empidonax difficilis_Pacific-slope Flycatcher,../../Datasets/BirdClef/features/Empidonax difficilis_Pacific-slope Flycatcher/XC124970.npy,../../Datasets/BirdClef/audio/Empidonax difficilis_Pacific-slope Flycatcher/XC124970.mp3
train,Empidonax difficilis_Pacific-slope Flycatcher,../../Datasets/BirdClef/features/Empidonax difficilis_Pacific-slope Flycatcher/XC348142.npy,../../Datasets/BirdClef/audio/Empidonax difficilis_Pacific-slope Flycatcher/XC348142.mp3
train,Empidonax difficilis_Pacific-slope Flycatcher,../../Datasets/BirdClef/features/Empidonax difficilis_Pacific-slope Flycatcher/XC497703.npy,../../Datasets/BirdClef/audio/Empidonax difficilis_Pacific-slope Flycatcher/XC497703.mp3
train,Empidonax hammondii_Hammond's Flycatcher,../../Datasets/BirdClef/features/Empidonax hammondii_Hammond's Flycatcher/XC323038.npy,../../Datasets/BirdClef/audio/Empidonax hammondii_Hammond's Flycatcher/XC323038.mp3
train,Empidonax hammondii_Hammond's Flycatcher,../../Datasets/BirdClef/features/Empidonax hammondii_Hammond's Flycatcher/XC206083.npy,../../Datasets/BirdClef/audio/Empidonax hammondii_Hammond's Flycatcher/XC206083.mp3
train,Empidonax hammondii_Hammond's Flycatcher,../../Datasets/BirdClef/features/Empidonax hammondii_Hammond's Flycatcher/XC349960.npy,../../Datasets/BirdClef/audio/Empidonax hammondii_Hammond's Flycatcher/XC349960.mp3
train,Empidonax hammondii_Hammond's Flycatcher,../../Datasets/BirdClef/features/Empidonax hammondii_Hammond's Flycatcher/XC414896.npy,../../Datasets/BirdClef/audio/Empidonax hammondii_Hammond's Flycatcher/XC414896.mp3
train,Empidonax hammondii_Hammond's Flycatcher,../../Datasets/BirdClef/features/Empidonax hammondii_Hammond's Flycatcher/XC388060.npy,../../Datasets/BirdClef/audio/Empidonax hammondii_Hammond's Flycatcher/XC388060.mp3
train,Empidonax minimus_Least Flycatcher,../../Datasets/BirdClef/features/Empidonax minimus_Least Flycatcher/XC35909.npy,../../Datasets/BirdClef/audio/Empidonax minimus_Least Flycatcher/XC35909.mp3
train,Empidonax minimus_Least Flycatcher,../../Datasets/BirdClef/features/Empidonax minimus_Least Flycatcher/XC137959.npy,../../Datasets/BirdClef/audio/Empidonax minimus_Least Flycatcher/XC137959.mp3
train,Empidonax minimus_Least Flycatcher,../../Datasets/BirdClef/features/Empidonax minimus_Least Flycatcher/XC252570.npy,../../Datasets/BirdClef/audio/Empidonax minimus_Least Flycatcher/XC252570.mp3
train,Empidonax minimus_Least Flycatcher,../../Datasets/BirdClef/features/Empidonax minimus_Least Flycatcher/XC298973.npy,../../Datasets/BirdClef/audio/Empidonax minimus_Least Flycatcher/XC298973.mp3
train,Empidonax minimus_Least Flycatcher,../../Datasets/BirdClef/features/Empidonax minimus_Least Flycatcher/XC134690.npy,../../Datasets/BirdClef/audio/Empidonax minimus_Least Flycatcher/XC134690.mp3
train,Empidonax oberholseri_Dusky Flycatcher,../../Datasets/BirdClef/features/Empidonax oberholseri_Dusky Flycatcher/XC205923.npy,../../Datasets/BirdClef/audio/Empidonax oberholseri_Dusky Flycatcher/XC205923.mp3
train,Empidonax oberholseri_Dusky Flycatcher,../../Datasets/BirdClef/features/Empidonax oberholseri_Dusky Flycatcher/XC412987.npy,../../Datasets/BirdClef/audio/Empidonax oberholseri_Dusky Flycatcher/XC412987.mp3
train,Empidonax oberholseri_Dusky Flycatcher,../../Datasets/BirdClef/features/Empidonax oberholseri_Dusky Flycatcher/XC110024.npy,../../Datasets/BirdClef/audio/Empidonax oberholseri_Dusky Flycatcher/XC110024.mp3
train,Empidonax oberholseri_Dusky Flycatcher,../../Datasets/BirdClef/features/Empidonax oberholseri_Dusky Flycatcher/XC12206.npy,../../Datasets/BirdClef/audio/Empidonax oberholseri_Dusky Flycatcher/XC12206.mp3
train,Empidonax oberholseri_Dusky Flycatcher,../../Datasets/BirdClef/features/Empidonax oberholseri_Dusky Flycatcher/XC110018.npy,../../Datasets/BirdClef/audio/Empidonax oberholseri_Dusky Flycatcher/XC110018.mp3
train,Empidonax traillii_Willow Flycatcher,../../Datasets/BirdClef/features/Empidonax traillii_Willow Flycatcher/XC138008.npy,../../Datasets/BirdClef/audio/Empidonax traillii_Willow Flycatcher/XC138008.mp3
train,Empidonax traillii_Willow Flycatcher,../../Datasets/BirdClef/features/Empidonax traillii_Willow Flycatcher/XC128050.npy,../../Datasets/BirdClef/audio/Empidonax traillii_Willow Flycatcher/XC128050.mp3
train,Empidonax traillii_Willow Flycatcher,../../Datasets/BirdClef/features/Empidonax traillii_Willow Flycatcher/XC263635.npy,../../Datasets/BirdClef/audio/Empidonax traillii_Willow Flycatcher/XC263635.mp3
train,Empidonax traillii_Willow Flycatcher,../../Datasets/BirdClef/features/Empidonax traillii_Willow Flycatcher/XC183747.npy,../../Datasets/BirdClef/audio/Empidonax traillii_Willow Flycatcher/XC183747.mp3
train,Empidonax traillii_Willow Flycatcher,../../Datasets/BirdClef/features/Empidonax traillii_Willow Flycatcher/XC277298.npy,../../Datasets/BirdClef/audio/Empidonax traillii_Willow Flycatcher/XC277298.mp3
train,Empidonax wrightii_Gray Flycatcher,../../Datasets/BirdClef/features/Empidonax wrightii_Gray Flycatcher/XC124837.npy,../../Datasets/BirdClef/audio/Empidonax wrightii_Gray Flycatcher/XC124837.mp3
train,Empidonax wrightii_Gray Flycatcher,../../Datasets/BirdClef/features/Empidonax wrightii_Gray Flycatcher/XC103088.npy,../../Datasets/BirdClef/audio/Empidonax wrightii_Gray Flycatcher/XC103088.mp3
train,Empidonax wrightii_Gray Flycatcher,../../Datasets/BirdClef/features/Empidonax wrightii_Gray Flycatcher/XC417878.npy,../../Datasets/BirdClef/audio/Empidonax wrightii_Gray Flycatcher/XC417878.mp3
train,Empidonax wrightii_Gray Flycatcher,../../Datasets/BirdClef/features/Empidonax wrightii_Gray Flycatcher/XC12212.npy,../../Datasets/BirdClef/audio/Empidonax wrightii_Gray Flycatcher/XC12212.mp3
train,Empidonax wrightii_Gray Flycatcher,../../Datasets/BirdClef/features/Empidonax wrightii_Gray Flycatcher/XC123907.npy,../../Datasets/BirdClef/audio/Empidonax wrightii_Gray Flycatcher/XC123907.mp3
train,Empidonomus varius_Variegated Flycatcher,../../Datasets/BirdClef/features/Empidonomus varius_Variegated Flycatcher/XC43293.npy,../../Datasets/BirdClef/audio/Empidonomus varius_Variegated Flycatcher/XC43293.mp3
train,Empidonomus varius_Variegated Flycatcher,../../Datasets/BirdClef/features/Empidonomus varius_Variegated Flycatcher/XC108061.npy,../../Datasets/BirdClef/audio/Empidonomus varius_Variegated Flycatcher/XC108061.mp3
train,Empidonomus varius_Variegated Flycatcher,../../Datasets/BirdClef/features/Empidonomus varius_Variegated Flycatcher/XC82224.npy,../../Datasets/BirdClef/audio/Empidonomus varius_Variegated Flycatcher/XC82224.mp3
train,Empidonomus varius_Variegated Flycatcher,../../Datasets/BirdClef/features/Empidonomus varius_Variegated Flycatcher/XC504470.npy,../../Datasets/BirdClef/audio/Empidonomus varius_Variegated Flycatcher/XC504470.mp3
train,Empidonomus varius_Variegated Flycatcher,../../Datasets/BirdClef/features/Empidonomus varius_Variegated Flycatcher/XC420969.npy,../../Datasets/BirdClef/audio/Empidonomus varius_Variegated Flycatcher/XC420969.mp3
train,Epinecrophylla leucophthalma_White-eyed Stipplethroat,../../Datasets/BirdClef/features/Epinecrophylla leucophthalma_White-eyed Stipplethroat/XC388340.npy,../../Datasets/BirdClef/audio/Epinecrophylla leucophthalma_White-eyed Stipplethroat/XC388340.mp3
train,Epinecrophylla leucophthalma_White-eyed Stipplethroat,../../Datasets/BirdClef/features/Epinecrophylla leucophthalma_White-eyed Stipplethroat/XC119576.npy,../../Datasets/BirdClef/audio/Epinecrophylla leucophthalma_White-eyed Stipplethroat/XC119576.mp3
train,Epinecrophylla leucophthalma_White-eyed Stipplethroat,../../Datasets/BirdClef/features/Epinecrophylla leucophthalma_White-eyed Stipplethroat/XC482864.npy,../../Datasets/BirdClef/audio/Epinecrophylla leucophthalma_White-eyed Stipplethroat/XC482864.mp3
train,Epinecrophylla leucophthalma_White-eyed Stipplethroat,../../Datasets/BirdClef/features/Epinecrophylla leucophthalma_White-eyed Stipplethroat/XC490092.npy,../../Datasets/BirdClef/audio/Epinecrophylla leucophthalma_White-eyed Stipplethroat/XC490092.mp3
train,Epinecrophylla leucophthalma_White-eyed Stipplethroat,../../Datasets/BirdClef/features/Epinecrophylla leucophthalma_White-eyed Stipplethroat/XC226544.npy,../../Datasets/BirdClef/audio/Epinecrophylla leucophthalma_White-eyed Stipplethroat/XC226544.mp3
train,Epinecrophylla ornata_Ornate Stipplethroat,../../Datasets/BirdClef/features/Epinecrophylla ornata_Ornate Stipplethroat/XC119191.npy,../../Datasets/BirdClef/audio/Epinecrophylla ornata_Ornate Stipplethroat/XC119191.mp3
train,Epinecrophylla ornata_Ornate Stipplethroat,../../Datasets/BirdClef/features/Epinecrophylla ornata_Ornate Stipplethroat/XC213019.npy,../../Datasets/BirdClef/audio/Epinecrophylla ornata_Ornate Stipplethroat/XC213019.mp3
train,Epinecrophylla ornata_Ornate Stipplethroat,../../Datasets/BirdClef/features/Epinecrophylla ornata_Ornate Stipplethroat/XC82785.npy,../../Datasets/BirdClef/audio/Epinecrophylla ornata_Ornate Stipplethroat/XC82785.mp3
train,Epinecrophylla ornata_Ornate Stipplethroat,../../Datasets/BirdClef/features/Epinecrophylla ornata_Ornate Stipplethroat/XC88136.npy,../../Datasets/BirdClef/audio/Epinecrophylla ornata_Ornate Stipplethroat/XC88136.mp3
train,Epinecrophylla ornata_Ornate Stipplethroat,../../Datasets/BirdClef/features/Epinecrophylla ornata_Ornate Stipplethroat/XC36516.npy,../../Datasets/BirdClef/audio/Epinecrophylla ornata_Ornate Stipplethroat/XC36516.mp3
train,Eremophila alpestris_Horned Lark,../../Datasets/BirdClef/features/Eremophila alpestris_Horned Lark/XC152971.npy,../../Datasets/BirdClef/audio/Eremophila alpestris_Horned Lark/XC152971.mp3
train,Eremophila alpestris_Horned Lark,../../Datasets/BirdClef/features/Eremophila alpestris_Horned Lark/XC460354.npy,../../Datasets/BirdClef/audio/Eremophila alpestris_Horned Lark/XC460354.mp3
train,Eremophila alpestris_Horned Lark,../../Datasets/BirdClef/features/Eremophila alpestris_Horned Lark/XC164203.npy,../../Datasets/BirdClef/audio/Eremophila alpestris_Horned Lark/XC164203.mp3
train,Eremophila alpestris_Horned Lark,../../Datasets/BirdClef/features/Eremophila alpestris_Horned Lark/XC377874.npy,../../Datasets/BirdClef/audio/Eremophila alpestris_Horned Lark/XC377874.mp3
train,Eremophila alpestris_Horned Lark,../../Datasets/BirdClef/features/Eremophila alpestris_Horned Lark/XC125879.npy,../../Datasets/BirdClef/audio/Eremophila alpestris_Horned Lark/XC125879.mp3
train,Erithacus rubecula_European Robin,../../Datasets/BirdClef/features/Erithacus rubecula_European Robin/XC295529.npy,../../Datasets/BirdClef/audio/Erithacus rubecula_European Robin/XC295529.mp3
train,Erithacus rubecula_European Robin,../../Datasets/BirdClef/features/Erithacus rubecula_European Robin/XC291115.npy,../../Datasets/BirdClef/audio/Erithacus rubecula_European Robin/XC291115.mp3
train,Erithacus rubecula_European Robin,../../Datasets/BirdClef/features/Erithacus rubecula_European Robin/XC270388.npy,../../Datasets/BirdClef/audio/Erithacus rubecula_European Robin/XC270388.mp3
train,Erithacus rubecula_European Robin,../../Datasets/BirdClef/features/Erithacus rubecula_European Robin/XC281392.npy,../../Datasets/BirdClef/audio/Erithacus rubecula_European Robin/XC281392.mp3
train,Erithacus rubecula_European Robin,../../Datasets/BirdClef/features/Erithacus rubecula_European Robin/XC240922.npy,../../Datasets/BirdClef/audio/Erithacus rubecula_European Robin/XC240922.mp3
train,Euphagus carolinus_Rusty Blackbird,../../Datasets/BirdClef/features/Euphagus carolinus_Rusty Blackbird/XC217538.npy,../../Datasets/BirdClef/audio/Euphagus carolinus_Rusty Blackbird/XC217538.mp3
train,Euphagus carolinus_Rusty Blackbird,../../Datasets/BirdClef/features/Euphagus carolinus_Rusty Blackbird/XC404413.npy,../../Datasets/BirdClef/audio/Euphagus carolinus_Rusty Blackbird/XC404413.mp3
train,Euphagus carolinus_Rusty Blackbird,../../Datasets/BirdClef/features/Euphagus carolinus_Rusty Blackbird/XC309273.npy,../../Datasets/BirdClef/audio/Euphagus carolinus_Rusty Blackbird/XC309273.mp3
train,Euphagus carolinus_Rusty Blackbird,../../Datasets/BirdClef/features/Euphagus carolinus_Rusty Blackbird/XC55063.npy,../../Datasets/BirdClef/audio/Euphagus carolinus_Rusty Blackbird/XC55063.mp3
train,Euphagus carolinus_Rusty Blackbird,../../Datasets/BirdClef/features/Euphagus carolinus_Rusty Blackbird/XC17013.npy,../../Datasets/BirdClef/audio/Euphagus carolinus_Rusty Blackbird/XC17013.mp3
train,Euphagus cyanocephalus_Brewer's Blackbird,../../Datasets/BirdClef/features/Euphagus cyanocephalus_Brewer's Blackbird/XC149345.npy,../../Datasets/BirdClef/audio/Euphagus cyanocephalus_Brewer's Blackbird/XC149345.mp3
train,Euphagus cyanocephalus_Brewer's Blackbird,../../Datasets/BirdClef/features/Euphagus cyanocephalus_Brewer's Blackbird/XC167902.npy,../../Datasets/BirdClef/audio/Euphagus cyanocephalus_Brewer's Blackbird/XC167902.mp3
train,Euphagus cyanocephalus_Brewer's Blackbird,../../Datasets/BirdClef/features/Euphagus cyanocephalus_Brewer's Blackbird/XC319246.npy,../../Datasets/BirdClef/audio/Euphagus cyanocephalus_Brewer's Blackbird/XC319246.mp3
train,Euphagus cyanocephalus_Brewer's Blackbird,../../Datasets/BirdClef/features/Euphagus cyanocephalus_Brewer's Blackbird/XC104521.npy,../../Datasets/BirdClef/audio/Euphagus cyanocephalus_Brewer's Blackbird/XC104521.mp3
train,Euphagus cyanocephalus_Brewer's Blackbird,../../Datasets/BirdClef/features/Euphagus cyanocephalus_Brewer's Blackbird/XC167904.npy,../../Datasets/BirdClef/audio/Euphagus cyanocephalus_Brewer's Blackbird/XC167904.mp3
train,Euphonia chlorotica_Purple-throated Euphonia,../../Datasets/BirdClef/features/Euphonia chlorotica_Purple-throated Euphonia/XC217371.npy,../../Datasets/BirdClef/audio/Euphonia chlorotica_Purple-throated Euphonia/XC217371.mp3
train,Euphonia chlorotica_Purple-throated Euphonia,../../Datasets/BirdClef/features/Euphonia chlorotica_Purple-throated Euphonia/XC476458.npy,../../Datasets/BirdClef/audio/Euphonia chlorotica_Purple-throated Euphonia/XC476458.mp3
train,Euphonia chlorotica_Purple-throated Euphonia,../../Datasets/BirdClef/features/Euphonia chlorotica_Purple-throated Euphonia/XC49014.npy,../../Datasets/BirdClef/audio/Euphonia chlorotica_Purple-throated Euphonia/XC49014.mp3
train,Euphonia chlorotica_Purple-throated Euphonia,../../Datasets/BirdClef/features/Euphonia chlorotica_Purple-throated Euphonia/XC288335.npy,../../Datasets/BirdClef/audio/Euphonia chlorotica_Purple-throated Euphonia/XC288335.mp3
train,Euphonia chlorotica_Purple-throated Euphonia,../../Datasets/BirdClef/features/Euphonia chlorotica_Purple-throated Euphonia/XC108633.npy,../../Datasets/BirdClef/audio/Euphonia chlorotica_Purple-throated Euphonia/XC108633.mp3
train,Euphonia chrysopasta_Golden-bellied Euphonia,../../Datasets/BirdClef/features/Euphonia chrysopasta_Golden-bellied Euphonia/XC213997.npy,../../Datasets/BirdClef/audio/Euphonia chrysopasta_Golden-bellied Euphonia/XC213997.mp3
train,Euphonia chrysopasta_Golden-bellied Euphonia,../../Datasets/BirdClef/features/Euphonia chrysopasta_Golden-bellied Euphonia/XC63422.npy,../../Datasets/BirdClef/audio/Euphonia chrysopasta_Golden-bellied Euphonia/XC63422.mp3
train,Euphonia chrysopasta_Golden-bellied Euphonia,../../Datasets/BirdClef/features/Euphonia chrysopasta_Golden-bellied Euphonia/XC75013.npy,../../Datasets/BirdClef/audio/Euphonia chrysopasta_Golden-bellied Euphonia/XC75013.mp3
train,Euphonia chrysopasta_Golden-bellied Euphonia,../../Datasets/BirdClef/features/Euphonia chrysopasta_Golden-bellied Euphonia/XC210054.npy,../../Datasets/BirdClef/audio/Euphonia chrysopasta_Golden-bellied Euphonia/XC210054.mp3
train,Euphonia chrysopasta_Golden-bellied Euphonia,../../Datasets/BirdClef/features/Euphonia chrysopasta_Golden-bellied Euphonia/XC66198.npy,../../Datasets/BirdClef/audio/Euphonia chrysopasta_Golden-bellied Euphonia/XC66198.mp3
train,Euphonia cyanocephala_Golden-rumped Euphonia,../../Datasets/BirdClef/features/Euphonia cyanocephala_Golden-rumped Euphonia/XC242599.npy,../../Datasets/BirdClef/audio/Euphonia cyanocephala_Golden-rumped Euphonia/XC242599.mp3
train,Euphonia cyanocephala_Golden-rumped Euphonia,../../Datasets/BirdClef/features/Euphonia cyanocephala_Golden-rumped Euphonia/XC21235.npy,../../Datasets/BirdClef/audio/Euphonia cyanocephala_Golden-rumped Euphonia/XC21235.mp3
train,Euphonia cyanocephala_Golden-rumped Euphonia,../../Datasets/BirdClef/features/Euphonia cyanocephala_Golden-rumped Euphonia/XC46215.npy,../../Datasets/BirdClef/audio/Euphonia cyanocephala_Golden-rumped Euphonia/XC46215.mp3
train,Euphonia cyanocephala_Golden-rumped Euphonia,../../Datasets/BirdClef/features/Euphonia cyanocephala_Golden-rumped Euphonia/XC422706.npy,../../Datasets/BirdClef/audio/Euphonia cyanocephala_Golden-rumped Euphonia/XC422706.mp3
train,Euphonia cyanocephala_Golden-rumped Euphonia,../../Datasets/BirdClef/features/Euphonia cyanocephala_Golden-rumped Euphonia/XC47036.npy,../../Datasets/BirdClef/audio/Euphonia cyanocephala_Golden-rumped Euphonia/XC47036.mp3
train,Euphonia laniirostris_Thick-billed Euphonia,../../Datasets/BirdClef/features/Euphonia laniirostris_Thick-billed Euphonia/XC198470.npy,../../Datasets/BirdClef/audio/Euphonia laniirostris_Thick-billed Euphonia/XC198470.mp3
train,Euphonia laniirostris_Thick-billed Euphonia,../../Datasets/BirdClef/features/Euphonia laniirostris_Thick-billed Euphonia/XC242612.npy,../../Datasets/BirdClef/audio/Euphonia laniirostris_Thick-billed Euphonia/XC242612.mp3
train,Euphonia laniirostris_Thick-billed Euphonia,../../Datasets/BirdClef/features/Euphonia laniirostris_Thick-billed Euphonia/XC107251.npy,../../Datasets/BirdClef/audio/Euphonia laniirostris_Thick-billed Euphonia/XC107251.mp3
train,Euphonia laniirostris_Thick-billed Euphonia,../../Datasets/BirdClef/features/Euphonia laniirostris_Thick-billed Euphonia/XC259570.npy,../../Datasets/BirdClef/audio/Euphonia laniirostris_Thick-billed Euphonia/XC259570.mp3
train,Euphonia laniirostris_Thick-billed Euphonia,../../Datasets/BirdClef/features/Euphonia laniirostris_Thick-billed Euphonia/XC453627.npy,../../Datasets/BirdClef/audio/Euphonia laniirostris_Thick-billed Euphonia/XC453627.mp3
train,Euphonia rufiventris_Rufous-bellied Euphonia,../../Datasets/BirdClef/features/Euphonia rufiventris_Rufous-bellied Euphonia/XC482007.npy,../../Datasets/BirdClef/audio/Euphonia rufiventris_Rufous-bellied Euphonia/XC482007.mp3
train,Euphonia rufiventris_Rufous-bellied Euphonia,../../Datasets/BirdClef/features/Euphonia rufiventris_Rufous-bellied Euphonia/XC490295.npy,../../Datasets/BirdClef/audio/Euphonia rufiventris_Rufous-bellied Euphonia/XC490295.mp3
train,Euphonia rufiventris_Rufous-bellied Euphonia,../../Datasets/BirdClef/features/Euphonia rufiventris_Rufous-bellied Euphonia/XC259609.npy,../../Datasets/BirdClef/audio/Euphonia rufiventris_Rufous-bellied Euphonia/XC259609.mp3
train,Euphonia rufiventris_Rufous-bellied Euphonia,../../Datasets/BirdClef/features/Euphonia rufiventris_Rufous-bellied Euphonia/XC3170.npy,../../Datasets/BirdClef/audio/Euphonia rufiventris_Rufous-bellied Euphonia/XC3170.mp3
train,Euphonia rufiventris_Rufous-bellied Euphonia,../../Datasets/BirdClef/features/Euphonia rufiventris_Rufous-bellied Euphonia/XC306484.npy,../../Datasets/BirdClef/audio/Euphonia rufiventris_Rufous-bellied Euphonia/XC306484.mp3
train,Euphonia xanthogaster_Orange-bellied Euphonia,../../Datasets/BirdClef/features/Euphonia xanthogaster_Orange-bellied Euphonia/XC196971.npy,../../Datasets/BirdClef/audio/Euphonia xanthogaster_Orange-bellied Euphonia/XC196971.mp3
train,Euphonia xanthogaster_Orange-bellied Euphonia,../../Datasets/BirdClef/features/Euphonia xanthogaster_Orange-bellied Euphonia/XC131735.npy,../../Datasets/BirdClef/audio/Euphonia xanthogaster_Orange-bellied Euphonia/XC131735.mp3
train,Euphonia xanthogaster_Orange-bellied Euphonia,../../Datasets/BirdClef/features/Euphonia xanthogaster_Orange-bellied Euphonia/XC291244.npy,../../Datasets/BirdClef/audio/Euphonia xanthogaster_Orange-bellied Euphonia/XC291244.mp3
train,Euphonia xanthogaster_Orange-bellied Euphonia,../../Datasets/BirdClef/features/Euphonia xanthogaster_Orange-bellied Euphonia/XC222964.npy,../../Datasets/BirdClef/audio/Euphonia xanthogaster_Orange-bellied Euphonia/XC222964.mp3
train,Euphonia xanthogaster_Orange-bellied Euphonia,../../Datasets/BirdClef/features/Euphonia xanthogaster_Orange-bellied Euphonia/XC241550.npy,../../Datasets/BirdClef/audio/Euphonia xanthogaster_Orange-bellied Euphonia/XC241550.mp3
train,Eurypyga helias_Sunbittern,../../Datasets/BirdClef/features/Eurypyga helias_Sunbittern/XC85135.npy,../../Datasets/BirdClef/audio/Eurypyga helias_Sunbittern/XC85135.mp3
train,Eurypyga helias_Sunbittern,../../Datasets/BirdClef/features/Eurypyga helias_Sunbittern/XC480048.npy,../../Datasets/BirdClef/audio/Eurypyga helias_Sunbittern/XC480048.mp3
train,Eurypyga helias_Sunbittern,../../Datasets/BirdClef/features/Eurypyga helias_Sunbittern/XC108689.npy,../../Datasets/BirdClef/audio/Eurypyga helias_Sunbittern/XC108689.mp3
train,Eurypyga helias_Sunbittern,../../Datasets/BirdClef/features/Eurypyga helias_Sunbittern/XC327290.npy,../../Datasets/BirdClef/audio/Eurypyga helias_Sunbittern/XC327290.mp3
train,Eurypyga helias_Sunbittern,../../Datasets/BirdClef/features/Eurypyga helias_Sunbittern/XC180319.npy,../../Datasets/BirdClef/audio/Eurypyga helias_Sunbittern/XC180319.mp3
train,Falco columbarius_Merlin,../../Datasets/BirdClef/features/Falco columbarius_Merlin/XC36374.npy,../../Datasets/BirdClef/audio/Falco columbarius_Merlin/XC36374.mp3
train,Falco columbarius_Merlin,../../Datasets/BirdClef/features/Falco columbarius_Merlin/XC195552.npy,../../Datasets/BirdClef/audio/Falco columbarius_Merlin/XC195552.mp3
train,Falco columbarius_Merlin,../../Datasets/BirdClef/features/Falco columbarius_Merlin/XC198635.npy,../../Datasets/BirdClef/audio/Falco columbarius_Merlin/XC198635.mp3
train,Falco columbarius_Merlin,../../Datasets/BirdClef/features/Falco columbarius_Merlin/XC193658.npy,../../Datasets/BirdClef/audio/Falco columbarius_Merlin/XC193658.mp3
train,Falco columbarius_Merlin,../../Datasets/BirdClef/features/Falco columbarius_Merlin/XC365406.npy,../../Datasets/BirdClef/audio/Falco columbarius_Merlin/XC365406.mp3
train,Falco peregrinus_Peregrine Falcon,../../Datasets/BirdClef/features/Falco peregrinus_Peregrine Falcon/XC184351.npy,../../Datasets/BirdClef/audio/Falco peregrinus_Peregrine Falcon/XC184351.mp3
train,Falco peregrinus_Peregrine Falcon,../../Datasets/BirdClef/features/Falco peregrinus_Peregrine Falcon/XC190459.npy,../../Datasets/BirdClef/audio/Falco peregrinus_Peregrine Falcon/XC190459.mp3
train,Falco peregrinus_Peregrine Falcon,../../Datasets/BirdClef/features/Falco peregrinus_Peregrine Falcon/XC57671.npy,../../Datasets/BirdClef/audio/Falco peregrinus_Peregrine Falcon/XC57671.mp3
train,Falco peregrinus_Peregrine Falcon,../../Datasets/BirdClef/features/Falco peregrinus_Peregrine Falcon/XC493701.npy,../../Datasets/BirdClef/audio/Falco peregrinus_Peregrine Falcon/XC493701.mp3
train,Falco peregrinus_Peregrine Falcon,../../Datasets/BirdClef/features/Falco peregrinus_Peregrine Falcon/XC493700.npy,../../Datasets/BirdClef/audio/Falco peregrinus_Peregrine Falcon/XC493700.mp3
train,Falco rufigularis_Bat Falcon,../../Datasets/BirdClef/features/Falco rufigularis_Bat Falcon/XC50945.npy,../../Datasets/BirdClef/audio/Falco rufigularis_Bat Falcon/XC50945.mp3
train,Falco rufigularis_Bat Falcon,../../Datasets/BirdClef/features/Falco rufigularis_Bat Falcon/XC364680.npy,../../Datasets/BirdClef/audio/Falco rufigularis_Bat Falcon/XC364680.mp3
train,Falco rufigularis_Bat Falcon,../../Datasets/BirdClef/features/Falco rufigularis_Bat Falcon/XC8179.npy,../../Datasets/BirdClef/audio/Falco rufigularis_Bat Falcon/XC8179.mp3
train,Falco rufigularis_Bat Falcon,../../Datasets/BirdClef/features/Falco rufigularis_Bat Falcon/XC155738.npy,../../Datasets/BirdClef/audio/Falco rufigularis_Bat Falcon/XC155738.mp3
train,Falco rufigularis_Bat Falcon,../../Datasets/BirdClef/features/Falco rufigularis_Bat Falcon/XC57987.npy,../../Datasets/BirdClef/audio/Falco rufigularis_Bat Falcon/XC57987.mp3
train,Falco sparverius_American Kestrel,../../Datasets/BirdClef/features/Falco sparverius_American Kestrel/XC399014.npy,../../Datasets/BirdClef/audio/Falco sparverius_American Kestrel/XC399014.mp3
train,Falco sparverius_American Kestrel,../../Datasets/BirdClef/features/Falco sparverius_American Kestrel/XC257401.npy,../../Datasets/BirdClef/audio/Falco sparverius_American Kestrel/XC257401.mp3
train,Falco sparverius_American Kestrel,../../Datasets/BirdClef/features/Falco sparverius_American Kestrel/XC53350.npy,../../Datasets/BirdClef/audio/Falco sparverius_American Kestrel/XC53350.mp3
train,Falco sparverius_American Kestrel,../../Datasets/BirdClef/features/Falco sparverius_American Kestrel/XC48475.npy,../../Datasets/BirdClef/audio/Falco sparverius_American Kestrel/XC48475.mp3
train,Falco sparverius_American Kestrel,../../Datasets/BirdClef/features/Falco sparverius_American Kestrel/XC6491.npy,../../Datasets/BirdClef/audio/Falco sparverius_American Kestrel/XC6491.mp3
train,Falco subbuteo_Eurasian Hobby,../../Datasets/BirdClef/features/Falco subbuteo_Eurasian Hobby/XC434304.npy,../../Datasets/BirdClef/audio/Falco subbuteo_Eurasian Hobby/XC434304.mp3
train,Falco subbuteo_Eurasian Hobby,../../Datasets/BirdClef/features/Falco subbuteo_Eurasian Hobby/XC389000.npy,../../Datasets/BirdClef/audio/Falco subbuteo_Eurasian Hobby/XC389000.mp3
train,Falco subbuteo_Eurasian Hobby,../../Datasets/BirdClef/features/Falco subbuteo_Eurasian Hobby/XC495036.npy,../../Datasets/BirdClef/audio/Falco subbuteo_Eurasian Hobby/XC495036.mp3
train,Falco subbuteo_Eurasian Hobby,../../Datasets/BirdClef/features/Falco subbuteo_Eurasian Hobby/XC113046.npy,../../Datasets/BirdClef/audio/Falco subbuteo_Eurasian Hobby/XC113046.mp3
train,Falco subbuteo_Eurasian Hobby,../../Datasets/BirdClef/features/Falco subbuteo_Eurasian Hobby/XC430601.npy,../../Datasets/BirdClef/audio/Falco subbuteo_Eurasian Hobby/XC430601.mp3
train,Falco tinnunculus_Eurasian Kestrel,../../Datasets/BirdClef/features/Falco tinnunculus_Eurasian Kestrel/XC281008.npy,../../Datasets/BirdClef/audio/Falco tinnunculus_Eurasian Kestrel/XC281008.mp3
train,Falco tinnunculus_Eurasian Kestrel,../../Datasets/BirdClef/features/Falco tinnunculus_Eurasian Kestrel/XC279666.npy,../../Datasets/BirdClef/audio/Falco tinnunculus_Eurasian Kestrel/XC279666.mp3
train,Falco tinnunculus_Eurasian Kestrel,../../Datasets/BirdClef/features/Falco tinnunculus_Eurasian Kestrel/XC417941.npy,../../Datasets/BirdClef/audio/Falco tinnunculus_Eurasian Kestrel/XC417941.mp3
train,Falco tinnunculus_Eurasian Kestrel,../../Datasets/BirdClef/features/Falco tinnunculus_Eurasian Kestrel/XC103477.npy,../../Datasets/BirdClef/audio/Falco tinnunculus_Eurasian Kestrel/XC103477.mp3
train,Falco tinnunculus_Eurasian Kestrel,../../Datasets/BirdClef/features/Falco tinnunculus_Eurasian Kestrel/XC366074.npy,../../Datasets/BirdClef/audio/Falco tinnunculus_Eurasian Kestrel/XC366074.mp3
train,Formicarius analis_Black-faced Antthrush,../../Datasets/BirdClef/features/Formicarius analis_Black-faced Antthrush/XC14825.npy,../../Datasets/BirdClef/audio/Formicarius analis_Black-faced Antthrush/XC14825.mp3
train,Formicarius analis_Black-faced Antthrush,../../Datasets/BirdClef/features/Formicarius analis_Black-faced Antthrush/XC386107.npy,../../Datasets/BirdClef/audio/Formicarius analis_Black-faced Antthrush/XC386107.mp3
train,Formicarius analis_Black-faced Antthrush,../../Datasets/BirdClef/features/Formicarius analis_Black-faced Antthrush/XC4926.npy,../../Datasets/BirdClef/audio/Formicarius analis_Black-faced Antthrush/XC4926.mp3
train,Formicarius analis_Black-faced Antthrush,../../Datasets/BirdClef/features/Formicarius analis_Black-faced Antthrush/XC359197.npy,../../Datasets/BirdClef/audio/Formicarius analis_Black-faced Antthrush/XC359197.mp3
train,Formicarius analis_Black-faced Antthrush,../../Datasets/BirdClef/features/Formicarius analis_Black-faced Antthrush/XC213020.npy,../../Datasets/BirdClef/audio/Formicarius analis_Black-faced Antthrush/XC213020.mp3
train,Formicarius colma_Rufous-capped Antthrush,../../Datasets/BirdClef/features/Formicarius colma_Rufous-capped Antthrush/XC80437.npy,../../Datasets/BirdClef/audio/Formicarius colma_Rufous-capped Antthrush/XC80437.mp3
train,Formicarius colma_Rufous-capped Antthrush,../../Datasets/BirdClef/features/Formicarius colma_Rufous-capped Antthrush/XC38575.npy,../../Datasets/BirdClef/audio/Formicarius colma_Rufous-capped Antthrush/XC38575.mp3
train,Formicarius colma_Rufous-capped Antthrush,../../Datasets/BirdClef/features/Formicarius colma_Rufous-capped Antthrush/XC253168.npy,../../Datasets/BirdClef/audio/Formicarius colma_Rufous-capped Antthrush/XC253168.mp3
train,Formicarius colma_Rufous-capped Antthrush,../../Datasets/BirdClef/features/Formicarius colma_Rufous-capped Antthrush/XC396422.npy,../../Datasets/BirdClef/audio/Formicarius colma_Rufous-capped Antthrush/XC396422.mp3
train,Formicarius colma_Rufous-capped Antthrush,../../Datasets/BirdClef/features/Formicarius colma_Rufous-capped Antthrush/XC241794.npy,../../Datasets/BirdClef/audio/Formicarius colma_Rufous-capped Antthrush/XC241794.mp3
train,Formicivora rufa_Rusty-backed Antwren,../../Datasets/BirdClef/features/Formicivora rufa_Rusty-backed Antwren/XC55441.npy,../../Datasets/BirdClef/audio/Formicivora rufa_Rusty-backed Antwren/XC55441.mp3
train,Formicivora rufa_Rusty-backed Antwren,../../Datasets/BirdClef/features/Formicivora rufa_Rusty-backed Antwren/XC78729.npy,../../Datasets/BirdClef/audio/Formicivora rufa_Rusty-backed Antwren/XC78729.mp3
train,Formicivora rufa_Rusty-backed Antwren,../../Datasets/BirdClef/features/Formicivora rufa_Rusty-backed Antwren/XC237480.npy,../../Datasets/BirdClef/audio/Formicivora rufa_Rusty-backed Antwren/XC237480.mp3
train,Formicivora rufa_Rusty-backed Antwren,../../Datasets/BirdClef/features/Formicivora rufa_Rusty-backed Antwren/XC23728.npy,../../Datasets/BirdClef/audio/Formicivora rufa_Rusty-backed Antwren/XC23728.mp3
train,Formicivora rufa_Rusty-backed Antwren,../../Datasets/BirdClef/features/Formicivora rufa_Rusty-backed Antwren/XC288808.npy,../../Datasets/BirdClef/audio/Formicivora rufa_Rusty-backed Antwren/XC288808.mp3
train,Fringilla coelebs_Common Chaffinch,../../Datasets/BirdClef/features/Fringilla coelebs_Common Chaffinch/XC269285.npy,../../Datasets/BirdClef/audio/Fringilla coelebs_Common Chaffinch/XC269285.mp3
train,Fringilla coelebs_Common Chaffinch,../../Datasets/BirdClef/features/Fringilla coelebs_Common Chaffinch/XC278433.npy,../../Datasets/BirdClef/audio/Fringilla coelebs_Common Chaffinch/XC278433.mp3
train,Fringilla coelebs_Common Chaffinch,../../Datasets/BirdClef/features/Fringilla coelebs_Common Chaffinch/XC265027.npy,../../Datasets/BirdClef/audio/Fringilla coelebs_Common Chaffinch/XC265027.mp3
train,Fringilla coelebs_Common Chaffinch,../../Datasets/BirdClef/features/Fringilla coelebs_Common Chaffinch/XC315783.npy,../../Datasets/BirdClef/audio/Fringilla coelebs_Common Chaffinch/XC315783.mp3
train,Fringilla coelebs_Common Chaffinch,../../Datasets/BirdClef/features/Fringilla coelebs_Common Chaffinch/XC315675.npy,../../Datasets/BirdClef/audio/Fringilla coelebs_Common Chaffinch/XC315675.mp3
train,Fringilla montifringilla_Brambling,../../Datasets/BirdClef/features/Fringilla montifringilla_Brambling/XC237467.npy,../../Datasets/BirdClef/audio/Fringilla montifringilla_Brambling/XC237467.mp3
train,Fringilla montifringilla_Brambling,../../Datasets/BirdClef/features/Fringilla montifringilla_Brambling/XC421981.npy,../../Datasets/BirdClef/audio/Fringilla montifringilla_Brambling/XC421981.mp3
train,Fringilla montifringilla_Brambling,../../Datasets/BirdClef/features/Fringilla montifringilla_Brambling/XC215754.npy,../../Datasets/BirdClef/audio/Fringilla montifringilla_Brambling/XC215754.mp3
train,Fringilla montifringilla_Brambling,../../Datasets/BirdClef/features/Fringilla montifringilla_Brambling/XC201441.npy,../../Datasets/BirdClef/audio/Fringilla montifringilla_Brambling/XC201441.mp3
train,Fringilla montifringilla_Brambling,../../Datasets/BirdClef/features/Fringilla montifringilla_Brambling/XC349852.npy,../../Datasets/BirdClef/audio/Fringilla montifringilla_Brambling/XC349852.mp3
train,Fulica americana_American Coot,../../Datasets/BirdClef/features/Fulica americana_American Coot/XC452173.npy,../../Datasets/BirdClef/audio/Fulica americana_American Coot/XC452173.mp3
train,Fulica americana_American Coot,../../Datasets/BirdClef/features/Fulica americana_American Coot/XC357657.npy,../../Datasets/BirdClef/audio/Fulica americana_American Coot/XC357657.mp3
train,Fulica americana_American Coot,../../Datasets/BirdClef/features/Fulica americana_American Coot/XC452166.npy,../../Datasets/BirdClef/audio/Fulica americana_American Coot/XC452166.mp3
train,Fulica americana_American Coot,../../Datasets/BirdClef/features/Fulica americana_American Coot/XC163731.npy,../../Datasets/BirdClef/audio/Fulica americana_American Coot/XC163731.mp3
train,Fulica americana_American Coot,../../Datasets/BirdClef/features/Fulica americana_American Coot/XC267942.npy,../../Datasets/BirdClef/audio/Fulica americana_American Coot/XC267942.mp3
train,Fulica atra_Eurasian Coot,../../Datasets/BirdClef/features/Fulica atra_Eurasian Coot/XC132235.npy,../../Datasets/BirdClef/audio/Fulica atra_Eurasian Coot/XC132235.mp3
train,Fulica atra_Eurasian Coot,../../Datasets/BirdClef/features/Fulica atra_Eurasian Coot/XC263999.npy,../../Datasets/BirdClef/audio/Fulica atra_Eurasian Coot/XC263999.mp3
train,Fulica atra_Eurasian Coot,../../Datasets/BirdClef/features/Fulica atra_Eurasian Coot/XC188412.npy,../../Datasets/BirdClef/audio/Fulica atra_Eurasian Coot/XC188412.mp3
train,Fulica atra_Eurasian Coot,../../Datasets/BirdClef/features/Fulica atra_Eurasian Coot/XC433276.npy,../../Datasets/BirdClef/audio/Fulica atra_Eurasian Coot/XC433276.mp3
train,Fulica atra_Eurasian Coot,../../Datasets/BirdClef/features/Fulica atra_Eurasian Coot/XC302799.npy,../../Datasets/BirdClef/audio/Fulica atra_Eurasian Coot/XC302799.mp3
train,Furnarius leucopus_Pale-legged Hornero,../../Datasets/BirdClef/features/Furnarius leucopus_Pale-legged Hornero/XC11895.npy,../../Datasets/BirdClef/audio/Furnarius leucopus_Pale-legged Hornero/XC11895.mp3
train,Furnarius leucopus_Pale-legged Hornero,../../Datasets/BirdClef/features/Furnarius leucopus_Pale-legged Hornero/XC97658.npy,../../Datasets/BirdClef/audio/Furnarius leucopus_Pale-legged Hornero/XC97658.mp3
train,Furnarius leucopus_Pale-legged Hornero,../../Datasets/BirdClef/features/Furnarius leucopus_Pale-legged Hornero/XC298935.npy,../../Datasets/BirdClef/audio/Furnarius leucopus_Pale-legged Hornero/XC298935.mp3
train,Furnarius leucopus_Pale-legged Hornero,../../Datasets/BirdClef/features/Furnarius leucopus_Pale-legged Hornero/XC223244.npy,../../Datasets/BirdClef/audio/Furnarius leucopus_Pale-legged Hornero/XC223244.mp3
train,Furnarius leucopus_Pale-legged Hornero,../../Datasets/BirdClef/features/Furnarius leucopus_Pale-legged Hornero/XC325584.npy,../../Datasets/BirdClef/audio/Furnarius leucopus_Pale-legged Hornero/XC325584.mp3
train,Galbula dea_Paradise Jacamar,../../Datasets/BirdClef/features/Galbula dea_Paradise Jacamar/XC272105.npy,../../Datasets/BirdClef/audio/Galbula dea_Paradise Jacamar/XC272105.mp3
train,Galbula dea_Paradise Jacamar,../../Datasets/BirdClef/features/Galbula dea_Paradise Jacamar/XC223300.npy,../../Datasets/BirdClef/audio/Galbula dea_Paradise Jacamar/XC223300.mp3
train,Galbula dea_Paradise Jacamar,../../Datasets/BirdClef/features/Galbula dea_Paradise Jacamar/XC108088.npy,../../Datasets/BirdClef/audio/Galbula dea_Paradise Jacamar/XC108088.mp3
train,Galbula dea_Paradise Jacamar,../../Datasets/BirdClef/features/Galbula dea_Paradise Jacamar/XC306494.npy,../../Datasets/BirdClef/audio/Galbula dea_Paradise Jacamar/XC306494.mp3
train,Galbula dea_Paradise Jacamar,../../Datasets/BirdClef/features/Galbula dea_Paradise Jacamar/XC419370.npy,../../Datasets/BirdClef/audio/Galbula dea_Paradise Jacamar/XC419370.mp3
train,Gallinago delicata_Wilson's Snipe,../../Datasets/BirdClef/features/Gallinago delicata_Wilson's Snipe/XC416334.npy,../../Datasets/BirdClef/audio/Gallinago delicata_Wilson's Snipe/XC416334.mp3
train,Gallinago delicata_Wilson's Snipe,../../Datasets/BirdClef/features/Gallinago delicata_Wilson's Snipe/XC153178.npy,../../Datasets/BirdClef/audio/Gallinago delicata_Wilson's Snipe/XC153178.mp3
train,Gallinago delicata_Wilson's Snipe,../../Datasets/BirdClef/features/Gallinago delicata_Wilson's Snipe/XC185866.npy,../../Datasets/BirdClef/audio/Gallinago delicata_Wilson's Snipe/XC185866.mp3
train,Gallinago delicata_Wilson's Snipe,../../Datasets/BirdClef/features/Gallinago delicata_Wilson's Snipe/XC323097.npy,../../Datasets/BirdClef/audio/Gallinago delicata_Wilson's Snipe/XC323097.mp3
train,Gallinago delicata_Wilson's Snipe,../../Datasets/BirdClef/features/Gallinago delicata_Wilson's Snipe/XC153355.npy,../../Datasets/BirdClef/audio/Gallinago delicata_Wilson's Snipe/XC153355.mp3
train,Gallinago gallinago_Common Snipe,../../Datasets/BirdClef/features/Gallinago gallinago_Common Snipe/XC90977.npy,../../Datasets/BirdClef/audio/Gallinago gallinago_Common Snipe/XC90977.mp3
train,Gallinago gallinago_Common Snipe,../../Datasets/BirdClef/features/Gallinago gallinago_Common Snipe/XC342363.npy,../../Datasets/BirdClef/audio/Gallinago gallinago_Common Snipe/XC342363.mp3
train,Gallinago gallinago_Common Snipe,../../Datasets/BirdClef/features/Gallinago gallinago_Common Snipe/XC474654.npy,../../Datasets/BirdClef/audio/Gallinago gallinago_Common Snipe/XC474654.mp3
train,Gallinago gallinago_Common Snipe,../../Datasets/BirdClef/features/Gallinago gallinago_Common Snipe/XC487574.npy,../../Datasets/BirdClef/audio/Gallinago gallinago_Common Snipe/XC487574.mp3
train,Gallinago gallinago_Common Snipe,../../Datasets/BirdClef/features/Gallinago gallinago_Common Snipe/XC36486.npy,../../Datasets/BirdClef/audio/Gallinago gallinago_Common Snipe/XC36486.mp3
train,Gallinula chloropus_Eurasian Moorhen,../../Datasets/BirdClef/features/Gallinula chloropus_Eurasian Moorhen/XC467263.npy,../../Datasets/BirdClef/audio/Gallinula chloropus_Eurasian Moorhen/XC467263.mp3
train,Gallinula chloropus_Eurasian Moorhen,../../Datasets/BirdClef/features/Gallinula chloropus_Eurasian Moorhen/XC432930.npy,../../Datasets/BirdClef/audio/Gallinula chloropus_Eurasian Moorhen/XC432930.mp3
train,Gallinula chloropus_Eurasian Moorhen,../../Datasets/BirdClef/features/Gallinula chloropus_Eurasian Moorhen/XC470195.npy,../../Datasets/BirdClef/audio/Gallinula chloropus_Eurasian Moorhen/XC470195.mp3
train,Gallinula chloropus_Eurasian Moorhen,../../Datasets/BirdClef/features/Gallinula chloropus_Eurasian Moorhen/XC280319.npy,../../Datasets/BirdClef/audio/Gallinula chloropus_Eurasian Moorhen/XC280319.mp3
train,Gallinula chloropus_Eurasian Moorhen,../../Datasets/BirdClef/features/Gallinula chloropus_Eurasian Moorhen/XC237699.npy,../../Datasets/BirdClef/audio/Gallinula chloropus_Eurasian Moorhen/XC237699.mp3
train,Garrulus glandarius_Eurasian Jay,../../Datasets/BirdClef/features/Garrulus glandarius_Eurasian Jay/XC409113.npy,../../Datasets/BirdClef/audio/Garrulus glandarius_Eurasian Jay/XC409113.mp3
train,Garrulus glandarius_Eurasian Jay,../../Datasets/BirdClef/features/Garrulus glandarius_Eurasian Jay/XC406042.npy,../../Datasets/BirdClef/audio/Garrulus glandarius_Eurasian Jay/XC406042.mp3
train,Garrulus glandarius_Eurasian Jay,../../Datasets/BirdClef/features/Garrulus glandarius_Eurasian Jay/XC393312.npy,../../Datasets/BirdClef/audio/Garrulus glandarius_Eurasian Jay/XC393312.mp3
train,Garrulus glandarius_Eurasian Jay,../../Datasets/BirdClef/features/Garrulus glandarius_Eurasian Jay/XC407904.npy,../../Datasets/BirdClef/audio/Garrulus glandarius_Eurasian Jay/XC407904.mp3
train,Garrulus glandarius_Eurasian Jay,../../Datasets/BirdClef/features/Garrulus glandarius_Eurasian Jay/XC106000.npy,../../Datasets/BirdClef/audio/Garrulus glandarius_Eurasian Jay/XC106000.mp3
train,Gavia immer_Common Loon,../../Datasets/BirdClef/features/Gavia immer_Common Loon/XC445572.npy,../../Datasets/BirdClef/audio/Gavia immer_Common Loon/XC445572.mp3
train,Gavia immer_Common Loon,../../Datasets/BirdClef/features/Gavia immer_Common Loon/XC192504.npy,../../Datasets/BirdClef/audio/Gavia immer_Common Loon/XC192504.mp3
train,Gavia immer_Common Loon,../../Datasets/BirdClef/features/Gavia immer_Common Loon/XC477256.npy,../../Datasets/BirdClef/audio/Gavia immer_Common Loon/XC477256.mp3
train,Gavia immer_Common Loon,../../Datasets/BirdClef/features/Gavia immer_Common Loon/XC478950.npy,../../Datasets/BirdClef/audio/Gavia immer_Common Loon/XC478950.mp3
train,Gavia immer_Common Loon,../../Datasets/BirdClef/features/Gavia immer_Common Loon/XC436668.npy,../../Datasets/BirdClef/audio/Gavia immer_Common Loon/XC436668.mp3
train,Geococcyx californianus_Greater Roadrunner,../../Datasets/BirdClef/features/Geococcyx californianus_Greater Roadrunner/XC448268.npy,../../Datasets/BirdClef/audio/Geococcyx californianus_Greater Roadrunner/XC448268.mp3
train,Geococcyx californianus_Greater Roadrunner,../../Datasets/BirdClef/features/Geococcyx californianus_Greater Roadrunner/XC254879.npy,../../Datasets/BirdClef/audio/Geococcyx californianus_Greater Roadrunner/XC254879.mp3
train,Geococcyx californianus_Greater Roadrunner,../../Datasets/BirdClef/features/Geococcyx californianus_Greater Roadrunner/XC254791.npy,../../Datasets/BirdClef/audio/Geococcyx californianus_Greater Roadrunner/XC254791.mp3
train,Geococcyx californianus_Greater Roadrunner,../../Datasets/BirdClef/features/Geococcyx californianus_Greater Roadrunner/XC254880.npy,../../Datasets/BirdClef/audio/Geococcyx californianus_Greater Roadrunner/XC254880.mp3
train,Geococcyx californianus_Greater Roadrunner,../../Datasets/BirdClef/features/Geococcyx californianus_Greater Roadrunner/XC453114.npy,../../Datasets/BirdClef/audio/Geococcyx californianus_Greater Roadrunner/XC453114.mp3
train,Geothlypis tolmiei_MacGillivray's Warbler,../../Datasets/BirdClef/features/Geothlypis tolmiei_MacGillivray's Warbler/XC450704.npy,../../Datasets/BirdClef/audio/Geothlypis tolmiei_MacGillivray's Warbler/XC450704.mp3
train,Geothlypis tolmiei_MacGillivray's Warbler,../../Datasets/BirdClef/features/Geothlypis tolmiei_MacGillivray's Warbler/XC34867.npy,../../Datasets/BirdClef/audio/Geothlypis tolmiei_MacGillivray's Warbler/XC34867.mp3
train,Geothlypis tolmiei_MacGillivray's Warbler,../../Datasets/BirdClef/features/Geothlypis tolmiei_MacGillivray's Warbler/XC107851.npy,../../Datasets/BirdClef/audio/Geothlypis tolmiei_MacGillivray's Warbler/XC107851.mp3
train,Geothlypis tolmiei_MacGillivray's Warbler,../../Datasets/BirdClef/features/Geothlypis tolmiei_MacGillivray's Warbler/XC13654.npy,../../Datasets/BirdClef/audio/Geothlypis tolmiei_MacGillivray's Warbler/XC13654.mp3
train,Geothlypis tolmiei_MacGillivray's Warbler,../../Datasets/BirdClef/features/Geothlypis tolmiei_MacGillivray's Warbler/XC325012.npy,../../Datasets/BirdClef/audio/Geothlypis tolmiei_MacGillivray's Warbler/XC325012.mp3
train,Geothlypis trichas_Common Yellowthroat,../../Datasets/BirdClef/features/Geothlypis trichas_Common Yellowthroat/XC172967.npy,../../Datasets/BirdClef/audio/Geothlypis trichas_Common Yellowthroat/XC172967.mp3
train,Geothlypis trichas_Common Yellowthroat,../../Datasets/BirdClef/features/Geothlypis trichas_Common Yellowthroat/XC76707.npy,../../Datasets/BirdClef/audio/Geothlypis trichas_Common Yellowthroat/XC76707.mp3
train,Geothlypis trichas_Common Yellowthroat,../../Datasets/BirdClef/features/Geothlypis trichas_Common Yellowthroat/XC181589.npy,../../Datasets/BirdClef/audio/Geothlypis trichas_Common Yellowthroat/XC181589.mp3
train,Geothlypis trichas_Common Yellowthroat,../../Datasets/BirdClef/features/Geothlypis trichas_Common Yellowthroat/XC129076.npy,../../Datasets/BirdClef/audio/Geothlypis trichas_Common Yellowthroat/XC129076.mp3
train,Geothlypis trichas_Common Yellowthroat,../../Datasets/BirdClef/features/Geothlypis trichas_Common Yellowthroat/XC447423.npy,../../Datasets/BirdClef/audio/Geothlypis trichas_Common Yellowthroat/XC447423.mp3
train,Geotrygon montana_Ruddy Quail-Dove,../../Datasets/BirdClef/features/Geotrygon montana_Ruddy Quail-Dove/XC93494.npy,../../Datasets/BirdClef/audio/Geotrygon montana_Ruddy Quail-Dove/XC93494.mp3
train,Geotrygon montana_Ruddy Quail-Dove,../../Datasets/BirdClef/features/Geotrygon montana_Ruddy Quail-Dove/XC63460.npy,../../Datasets/BirdClef/audio/Geotrygon montana_Ruddy Quail-Dove/XC63460.mp3
train,Geotrygon montana_Ruddy Quail-Dove,../../Datasets/BirdClef/features/Geotrygon montana_Ruddy Quail-Dove/XC223462.npy,../../Datasets/BirdClef/audio/Geotrygon montana_Ruddy Quail-Dove/XC223462.mp3
train,Geotrygon montana_Ruddy Quail-Dove,../../Datasets/BirdClef/features/Geotrygon montana_Ruddy Quail-Dove/XC334760.npy,../../Datasets/BirdClef/audio/Geotrygon montana_Ruddy Quail-Dove/XC334760.mp3
train,Geotrygon montana_Ruddy Quail-Dove,../../Datasets/BirdClef/features/Geotrygon montana_Ruddy Quail-Dove/XC223467.npy,../../Datasets/BirdClef/audio/Geotrygon montana_Ruddy Quail-Dove/XC223467.mp3
train,Geranospiza caerulescens_Crane Hawk,../../Datasets/BirdClef/features/Geranospiza caerulescens_Crane Hawk/XC5552.npy,../../Datasets/BirdClef/audio/Geranospiza caerulescens_Crane Hawk/XC5552.mp3
train,Geranospiza caerulescens_Crane Hawk,../../Datasets/BirdClef/features/Geranospiza caerulescens_Crane Hawk/XC257354.npy,../../Datasets/BirdClef/audio/Geranospiza caerulescens_Crane Hawk/XC257354.mp3
train,Geranospiza caerulescens_Crane Hawk,../../Datasets/BirdClef/features/Geranospiza caerulescens_Crane Hawk/XC11714.npy,../../Datasets/BirdClef/audio/Geranospiza caerulescens_Crane Hawk/XC11714.mp3
train,Geranospiza caerulescens_Crane Hawk,../../Datasets/BirdClef/features/Geranospiza caerulescens_Crane Hawk/XC441052.npy,../../Datasets/BirdClef/audio/Geranospiza caerulescens_Crane Hawk/XC441052.mp3
train,Geranospiza caerulescens_Crane Hawk,../../Datasets/BirdClef/features/Geranospiza caerulescens_Crane Hawk/XC223472.npy,../../Datasets/BirdClef/audio/Geranospiza caerulescens_Crane Hawk/XC223472.mp3
train,Glaucidium brasilianum_Ferruginous Pygmy-Owl,../../Datasets/BirdClef/features/Glaucidium brasilianum_Ferruginous Pygmy-Owl/XC288153.npy,../../Datasets/BirdClef/audio/Glaucidium brasilianum_Ferruginous Pygmy-Owl/XC288153.mp3
train,Glaucidium brasilianum_Ferruginous Pygmy-Owl,../../Datasets/BirdClef/features/Glaucidium brasilianum_Ferruginous Pygmy-Owl/XC257752.npy,../../Datasets/BirdClef/audio/Glaucidium brasilianum_Ferruginous Pygmy-Owl/XC257752.mp3
train,Glaucidium brasilianum_Ferruginous Pygmy-Owl,../../Datasets/BirdClef/features/Glaucidium brasilianum_Ferruginous Pygmy-Owl/XC158391.npy,../../Datasets/BirdClef/audio/Glaucidium brasilianum_Ferruginous Pygmy-Owl/XC158391.mp3
train,Glaucidium brasilianum_Ferruginous Pygmy-Owl,../../Datasets/BirdClef/features/Glaucidium brasilianum_Ferruginous Pygmy-Owl/XC31987.npy,../../Datasets/BirdClef/audio/Glaucidium brasilianum_Ferruginous Pygmy-Owl/XC31987.mp3
train,Glaucidium brasilianum_Ferruginous Pygmy-Owl,../../Datasets/BirdClef/features/Glaucidium brasilianum_Ferruginous Pygmy-Owl/XC332715.npy,../../Datasets/BirdClef/audio/Glaucidium brasilianum_Ferruginous Pygmy-Owl/XC332715.mp3
train,Glaucidium hardyi_Amazonian Pygmy-Owl,../../Datasets/BirdClef/features/Glaucidium hardyi_Amazonian Pygmy-Owl/XC124044.npy,../../Datasets/BirdClef/audio/Glaucidium hardyi_Amazonian Pygmy-Owl/XC124044.mp3
train,Glaucidium hardyi_Amazonian Pygmy-Owl,../../Datasets/BirdClef/features/Glaucidium hardyi_Amazonian Pygmy-Owl/XC125665.npy,../../Datasets/BirdClef/audio/Glaucidium hardyi_Amazonian Pygmy-Owl/XC125665.mp3
train,Glaucidium hardyi_Amazonian Pygmy-Owl,../../Datasets/BirdClef/features/Glaucidium hardyi_Amazonian Pygmy-Owl/XC272156.npy,../../Datasets/BirdClef/audio/Glaucidium hardyi_Amazonian Pygmy-Owl/XC272156.mp3
train,Glaucidium hardyi_Amazonian Pygmy-Owl,../../Datasets/BirdClef/features/Glaucidium hardyi_Amazonian Pygmy-Owl/XC266622.npy,../../Datasets/BirdClef/audio/Glaucidium hardyi_Amazonian Pygmy-Owl/XC266622.mp3
train,Glaucidium hardyi_Amazonian Pygmy-Owl,../../Datasets/BirdClef/features/Glaucidium hardyi_Amazonian Pygmy-Owl/XC8116.npy,../../Datasets/BirdClef/audio/Glaucidium hardyi_Amazonian Pygmy-Owl/XC8116.mp3
train,Glyphorynchus spirurus_Wedge-billed Woodcreeper,../../Datasets/BirdClef/features/Glyphorynchus spirurus_Wedge-billed Woodcreeper/XC274474.npy,../../Datasets/BirdClef/audio/Glyphorynchus spirurus_Wedge-billed Woodcreeper/XC274474.mp3
train,Glyphorynchus spirurus_Wedge-billed Woodcreeper,../../Datasets/BirdClef/features/Glyphorynchus spirurus_Wedge-billed Woodcreeper/XC66424.npy,../../Datasets/BirdClef/audio/Glyphorynchus spirurus_Wedge-billed Woodcreeper/XC66424.mp3
train,Glyphorynchus spirurus_Wedge-billed Woodcreeper,../../Datasets/BirdClef/features/Glyphorynchus spirurus_Wedge-billed Woodcreeper/XC223566.npy,../../Datasets/BirdClef/audio/Glyphorynchus spirurus_Wedge-billed Woodcreeper/XC223566.mp3
train,Glyphorynchus spirurus_Wedge-billed Woodcreeper,../../Datasets/BirdClef/features/Glyphorynchus spirurus_Wedge-billed Woodcreeper/XC427420.npy,../../Datasets/BirdClef/audio/Glyphorynchus spirurus_Wedge-billed Woodcreeper/XC427420.mp3
train,Glyphorynchus spirurus_Wedge-billed Woodcreeper,../../Datasets/BirdClef/features/Glyphorynchus spirurus_Wedge-billed Woodcreeper/XC258255.npy,../../Datasets/BirdClef/audio/Glyphorynchus spirurus_Wedge-billed Woodcreeper/XC258255.mp3
train,Grus grus_Common Crane,../../Datasets/BirdClef/features/Grus grus_Common Crane/XC110374.npy,../../Datasets/BirdClef/audio/Grus grus_Common Crane/XC110374.mp3
train,Grus grus_Common Crane,../../Datasets/BirdClef/features/Grus grus_Common Crane/XC494563.npy,../../Datasets/BirdClef/audio/Grus grus_Common Crane/XC494563.mp3
train,Grus grus_Common Crane,../../Datasets/BirdClef/features/Grus grus_Common Crane/XC461234.npy,../../Datasets/BirdClef/audio/Grus grus_Common Crane/XC461234.mp3
train,Grus grus_Common Crane,../../Datasets/BirdClef/features/Grus grus_Common Crane/XC445477.npy,../../Datasets/BirdClef/audio/Grus grus_Common Crane/XC445477.mp3
train,Grus grus_Common Crane,../../Datasets/BirdClef/features/Grus grus_Common Crane/XC439240.npy,../../Datasets/BirdClef/audio/Grus grus_Common Crane/XC439240.mp3
train,Gymnorhinus cyanocephalus_Pinyon Jay,../../Datasets/BirdClef/features/Gymnorhinus cyanocephalus_Pinyon Jay/XC153393.npy,../../Datasets/BirdClef/audio/Gymnorhinus cyanocephalus_Pinyon Jay/XC153393.mp3
train,Gymnorhinus cyanocephalus_Pinyon Jay,../../Datasets/BirdClef/features/Gymnorhinus cyanocephalus_Pinyon Jay/XC362537.npy,../../Datasets/BirdClef/audio/Gymnorhinus cyanocephalus_Pinyon Jay/XC362537.mp3
train,Gymnorhinus cyanocephalus_Pinyon Jay,../../Datasets/BirdClef/features/Gymnorhinus cyanocephalus_Pinyon Jay/XC380631.npy,../../Datasets/BirdClef/audio/Gymnorhinus cyanocephalus_Pinyon Jay/XC380631.mp3
train,Gymnorhinus cyanocephalus_Pinyon Jay,../../Datasets/BirdClef/features/Gymnorhinus cyanocephalus_Pinyon Jay/XC368919.npy,../../Datasets/BirdClef/audio/Gymnorhinus cyanocephalus_Pinyon Jay/XC368919.mp3
train,Gymnorhinus cyanocephalus_Pinyon Jay,../../Datasets/BirdClef/features/Gymnorhinus cyanocephalus_Pinyon Jay/XC448829.npy,../../Datasets/BirdClef/audio/Gymnorhinus cyanocephalus_Pinyon Jay/XC448829.mp3
train,Habia rubica_Red-crowned Ant-Tanager,../../Datasets/BirdClef/features/Habia rubica_Red-crowned Ant-Tanager/XC149781.npy,../../Datasets/BirdClef/audio/Habia rubica_Red-crowned Ant-Tanager/XC149781.mp3
train,Habia rubica_Red-crowned Ant-Tanager,../../Datasets/BirdClef/features/Habia rubica_Red-crowned Ant-Tanager/XC216463.npy,../../Datasets/BirdClef/audio/Habia rubica_Red-crowned Ant-Tanager/XC216463.mp3
train,Habia rubica_Red-crowned Ant-Tanager,../../Datasets/BirdClef/features/Habia rubica_Red-crowned Ant-Tanager/XC27813.npy,../../Datasets/BirdClef/audio/Habia rubica_Red-crowned Ant-Tanager/XC27813.mp3
train,Habia rubica_Red-crowned Ant-Tanager,../../Datasets/BirdClef/features/Habia rubica_Red-crowned Ant-Tanager/XC223840.npy,../../Datasets/BirdClef/audio/Habia rubica_Red-crowned Ant-Tanager/XC223840.mp3
train,Habia rubica_Red-crowned Ant-Tanager,../../Datasets/BirdClef/features/Habia rubica_Red-crowned Ant-Tanager/XC264840.npy,../../Datasets/BirdClef/audio/Habia rubica_Red-crowned Ant-Tanager/XC264840.mp3
train,Haematopus ostralegus_Eurasian Oystercatcher,../../Datasets/BirdClef/features/Haematopus ostralegus_Eurasian Oystercatcher/XC459663.npy,../../Datasets/BirdClef/audio/Haematopus ostralegus_Eurasian Oystercatcher/XC459663.mp3
train,Haematopus ostralegus_Eurasian Oystercatcher,../../Datasets/BirdClef/features/Haematopus ostralegus_Eurasian Oystercatcher/XC330113.npy,../../Datasets/BirdClef/audio/Haematopus ostralegus_Eurasian Oystercatcher/XC330113.mp3
train,Haematopus ostralegus_Eurasian Oystercatcher,../../Datasets/BirdClef/features/Haematopus ostralegus_Eurasian Oystercatcher/XC317477.npy,../../Datasets/BirdClef/audio/Haematopus ostralegus_Eurasian Oystercatcher/XC317477.mp3
train,Haematopus ostralegus_Eurasian Oystercatcher,../../Datasets/BirdClef/features/Haematopus ostralegus_Eurasian Oystercatcher/XC281043.npy,../../Datasets/BirdClef/audio/Haematopus ostralegus_Eurasian Oystercatcher/XC281043.mp3
train,Haematopus ostralegus_Eurasian Oystercatcher,../../Datasets/BirdClef/features/Haematopus ostralegus_Eurasian Oystercatcher/XC123451.npy,../../Datasets/BirdClef/audio/Haematopus ostralegus_Eurasian Oystercatcher/XC123451.mp3
train,Haemorhous cassinii_Cassin's Finch,../../Datasets/BirdClef/features/Haemorhous cassinii_Cassin's Finch/XC247688.npy,../../Datasets/BirdClef/audio/Haemorhous cassinii_Cassin's Finch/XC247688.mp3
train,Haemorhous cassinii_Cassin's Finch,../../Datasets/BirdClef/features/Haemorhous cassinii_Cassin's Finch/XC218168.npy,../../Datasets/BirdClef/audio/Haemorhous cassinii_Cassin's Finch/XC218168.mp3
train,Haemorhous cassinii_Cassin's Finch,../../Datasets/BirdClef/features/Haemorhous cassinii_Cassin's Finch/XC71832.npy,../../Datasets/BirdClef/audio/Haemorhous cassinii_Cassin's Finch/XC71832.mp3
train,Haemorhous cassinii_Cassin's Finch,../../Datasets/BirdClef/features/Haemorhous cassinii_Cassin's Finch/XC21969.npy,../../Datasets/BirdClef/audio/Haemorhous cassinii_Cassin's Finch/XC21969.mp3
train,Haemorhous cassinii_Cassin's Finch,../../Datasets/BirdClef/features/Haemorhous cassinii_Cassin's Finch/XC33847.npy,../../Datasets/BirdClef/audio/Haemorhous cassinii_Cassin's Finch/XC33847.mp3
train,Haemorhous mexicanus_House Finch,../../Datasets/BirdClef/features/Haemorhous mexicanus_House Finch/XC423324.npy,../../Datasets/BirdClef/audio/Haemorhous mexicanus_House Finch/XC423324.mp3
train,Haemorhous mexicanus_House Finch,../../Datasets/BirdClef/features/Haemorhous mexicanus_House Finch/XC188371.npy,../../Datasets/BirdClef/audio/Haemorhous mexicanus_House Finch/XC188371.mp3
train,Haemorhous mexicanus_House Finch,../../Datasets/BirdClef/features/Haemorhous mexicanus_House Finch/XC309624.npy,../../Datasets/BirdClef/audio/Haemorhous mexicanus_House Finch/XC309624.mp3
train,Haemorhous mexicanus_House Finch,../../Datasets/BirdClef/features/Haemorhous mexicanus_House Finch/XC306933.npy,../../Datasets/BirdClef/audio/Haemorhous mexicanus_House Finch/XC306933.mp3
train,Haemorhous mexicanus_House Finch,../../Datasets/BirdClef/features/Haemorhous mexicanus_House Finch/XC383780.npy,../../Datasets/BirdClef/audio/Haemorhous mexicanus_House Finch/XC383780.mp3
train,Haemorhous purpureus_Purple Finch,../../Datasets/BirdClef/features/Haemorhous purpureus_Purple Finch/XC160011.npy,../../Datasets/BirdClef/audio/Haemorhous purpureus_Purple Finch/XC160011.mp3
train,Haemorhous purpureus_Purple Finch,../../Datasets/BirdClef/features/Haemorhous purpureus_Purple Finch/XC465032.npy,../../Datasets/BirdClef/audio/Haemorhous purpureus_Purple Finch/XC465032.mp3
train,Haemorhous purpureus_Purple Finch,../../Datasets/BirdClef/features/Haemorhous purpureus_Purple Finch/XC160262.npy,../../Datasets/BirdClef/audio/Haemorhous purpureus_Purple Finch/XC160262.mp3
train,Haemorhous purpureus_Purple Finch,../../Datasets/BirdClef/features/Haemorhous purpureus_Purple Finch/XC326224.npy,../../Datasets/BirdClef/audio/Haemorhous purpureus_Purple Finch/XC326224.mp3
train,Haemorhous purpureus_Purple Finch,../../Datasets/BirdClef/features/Haemorhous purpureus_Purple Finch/XC294188.npy,../../Datasets/BirdClef/audio/Haemorhous purpureus_Purple Finch/XC294188.mp3
train,Hafferia fortis_Sooty Antbird,../../Datasets/BirdClef/features/Hafferia fortis_Sooty Antbird/XC438563.npy,../../Datasets/BirdClef/audio/Hafferia fortis_Sooty Antbird/XC438563.mp3
train,Hafferia fortis_Sooty Antbird,../../Datasets/BirdClef/features/Hafferia fortis_Sooty Antbird/XC260816.npy,../../Datasets/BirdClef/audio/Hafferia fortis_Sooty Antbird/XC260816.mp3
train,Hafferia fortis_Sooty Antbird,../../Datasets/BirdClef/features/Hafferia fortis_Sooty Antbird/XC270805.npy,../../Datasets/BirdClef/audio/Hafferia fortis_Sooty Antbird/XC270805.mp3
train,Hafferia fortis_Sooty Antbird,../../Datasets/BirdClef/features/Hafferia fortis_Sooty Antbird/XC384089.npy,../../Datasets/BirdClef/audio/Hafferia fortis_Sooty Antbird/XC384089.mp3
train,Hafferia fortis_Sooty Antbird,../../Datasets/BirdClef/features/Hafferia fortis_Sooty Antbird/XC438564.npy,../../Datasets/BirdClef/audio/Hafferia fortis_Sooty Antbird/XC438564.mp3
train,Hemithraupis guira_Guira Tanager,../../Datasets/BirdClef/features/Hemithraupis guira_Guira Tanager/XC176637.npy,../../Datasets/BirdClef/audio/Hemithraupis guira_Guira Tanager/XC176637.mp3
train,Hemithraupis guira_Guira Tanager,../../Datasets/BirdClef/features/Hemithraupis guira_Guira Tanager/XC223943.npy,../../Datasets/BirdClef/audio/Hemithraupis guira_Guira Tanager/XC223943.mp3
train,Hemithraupis guira_Guira Tanager,../../Datasets/BirdClef/features/Hemithraupis guira_Guira Tanager/XC426097.npy,../../Datasets/BirdClef/audio/Hemithraupis guira_Guira Tanager/XC426097.mp3
train,Hemithraupis guira_Guira Tanager,../../Datasets/BirdClef/features/Hemithraupis guira_Guira Tanager/XC47041.npy,../../Datasets/BirdClef/audio/Hemithraupis guira_Guira Tanager/XC47041.mp3
train,Hemithraupis guira_Guira Tanager,../../Datasets/BirdClef/features/Hemithraupis guira_Guira Tanager/XC283354.npy,../../Datasets/BirdClef/audio/Hemithraupis guira_Guira Tanager/XC283354.mp3
train,Hemitriccus flammulatus_Flammulated Pygmy-Tyrant,../../Datasets/BirdClef/features/Hemitriccus flammulatus_Flammulated Pygmy-Tyrant/XC20423.npy,../../Datasets/BirdClef/audio/Hemitriccus flammulatus_Flammulated Pygmy-Tyrant/XC20423.mp3
train,Hemitriccus flammulatus_Flammulated Pygmy-Tyrant,../../Datasets/BirdClef/features/Hemitriccus flammulatus_Flammulated Pygmy-Tyrant/XC431927.npy,../../Datasets/BirdClef/audio/Hemitriccus flammulatus_Flammulated Pygmy-Tyrant/XC431927.mp3
train,Hemitriccus flammulatus_Flammulated Pygmy-Tyrant,../../Datasets/BirdClef/features/Hemitriccus flammulatus_Flammulated Pygmy-Tyrant/XC122593.npy,../../Datasets/BirdClef/audio/Hemitriccus flammulatus_Flammulated Pygmy-Tyrant/XC122593.mp3
train,Hemitriccus flammulatus_Flammulated Pygmy-Tyrant,../../Datasets/BirdClef/features/Hemitriccus flammulatus_Flammulated Pygmy-Tyrant/XC10815.npy,../../Datasets/BirdClef/audio/Hemitriccus flammulatus_Flammulated Pygmy-Tyrant/XC10815.mp3
train,Hemitriccus flammulatus_Flammulated Pygmy-Tyrant,../../Datasets/BirdClef/features/Hemitriccus flammulatus_Flammulated Pygmy-Tyrant/XC3793.npy,../../Datasets/BirdClef/audio/Hemitriccus flammulatus_Flammulated Pygmy-Tyrant/XC3793.mp3
train,Hemitriccus griseipectus_White-bellied Tody-Tyrant,../../Datasets/BirdClef/features/Hemitriccus griseipectus_White-bellied Tody-Tyrant/XC63488.npy,../../Datasets/BirdClef/audio/Hemitriccus griseipectus_White-bellied Tody-Tyrant/XC63488.mp3
train,Hemitriccus griseipectus_White-bellied Tody-Tyrant,../../Datasets/BirdClef/features/Hemitriccus griseipectus_White-bellied Tody-Tyrant/XC30508.npy,../../Datasets/BirdClef/audio/Hemitriccus griseipectus_White-bellied Tody-Tyrant/XC30508.mp3
train,Hemitriccus griseipectus_White-bellied Tody-Tyrant,../../Datasets/BirdClef/features/Hemitriccus griseipectus_White-bellied Tody-Tyrant/XC349252.npy,../../Datasets/BirdClef/audio/Hemitriccus griseipectus_White-bellied Tody-Tyrant/XC349252.mp3
train,Hemitriccus griseipectus_White-bellied Tody-Tyrant,../../Datasets/BirdClef/features/Hemitriccus griseipectus_White-bellied Tody-Tyrant/XC15880.npy,../../Datasets/BirdClef/audio/Hemitriccus griseipectus_White-bellied Tody-Tyrant/XC15880.mp3
train,Hemitriccus griseipectus_White-bellied Tody-Tyrant,../../Datasets/BirdClef/features/Hemitriccus griseipectus_White-bellied Tody-Tyrant/XC223979.npy,../../Datasets/BirdClef/audio/Hemitriccus griseipectus_White-bellied Tody-Tyrant/XC223979.mp3
train,Hemitriccus iohannis_Johannes's Tody-Tyrant,../../Datasets/BirdClef/features/Hemitriccus iohannis_Johannes's Tody-Tyrant/XC270716.npy,../../Datasets/BirdClef/audio/Hemitriccus iohannis_Johannes's Tody-Tyrant/XC270716.mp3
train,Hemitriccus iohannis_Johannes's Tody-Tyrant,../../Datasets/BirdClef/features/Hemitriccus iohannis_Johannes's Tody-Tyrant/XC436785.npy,../../Datasets/BirdClef/audio/Hemitriccus iohannis_Johannes's Tody-Tyrant/XC436785.mp3
train,Hemitriccus iohannis_Johannes's Tody-Tyrant,../../Datasets/BirdClef/features/Hemitriccus iohannis_Johannes's Tody-Tyrant/XC16598.npy,../../Datasets/BirdClef/audio/Hemitriccus iohannis_Johannes's Tody-Tyrant/XC16598.mp3
train,Hemitriccus iohannis_Johannes's Tody-Tyrant,../../Datasets/BirdClef/features/Hemitriccus iohannis_Johannes's Tody-Tyrant/XC66608.npy,../../Datasets/BirdClef/audio/Hemitriccus iohannis_Johannes's Tody-Tyrant/XC66608.mp3
train,Hemitriccus iohannis_Johannes's Tody-Tyrant,../../Datasets/BirdClef/features/Hemitriccus iohannis_Johannes's Tody-Tyrant/XC329211.npy,../../Datasets/BirdClef/audio/Hemitriccus iohannis_Johannes's Tody-Tyrant/XC329211.mp3
train,Herpetotheres cachinnans_Laughing Falcon,../../Datasets/BirdClef/features/Herpetotheres cachinnans_Laughing Falcon/XC109627.npy,../../Datasets/BirdClef/audio/Herpetotheres cachinnans_Laughing Falcon/XC109627.mp3
train,Herpetotheres cachinnans_Laughing Falcon,../../Datasets/BirdClef/features/Herpetotheres cachinnans_Laughing Falcon/XC387567.npy,../../Datasets/BirdClef/audio/Herpetotheres cachinnans_Laughing Falcon/XC387567.mp3
train,Herpetotheres cachinnans_Laughing Falcon,../../Datasets/BirdClef/features/Herpetotheres cachinnans_Laughing Falcon/XC164651.npy,../../Datasets/BirdClef/audio/Herpetotheres cachinnans_Laughing Falcon/XC164651.mp3
train,Herpetotheres cachinnans_Laughing Falcon,../../Datasets/BirdClef/features/Herpetotheres cachinnans_Laughing Falcon/XC1502.npy,../../Datasets/BirdClef/audio/Herpetotheres cachinnans_Laughing Falcon/XC1502.mp3
train,Herpetotheres cachinnans_Laughing Falcon,../../Datasets/BirdClef/features/Herpetotheres cachinnans_Laughing Falcon/XC257400.npy,../../Datasets/BirdClef/audio/Herpetotheres cachinnans_Laughing Falcon/XC257400.mp3
train,Hippolais polyglotta_Melodious Warbler,../../Datasets/BirdClef/features/Hippolais polyglotta_Melodious Warbler/XC218001.npy,../../Datasets/BirdClef/audio/Hippolais polyglotta_Melodious Warbler/XC218001.mp3
train,Hippolais polyglotta_Melodious Warbler,../../Datasets/BirdClef/features/Hippolais polyglotta_Melodious Warbler/XC485394.npy,../../Datasets/BirdClef/audio/Hippolais polyglotta_Melodious Warbler/XC485394.mp3
train,Hippolais polyglotta_Melodious Warbler,../../Datasets/BirdClef/features/Hippolais polyglotta_Melodious Warbler/XC499804.npy,../../Datasets/BirdClef/audio/Hippolais polyglotta_Melodious Warbler/XC499804.mp3
train,Hippolais polyglotta_Melodious Warbler,../../Datasets/BirdClef/features/Hippolais polyglotta_Melodious Warbler/XC270360.npy,../../Datasets/BirdClef/audio/Hippolais polyglotta_Melodious Warbler/XC270360.mp3
train,Hippolais polyglotta_Melodious Warbler,../../Datasets/BirdClef/features/Hippolais polyglotta_Melodious Warbler/XC164207.npy,../../Datasets/BirdClef/audio/Hippolais polyglotta_Melodious Warbler/XC164207.mp3
train,Hirundo rustica_Barn Swallow,../../Datasets/BirdClef/features/Hirundo rustica_Barn Swallow/XC271037.npy,../../Datasets/BirdClef/audio/Hirundo rustica_Barn Swallow/XC271037.mp3
train,Hirundo rustica_Barn Swallow,../../Datasets/BirdClef/features/Hirundo rustica_Barn Swallow/XC361746.npy,../../Datasets/BirdClef/audio/Hirundo rustica_Barn Swallow/XC361746.mp3
train,Hirundo rustica_Barn Swallow,../../Datasets/BirdClef/features/Hirundo rustica_Barn Swallow/XC286592.npy,../../Datasets/BirdClef/audio/Hirundo rustica_Barn Swallow/XC286592.mp3
train,Hirundo rustica_Barn Swallow,../../Datasets/BirdClef/features/Hirundo rustica_Barn Swallow/XC197400.npy,../../Datasets/BirdClef/audio/Hirundo rustica_Barn Swallow/XC197400.mp3
train,Hirundo rustica_Barn Swallow,../../Datasets/BirdClef/features/Hirundo rustica_Barn Swallow/XC144983.npy,../../Datasets/BirdClef/audio/Hirundo rustica_Barn Swallow/XC144983.mp3
train,Hydroprogne caspia_Caspian Tern,../../Datasets/BirdClef/features/Hydroprogne caspia_Caspian Tern/XC432945.npy,../../Datasets/BirdClef/audio/Hydroprogne caspia_Caspian Tern/XC432945.mp3
train,Hydroprogne caspia_Caspian Tern,../../Datasets/BirdClef/features/Hydroprogne caspia_Caspian Tern/XC197268.npy,../../Datasets/BirdClef/audio/Hydroprogne caspia_Caspian Tern/XC197268.mp3
train,Hydroprogne caspia_Caspian Tern,../../Datasets/BirdClef/features/Hydroprogne caspia_Caspian Tern/XC468800.npy,../../Datasets/BirdClef/audio/Hydroprogne caspia_Caspian Tern/XC468800.mp3
train,Hydroprogne caspia_Caspian Tern,../../Datasets/BirdClef/features/Hydroprogne caspia_Caspian Tern/XC173581.npy,../../Datasets/BirdClef/audio/Hydroprogne caspia_Caspian Tern/XC173581.mp3
train,Hydroprogne caspia_Caspian Tern,../../Datasets/BirdClef/features/Hydroprogne caspia_Caspian Tern/XC265593.npy,../../Datasets/BirdClef/audio/Hydroprogne caspia_Caspian Tern/XC265593.mp3
train,Hylocharis cyanus_White-chinned Sapphire,../../Datasets/BirdClef/features/Hylocharis cyanus_White-chinned Sapphire/XC430618.npy,../../Datasets/BirdClef/audio/Hylocharis cyanus_White-chinned Sapphire/XC430618.mp3
train,Hylocharis cyanus_White-chinned Sapphire,../../Datasets/BirdClef/features/Hylocharis cyanus_White-chinned Sapphire/XC85170.npy,../../Datasets/BirdClef/audio/Hylocharis cyanus_White-chinned Sapphire/XC85170.mp3
train,Hylocharis cyanus_White-chinned Sapphire,../../Datasets/BirdClef/features/Hylocharis cyanus_White-chinned Sapphire/XC224267.npy,../../Datasets/BirdClef/audio/Hylocharis cyanus_White-chinned Sapphire/XC224267.mp3
train,Hylocharis cyanus_White-chinned Sapphire,../../Datasets/BirdClef/features/Hylocharis cyanus_White-chinned Sapphire/XC130876.npy,../../Datasets/BirdClef/audio/Hylocharis cyanus_White-chinned Sapphire/XC130876.mp3
train,Hylocharis cyanus_White-chinned Sapphire,../../Datasets/BirdClef/features/Hylocharis cyanus_White-chinned Sapphire/XC285102.npy,../../Datasets/BirdClef/audio/Hylocharis cyanus_White-chinned Sapphire/XC285102.mp3
train,Hylocichla mustelina_Wood Thrush,../../Datasets/BirdClef/features/Hylocichla mustelina_Wood Thrush/XC364559.npy,../../Datasets/BirdClef/audio/Hylocichla mustelina_Wood Thrush/XC364559.mp3
train,Hylocichla mustelina_Wood Thrush,../../Datasets/BirdClef/features/Hylocichla mustelina_Wood Thrush/XC125240.npy,../../Datasets/BirdClef/audio/Hylocichla mustelina_Wood Thrush/XC125240.mp3
train,Hylocichla mustelina_Wood Thrush,../../Datasets/BirdClef/features/Hylocichla mustelina_Wood Thrush/XC139063.npy,../../Datasets/BirdClef/audio/Hylocichla mustelina_Wood Thrush/XC139063.mp3
train,Hylocichla mustelina_Wood Thrush,../../Datasets/BirdClef/features/Hylocichla mustelina_Wood Thrush/XC497571.npy,../../Datasets/BirdClef/audio/Hylocichla mustelina_Wood Thrush/XC497571.mp3
train,Hylocichla mustelina_Wood Thrush,../../Datasets/BirdClef/features/Hylocichla mustelina_Wood Thrush/XC178134.npy,../../Datasets/BirdClef/audio/Hylocichla mustelina_Wood Thrush/XC178134.mp3
train,Hylopezus berlepschi_Amazonian Antpitta,../../Datasets/BirdClef/features/Hylopezus berlepschi_Amazonian Antpitta/XC483311.npy,../../Datasets/BirdClef/audio/Hylopezus berlepschi_Amazonian Antpitta/XC483311.mp3
train,Hylopezus berlepschi_Amazonian Antpitta,../../Datasets/BirdClef/features/Hylopezus berlepschi_Amazonian Antpitta/XC370565.npy,../../Datasets/BirdClef/audio/Hylopezus berlepschi_Amazonian Antpitta/XC370565.mp3
train,Hylopezus berlepschi_Amazonian Antpitta,../../Datasets/BirdClef/features/Hylopezus berlepschi_Amazonian Antpitta/XC63510.npy,../../Datasets/BirdClef/audio/Hylopezus berlepschi_Amazonian Antpitta/XC63510.mp3
train,Hylopezus berlepschi_Amazonian Antpitta,../../Datasets/BirdClef/features/Hylopezus berlepschi_Amazonian Antpitta/XC2290.npy,../../Datasets/BirdClef/audio/Hylopezus berlepschi_Amazonian Antpitta/XC2290.mp3
train,Hylopezus berlepschi_Amazonian Antpitta,../../Datasets/BirdClef/features/Hylopezus berlepschi_Amazonian Antpitta/XC63272.npy,../../Datasets/BirdClef/audio/Hylopezus berlepschi_Amazonian Antpitta/XC63272.mp3
train,Hylophilus thoracicus_Lemon-chested Greenlet,../../Datasets/BirdClef/features/Hylophilus thoracicus_Lemon-chested Greenlet/XC169569.npy,../../Datasets/BirdClef/audio/Hylophilus thoracicus_Lemon-chested Greenlet/XC169569.mp3
train,Hylophilus thoracicus_Lemon-chested Greenlet,../../Datasets/BirdClef/features/Hylophilus thoracicus_Lemon-chested Greenlet/XC494594.npy,../../Datasets/BirdClef/audio/Hylophilus thoracicus_Lemon-chested Greenlet/XC494594.mp3
train,Hylophilus thoracicus_Lemon-chested Greenlet,../../Datasets/BirdClef/features/Hylophilus thoracicus_Lemon-chested Greenlet/XC286660.npy,../../Datasets/BirdClef/audio/Hylophilus thoracicus_Lemon-chested Greenlet/XC286660.mp3
train,Hylophilus thoracicus_Lemon-chested Greenlet,../../Datasets/BirdClef/features/Hylophilus thoracicus_Lemon-chested Greenlet/XC224441.npy,../../Datasets/BirdClef/audio/Hylophilus thoracicus_Lemon-chested Greenlet/XC224441.mp3
train,Hylophilus thoracicus_Lemon-chested Greenlet,../../Datasets/BirdClef/features/Hylophilus thoracicus_Lemon-chested Greenlet/XC427499.npy,../../Datasets/BirdClef/audio/Hylophilus thoracicus_Lemon-chested Greenlet/XC427499.mp3
train,Hylophylax naevius_Spot-backed Antbird,../../Datasets/BirdClef/features/Hylophylax naevius_Spot-backed Antbird/XC167355.npy,../../Datasets/BirdClef/audio/Hylophylax naevius_Spot-backed Antbird/XC167355.mp3
train,Hylophylax naevius_Spot-backed Antbird,../../Datasets/BirdClef/features/Hylophylax naevius_Spot-backed Antbird/XC251013.npy,../../Datasets/BirdClef/audio/Hylophylax naevius_Spot-backed Antbird/XC251013.mp3
train,Hylophylax naevius_Spot-backed Antbird,../../Datasets/BirdClef/features/Hylophylax naevius_Spot-backed Antbird/XC258490.npy,../../Datasets/BirdClef/audio/Hylophylax naevius_Spot-backed Antbird/XC258490.mp3
train,Hylophylax naevius_Spot-backed Antbird,../../Datasets/BirdClef/features/Hylophylax naevius_Spot-backed Antbird/XC194.npy,../../Datasets/BirdClef/audio/Hylophylax naevius_Spot-backed Antbird/XC194.mp3
train,Hylophylax naevius_Spot-backed Antbird,../../Datasets/BirdClef/features/Hylophylax naevius_Spot-backed Antbird/XC224461.npy,../../Datasets/BirdClef/audio/Hylophylax naevius_Spot-backed Antbird/XC224461.mp3
train,Hypocnemis peruviana_Peruvian Warbling-Antbird,../../Datasets/BirdClef/features/Hypocnemis peruviana_Peruvian Warbling-Antbird/XC14497.npy,../../Datasets/BirdClef/audio/Hypocnemis peruviana_Peruvian Warbling-Antbird/XC14497.mp3
train,Hypocnemis peruviana_Peruvian Warbling-Antbird,../../Datasets/BirdClef/features/Hypocnemis peruviana_Peruvian Warbling-Antbird/XC102544.npy,../../Datasets/BirdClef/audio/Hypocnemis peruviana_Peruvian Warbling-Antbird/XC102544.mp3
train,Hypocnemis peruviana_Peruvian Warbling-Antbird,../../Datasets/BirdClef/features/Hypocnemis peruviana_Peruvian Warbling-Antbird/XC38689.npy,../../Datasets/BirdClef/audio/Hypocnemis peruviana_Peruvian Warbling-Antbird/XC38689.mp3
train,Hypocnemis peruviana_Peruvian Warbling-Antbird,../../Datasets/BirdClef/features/Hypocnemis peruviana_Peruvian Warbling-Antbird/XC72568.npy,../../Datasets/BirdClef/audio/Hypocnemis peruviana_Peruvian Warbling-Antbird/XC72568.mp3
train,Hypocnemis peruviana_Peruvian Warbling-Antbird,../../Datasets/BirdClef/features/Hypocnemis peruviana_Peruvian Warbling-Antbird/XC249096.npy,../../Datasets/BirdClef/audio/Hypocnemis peruviana_Peruvian Warbling-Antbird/XC249096.mp3
train,Hypocnemoides maculicauda_Band-tailed Antbird,../../Datasets/BirdClef/features/Hypocnemoides maculicauda_Band-tailed Antbird/XC207132.npy,../../Datasets/BirdClef/audio/Hypocnemoides maculicauda_Band-tailed Antbird/XC207132.mp3
train,Hypocnemoides maculicauda_Band-tailed Antbird,../../Datasets/BirdClef/features/Hypocnemoides maculicauda_Band-tailed Antbird/XC80223.npy,../../Datasets/BirdClef/audio/Hypocnemoides maculicauda_Band-tailed Antbird/XC80223.mp3
train,Hypocnemoides maculicauda_Band-tailed Antbird,../../Datasets/BirdClef/features/Hypocnemoides maculicauda_Band-tailed Antbird/XC23687.npy,../../Datasets/BirdClef/audio/Hypocnemoides maculicauda_Band-tailed Antbird/XC23687.mp3
train,Hypocnemoides maculicauda_Band-tailed Antbird,../../Datasets/BirdClef/features/Hypocnemoides maculicauda_Band-tailed Antbird/XC2534.npy,../../Datasets/BirdClef/audio/Hypocnemoides maculicauda_Band-tailed Antbird/XC2534.mp3
train,Hypocnemoides maculicauda_Band-tailed Antbird,../../Datasets/BirdClef/features/Hypocnemoides maculicauda_Band-tailed Antbird/XC87211.npy,../../Datasets/BirdClef/audio/Hypocnemoides maculicauda_Band-tailed Antbird/XC87211.mp3
train,Ibycter americanus_Red-throated Caracara,../../Datasets/BirdClef/features/Ibycter americanus_Red-throated Caracara/XC401503.npy,../../Datasets/BirdClef/audio/Ibycter americanus_Red-throated Caracara/XC401503.mp3
train,Ibycter americanus_Red-throated Caracara,../../Datasets/BirdClef/features/Ibycter americanus_Red-throated Caracara/XC271765.npy,../../Datasets/BirdClef/audio/Ibycter americanus_Red-throated Caracara/XC271765.mp3
train,Ibycter americanus_Red-throated Caracara,../../Datasets/BirdClef/features/Ibycter americanus_Red-throated Caracara/XC202731.npy,../../Datasets/BirdClef/audio/Ibycter americanus_Red-throated Caracara/XC202731.mp3
train,Ibycter americanus_Red-throated Caracara,../../Datasets/BirdClef/features/Ibycter americanus_Red-throated Caracara/XC81398.npy,../../Datasets/BirdClef/audio/Ibycter americanus_Red-throated Caracara/XC81398.mp3
train,Ibycter americanus_Red-throated Caracara,../../Datasets/BirdClef/features/Ibycter americanus_Red-throated Caracara/XC44138.npy,../../Datasets/BirdClef/audio/Ibycter americanus_Red-throated Caracara/XC44138.mp3
train,Ichthyaetus melanocephalus_Mediterranean Gull,../../Datasets/BirdClef/features/Ichthyaetus melanocephalus_Mediterranean Gull/XC179601.npy,../../Datasets/BirdClef/audio/Ichthyaetus melanocephalus_Mediterranean Gull/XC179601.mp3
train,Ichthyaetus melanocephalus_Mediterranean Gull,../../Datasets/BirdClef/features/Ichthyaetus melanocephalus_Mediterranean Gull/XC367960.npy,../../Datasets/BirdClef/audio/Ichthyaetus melanocephalus_Mediterranean Gull/XC367960.mp3
train,Ichthyaetus melanocephalus_Mediterranean Gull,../../Datasets/BirdClef/features/Ichthyaetus melanocephalus_Mediterranean Gull/XC417627.npy,../../Datasets/BirdClef/audio/Ichthyaetus melanocephalus_Mediterranean Gull/XC417627.mp3
train,Ichthyaetus melanocephalus_Mediterranean Gull,../../Datasets/BirdClef/features/Ichthyaetus melanocephalus_Mediterranean Gull/XC312473.npy,../../Datasets/BirdClef/audio/Ichthyaetus melanocephalus_Mediterranean Gull/XC312473.mp3
train,Ichthyaetus melanocephalus_Mediterranean Gull,../../Datasets/BirdClef/features/Ichthyaetus melanocephalus_Mediterranean Gull/XC46094.npy,../../Datasets/BirdClef/audio/Ichthyaetus melanocephalus_Mediterranean Gull/XC46094.mp3
train,Icterus bullockii_Bullock's Oriole,../../Datasets/BirdClef/features/Icterus bullockii_Bullock's Oriole/XC422424.npy,../../Datasets/BirdClef/audio/Icterus bullockii_Bullock's Oriole/XC422424.mp3
train,Icterus bullockii_Bullock's Oriole,../../Datasets/BirdClef/features/Icterus bullockii_Bullock's Oriole/XC279667.npy,../../Datasets/BirdClef/audio/Icterus bullockii_Bullock's Oriole/XC279667.mp3
train,Icterus bullockii_Bullock's Oriole,../../Datasets/BirdClef/features/Icterus bullockii_Bullock's Oriole/XC308762.npy,../../Datasets/BirdClef/audio/Icterus bullockii_Bullock's Oriole/XC308762.mp3
train,Icterus bullockii_Bullock's Oriole,../../Datasets/BirdClef/features/Icterus bullockii_Bullock's Oriole/XC482280.npy,../../Datasets/BirdClef/audio/Icterus bullockii_Bullock's Oriole/XC482280.mp3
train,Icterus bullockii_Bullock's Oriole,../../Datasets/BirdClef/features/Icterus bullockii_Bullock's Oriole/XC177261.npy,../../Datasets/BirdClef/audio/Icterus bullockii_Bullock's Oriole/XC177261.mp3
train,Icterus cayanensis_Epaulet Oriole,../../Datasets/BirdClef/features/Icterus cayanensis_Epaulet Oriole/XC86637.npy,../../Datasets/BirdClef/audio/Icterus cayanensis_Epaulet Oriole/XC86637.mp3
train,Icterus cayanensis_Epaulet Oriole,../../Datasets/BirdClef/features/Icterus cayanensis_Epaulet Oriole/XC224567.npy,../../Datasets/BirdClef/audio/Icterus cayanensis_Epaulet Oriole/XC224567.mp3
train,Icterus cayanensis_Epaulet Oriole,../../Datasets/BirdClef/features/Icterus cayanensis_Epaulet Oriole/XC260034.npy,../../Datasets/BirdClef/audio/Icterus cayanensis_Epaulet Oriole/XC260034.mp3
train,Icterus cayanensis_Epaulet Oriole,../../Datasets/BirdClef/features/Icterus cayanensis_Epaulet Oriole/XC260033.npy,../../Datasets/BirdClef/audio/Icterus cayanensis_Epaulet Oriole/XC260033.mp3
train,Icterus cayanensis_Epaulet Oriole,../../Datasets/BirdClef/features/Icterus cayanensis_Epaulet Oriole/XC217002.npy,../../Datasets/BirdClef/audio/Icterus cayanensis_Epaulet Oriole/XC217002.mp3
train,Icterus croconotus_Orange-backed Troupial,../../Datasets/BirdClef/features/Icterus croconotus_Orange-backed Troupial/XC174048.npy,../../Datasets/BirdClef/audio/Icterus croconotus_Orange-backed Troupial/XC174048.mp3
train,Icterus croconotus_Orange-backed Troupial,../../Datasets/BirdClef/features/Icterus croconotus_Orange-backed Troupial/XC260037.npy,../../Datasets/BirdClef/audio/Icterus croconotus_Orange-backed Troupial/XC260037.mp3
train,Icterus croconotus_Orange-backed Troupial,../../Datasets/BirdClef/features/Icterus croconotus_Orange-backed Troupial/XC48030.npy,../../Datasets/BirdClef/audio/Icterus croconotus_Orange-backed Troupial/XC48030.mp3
train,Icterus croconotus_Orange-backed Troupial,../../Datasets/BirdClef/features/Icterus croconotus_Orange-backed Troupial/XC136188.npy,../../Datasets/BirdClef/audio/Icterus croconotus_Orange-backed Troupial/XC136188.mp3
train,Icterus croconotus_Orange-backed Troupial,../../Datasets/BirdClef/features/Icterus croconotus_Orange-backed Troupial/XC84565.npy,../../Datasets/BirdClef/audio/Icterus croconotus_Orange-backed Troupial/XC84565.mp3
train,Icterus galbula_Baltimore Oriole,../../Datasets/BirdClef/features/Icterus galbula_Baltimore Oriole/XC493544.npy,../../Datasets/BirdClef/audio/Icterus galbula_Baltimore Oriole/XC493544.mp3
train,Icterus galbula_Baltimore Oriole,../../Datasets/BirdClef/features/Icterus galbula_Baltimore Oriole/XC244358.npy,../../Datasets/BirdClef/audio/Icterus galbula_Baltimore Oriole/XC244358.mp3
train,Icterus galbula_Baltimore Oriole,../../Datasets/BirdClef/features/Icterus galbula_Baltimore Oriole/XC160689.npy,../../Datasets/BirdClef/audio/Icterus galbula_Baltimore Oriole/XC160689.mp3
train,Icterus galbula_Baltimore Oriole,../../Datasets/BirdClef/features/Icterus galbula_Baltimore Oriole/XC101649.npy,../../Datasets/BirdClef/audio/Icterus galbula_Baltimore Oriole/XC101649.mp3
train,Icterus galbula_Baltimore Oriole,../../Datasets/BirdClef/features/Icterus galbula_Baltimore Oriole/XC33509.npy,../../Datasets/BirdClef/audio/Icterus galbula_Baltimore Oriole/XC33509.mp3
train,Icterus parisorum_Scott's Oriole,../../Datasets/BirdClef/features/Icterus parisorum_Scott's Oriole/XC21341.npy,../../Datasets/BirdClef/audio/Icterus parisorum_Scott's Oriole/XC21341.mp3
train,Icterus parisorum_Scott's Oriole,../../Datasets/BirdClef/features/Icterus parisorum_Scott's Oriole/XC466190.npy,../../Datasets/BirdClef/audio/Icterus parisorum_Scott's Oriole/XC466190.mp3
train,Icterus parisorum_Scott's Oriole,../../Datasets/BirdClef/features/Icterus parisorum_Scott's Oriole/XC466192.npy,../../Datasets/BirdClef/audio/Icterus parisorum_Scott's Oriole/XC466192.mp3
train,Icterus parisorum_Scott's Oriole,../../Datasets/BirdClef/features/Icterus parisorum_Scott's Oriole/XC109452.npy,../../Datasets/BirdClef/audio/Icterus parisorum_Scott's Oriole/XC109452.mp3
train,Icterus parisorum_Scott's Oriole,../../Datasets/BirdClef/features/Icterus parisorum_Scott's Oriole/XC265318.npy,../../Datasets/BirdClef/audio/Icterus parisorum_Scott's Oriole/XC265318.mp3
train,Isleria hauxwelli_Plain-throated Antwren,../../Datasets/BirdClef/features/Isleria hauxwelli_Plain-throated Antwren/XC258412.npy,../../Datasets/BirdClef/audio/Isleria hauxwelli_Plain-throated Antwren/XC258412.mp3
train,Isleria hauxwelli_Plain-throated Antwren,../../Datasets/BirdClef/features/Isleria hauxwelli_Plain-throated Antwren/XC28129.npy,../../Datasets/BirdClef/audio/Isleria hauxwelli_Plain-throated Antwren/XC28129.mp3
train,Isleria hauxwelli_Plain-throated Antwren,../../Datasets/BirdClef/features/Isleria hauxwelli_Plain-throated Antwren/XC36948.npy,../../Datasets/BirdClef/audio/Isleria hauxwelli_Plain-throated Antwren/XC36948.mp3
train,Isleria hauxwelli_Plain-throated Antwren,../../Datasets/BirdClef/features/Isleria hauxwelli_Plain-throated Antwren/XC155447.npy,../../Datasets/BirdClef/audio/Isleria hauxwelli_Plain-throated Antwren/XC155447.mp3
train,Isleria hauxwelli_Plain-throated Antwren,../../Datasets/BirdClef/features/Isleria hauxwelli_Plain-throated Antwren/XC226534.npy,../../Datasets/BirdClef/audio/Isleria hauxwelli_Plain-throated Antwren/XC226534.mp3
train,Ixobrychus exilis_Least Bittern,../../Datasets/BirdClef/features/Ixobrychus exilis_Least Bittern/XC140512.npy,../../Datasets/BirdClef/audio/Ixobrychus exilis_Least Bittern/XC140512.mp3
train,Ixobrychus exilis_Least Bittern,../../Datasets/BirdClef/features/Ixobrychus exilis_Least Bittern/XC452104.npy,../../Datasets/BirdClef/audio/Ixobrychus exilis_Least Bittern/XC452104.mp3
train,Ixobrychus exilis_Least Bittern,../../Datasets/BirdClef/features/Ixobrychus exilis_Least Bittern/XC135811.npy,../../Datasets/BirdClef/audio/Ixobrychus exilis_Least Bittern/XC135811.mp3
train,Ixobrychus exilis_Least Bittern,../../Datasets/BirdClef/features/Ixobrychus exilis_Least Bittern/XC199651.npy,../../Datasets/BirdClef/audio/Ixobrychus exilis_Least Bittern/XC199651.mp3
train,Ixobrychus exilis_Least Bittern,../../Datasets/BirdClef/features/Ixobrychus exilis_Least Bittern/XC345741.npy,../../Datasets/BirdClef/audio/Ixobrychus exilis_Least Bittern/XC345741.mp3
train,Jacamerops aureus_Great Jacamar,../../Datasets/BirdClef/features/Jacamerops aureus_Great Jacamar/XC238380.npy,../../Datasets/BirdClef/audio/Jacamerops aureus_Great Jacamar/XC238380.mp3
train,Jacamerops aureus_Great Jacamar,../../Datasets/BirdClef/features/Jacamerops aureus_Great Jacamar/XC87141.npy,../../Datasets/BirdClef/audio/Jacamerops aureus_Great Jacamar/XC87141.mp3
train,Jacamerops aureus_Great Jacamar,../../Datasets/BirdClef/features/Jacamerops aureus_Great Jacamar/XC108512.npy,../../Datasets/BirdClef/audio/Jacamerops aureus_Great Jacamar/XC108512.mp3
train,Jacamerops aureus_Great Jacamar,../../Datasets/BirdClef/features/Jacamerops aureus_Great Jacamar/XC238384.npy,../../Datasets/BirdClef/audio/Jacamerops aureus_Great Jacamar/XC238384.mp3
train,Jacamerops aureus_Great Jacamar,../../Datasets/BirdClef/features/Jacamerops aureus_Great Jacamar/XC271769.npy,../../Datasets/BirdClef/audio/Jacamerops aureus_Great Jacamar/XC271769.mp3
train,Jacana jacana_Wattled Jacana,../../Datasets/BirdClef/features/Jacana jacana_Wattled Jacana/XC415438.npy,../../Datasets/BirdClef/audio/Jacana jacana_Wattled Jacana/XC415438.mp3
train,Jacana jacana_Wattled Jacana,../../Datasets/BirdClef/features/Jacana jacana_Wattled Jacana/XC504001.npy,../../Datasets/BirdClef/audio/Jacana jacana_Wattled Jacana/XC504001.mp3
train,Jacana jacana_Wattled Jacana,../../Datasets/BirdClef/features/Jacana jacana_Wattled Jacana/XC2765.npy,../../Datasets/BirdClef/audio/Jacana jacana_Wattled Jacana/XC2765.mp3
train,Jacana jacana_Wattled Jacana,../../Datasets/BirdClef/features/Jacana jacana_Wattled Jacana/XC443417.npy,../../Datasets/BirdClef/audio/Jacana jacana_Wattled Jacana/XC443417.mp3
train,Jacana jacana_Wattled Jacana,../../Datasets/BirdClef/features/Jacana jacana_Wattled Jacana/XC503981.npy,../../Datasets/BirdClef/audio/Jacana jacana_Wattled Jacana/XC503981.mp3
train,Junco hyemalis_Dark-eyed Junco,../../Datasets/BirdClef/features/Junco hyemalis_Dark-eyed Junco/XC353496.npy,../../Datasets/BirdClef/audio/Junco hyemalis_Dark-eyed Junco/XC353496.mp3
train,Junco hyemalis_Dark-eyed Junco,../../Datasets/BirdClef/features/Junco hyemalis_Dark-eyed Junco/XC22066.npy,../../Datasets/BirdClef/audio/Junco hyemalis_Dark-eyed Junco/XC22066.mp3
train,Junco hyemalis_Dark-eyed Junco,../../Datasets/BirdClef/features/Junco hyemalis_Dark-eyed Junco/XC406329.npy,../../Datasets/BirdClef/audio/Junco hyemalis_Dark-eyed Junco/XC406329.mp3
train,Junco hyemalis_Dark-eyed Junco,../../Datasets/BirdClef/features/Junco hyemalis_Dark-eyed Junco/XC408652.npy,../../Datasets/BirdClef/audio/Junco hyemalis_Dark-eyed Junco/XC408652.mp3
train,Junco hyemalis_Dark-eyed Junco,../../Datasets/BirdClef/features/Junco hyemalis_Dark-eyed Junco/XC420400.npy,../../Datasets/BirdClef/audio/Junco hyemalis_Dark-eyed Junco/XC420400.mp3
train,Lamprospiza melanoleuca_Red-billed Pied Tanager,../../Datasets/BirdClef/features/Lamprospiza melanoleuca_Red-billed Pied Tanager/XC85548.npy,../../Datasets/BirdClef/audio/Lamprospiza melanoleuca_Red-billed Pied Tanager/XC85548.mp3
train,Lamprospiza melanoleuca_Red-billed Pied Tanager,../../Datasets/BirdClef/features/Lamprospiza melanoleuca_Red-billed Pied Tanager/XC114050.npy,../../Datasets/BirdClef/audio/Lamprospiza melanoleuca_Red-billed Pied Tanager/XC114050.mp3
train,Lamprospiza melanoleuca_Red-billed Pied Tanager,../../Datasets/BirdClef/features/Lamprospiza melanoleuca_Red-billed Pied Tanager/XC427514.npy,../../Datasets/BirdClef/audio/Lamprospiza melanoleuca_Red-billed Pied Tanager/XC427514.mp3
train,Lamprospiza melanoleuca_Red-billed Pied Tanager,../../Datasets/BirdClef/features/Lamprospiza melanoleuca_Red-billed Pied Tanager/XC65224.npy,../../Datasets/BirdClef/audio/Lamprospiza melanoleuca_Red-billed Pied Tanager/XC65224.mp3
train,Lamprospiza melanoleuca_Red-billed Pied Tanager,../../Datasets/BirdClef/features/Lamprospiza melanoleuca_Red-billed Pied Tanager/XC456397.npy,../../Datasets/BirdClef/audio/Lamprospiza melanoleuca_Red-billed Pied Tanager/XC456397.mp3
train,Laniocera hypopyrra_Cinereous Mourner,../../Datasets/BirdClef/features/Laniocera hypopyrra_Cinereous Mourner/XC404911.npy,../../Datasets/BirdClef/audio/Laniocera hypopyrra_Cinereous Mourner/XC404911.mp3
train,Laniocera hypopyrra_Cinereous Mourner,../../Datasets/BirdClef/features/Laniocera hypopyrra_Cinereous Mourner/XC3782.npy,../../Datasets/BirdClef/audio/Laniocera hypopyrra_Cinereous Mourner/XC3782.mp3
train,Laniocera hypopyrra_Cinereous Mourner,../../Datasets/BirdClef/features/Laniocera hypopyrra_Cinereous Mourner/XC119120.npy,../../Datasets/BirdClef/audio/Laniocera hypopyrra_Cinereous Mourner/XC119120.mp3
train,Laniocera hypopyrra_Cinereous Mourner,../../Datasets/BirdClef/features/Laniocera hypopyrra_Cinereous Mourner/XC91436.npy,../../Datasets/BirdClef/audio/Laniocera hypopyrra_Cinereous Mourner/XC91436.mp3
train,Laniocera hypopyrra_Cinereous Mourner,../../Datasets/BirdClef/features/Laniocera hypopyrra_Cinereous Mourner/XC398536.npy,../../Datasets/BirdClef/audio/Laniocera hypopyrra_Cinereous Mourner/XC398536.mp3
train,Lanius collurio_Red-backed Shrike,../../Datasets/BirdClef/features/Lanius collurio_Red-backed Shrike/XC380291.npy,../../Datasets/BirdClef/audio/Lanius collurio_Red-backed Shrike/XC380291.mp3
train,Lanius collurio_Red-backed Shrike,../../Datasets/BirdClef/features/Lanius collurio_Red-backed Shrike/XC400061.npy,../../Datasets/BirdClef/audio/Lanius collurio_Red-backed Shrike/XC400061.mp3
train,Lanius collurio_Red-backed Shrike,../../Datasets/BirdClef/features/Lanius collurio_Red-backed Shrike/XC490170.npy,../../Datasets/BirdClef/audio/Lanius collurio_Red-backed Shrike/XC490170.mp3
train,Lanius collurio_Red-backed Shrike,../../Datasets/BirdClef/features/Lanius collurio_Red-backed Shrike/XC120486.npy,../../Datasets/BirdClef/audio/Lanius collurio_Red-backed Shrike/XC120486.mp3
train,Lanius collurio_Red-backed Shrike,../../Datasets/BirdClef/features/Lanius collurio_Red-backed Shrike/XC379992.npy,../../Datasets/BirdClef/audio/Lanius collurio_Red-backed Shrike/XC379992.mp3
train,Lanius ludovicianus_Loggerhead Shrike,../../Datasets/BirdClef/features/Lanius ludovicianus_Loggerhead Shrike/XC307003.npy,../../Datasets/BirdClef/audio/Lanius ludovicianus_Loggerhead Shrike/XC307003.mp3
train,Lanius ludovicianus_Loggerhead Shrike,../../Datasets/BirdClef/features/Lanius ludovicianus_Loggerhead Shrike/XC58471.npy,../../Datasets/BirdClef/audio/Lanius ludovicianus_Loggerhead Shrike/XC58471.mp3
train,Lanius ludovicianus_Loggerhead Shrike,../../Datasets/BirdClef/features/Lanius ludovicianus_Loggerhead Shrike/XC255157.npy,../../Datasets/BirdClef/audio/Lanius ludovicianus_Loggerhead Shrike/XC255157.mp3
train,Lanius ludovicianus_Loggerhead Shrike,../../Datasets/BirdClef/features/Lanius ludovicianus_Loggerhead Shrike/XC76962.npy,../../Datasets/BirdClef/audio/Lanius ludovicianus_Loggerhead Shrike/XC76962.mp3
train,Lanius ludovicianus_Loggerhead Shrike,../../Datasets/BirdClef/features/Lanius ludovicianus_Loggerhead Shrike/XC460754.npy,../../Datasets/BirdClef/audio/Lanius ludovicianus_Loggerhead Shrike/XC460754.mp3
train,Larus argentatus_Herring Gull,../../Datasets/BirdClef/features/Larus argentatus_Herring Gull/XC330121.npy,../../Datasets/BirdClef/audio/Larus argentatus_Herring Gull/XC330121.mp3
train,Larus argentatus_Herring Gull,../../Datasets/BirdClef/features/Larus argentatus_Herring Gull/XC492965.npy,../../Datasets/BirdClef/audio/Larus argentatus_Herring Gull/XC492965.mp3
train,Larus argentatus_Herring Gull,../../Datasets/BirdClef/features/Larus argentatus_Herring Gull/XC456858.npy,../../Datasets/BirdClef/audio/Larus argentatus_Herring Gull/XC456858.mp3
train,Larus argentatus_Herring Gull,../../Datasets/BirdClef/features/Larus argentatus_Herring Gull/XC154285.npy,../../Datasets/BirdClef/audio/Larus argentatus_Herring Gull/XC154285.mp3
train,Larus argentatus_Herring Gull,../../Datasets/BirdClef/features/Larus argentatus_Herring Gull/XC485307.npy,../../Datasets/BirdClef/audio/Larus argentatus_Herring Gull/XC485307.mp3
train,Larus cachinnans_Caspian Gull,../../Datasets/BirdClef/features/Larus cachinnans_Caspian Gull/XC105794.npy,../../Datasets/BirdClef/audio/Larus cachinnans_Caspian Gull/XC105794.mp3
train,Larus cachinnans_Caspian Gull,../../Datasets/BirdClef/features/Larus cachinnans_Caspian Gull/XC318871.npy,../../Datasets/BirdClef/audio/Larus cachinnans_Caspian Gull/XC318871.mp3
train,Larus cachinnans_Caspian Gull,../../Datasets/BirdClef/features/Larus cachinnans_Caspian Gull/XC122951.npy,../../Datasets/BirdClef/audio/Larus cachinnans_Caspian Gull/XC122951.mp3
train,Larus cachinnans_Caspian Gull,../../Datasets/BirdClef/features/Larus cachinnans_Caspian Gull/XC412729.npy,../../Datasets/BirdClef/audio/Larus cachinnans_Caspian Gull/XC412729.mp3
train,Larus cachinnans_Caspian Gull,../../Datasets/BirdClef/features/Larus cachinnans_Caspian Gull/XC176269.npy,../../Datasets/BirdClef/audio/Larus cachinnans_Caspian Gull/XC176269.mp3
train,Larus canus_Mew Gull,../../Datasets/BirdClef/features/Larus canus_Mew Gull/XC495126.npy,../../Datasets/BirdClef/audio/Larus canus_Mew Gull/XC495126.mp3
train,Larus canus_Mew Gull,../../Datasets/BirdClef/features/Larus canus_Mew Gull/XC268472.npy,../../Datasets/BirdClef/audio/Larus canus_Mew Gull/XC268472.mp3
train,Larus canus_Mew Gull,../../Datasets/BirdClef/features/Larus canus_Mew Gull/XC370531.npy,../../Datasets/BirdClef/audio/Larus canus_Mew Gull/XC370531.mp3
train,Larus canus_Mew Gull,../../Datasets/BirdClef/features/Larus canus_Mew Gull/XC260155.npy,../../Datasets/BirdClef/audio/Larus canus_Mew Gull/XC260155.mp3
train,Larus canus_Mew Gull,../../Datasets/BirdClef/features/Larus canus_Mew Gull/XC256739.npy,../../Datasets/BirdClef/audio/Larus canus_Mew Gull/XC256739.mp3
train,Larus delawarensis_Ring-billed Gull,../../Datasets/BirdClef/features/Larus delawarensis_Ring-billed Gull/XC11860.npy,../../Datasets/BirdClef/audio/Larus delawarensis_Ring-billed Gull/XC11860.mp3
train,Larus delawarensis_Ring-billed Gull,../../Datasets/BirdClef/features/Larus delawarensis_Ring-billed Gull/XC160335.npy,../../Datasets/BirdClef/audio/Larus delawarensis_Ring-billed Gull/XC160335.mp3
train,Larus delawarensis_Ring-billed Gull,../../Datasets/BirdClef/features/Larus delawarensis_Ring-billed Gull/XC330063.npy,../../Datasets/BirdClef/audio/Larus delawarensis_Ring-billed Gull/XC330063.mp3
train,Larus delawarensis_Ring-billed Gull,../../Datasets/BirdClef/features/Larus delawarensis_Ring-billed Gull/XC125403.npy,../../Datasets/BirdClef/audio/Larus delawarensis_Ring-billed Gull/XC125403.mp3
train,Larus delawarensis_Ring-billed Gull,../../Datasets/BirdClef/features/Larus delawarensis_Ring-billed Gull/XC290058.npy,../../Datasets/BirdClef/audio/Larus delawarensis_Ring-billed Gull/XC290058.mp3
train,Larus fuscus_Lesser Black-backed Gull,../../Datasets/BirdClef/features/Larus fuscus_Lesser Black-backed Gull/XC89885.npy,../../Datasets/BirdClef/audio/Larus fuscus_Lesser Black-backed Gull/XC89885.mp3
train,Larus fuscus_Lesser Black-backed Gull,../../Datasets/BirdClef/features/Larus fuscus_Lesser Black-backed Gull/XC467517.npy,../../Datasets/BirdClef/audio/Larus fuscus_Lesser Black-backed Gull/XC467517.mp3
train,Larus fuscus_Lesser Black-backed Gull,../../Datasets/BirdClef/features/Larus fuscus_Lesser Black-backed Gull/XC478866.npy,../../Datasets/BirdClef/audio/Larus fuscus_Lesser Black-backed Gull/XC478866.mp3
train,Larus fuscus_Lesser Black-backed Gull,../../Datasets/BirdClef/features/Larus fuscus_Lesser Black-backed Gull/XC461870.npy,../../Datasets/BirdClef/audio/Larus fuscus_Lesser Black-backed Gull/XC461870.mp3
train,Larus fuscus_Lesser Black-backed Gull,../../Datasets/BirdClef/features/Larus fuscus_Lesser Black-backed Gull/XC89884.npy,../../Datasets/BirdClef/audio/Larus fuscus_Lesser Black-backed Gull/XC89884.mp3
train,Larus michahellis_Yellow-legged Gull,../../Datasets/BirdClef/features/Larus michahellis_Yellow-legged Gull/XC56694.npy,../../Datasets/BirdClef/audio/Larus michahellis_Yellow-legged Gull/XC56694.mp3
train,Larus michahellis_Yellow-legged Gull,../../Datasets/BirdClef/features/Larus michahellis_Yellow-legged Gull/XC346494.npy,../../Datasets/BirdClef/audio/Larus michahellis_Yellow-legged Gull/XC346494.mp3
train,Larus michahellis_Yellow-legged Gull,../../Datasets/BirdClef/features/Larus michahellis_Yellow-legged Gull/XC245736.npy,../../Datasets/BirdClef/audio/Larus michahellis_Yellow-legged Gull/XC245736.mp3
train,Larus michahellis_Yellow-legged Gull,../../Datasets/BirdClef/features/Larus michahellis_Yellow-legged Gull/XC245741.npy,../../Datasets/BirdClef/audio/Larus michahellis_Yellow-legged Gull/XC245741.mp3
train,Larus michahellis_Yellow-legged Gull,../../Datasets/BirdClef/features/Larus michahellis_Yellow-legged Gull/XC285382.npy,../../Datasets/BirdClef/audio/Larus michahellis_Yellow-legged Gull/XC285382.mp3
train,Laterallus exilis_Gray-breasted Crake,../../Datasets/BirdClef/features/Laterallus exilis_Gray-breasted Crake/XC60329.npy,../../Datasets/BirdClef/audio/Laterallus exilis_Gray-breasted Crake/XC60329.mp3
train,Laterallus exilis_Gray-breasted Crake,../../Datasets/BirdClef/features/Laterallus exilis_Gray-breasted Crake/XC420079.npy,../../Datasets/BirdClef/audio/Laterallus exilis_Gray-breasted Crake/XC420079.mp3
train,Laterallus exilis_Gray-breasted Crake,../../Datasets/BirdClef/features/Laterallus exilis_Gray-breasted Crake/XC73750.npy,../../Datasets/BirdClef/audio/Laterallus exilis_Gray-breasted Crake/XC73750.mp3
train,Laterallus exilis_Gray-breasted Crake,../../Datasets/BirdClef/features/Laterallus exilis_Gray-breasted Crake/XC254909.npy,../../Datasets/BirdClef/audio/Laterallus exilis_Gray-breasted Crake/XC254909.mp3
train,Laterallus exilis_Gray-breasted Crake,../../Datasets/BirdClef/features/Laterallus exilis_Gray-breasted Crake/XC224845.npy,../../Datasets/BirdClef/audio/Laterallus exilis_Gray-breasted Crake/XC224845.mp3
train,Laterallus melanophaius_Rufous-sided Crake,../../Datasets/BirdClef/features/Laterallus melanophaius_Rufous-sided Crake/XC224869.npy,../../Datasets/BirdClef/audio/Laterallus melanophaius_Rufous-sided Crake/XC224869.mp3
train,Laterallus melanophaius_Rufous-sided Crake,../../Datasets/BirdClef/features/Laterallus melanophaius_Rufous-sided Crake/XC143402.npy,../../Datasets/BirdClef/audio/Laterallus melanophaius_Rufous-sided Crake/XC143402.mp3
train,Laterallus melanophaius_Rufous-sided Crake,../../Datasets/BirdClef/features/Laterallus melanophaius_Rufous-sided Crake/XC48530.npy,../../Datasets/BirdClef/audio/Laterallus melanophaius_Rufous-sided Crake/XC48530.mp3
train,Laterallus melanophaius_Rufous-sided Crake,../../Datasets/BirdClef/features/Laterallus melanophaius_Rufous-sided Crake/XC181060.npy,../../Datasets/BirdClef/audio/Laterallus melanophaius_Rufous-sided Crake/XC181060.mp3
train,Laterallus melanophaius_Rufous-sided Crake,../../Datasets/BirdClef/features/Laterallus melanophaius_Rufous-sided Crake/XC283066.npy,../../Datasets/BirdClef/audio/Laterallus melanophaius_Rufous-sided Crake/XC283066.mp3
train,Lathrotriccus euleri_Euler's Flycatcher,../../Datasets/BirdClef/features/Lathrotriccus euleri_Euler's Flycatcher/XC275080.npy,../../Datasets/BirdClef/audio/Lathrotriccus euleri_Euler's Flycatcher/XC275080.mp3
train,Lathrotriccus euleri_Euler's Flycatcher,../../Datasets/BirdClef/features/Lathrotriccus euleri_Euler's Flycatcher/XC81452.npy,../../Datasets/BirdClef/audio/Lathrotriccus euleri_Euler's Flycatcher/XC81452.mp3
train,Lathrotriccus euleri_Euler's Flycatcher,../../Datasets/BirdClef/features/Lathrotriccus euleri_Euler's Flycatcher/XC206677.npy,../../Datasets/BirdClef/audio/Lathrotriccus euleri_Euler's Flycatcher/XC206677.mp3
train,Lathrotriccus euleri_Euler's Flycatcher,../../Datasets/BirdClef/features/Lathrotriccus euleri_Euler's Flycatcher/XC302742.npy,../../Datasets/BirdClef/audio/Lathrotriccus euleri_Euler's Flycatcher/XC302742.mp3
train,Lathrotriccus euleri_Euler's Flycatcher,../../Datasets/BirdClef/features/Lathrotriccus euleri_Euler's Flycatcher/XC43941.npy,../../Datasets/BirdClef/audio/Lathrotriccus euleri_Euler's Flycatcher/XC43941.mp3
train,Legatus leucophaius_Piratic Flycatcher,../../Datasets/BirdClef/features/Legatus leucophaius_Piratic Flycatcher/XC224908.npy,../../Datasets/BirdClef/audio/Legatus leucophaius_Piratic Flycatcher/XC224908.mp3
train,Legatus leucophaius_Piratic Flycatcher,../../Datasets/BirdClef/features/Legatus leucophaius_Piratic Flycatcher/XC386647.npy,../../Datasets/BirdClef/audio/Legatus leucophaius_Piratic Flycatcher/XC386647.mp3
train,Legatus leucophaius_Piratic Flycatcher,../../Datasets/BirdClef/features/Legatus leucophaius_Piratic Flycatcher/XC262259.npy,../../Datasets/BirdClef/audio/Legatus leucophaius_Piratic Flycatcher/XC262259.mp3
train,Legatus leucophaius_Piratic Flycatcher,../../Datasets/BirdClef/features/Legatus leucophaius_Piratic Flycatcher/XC493175.npy,../../Datasets/BirdClef/audio/Legatus leucophaius_Piratic Flycatcher/XC493175.mp3
train,Legatus leucophaius_Piratic Flycatcher,../../Datasets/BirdClef/features/Legatus leucophaius_Piratic Flycatcher/XC43997.npy,../../Datasets/BirdClef/audio/Legatus leucophaius_Piratic Flycatcher/XC43997.mp3
train,Leiothlypis celata_Orange-crowned Warbler,../../Datasets/BirdClef/features/Leiothlypis celata_Orange-crowned Warbler/XC408441.npy,../../Datasets/BirdClef/audio/Leiothlypis celata_Orange-crowned Warbler/XC408441.mp3
train,Leiothlypis celata_Orange-crowned Warbler,../../Datasets/BirdClef/features/Leiothlypis celata_Orange-crowned Warbler/XC195605.npy,../../Datasets/BirdClef/audio/Leiothlypis celata_Orange-crowned Warbler/XC195605.mp3
train,Leiothlypis celata_Orange-crowned Warbler,../../Datasets/BirdClef/features/Leiothlypis celata_Orange-crowned Warbler/XC206091.npy,../../Datasets/BirdClef/audio/Leiothlypis celata_Orange-crowned Warbler/XC206091.mp3
train,Leiothlypis celata_Orange-crowned Warbler,../../Datasets/BirdClef/features/Leiothlypis celata_Orange-crowned Warbler/XC193656.npy,../../Datasets/BirdClef/audio/Leiothlypis celata_Orange-crowned Warbler/XC193656.mp3
train,Leiothlypis celata_Orange-crowned Warbler,../../Datasets/BirdClef/features/Leiothlypis celata_Orange-crowned Warbler/XC156528.npy,../../Datasets/BirdClef/audio/Leiothlypis celata_Orange-crowned Warbler/XC156528.mp3
train,Lepidothrix coronata_Blue-crowned Manakin,../../Datasets/BirdClef/features/Lepidothrix coronata_Blue-crowned Manakin/XC437251.npy,../../Datasets/BirdClef/audio/Lepidothrix coronata_Blue-crowned Manakin/XC437251.mp3
train,Lepidothrix coronata_Blue-crowned Manakin,../../Datasets/BirdClef/features/Lepidothrix coronata_Blue-crowned Manakin/XC118727.npy,../../Datasets/BirdClef/audio/Lepidothrix coronata_Blue-crowned Manakin/XC118727.mp3
train,Lepidothrix coronata_Blue-crowned Manakin,../../Datasets/BirdClef/features/Lepidothrix coronata_Blue-crowned Manakin/XC120096.npy,../../Datasets/BirdClef/audio/Lepidothrix coronata_Blue-crowned Manakin/XC120096.mp3
train,Lepidothrix coronata_Blue-crowned Manakin,../../Datasets/BirdClef/features/Lepidothrix coronata_Blue-crowned Manakin/XC68558.npy,../../Datasets/BirdClef/audio/Lepidothrix coronata_Blue-crowned Manakin/XC68558.mp3
train,Lepidothrix coronata_Blue-crowned Manakin,../../Datasets/BirdClef/features/Lepidothrix coronata_Blue-crowned Manakin/XC187529.npy,../../Datasets/BirdClef/audio/Lepidothrix coronata_Blue-crowned Manakin/XC187529.mp3
train,Leptodon cayanensis_Gray-headed Kite,../../Datasets/BirdClef/features/Leptodon cayanensis_Gray-headed Kite/XC60527.npy,../../Datasets/BirdClef/audio/Leptodon cayanensis_Gray-headed Kite/XC60527.mp3
train,Leptodon cayanensis_Gray-headed Kite,../../Datasets/BirdClef/features/Leptodon cayanensis_Gray-headed Kite/XC363232.npy,../../Datasets/BirdClef/audio/Leptodon cayanensis_Gray-headed Kite/XC363232.mp3
train,Leptodon cayanensis_Gray-headed Kite,../../Datasets/BirdClef/features/Leptodon cayanensis_Gray-headed Kite/XC198219.npy,../../Datasets/BirdClef/audio/Leptodon cayanensis_Gray-headed Kite/XC198219.mp3
train,Leptodon cayanensis_Gray-headed Kite,../../Datasets/BirdClef/features/Leptodon cayanensis_Gray-headed Kite/XC274517.npy,../../Datasets/BirdClef/audio/Leptodon cayanensis_Gray-headed Kite/XC274517.mp3
train,Leptodon cayanensis_Gray-headed Kite,../../Datasets/BirdClef/features/Leptodon cayanensis_Gray-headed Kite/XC225017.npy,../../Datasets/BirdClef/audio/Leptodon cayanensis_Gray-headed Kite/XC225017.mp3
train,Leptopogon amaurocephalus_Sepia-capped Flycatcher,../../Datasets/BirdClef/features/Leptopogon amaurocephalus_Sepia-capped Flycatcher/XC32310.npy,../../Datasets/BirdClef/audio/Leptopogon amaurocephalus_Sepia-capped Flycatcher/XC32310.mp3
train,Leptopogon amaurocephalus_Sepia-capped Flycatcher,../../Datasets/BirdClef/features/Leptopogon amaurocephalus_Sepia-capped Flycatcher/XC109372.npy,../../Datasets/BirdClef/audio/Leptopogon amaurocephalus_Sepia-capped Flycatcher/XC109372.mp3
train,Leptopogon amaurocephalus_Sepia-capped Flycatcher,../../Datasets/BirdClef/features/Leptopogon amaurocephalus_Sepia-capped Flycatcher/XC225026.npy,../../Datasets/BirdClef/audio/Leptopogon amaurocephalus_Sepia-capped Flycatcher/XC225026.mp3
train,Leptopogon amaurocephalus_Sepia-capped Flycatcher,../../Datasets/BirdClef/features/Leptopogon amaurocephalus_Sepia-capped Flycatcher/XC123230.npy,../../Datasets/BirdClef/audio/Leptopogon amaurocephalus_Sepia-capped Flycatcher/XC123230.mp3
train,Leptopogon amaurocephalus_Sepia-capped Flycatcher,../../Datasets/BirdClef/features/Leptopogon amaurocephalus_Sepia-capped Flycatcher/XC63597.npy,../../Datasets/BirdClef/audio/Leptopogon amaurocephalus_Sepia-capped Flycatcher/XC63597.mp3
train,Leptotila rufaxilla_Gray-fronted Dove,../../Datasets/BirdClef/features/Leptotila rufaxilla_Gray-fronted Dove/XC435532.npy,../../Datasets/BirdClef/audio/Leptotila rufaxilla_Gray-fronted Dove/XC435532.mp3
train,Leptotila rufaxilla_Gray-fronted Dove,../../Datasets/BirdClef/features/Leptotila rufaxilla_Gray-fronted Dove/XC85193.npy,../../Datasets/BirdClef/audio/Leptotila rufaxilla_Gray-fronted Dove/XC85193.mp3
train,Leptotila rufaxilla_Gray-fronted Dove,../../Datasets/BirdClef/features/Leptotila rufaxilla_Gray-fronted Dove/XC475431.npy,../../Datasets/BirdClef/audio/Leptotila rufaxilla_Gray-fronted Dove/XC475431.mp3
train,Leptotila rufaxilla_Gray-fronted Dove,../../Datasets/BirdClef/features/Leptotila rufaxilla_Gray-fronted Dove/XC264108.npy,../../Datasets/BirdClef/audio/Leptotila rufaxilla_Gray-fronted Dove/XC264108.mp3
train,Leptotila rufaxilla_Gray-fronted Dove,../../Datasets/BirdClef/features/Leptotila rufaxilla_Gray-fronted Dove/XC271867.npy,../../Datasets/BirdClef/audio/Leptotila rufaxilla_Gray-fronted Dove/XC271867.mp3
train,Limnodromus scolopaceus_Long-billed Dowitcher,../../Datasets/BirdClef/features/Limnodromus scolopaceus_Long-billed Dowitcher/XC490408.npy,../../Datasets/BirdClef/audio/Limnodromus scolopaceus_Long-billed Dowitcher/XC490408.mp3
train,Limnodromus scolopaceus_Long-billed Dowitcher,../../Datasets/BirdClef/features/Limnodromus scolopaceus_Long-billed Dowitcher/XC383318.npy,../../Datasets/BirdClef/audio/Limnodromus scolopaceus_Long-billed Dowitcher/XC383318.mp3
train,Limnodromus scolopaceus_Long-billed Dowitcher,../../Datasets/BirdClef/features/Limnodromus scolopaceus_Long-billed Dowitcher/XC113147.npy,../../Datasets/BirdClef/audio/Limnodromus scolopaceus_Long-billed Dowitcher/XC113147.mp3
train,Limnodromus scolopaceus_Long-billed Dowitcher,../../Datasets/BirdClef/features/Limnodromus scolopaceus_Long-billed Dowitcher/XC406400.npy,../../Datasets/BirdClef/audio/Limnodromus scolopaceus_Long-billed Dowitcher/XC406400.mp3
train,Limnodromus scolopaceus_Long-billed Dowitcher,../../Datasets/BirdClef/features/Limnodromus scolopaceus_Long-billed Dowitcher/XC225129.npy,../../Datasets/BirdClef/audio/Limnodromus scolopaceus_Long-billed Dowitcher/XC225129.mp3
train,Linaria cannabina_Eurasian Linnet,../../Datasets/BirdClef/features/Linaria cannabina_Eurasian Linnet/XC445591.npy,../../Datasets/BirdClef/audio/Linaria cannabina_Eurasian Linnet/XC445591.mp3
train,Linaria cannabina_Eurasian Linnet,../../Datasets/BirdClef/features/Linaria cannabina_Eurasian Linnet/XC237257.npy,../../Datasets/BirdClef/audio/Linaria cannabina_Eurasian Linnet/XC237257.mp3
train,Linaria cannabina_Eurasian Linnet,../../Datasets/BirdClef/features/Linaria cannabina_Eurasian Linnet/XC281786.npy,../../Datasets/BirdClef/audio/Linaria cannabina_Eurasian Linnet/XC281786.mp3
train,Linaria cannabina_Eurasian Linnet,../../Datasets/BirdClef/features/Linaria cannabina_Eurasian Linnet/XC350452.npy,../../Datasets/BirdClef/audio/Linaria cannabina_Eurasian Linnet/XC350452.mp3
train,Linaria cannabina_Eurasian Linnet,../../Datasets/BirdClef/features/Linaria cannabina_Eurasian Linnet/XC205596.npy,../../Datasets/BirdClef/audio/Linaria cannabina_Eurasian Linnet/XC205596.mp3
train,Liosceles thoracicus_Rusty-belted Tapaculo,../../Datasets/BirdClef/features/Liosceles thoracicus_Rusty-belted Tapaculo/XC90434.npy,../../Datasets/BirdClef/audio/Liosceles thoracicus_Rusty-belted Tapaculo/XC90434.mp3
train,Liosceles thoracicus_Rusty-belted Tapaculo,../../Datasets/BirdClef/features/Liosceles thoracicus_Rusty-belted Tapaculo/XC258628.npy,../../Datasets/BirdClef/audio/Liosceles thoracicus_Rusty-belted Tapaculo/XC258628.mp3
train,Liosceles thoracicus_Rusty-belted Tapaculo,../../Datasets/BirdClef/features/Liosceles thoracicus_Rusty-belted Tapaculo/XC474865.npy,../../Datasets/BirdClef/audio/Liosceles thoracicus_Rusty-belted Tapaculo/XC474865.mp3
train,Liosceles thoracicus_Rusty-belted Tapaculo,../../Datasets/BirdClef/features/Liosceles thoracicus_Rusty-belted Tapaculo/XC284929.npy,../../Datasets/BirdClef/audio/Liosceles thoracicus_Rusty-belted Tapaculo/XC284929.mp3
train,Liosceles thoracicus_Rusty-belted Tapaculo,../../Datasets/BirdClef/features/Liosceles thoracicus_Rusty-belted Tapaculo/XC123229.npy,../../Datasets/BirdClef/audio/Liosceles thoracicus_Rusty-belted Tapaculo/XC123229.mp3
train,Lipaugus vociferans_Screaming Piha,../../Datasets/BirdClef/features/Lipaugus vociferans_Screaming Piha/XC225289.npy,../../Datasets/BirdClef/audio/Lipaugus vociferans_Screaming Piha/XC225289.mp3
train,Lipaugus vociferans_Screaming Piha,../../Datasets/BirdClef/features/Lipaugus vociferans_Screaming Piha/XC401389.npy,../../Datasets/BirdClef/audio/Lipaugus vociferans_Screaming Piha/XC401389.mp3
train,Lipaugus vociferans_Screaming Piha,../../Datasets/BirdClef/features/Lipaugus vociferans_Screaming Piha/XC421081.npy,../../Datasets/BirdClef/audio/Lipaugus vociferans_Screaming Piha/XC421081.mp3
train,Lipaugus vociferans_Screaming Piha,../../Datasets/BirdClef/features/Lipaugus vociferans_Screaming Piha/XC130373.npy,../../Datasets/BirdClef/audio/Lipaugus vociferans_Screaming Piha/XC130373.mp3
train,Lipaugus vociferans_Screaming Piha,../../Datasets/BirdClef/features/Lipaugus vociferans_Screaming Piha/XC200332.npy,../../Datasets/BirdClef/audio/Lipaugus vociferans_Screaming Piha/XC200332.mp3
train,Lophophanes cristatus_Crested Tit,../../Datasets/BirdClef/features/Lophophanes cristatus_Crested Tit/XC385851.npy,../../Datasets/BirdClef/audio/Lophophanes cristatus_Crested Tit/XC385851.mp3
train,Lophophanes cristatus_Crested Tit,../../Datasets/BirdClef/features/Lophophanes cristatus_Crested Tit/XC482810.npy,../../Datasets/BirdClef/audio/Lophophanes cristatus_Crested Tit/XC482810.mp3
train,Lophophanes cristatus_Crested Tit,../../Datasets/BirdClef/features/Lophophanes cristatus_Crested Tit/XC342156.npy,../../Datasets/BirdClef/audio/Lophophanes cristatus_Crested Tit/XC342156.mp3
train,Lophophanes cristatus_Crested Tit,../../Datasets/BirdClef/features/Lophophanes cristatus_Crested Tit/XC29549.npy,../../Datasets/BirdClef/audio/Lophophanes cristatus_Crested Tit/XC29549.mp3
train,Lophophanes cristatus_Crested Tit,../../Datasets/BirdClef/features/Lophophanes cristatus_Crested Tit/XC425955.npy,../../Datasets/BirdClef/audio/Lophophanes cristatus_Crested Tit/XC425955.mp3
train,Lophostrix cristata_Crested Owl,../../Datasets/BirdClef/features/Lophostrix cristata_Crested Owl/XC105706.npy,../../Datasets/BirdClef/audio/Lophostrix cristata_Crested Owl/XC105706.mp3
train,Lophostrix cristata_Crested Owl,../../Datasets/BirdClef/features/Lophostrix cristata_Crested Owl/XC329217.npy,../../Datasets/BirdClef/audio/Lophostrix cristata_Crested Owl/XC329217.mp3
train,Lophostrix cristata_Crested Owl,../../Datasets/BirdClef/features/Lophostrix cristata_Crested Owl/XC270767.npy,../../Datasets/BirdClef/audio/Lophostrix cristata_Crested Owl/XC270767.mp3
train,Lophostrix cristata_Crested Owl,../../Datasets/BirdClef/features/Lophostrix cristata_Crested Owl/XC195106.npy,../../Datasets/BirdClef/audio/Lophostrix cristata_Crested Owl/XC195106.mp3
train,Lophostrix cristata_Crested Owl,../../Datasets/BirdClef/features/Lophostrix cristata_Crested Owl/XC345527.npy,../../Datasets/BirdClef/audio/Lophostrix cristata_Crested Owl/XC345527.mp3
train,Lullula arborea_Wood Lark,../../Datasets/BirdClef/features/Lullula arborea_Wood Lark/XC318316.npy,../../Datasets/BirdClef/audio/Lullula arborea_Wood Lark/XC318316.mp3
train,Lullula arborea_Wood Lark,../../Datasets/BirdClef/features/Lullula arborea_Wood Lark/XC342200.npy,../../Datasets/BirdClef/audio/Lullula arborea_Wood Lark/XC342200.mp3
train,Lullula arborea_Wood Lark,../../Datasets/BirdClef/features/Lullula arborea_Wood Lark/XC417938.npy,../../Datasets/BirdClef/audio/Lullula arborea_Wood Lark/XC417938.mp3
train,Lullula arborea_Wood Lark,../../Datasets/BirdClef/features/Lullula arborea_Wood Lark/XC374310.npy,../../Datasets/BirdClef/audio/Lullula arborea_Wood Lark/XC374310.mp3
train,Lullula arborea_Wood Lark,../../Datasets/BirdClef/features/Lullula arborea_Wood Lark/XC123048.npy,../../Datasets/BirdClef/audio/Lullula arborea_Wood Lark/XC123048.mp3
train,Lurocalis semitorquatus_Short-tailed Nighthawk,../../Datasets/BirdClef/features/Lurocalis semitorquatus_Short-tailed Nighthawk/XC325773.npy,../../Datasets/BirdClef/audio/Lurocalis semitorquatus_Short-tailed Nighthawk/XC325773.mp3
train,Lurocalis semitorquatus_Short-tailed Nighthawk,../../Datasets/BirdClef/features/Lurocalis semitorquatus_Short-tailed Nighthawk/XC41942.npy,../../Datasets/BirdClef/audio/Lurocalis semitorquatus_Short-tailed Nighthawk/XC41942.mp3
train,Lurocalis semitorquatus_Short-tailed Nighthawk,../../Datasets/BirdClef/features/Lurocalis semitorquatus_Short-tailed Nighthawk/XC261664.npy,../../Datasets/BirdClef/audio/Lurocalis semitorquatus_Short-tailed Nighthawk/XC261664.mp3
train,Lurocalis semitorquatus_Short-tailed Nighthawk,../../Datasets/BirdClef/features/Lurocalis semitorquatus_Short-tailed Nighthawk/XC238441.npy,../../Datasets/BirdClef/audio/Lurocalis semitorquatus_Short-tailed Nighthawk/XC238441.mp3
train,Lurocalis semitorquatus_Short-tailed Nighthawk,../../Datasets/BirdClef/features/Lurocalis semitorquatus_Short-tailed Nighthawk/XC422225.npy,../../Datasets/BirdClef/audio/Lurocalis semitorquatus_Short-tailed Nighthawk/XC422225.mp3
train,Luscinia megarhynchos_Common Nightingale,../../Datasets/BirdClef/features/Luscinia megarhynchos_Common Nightingale/XC131864.npy,../../Datasets/BirdClef/audio/Luscinia megarhynchos_Common Nightingale/XC131864.mp3
train,Luscinia megarhynchos_Common Nightingale,../../Datasets/BirdClef/features/Luscinia megarhynchos_Common Nightingale/XC102068.npy,../../Datasets/BirdClef/audio/Luscinia megarhynchos_Common Nightingale/XC102068.mp3
train,Luscinia megarhynchos_Common Nightingale,../../Datasets/BirdClef/features/Luscinia megarhynchos_Common Nightingale/XC178090.npy,../../Datasets/BirdClef/audio/Luscinia megarhynchos_Common Nightingale/XC178090.mp3
train,Luscinia megarhynchos_Common Nightingale,../../Datasets/BirdClef/features/Luscinia megarhynchos_Common Nightingale/XC197629.npy,../../Datasets/BirdClef/audio/Luscinia megarhynchos_Common Nightingale/XC197629.mp3
train,Luscinia megarhynchos_Common Nightingale,../../Datasets/BirdClef/features/Luscinia megarhynchos_Common Nightingale/XC166725.npy,../../Datasets/BirdClef/audio/Luscinia megarhynchos_Common Nightingale/XC166725.mp3
train,Luscinia svecica_Bluethroat,../../Datasets/BirdClef/features/Luscinia svecica_Bluethroat/XC298301.npy,../../Datasets/BirdClef/audio/Luscinia svecica_Bluethroat/XC298301.mp3
train,Luscinia svecica_Bluethroat,../../Datasets/BirdClef/features/Luscinia svecica_Bluethroat/XC465510.npy,../../Datasets/BirdClef/audio/Luscinia svecica_Bluethroat/XC465510.mp3
train,Luscinia svecica_Bluethroat,../../Datasets/BirdClef/features/Luscinia svecica_Bluethroat/XC281408.npy,../../Datasets/BirdClef/audio/Luscinia svecica_Bluethroat/XC281408.mp3
train,Luscinia svecica_Bluethroat,../../Datasets/BirdClef/features/Luscinia svecica_Bluethroat/XC362950.npy,../../Datasets/BirdClef/audio/Luscinia svecica_Bluethroat/XC362950.mp3
train,Luscinia svecica_Bluethroat,../../Datasets/BirdClef/features/Luscinia svecica_Bluethroat/XC246455.npy,../../Datasets/BirdClef/audio/Luscinia svecica_Bluethroat/XC246455.mp3
train,Manacus manacus_White-bearded Manakin,../../Datasets/BirdClef/features/Manacus manacus_White-bearded Manakin/XC282176.npy,../../Datasets/BirdClef/audio/Manacus manacus_White-bearded Manakin/XC282176.mp3
train,Manacus manacus_White-bearded Manakin,../../Datasets/BirdClef/features/Manacus manacus_White-bearded Manakin/XC292102.npy,../../Datasets/BirdClef/audio/Manacus manacus_White-bearded Manakin/XC292102.mp3
train,Manacus manacus_White-bearded Manakin,../../Datasets/BirdClef/features/Manacus manacus_White-bearded Manakin/XC263836.npy,../../Datasets/BirdClef/audio/Manacus manacus_White-bearded Manakin/XC263836.mp3
train,Manacus manacus_White-bearded Manakin,../../Datasets/BirdClef/features/Manacus manacus_White-bearded Manakin/XC317176.npy,../../Datasets/BirdClef/audio/Manacus manacus_White-bearded Manakin/XC317176.mp3
train,Manacus manacus_White-bearded Manakin,../../Datasets/BirdClef/features/Manacus manacus_White-bearded Manakin/XC68658.npy,../../Datasets/BirdClef/audio/Manacus manacus_White-bearded Manakin/XC68658.mp3
train,Mareca americana_American Wigeon,../../Datasets/BirdClef/features/Mareca americana_American Wigeon/XC172890.npy,../../Datasets/BirdClef/audio/Mareca americana_American Wigeon/XC172890.mp3
train,Mareca americana_American Wigeon,../../Datasets/BirdClef/features/Mareca americana_American Wigeon/XC187411.npy,../../Datasets/BirdClef/audio/Mareca americana_American Wigeon/XC187411.mp3
train,Mareca americana_American Wigeon,../../Datasets/BirdClef/features/Mareca americana_American Wigeon/XC384955.npy,../../Datasets/BirdClef/audio/Mareca americana_American Wigeon/XC384955.mp3
train,Mareca americana_American Wigeon,../../Datasets/BirdClef/features/Mareca americana_American Wigeon/XC408852.npy,../../Datasets/BirdClef/audio/Mareca americana_American Wigeon/XC408852.mp3
train,Mareca americana_American Wigeon,../../Datasets/BirdClef/features/Mareca americana_American Wigeon/XC335126.npy,../../Datasets/BirdClef/audio/Mareca americana_American Wigeon/XC335126.mp3
train,Mareca penelope_Eurasian Wigeon,../../Datasets/BirdClef/features/Mareca penelope_Eurasian Wigeon/XC416938.npy,../../Datasets/BirdClef/audio/Mareca penelope_Eurasian Wigeon/XC416938.mp3
train,Mareca penelope_Eurasian Wigeon,../../Datasets/BirdClef/features/Mareca penelope_Eurasian Wigeon/XC441249.npy,../../Datasets/BirdClef/audio/Mareca penelope_Eurasian Wigeon/XC441249.mp3
train,Mareca penelope_Eurasian Wigeon,../../Datasets/BirdClef/features/Mareca penelope_Eurasian Wigeon/XC241885.npy,../../Datasets/BirdClef/audio/Mareca penelope_Eurasian Wigeon/XC241885.mp3
train,Mareca penelope_Eurasian Wigeon,../../Datasets/BirdClef/features/Mareca penelope_Eurasian Wigeon/XC476060.npy,../../Datasets/BirdClef/audio/Mareca penelope_Eurasian Wigeon/XC476060.mp3
train,Mareca penelope_Eurasian Wigeon,../../Datasets/BirdClef/features/Mareca penelope_Eurasian Wigeon/XC262182.npy,../../Datasets/BirdClef/audio/Mareca penelope_Eurasian Wigeon/XC262182.mp3
train,Mareca strepera_Gadwall,../../Datasets/BirdClef/features/Mareca strepera_Gadwall/XC323618.npy,../../Datasets/BirdClef/audio/Mareca strepera_Gadwall/XC323618.mp3
train,Mareca strepera_Gadwall,../../Datasets/BirdClef/features/Mareca strepera_Gadwall/XC109629.npy,../../Datasets/BirdClef/audio/Mareca strepera_Gadwall/XC109629.mp3
train,Mareca strepera_Gadwall,../../Datasets/BirdClef/features/Mareca strepera_Gadwall/XC209951.npy,../../Datasets/BirdClef/audio/Mareca strepera_Gadwall/XC209951.mp3
train,Mareca strepera_Gadwall,../../Datasets/BirdClef/features/Mareca strepera_Gadwall/XC299272.npy,../../Datasets/BirdClef/audio/Mareca strepera_Gadwall/XC299272.mp3
train,Mareca strepera_Gadwall,../../Datasets/BirdClef/features/Mareca strepera_Gadwall/XC364458.npy,../../Datasets/BirdClef/audio/Mareca strepera_Gadwall/XC364458.mp3
train,Megaceryle alcyon_Belted Kingfisher,../../Datasets/BirdClef/features/Megaceryle alcyon_Belted Kingfisher/XC307686.npy,../../Datasets/BirdClef/audio/Megaceryle alcyon_Belted Kingfisher/XC307686.mp3
train,Megaceryle alcyon_Belted Kingfisher,../../Datasets/BirdClef/features/Megaceryle alcyon_Belted Kingfisher/XC182677.npy,../../Datasets/BirdClef/audio/Megaceryle alcyon_Belted Kingfisher/XC182677.mp3
train,Megaceryle alcyon_Belted Kingfisher,../../Datasets/BirdClef/features/Megaceryle alcyon_Belted Kingfisher/XC338621.npy,../../Datasets/BirdClef/audio/Megaceryle alcyon_Belted Kingfisher/XC338621.mp3
train,Megaceryle alcyon_Belted Kingfisher,../../Datasets/BirdClef/features/Megaceryle alcyon_Belted Kingfisher/XC457192.npy,../../Datasets/BirdClef/audio/Megaceryle alcyon_Belted Kingfisher/XC457192.mp3
train,Megaceryle alcyon_Belted Kingfisher,../../Datasets/BirdClef/features/Megaceryle alcyon_Belted Kingfisher/XC448752.npy,../../Datasets/BirdClef/audio/Megaceryle alcyon_Belted Kingfisher/XC448752.mp3
train,Megaceryle torquata_Ringed Kingfisher,../../Datasets/BirdClef/features/Megaceryle torquata_Ringed Kingfisher/XC453012.npy,../../Datasets/BirdClef/audio/Megaceryle torquata_Ringed Kingfisher/XC453012.mp3
train,Megaceryle torquata_Ringed Kingfisher,../../Datasets/BirdClef/features/Megaceryle torquata_Ringed Kingfisher/XC20715.npy,../../Datasets/BirdClef/audio/Megaceryle torquata_Ringed Kingfisher/XC20715.mp3
train,Megaceryle torquata_Ringed Kingfisher,../../Datasets/BirdClef/features/Megaceryle torquata_Ringed Kingfisher/XC216034.npy,../../Datasets/BirdClef/audio/Megaceryle torquata_Ringed Kingfisher/XC216034.mp3
train,Megaceryle torquata_Ringed Kingfisher,../../Datasets/BirdClef/features/Megaceryle torquata_Ringed Kingfisher/XC257906.npy,../../Datasets/BirdClef/audio/Megaceryle torquata_Ringed Kingfisher/XC257906.mp3
train,Megaceryle torquata_Ringed Kingfisher,../../Datasets/BirdClef/features/Megaceryle torquata_Ringed Kingfisher/XC393123.npy,../../Datasets/BirdClef/audio/Megaceryle torquata_Ringed Kingfisher/XC393123.mp3
train,Megarynchus pitangua_Boat-billed Flycatcher,../../Datasets/BirdClef/features/Megarynchus pitangua_Boat-billed Flycatcher/XC335635.npy,../../Datasets/BirdClef/audio/Megarynchus pitangua_Boat-billed Flycatcher/XC335635.mp3
train,Megarynchus pitangua_Boat-billed Flycatcher,../../Datasets/BirdClef/features/Megarynchus pitangua_Boat-billed Flycatcher/XC219367.npy,../../Datasets/BirdClef/audio/Megarynchus pitangua_Boat-billed Flycatcher/XC219367.mp3
train,Megarynchus pitangua_Boat-billed Flycatcher,../../Datasets/BirdClef/features/Megarynchus pitangua_Boat-billed Flycatcher/XC448162.npy,../../Datasets/BirdClef/audio/Megarynchus pitangua_Boat-billed Flycatcher/XC448162.mp3
train,Megarynchus pitangua_Boat-billed Flycatcher,../../Datasets/BirdClef/features/Megarynchus pitangua_Boat-billed Flycatcher/XC258986.npy,../../Datasets/BirdClef/audio/Megarynchus pitangua_Boat-billed Flycatcher/XC258986.mp3
train,Megarynchus pitangua_Boat-billed Flycatcher,../../Datasets/BirdClef/features/Megarynchus pitangua_Boat-billed Flycatcher/XC307623.npy,../../Datasets/BirdClef/audio/Megarynchus pitangua_Boat-billed Flycatcher/XC307623.mp3
train,Megascops choliba_Tropical Screech-Owl,../../Datasets/BirdClef/features/Megascops choliba_Tropical Screech-Owl/XC493624.npy,../../Datasets/BirdClef/audio/Megascops choliba_Tropical Screech-Owl/XC493624.mp3
train,Megascops choliba_Tropical Screech-Owl,../../Datasets/BirdClef/features/Megascops choliba_Tropical Screech-Owl/XC428741.npy,../../Datasets/BirdClef/audio/Megascops choliba_Tropical Screech-Owl/XC428741.mp3
train,Megascops choliba_Tropical Screech-Owl,../../Datasets/BirdClef/features/Megascops choliba_Tropical Screech-Owl/XC205020.npy,../../Datasets/BirdClef/audio/Megascops choliba_Tropical Screech-Owl/XC205020.mp3
train,Megascops choliba_Tropical Screech-Owl,../../Datasets/BirdClef/features/Megascops choliba_Tropical Screech-Owl/XC273268.npy,../../Datasets/BirdClef/audio/Megascops choliba_Tropical Screech-Owl/XC273268.mp3
train,Megascops choliba_Tropical Screech-Owl,../../Datasets/BirdClef/features/Megascops choliba_Tropical Screech-Owl/XC2824.npy,../../Datasets/BirdClef/audio/Megascops choliba_Tropical Screech-Owl/XC2824.mp3
train,Megascops watsonii_Tawny-bellied Screech-Owl,../../Datasets/BirdClef/features/Megascops watsonii_Tawny-bellied Screech-Owl/XC225488.npy,../../Datasets/BirdClef/audio/Megascops watsonii_Tawny-bellied Screech-Owl/XC225488.mp3
train,Megascops watsonii_Tawny-bellied Screech-Owl,../../Datasets/BirdClef/features/Megascops watsonii_Tawny-bellied Screech-Owl/XC393357.npy,../../Datasets/BirdClef/audio/Megascops watsonii_Tawny-bellied Screech-Owl/XC393357.mp3
train,Megascops watsonii_Tawny-bellied Screech-Owl,../../Datasets/BirdClef/features/Megascops watsonii_Tawny-bellied Screech-Owl/XC225494.npy,../../Datasets/BirdClef/audio/Megascops watsonii_Tawny-bellied Screech-Owl/XC225494.mp3
train,Megascops watsonii_Tawny-bellied Screech-Owl,../../Datasets/BirdClef/features/Megascops watsonii_Tawny-bellied Screech-Owl/XC114098.npy,../../Datasets/BirdClef/audio/Megascops watsonii_Tawny-bellied Screech-Owl/XC114098.mp3
train,Megascops watsonii_Tawny-bellied Screech-Owl,../../Datasets/BirdClef/features/Megascops watsonii_Tawny-bellied Screech-Owl/XC108072.npy,../../Datasets/BirdClef/audio/Megascops watsonii_Tawny-bellied Screech-Owl/XC108072.mp3
train,Melanerpes carolinus_Red-bellied Woodpecker,../../Datasets/BirdClef/features/Melanerpes carolinus_Red-bellied Woodpecker/XC145839.npy,../../Datasets/BirdClef/audio/Melanerpes carolinus_Red-bellied Woodpecker/XC145839.mp3
train,Melanerpes carolinus_Red-bellied Woodpecker,../../Datasets/BirdClef/features/Melanerpes carolinus_Red-bellied Woodpecker/XC391443.npy,../../Datasets/BirdClef/audio/Melanerpes carolinus_Red-bellied Woodpecker/XC391443.mp3
train,Melanerpes carolinus_Red-bellied Woodpecker,../../Datasets/BirdClef/features/Melanerpes carolinus_Red-bellied Woodpecker/XC192419.npy,../../Datasets/BirdClef/audio/Melanerpes carolinus_Red-bellied Woodpecker/XC192419.mp3
train,Melanerpes carolinus_Red-bellied Woodpecker,../../Datasets/BirdClef/features/Melanerpes carolinus_Red-bellied Woodpecker/XC467625.npy,../../Datasets/BirdClef/audio/Melanerpes carolinus_Red-bellied Woodpecker/XC467625.mp3
train,Melanerpes carolinus_Red-bellied Woodpecker,../../Datasets/BirdClef/features/Melanerpes carolinus_Red-bellied Woodpecker/XC102886.npy,../../Datasets/BirdClef/audio/Melanerpes carolinus_Red-bellied Woodpecker/XC102886.mp3
train,Melanerpes cruentatus_Yellow-tufted Woodpecker,../../Datasets/BirdClef/features/Melanerpes cruentatus_Yellow-tufted Woodpecker/XC216958.npy,../../Datasets/BirdClef/audio/Melanerpes cruentatus_Yellow-tufted Woodpecker/XC216958.mp3
train,Melanerpes cruentatus_Yellow-tufted Woodpecker,../../Datasets/BirdClef/features/Melanerpes cruentatus_Yellow-tufted Woodpecker/XC427574.npy,../../Datasets/BirdClef/audio/Melanerpes cruentatus_Yellow-tufted Woodpecker/XC427574.mp3
train,Melanerpes cruentatus_Yellow-tufted Woodpecker,../../Datasets/BirdClef/features/Melanerpes cruentatus_Yellow-tufted Woodpecker/XC258060.npy,../../Datasets/BirdClef/audio/Melanerpes cruentatus_Yellow-tufted Woodpecker/XC258060.mp3
train,Melanerpes cruentatus_Yellow-tufted Woodpecker,../../Datasets/BirdClef/features/Melanerpes cruentatus_Yellow-tufted Woodpecker/XC12198.npy,../../Datasets/BirdClef/audio/Melanerpes cruentatus_Yellow-tufted Woodpecker/XC12198.mp3
train,Melanerpes cruentatus_Yellow-tufted Woodpecker,../../Datasets/BirdClef/features/Melanerpes cruentatus_Yellow-tufted Woodpecker/XC301032.npy,../../Datasets/BirdClef/audio/Melanerpes cruentatus_Yellow-tufted Woodpecker/XC301032.mp3
train,Melospiza georgiana_Swamp Sparrow,../../Datasets/BirdClef/features/Melospiza georgiana_Swamp Sparrow/XC451738.npy,../../Datasets/BirdClef/audio/Melospiza georgiana_Swamp Sparrow/XC451738.mp3
train,Melospiza georgiana_Swamp Sparrow,../../Datasets/BirdClef/features/Melospiza georgiana_Swamp Sparrow/XC182332.npy,../../Datasets/BirdClef/audio/Melospiza georgiana_Swamp Sparrow/XC182332.mp3
train,Melospiza georgiana_Swamp Sparrow,../../Datasets/BirdClef/features/Melospiza georgiana_Swamp Sparrow/XC292258.npy,../../Datasets/BirdClef/audio/Melospiza georgiana_Swamp Sparrow/XC292258.mp3
train,Melospiza georgiana_Swamp Sparrow,../../Datasets/BirdClef/features/Melospiza georgiana_Swamp Sparrow/XC206201.npy,../../Datasets/BirdClef/audio/Melospiza georgiana_Swamp Sparrow/XC206201.mp3
train,Melospiza georgiana_Swamp Sparrow,../../Datasets/BirdClef/features/Melospiza georgiana_Swamp Sparrow/XC287880.npy,../../Datasets/BirdClef/audio/Melospiza georgiana_Swamp Sparrow/XC287880.mp3
train,Melospiza lincolnii_Lincoln's Sparrow,../../Datasets/BirdClef/features/Melospiza lincolnii_Lincoln's Sparrow/XC79606.npy,../../Datasets/BirdClef/audio/Melospiza lincolnii_Lincoln's Sparrow/XC79606.mp3
train,Melospiza lincolnii_Lincoln's Sparrow,../../Datasets/BirdClef/features/Melospiza lincolnii_Lincoln's Sparrow/XC322875.npy,../../Datasets/BirdClef/audio/Melospiza lincolnii_Lincoln's Sparrow/XC322875.mp3
train,Melospiza lincolnii_Lincoln's Sparrow,../../Datasets/BirdClef/features/Melospiza lincolnii_Lincoln's Sparrow/XC147737.npy,../../Datasets/BirdClef/audio/Melospiza lincolnii_Lincoln's Sparrow/XC147737.mp3
train,Melospiza lincolnii_Lincoln's Sparrow,../../Datasets/BirdClef/features/Melospiza lincolnii_Lincoln's Sparrow/XC166613.npy,../../Datasets/BirdClef/audio/Melospiza lincolnii_Lincoln's Sparrow/XC166613.mp3
train,Melospiza lincolnii_Lincoln's Sparrow,../../Datasets/BirdClef/features/Melospiza lincolnii_Lincoln's Sparrow/XC483715.npy,../../Datasets/BirdClef/audio/Melospiza lincolnii_Lincoln's Sparrow/XC483715.mp3
train,Melospiza melodia_Song Sparrow,../../Datasets/BirdClef/features/Melospiza melodia_Song Sparrow/XC159078.npy,../../Datasets/BirdClef/audio/Melospiza melodia_Song Sparrow/XC159078.mp3
train,Melospiza melodia_Song Sparrow,../../Datasets/BirdClef/features/Melospiza melodia_Song Sparrow/XC311716.npy,../../Datasets/BirdClef/audio/Melospiza melodia_Song Sparrow/XC311716.mp3
train,Melospiza melodia_Song Sparrow,../../Datasets/BirdClef/features/Melospiza melodia_Song Sparrow/XC131960.npy,../../Datasets/BirdClef/audio/Melospiza melodia_Song Sparrow/XC131960.mp3
train,Melospiza melodia_Song Sparrow,../../Datasets/BirdClef/features/Melospiza melodia_Song Sparrow/XC290140.npy,../../Datasets/BirdClef/audio/Melospiza melodia_Song Sparrow/XC290140.mp3
train,Melospiza melodia_Song Sparrow,../../Datasets/BirdClef/features/Melospiza melodia_Song Sparrow/XC225617.npy,../../Datasets/BirdClef/audio/Melospiza melodia_Song Sparrow/XC225617.mp3
train,Mergus merganser_Common Merganser,../../Datasets/BirdClef/features/Mergus merganser_Common Merganser/XC368988.npy,../../Datasets/BirdClef/audio/Mergus merganser_Common Merganser/XC368988.mp3
train,Mergus merganser_Common Merganser,../../Datasets/BirdClef/features/Mergus merganser_Common Merganser/XC171422.npy,../../Datasets/BirdClef/audio/Mergus merganser_Common Merganser/XC171422.mp3
train,Mergus merganser_Common Merganser,../../Datasets/BirdClef/features/Mergus merganser_Common Merganser/XC431479.npy,../../Datasets/BirdClef/audio/Mergus merganser_Common Merganser/XC431479.mp3
train,Mergus merganser_Common Merganser,../../Datasets/BirdClef/features/Mergus merganser_Common Merganser/XC169961.npy,../../Datasets/BirdClef/audio/Mergus merganser_Common Merganser/XC169961.mp3
train,Mergus merganser_Common Merganser,../../Datasets/BirdClef/features/Mergus merganser_Common Merganser/XC171600.npy,../../Datasets/BirdClef/audio/Mergus merganser_Common Merganser/XC171600.mp3
train,Merops apiaster_European Bee-eater,../../Datasets/BirdClef/features/Merops apiaster_European Bee-eater/XC252614.npy,../../Datasets/BirdClef/audio/Merops apiaster_European Bee-eater/XC252614.mp3
train,Merops apiaster_European Bee-eater,../../Datasets/BirdClef/features/Merops apiaster_European Bee-eater/XC162429.npy,../../Datasets/BirdClef/audio/Merops apiaster_European Bee-eater/XC162429.mp3
train,Merops apiaster_European Bee-eater,../../Datasets/BirdClef/features/Merops apiaster_European Bee-eater/XC280445.npy,../../Datasets/BirdClef/audio/Merops apiaster_European Bee-eater/XC280445.mp3
train,Merops apiaster_European Bee-eater,../../Datasets/BirdClef/features/Merops apiaster_European Bee-eater/XC380986.npy,../../Datasets/BirdClef/audio/Merops apiaster_European Bee-eater/XC380986.mp3
train,Merops apiaster_European Bee-eater,../../Datasets/BirdClef/features/Merops apiaster_European Bee-eater/XC183191.npy,../../Datasets/BirdClef/audio/Merops apiaster_European Bee-eater/XC183191.mp3
train,Mesembrinibis cayennensis_Green Ibis,../../Datasets/BirdClef/features/Mesembrinibis cayennensis_Green Ibis/XC83154.npy,../../Datasets/BirdClef/audio/Mesembrinibis cayennensis_Green Ibis/XC83154.mp3
train,Mesembrinibis cayennensis_Green Ibis,../../Datasets/BirdClef/features/Mesembrinibis cayennensis_Green Ibis/XC443405.npy,../../Datasets/BirdClef/audio/Mesembrinibis cayennensis_Green Ibis/XC443405.mp3
train,Mesembrinibis cayennensis_Green Ibis,../../Datasets/BirdClef/features/Mesembrinibis cayennensis_Green Ibis/XC124934.npy,../../Datasets/BirdClef/audio/Mesembrinibis cayennensis_Green Ibis/XC124934.mp3
train,Mesembrinibis cayennensis_Green Ibis,../../Datasets/BirdClef/features/Mesembrinibis cayennensis_Green Ibis/XC85213.npy,../../Datasets/BirdClef/audio/Mesembrinibis cayennensis_Green Ibis/XC85213.mp3
train,Mesembrinibis cayennensis_Green Ibis,../../Datasets/BirdClef/features/Mesembrinibis cayennensis_Green Ibis/XC108797.npy,../../Datasets/BirdClef/audio/Mesembrinibis cayennensis_Green Ibis/XC108797.mp3
train,Micrastur gilvicollis_Lined Forest-Falcon,../../Datasets/BirdClef/features/Micrastur gilvicollis_Lined Forest-Falcon/XC23387.npy,../../Datasets/BirdClef/audio/Micrastur gilvicollis_Lined Forest-Falcon/XC23387.mp3
train,Micrastur gilvicollis_Lined Forest-Falcon,../../Datasets/BirdClef/features/Micrastur gilvicollis_Lined Forest-Falcon/XC262862.npy,../../Datasets/BirdClef/audio/Micrastur gilvicollis_Lined Forest-Falcon/XC262862.mp3
train,Micrastur gilvicollis_Lined Forest-Falcon,../../Datasets/BirdClef/features/Micrastur gilvicollis_Lined Forest-Falcon/XC276186.npy,../../Datasets/BirdClef/audio/Micrastur gilvicollis_Lined Forest-Falcon/XC276186.mp3
train,Micrastur gilvicollis_Lined Forest-Falcon,../../Datasets/BirdClef/features/Micrastur gilvicollis_Lined Forest-Falcon/XC73826.npy,../../Datasets/BirdClef/audio/Micrastur gilvicollis_Lined Forest-Falcon/XC73826.mp3
train,Micrastur gilvicollis_Lined Forest-Falcon,../../Datasets/BirdClef/features/Micrastur gilvicollis_Lined Forest-Falcon/XC23388.npy,../../Datasets/BirdClef/audio/Micrastur gilvicollis_Lined Forest-Falcon/XC23388.mp3
train,Micrastur mirandollei_Slaty-backed Forest-Falcon,../../Datasets/BirdClef/features/Micrastur mirandollei_Slaty-backed Forest-Falcon/XC26885.npy,../../Datasets/BirdClef/audio/Micrastur mirandollei_Slaty-backed Forest-Falcon/XC26885.mp3
train,Micrastur mirandollei_Slaty-backed Forest-Falcon,../../Datasets/BirdClef/features/Micrastur mirandollei_Slaty-backed Forest-Falcon/XC171230.npy,../../Datasets/BirdClef/audio/Micrastur mirandollei_Slaty-backed Forest-Falcon/XC171230.mp3
train,Micrastur mirandollei_Slaty-backed Forest-Falcon,../../Datasets/BirdClef/features/Micrastur mirandollei_Slaty-backed Forest-Falcon/XC456370.npy,../../Datasets/BirdClef/audio/Micrastur mirandollei_Slaty-backed Forest-Falcon/XC456370.mp3
train,Micrastur mirandollei_Slaty-backed Forest-Falcon,../../Datasets/BirdClef/features/Micrastur mirandollei_Slaty-backed Forest-Falcon/XC303187.npy,../../Datasets/BirdClef/audio/Micrastur mirandollei_Slaty-backed Forest-Falcon/XC303187.mp3
train,Micrastur mirandollei_Slaty-backed Forest-Falcon,../../Datasets/BirdClef/features/Micrastur mirandollei_Slaty-backed Forest-Falcon/XC66626.npy,../../Datasets/BirdClef/audio/Micrastur mirandollei_Slaty-backed Forest-Falcon/XC66626.mp3
train,Micrastur ruficollis_Barred Forest-Falcon,../../Datasets/BirdClef/features/Micrastur ruficollis_Barred Forest-Falcon/XC10063.npy,../../Datasets/BirdClef/audio/Micrastur ruficollis_Barred Forest-Falcon/XC10063.mp3
train,Micrastur ruficollis_Barred Forest-Falcon,../../Datasets/BirdClef/features/Micrastur ruficollis_Barred Forest-Falcon/XC75982.npy,../../Datasets/BirdClef/audio/Micrastur ruficollis_Barred Forest-Falcon/XC75982.mp3
train,Micrastur ruficollis_Barred Forest-Falcon,../../Datasets/BirdClef/features/Micrastur ruficollis_Barred Forest-Falcon/XC20219.npy,../../Datasets/BirdClef/audio/Micrastur ruficollis_Barred Forest-Falcon/XC20219.mp3
train,Micrastur ruficollis_Barred Forest-Falcon,../../Datasets/BirdClef/features/Micrastur ruficollis_Barred Forest-Falcon/XC240747.npy,../../Datasets/BirdClef/audio/Micrastur ruficollis_Barred Forest-Falcon/XC240747.mp3
train,Micrastur ruficollis_Barred Forest-Falcon,../../Datasets/BirdClef/features/Micrastur ruficollis_Barred Forest-Falcon/XC6905.npy,../../Datasets/BirdClef/audio/Micrastur ruficollis_Barred Forest-Falcon/XC6905.mp3
train,Micrastur semitorquatus_Collared Forest-Falcon,../../Datasets/BirdClef/features/Micrastur semitorquatus_Collared Forest-Falcon/XC119887.npy,../../Datasets/BirdClef/audio/Micrastur semitorquatus_Collared Forest-Falcon/XC119887.mp3
train,Micrastur semitorquatus_Collared Forest-Falcon,../../Datasets/BirdClef/features/Micrastur semitorquatus_Collared Forest-Falcon/XC241791.npy,../../Datasets/BirdClef/audio/Micrastur semitorquatus_Collared Forest-Falcon/XC241791.mp3
train,Micrastur semitorquatus_Collared Forest-Falcon,../../Datasets/BirdClef/features/Micrastur semitorquatus_Collared Forest-Falcon/XC225721.npy,../../Datasets/BirdClef/audio/Micrastur semitorquatus_Collared Forest-Falcon/XC225721.mp3
train,Micrastur semitorquatus_Collared Forest-Falcon,../../Datasets/BirdClef/features/Micrastur semitorquatus_Collared Forest-Falcon/XC381877.npy,../../Datasets/BirdClef/audio/Micrastur semitorquatus_Collared Forest-Falcon/XC381877.mp3
train,Micrastur semitorquatus_Collared Forest-Falcon,../../Datasets/BirdClef/features/Micrastur semitorquatus_Collared Forest-Falcon/XC225720.npy,../../Datasets/BirdClef/audio/Micrastur semitorquatus_Collared Forest-Falcon/XC225720.mp3
train,Microcerculus marginatus_Scaly-breasted Wren,../../Datasets/BirdClef/features/Microcerculus marginatus_Scaly-breasted Wren/XC148076.npy,../../Datasets/BirdClef/audio/Microcerculus marginatus_Scaly-breasted Wren/XC148076.mp3
train,Microcerculus marginatus_Scaly-breasted Wren,../../Datasets/BirdClef/features/Microcerculus marginatus_Scaly-breasted Wren/XC225746.npy,../../Datasets/BirdClef/audio/Microcerculus marginatus_Scaly-breasted Wren/XC225746.mp3
train,Microcerculus marginatus_Scaly-breasted Wren,../../Datasets/BirdClef/features/Microcerculus marginatus_Scaly-breasted Wren/XC6966.npy,../../Datasets/BirdClef/audio/Microcerculus marginatus_Scaly-breasted Wren/XC6966.mp3
train,Microcerculus marginatus_Scaly-breasted Wren,../../Datasets/BirdClef/features/Microcerculus marginatus_Scaly-breasted Wren/XC437442.npy,../../Datasets/BirdClef/audio/Microcerculus marginatus_Scaly-breasted Wren/XC437442.mp3
train,Microcerculus marginatus_Scaly-breasted Wren,../../Datasets/BirdClef/features/Microcerculus marginatus_Scaly-breasted Wren/XC186004.npy,../../Datasets/BirdClef/audio/Microcerculus marginatus_Scaly-breasted Wren/XC186004.mp3
train,Microrhopias quixensis_Dot-winged Antwren,../../Datasets/BirdClef/features/Microrhopias quixensis_Dot-winged Antwren/XC437244.npy,../../Datasets/BirdClef/audio/Microrhopias quixensis_Dot-winged Antwren/XC437244.mp3
train,Microrhopias quixensis_Dot-winged Antwren,../../Datasets/BirdClef/features/Microrhopias quixensis_Dot-winged Antwren/XC225780.npy,../../Datasets/BirdClef/audio/Microrhopias quixensis_Dot-winged Antwren/XC225780.mp3
train,Microrhopias quixensis_Dot-winged Antwren,../../Datasets/BirdClef/features/Microrhopias quixensis_Dot-winged Antwren/XC411095.npy,../../Datasets/BirdClef/audio/Microrhopias quixensis_Dot-winged Antwren/XC411095.mp3
train,Microrhopias quixensis_Dot-winged Antwren,../../Datasets/BirdClef/features/Microrhopias quixensis_Dot-winged Antwren/XC225784.npy,../../Datasets/BirdClef/audio/Microrhopias quixensis_Dot-winged Antwren/XC225784.mp3
train,Microrhopias quixensis_Dot-winged Antwren,../../Datasets/BirdClef/features/Microrhopias quixensis_Dot-winged Antwren/XC251129.npy,../../Datasets/BirdClef/audio/Microrhopias quixensis_Dot-winged Antwren/XC251129.mp3
train,Milvago chimachima_Yellow-headed Caracara,../../Datasets/BirdClef/features/Milvago chimachima_Yellow-headed Caracara/XC211160.npy,../../Datasets/BirdClef/audio/Milvago chimachima_Yellow-headed Caracara/XC211160.mp3
train,Milvago chimachima_Yellow-headed Caracara,../../Datasets/BirdClef/features/Milvago chimachima_Yellow-headed Caracara/XC87273.npy,../../Datasets/BirdClef/audio/Milvago chimachima_Yellow-headed Caracara/XC87273.mp3
train,Milvago chimachima_Yellow-headed Caracara,../../Datasets/BirdClef/features/Milvago chimachima_Yellow-headed Caracara/XC151433.npy,../../Datasets/BirdClef/audio/Milvago chimachima_Yellow-headed Caracara/XC151433.mp3
train,Milvago chimachima_Yellow-headed Caracara,../../Datasets/BirdClef/features/Milvago chimachima_Yellow-headed Caracara/XC39590.npy,../../Datasets/BirdClef/audio/Milvago chimachima_Yellow-headed Caracara/XC39590.mp3
train,Milvago chimachima_Yellow-headed Caracara,../../Datasets/BirdClef/features/Milvago chimachima_Yellow-headed Caracara/XC33155.npy,../../Datasets/BirdClef/audio/Milvago chimachima_Yellow-headed Caracara/XC33155.mp3
train,Milvus migrans_Black Kite,../../Datasets/BirdClef/features/Milvus migrans_Black Kite/XC292781.npy,../../Datasets/BirdClef/audio/Milvus migrans_Black Kite/XC292781.mp3
train,Milvus migrans_Black Kite,../../Datasets/BirdClef/features/Milvus migrans_Black Kite/XC284649.npy,../../Datasets/BirdClef/audio/Milvus migrans_Black Kite/XC284649.mp3
train,Milvus migrans_Black Kite,../../Datasets/BirdClef/features/Milvus migrans_Black Kite/XC78936.npy,../../Datasets/BirdClef/audio/Milvus migrans_Black Kite/XC78936.mp3
train,Milvus migrans_Black Kite,../../Datasets/BirdClef/features/Milvus migrans_Black Kite/XC381734.npy,../../Datasets/BirdClef/audio/Milvus migrans_Black Kite/XC381734.mp3
train,Milvus migrans_Black Kite,../../Datasets/BirdClef/features/Milvus migrans_Black Kite/XC190724.npy,../../Datasets/BirdClef/audio/Milvus migrans_Black Kite/XC190724.mp3
train,Milvus milvus_Red Kite,../../Datasets/BirdClef/features/Milvus milvus_Red Kite/XC44627.npy,../../Datasets/BirdClef/audio/Milvus milvus_Red Kite/XC44627.mp3
train,Milvus milvus_Red Kite,../../Datasets/BirdClef/features/Milvus milvus_Red Kite/XC410417.npy,../../Datasets/BirdClef/audio/Milvus milvus_Red Kite/XC410417.mp3
train,Milvus milvus_Red Kite,../../Datasets/BirdClef/features/Milvus milvus_Red Kite/XC471655.npy,../../Datasets/BirdClef/audio/Milvus milvus_Red Kite/XC471655.mp3
train,Milvus milvus_Red Kite,../../Datasets/BirdClef/features/Milvus milvus_Red Kite/XC363813.npy,../../Datasets/BirdClef/audio/Milvus milvus_Red Kite/XC363813.mp3
train,Milvus milvus_Red Kite,../../Datasets/BirdClef/features/Milvus milvus_Red Kite/XC437477.npy,../../Datasets/BirdClef/audio/Milvus milvus_Red Kite/XC437477.mp3
train,Mimus polyglottos_Northern Mockingbird,../../Datasets/BirdClef/features/Mimus polyglottos_Northern Mockingbird/XC62791.npy,../../Datasets/BirdClef/audio/Mimus polyglottos_Northern Mockingbird/XC62791.mp3
train,Mimus polyglottos_Northern Mockingbird,../../Datasets/BirdClef/features/Mimus polyglottos_Northern Mockingbird/XC448812.npy,../../Datasets/BirdClef/audio/Mimus polyglottos_Northern Mockingbird/XC448812.mp3
train,Mimus polyglottos_Northern Mockingbird,../../Datasets/BirdClef/features/Mimus polyglottos_Northern Mockingbird/XC138494.npy,../../Datasets/BirdClef/audio/Mimus polyglottos_Northern Mockingbird/XC138494.mp3
train,Mimus polyglottos_Northern Mockingbird,../../Datasets/BirdClef/features/Mimus polyglottos_Northern Mockingbird/XC503419.npy,../../Datasets/BirdClef/audio/Mimus polyglottos_Northern Mockingbird/XC503419.mp3
train,Mimus polyglottos_Northern Mockingbird,../../Datasets/BirdClef/features/Mimus polyglottos_Northern Mockingbird/XC469351.npy,../../Datasets/BirdClef/audio/Mimus polyglottos_Northern Mockingbird/XC469351.mp3
train,Mionectes oleagineus_Ochre-bellied Flycatcher,../../Datasets/BirdClef/features/Mionectes oleagineus_Ochre-bellied Flycatcher/XC248169.npy,../../Datasets/BirdClef/audio/Mionectes oleagineus_Ochre-bellied Flycatcher/XC248169.mp3
train,Mionectes oleagineus_Ochre-bellied Flycatcher,../../Datasets/BirdClef/features/Mionectes oleagineus_Ochre-bellied Flycatcher/XC470874.npy,../../Datasets/BirdClef/audio/Mionectes oleagineus_Ochre-bellied Flycatcher/XC470874.mp3
train,Mionectes oleagineus_Ochre-bellied Flycatcher,../../Datasets/BirdClef/features/Mionectes oleagineus_Ochre-bellied Flycatcher/XC303191.npy,../../Datasets/BirdClef/audio/Mionectes oleagineus_Ochre-bellied Flycatcher/XC303191.mp3
train,Mionectes oleagineus_Ochre-bellied Flycatcher,../../Datasets/BirdClef/features/Mionectes oleagineus_Ochre-bellied Flycatcher/XC73838.npy,../../Datasets/BirdClef/audio/Mionectes oleagineus_Ochre-bellied Flycatcher/XC73838.mp3
train,Mionectes oleagineus_Ochre-bellied Flycatcher,../../Datasets/BirdClef/features/Mionectes oleagineus_Ochre-bellied Flycatcher/XC262172.npy,../../Datasets/BirdClef/audio/Mionectes oleagineus_Ochre-bellied Flycatcher/XC262172.mp3
train,Molothrus ater_Brown-headed Cowbird,../../Datasets/BirdClef/features/Molothrus ater_Brown-headed Cowbird/XC160734.npy,../../Datasets/BirdClef/audio/Molothrus ater_Brown-headed Cowbird/XC160734.mp3
train,Molothrus ater_Brown-headed Cowbird,../../Datasets/BirdClef/features/Molothrus ater_Brown-headed Cowbird/XC477812.npy,../../Datasets/BirdClef/audio/Molothrus ater_Brown-headed Cowbird/XC477812.mp3
train,Molothrus ater_Brown-headed Cowbird,../../Datasets/BirdClef/features/Molothrus ater_Brown-headed Cowbird/XC477807.npy,../../Datasets/BirdClef/audio/Molothrus ater_Brown-headed Cowbird/XC477807.mp3
train,Molothrus ater_Brown-headed Cowbird,../../Datasets/BirdClef/features/Molothrus ater_Brown-headed Cowbird/XC232767.npy,../../Datasets/BirdClef/audio/Molothrus ater_Brown-headed Cowbird/XC232767.mp3
train,Molothrus ater_Brown-headed Cowbird,../../Datasets/BirdClef/features/Molothrus ater_Brown-headed Cowbird/XC160987.npy,../../Datasets/BirdClef/audio/Molothrus ater_Brown-headed Cowbird/XC160987.mp3
train,Molothrus bonariensis_Shiny Cowbird,../../Datasets/BirdClef/features/Molothrus bonariensis_Shiny Cowbird/XC461350.npy,../../Datasets/BirdClef/audio/Molothrus bonariensis_Shiny Cowbird/XC461350.mp3
train,Molothrus bonariensis_Shiny Cowbird,../../Datasets/BirdClef/features/Molothrus bonariensis_Shiny Cowbird/XC49329.npy,../../Datasets/BirdClef/audio/Molothrus bonariensis_Shiny Cowbird/XC49329.mp3
train,Molothrus bonariensis_Shiny Cowbird,../../Datasets/BirdClef/features/Molothrus bonariensis_Shiny Cowbird/XC273152.npy,../../Datasets/BirdClef/audio/Molothrus bonariensis_Shiny Cowbird/XC273152.mp3
train,Molothrus bonariensis_Shiny Cowbird,../../Datasets/BirdClef/features/Molothrus bonariensis_Shiny Cowbird/XC414317.npy,../../Datasets/BirdClef/audio/Molothrus bonariensis_Shiny Cowbird/XC414317.mp3
train,Molothrus bonariensis_Shiny Cowbird,../../Datasets/BirdClef/features/Molothrus bonariensis_Shiny Cowbird/XC15145.npy,../../Datasets/BirdClef/audio/Molothrus bonariensis_Shiny Cowbird/XC15145.mp3
train,Molothrus oryzivorus_Giant Cowbird,../../Datasets/BirdClef/features/Molothrus oryzivorus_Giant Cowbird/XC142007.npy,../../Datasets/BirdClef/audio/Molothrus oryzivorus_Giant Cowbird/XC142007.mp3
train,Molothrus oryzivorus_Giant Cowbird,../../Datasets/BirdClef/features/Molothrus oryzivorus_Giant Cowbird/XC84583.npy,../../Datasets/BirdClef/audio/Molothrus oryzivorus_Giant Cowbird/XC84583.mp3
train,Molothrus oryzivorus_Giant Cowbird,../../Datasets/BirdClef/features/Molothrus oryzivorus_Giant Cowbird/XC386545.npy,../../Datasets/BirdClef/audio/Molothrus oryzivorus_Giant Cowbird/XC386545.mp3
train,Molothrus oryzivorus_Giant Cowbird,../../Datasets/BirdClef/features/Molothrus oryzivorus_Giant Cowbird/XC479388.npy,../../Datasets/BirdClef/audio/Molothrus oryzivorus_Giant Cowbird/XC479388.mp3
train,Molothrus oryzivorus_Giant Cowbird,../../Datasets/BirdClef/features/Molothrus oryzivorus_Giant Cowbird/XC94593.npy,../../Datasets/BirdClef/audio/Molothrus oryzivorus_Giant Cowbird/XC94593.mp3
train,Momotus momota_Amazonian Motmot,../../Datasets/BirdClef/features/Momotus momota_Amazonian Motmot/XC46539.npy,../../Datasets/BirdClef/audio/Momotus momota_Amazonian Motmot/XC46539.mp3
train,Momotus momota_Amazonian Motmot,../../Datasets/BirdClef/features/Momotus momota_Amazonian Motmot/XC225804.npy,../../Datasets/BirdClef/audio/Momotus momota_Amazonian Motmot/XC225804.mp3
train,Momotus momota_Amazonian Motmot,../../Datasets/BirdClef/features/Momotus momota_Amazonian Motmot/XC54543.npy,../../Datasets/BirdClef/audio/Momotus momota_Amazonian Motmot/XC54543.mp3
train,Momotus momota_Amazonian Motmot,../../Datasets/BirdClef/features/Momotus momota_Amazonian Motmot/XC128114.npy,../../Datasets/BirdClef/audio/Momotus momota_Amazonian Motmot/XC128114.mp3
train,Momotus momota_Amazonian Motmot,../../Datasets/BirdClef/features/Momotus momota_Amazonian Motmot/XC63661.npy,../../Datasets/BirdClef/audio/Momotus momota_Amazonian Motmot/XC63661.mp3
train,Monasa morphoeus_White-fronted Nunbird,../../Datasets/BirdClef/features/Monasa morphoeus_White-fronted Nunbird/XC401599.npy,../../Datasets/BirdClef/audio/Monasa morphoeus_White-fronted Nunbird/XC401599.mp3
train,Monasa morphoeus_White-fronted Nunbird,../../Datasets/BirdClef/features/Monasa morphoeus_White-fronted Nunbird/XC151408.npy,../../Datasets/BirdClef/audio/Monasa morphoeus_White-fronted Nunbird/XC151408.mp3
train,Monasa morphoeus_White-fronted Nunbird,../../Datasets/BirdClef/features/Monasa morphoeus_White-fronted Nunbird/XC305419.npy,../../Datasets/BirdClef/audio/Monasa morphoeus_White-fronted Nunbird/XC305419.mp3
train,Monasa morphoeus_White-fronted Nunbird,../../Datasets/BirdClef/features/Monasa morphoeus_White-fronted Nunbird/XC11002.npy,../../Datasets/BirdClef/audio/Monasa morphoeus_White-fronted Nunbird/XC11002.mp3
train,Monasa morphoeus_White-fronted Nunbird,../../Datasets/BirdClef/features/Monasa morphoeus_White-fronted Nunbird/XC63663.npy,../../Datasets/BirdClef/audio/Monasa morphoeus_White-fronted Nunbird/XC63663.mp3
train,Monasa nigrifrons_Black-fronted Nunbird,../../Datasets/BirdClef/features/Monasa nigrifrons_Black-fronted Nunbird/XC2310.npy,../../Datasets/BirdClef/audio/Monasa nigrifrons_Black-fronted Nunbird/XC2310.mp3
train,Monasa nigrifrons_Black-fronted Nunbird,../../Datasets/BirdClef/features/Monasa nigrifrons_Black-fronted Nunbird/XC429794.npy,../../Datasets/BirdClef/audio/Monasa nigrifrons_Black-fronted Nunbird/XC429794.mp3
train,Monasa nigrifrons_Black-fronted Nunbird,../../Datasets/BirdClef/features/Monasa nigrifrons_Black-fronted Nunbird/XC313937.npy,../../Datasets/BirdClef/audio/Monasa nigrifrons_Black-fronted Nunbird/XC313937.mp3
train,Monasa nigrifrons_Black-fronted Nunbird,../../Datasets/BirdClef/features/Monasa nigrifrons_Black-fronted Nunbird/XC143385.npy,../../Datasets/BirdClef/audio/Monasa nigrifrons_Black-fronted Nunbird/XC143385.mp3
train,Monasa nigrifrons_Black-fronted Nunbird,../../Datasets/BirdClef/features/Monasa nigrifrons_Black-fronted Nunbird/XC76062.npy,../../Datasets/BirdClef/audio/Monasa nigrifrons_Black-fronted Nunbird/XC76062.mp3
train,Motacilla alba_White Wagtail,../../Datasets/BirdClef/features/Motacilla alba_White Wagtail/XC215196.npy,../../Datasets/BirdClef/audio/Motacilla alba_White Wagtail/XC215196.mp3
train,Motacilla alba_White Wagtail,../../Datasets/BirdClef/features/Motacilla alba_White Wagtail/XC336762.npy,../../Datasets/BirdClef/audio/Motacilla alba_White Wagtail/XC336762.mp3
train,Motacilla alba_White Wagtail,../../Datasets/BirdClef/features/Motacilla alba_White Wagtail/XC175847.npy,../../Datasets/BirdClef/audio/Motacilla alba_White Wagtail/XC175847.mp3
train,Motacilla alba_White Wagtail,../../Datasets/BirdClef/features/Motacilla alba_White Wagtail/XC244388.npy,../../Datasets/BirdClef/audio/Motacilla alba_White Wagtail/XC244388.mp3
train,Motacilla alba_White Wagtail,../../Datasets/BirdClef/features/Motacilla alba_White Wagtail/XC290106.npy,../../Datasets/BirdClef/audio/Motacilla alba_White Wagtail/XC290106.mp3
train,Motacilla cinerea_Gray Wagtail,../../Datasets/BirdClef/features/Motacilla cinerea_Gray Wagtail/XC128136.npy,../../Datasets/BirdClef/audio/Motacilla cinerea_Gray Wagtail/XC128136.mp3
train,Motacilla cinerea_Gray Wagtail,../../Datasets/BirdClef/features/Motacilla cinerea_Gray Wagtail/XC311384.npy,../../Datasets/BirdClef/audio/Motacilla cinerea_Gray Wagtail/XC311384.mp3
train,Motacilla cinerea_Gray Wagtail,../../Datasets/BirdClef/features/Motacilla cinerea_Gray Wagtail/XC198100.npy,../../Datasets/BirdClef/audio/Motacilla cinerea_Gray Wagtail/XC198100.mp3
train,Motacilla cinerea_Gray Wagtail,../../Datasets/BirdClef/features/Motacilla cinerea_Gray Wagtail/XC319610.npy,../../Datasets/BirdClef/audio/Motacilla cinerea_Gray Wagtail/XC319610.mp3
train,Motacilla cinerea_Gray Wagtail,../../Datasets/BirdClef/features/Motacilla cinerea_Gray Wagtail/XC189400.npy,../../Datasets/BirdClef/audio/Motacilla cinerea_Gray Wagtail/XC189400.mp3
train,Motacilla flava_Western Yellow Wagtail,../../Datasets/BirdClef/features/Motacilla flava_Western Yellow Wagtail/XC386495.npy,../../Datasets/BirdClef/audio/Motacilla flava_Western Yellow Wagtail/XC386495.mp3
train,Motacilla flava_Western Yellow Wagtail,../../Datasets/BirdClef/features/Motacilla flava_Western Yellow Wagtail/XC135255.npy,../../Datasets/BirdClef/audio/Motacilla flava_Western Yellow Wagtail/XC135255.mp3
train,Motacilla flava_Western Yellow Wagtail,../../Datasets/BirdClef/features/Motacilla flava_Western Yellow Wagtail/XC370994.npy,../../Datasets/BirdClef/audio/Motacilla flava_Western Yellow Wagtail/XC370994.mp3
train,Motacilla flava_Western Yellow Wagtail,../../Datasets/BirdClef/features/Motacilla flava_Western Yellow Wagtail/XC317409.npy,../../Datasets/BirdClef/audio/Motacilla flava_Western Yellow Wagtail/XC317409.mp3
train,Motacilla flava_Western Yellow Wagtail,../../Datasets/BirdClef/features/Motacilla flava_Western Yellow Wagtail/XC370989.npy,../../Datasets/BirdClef/audio/Motacilla flava_Western Yellow Wagtail/XC370989.mp3
train,Muscicapa striata_Spotted Flycatcher,../../Datasets/BirdClef/features/Muscicapa striata_Spotted Flycatcher/XC374798.npy,../../Datasets/BirdClef/audio/Muscicapa striata_Spotted Flycatcher/XC374798.mp3
train,Muscicapa striata_Spotted Flycatcher,../../Datasets/BirdClef/features/Muscicapa striata_Spotted Flycatcher/XC233424.npy,../../Datasets/BirdClef/audio/Muscicapa striata_Spotted Flycatcher/XC233424.mp3
train,Muscicapa striata_Spotted Flycatcher,../../Datasets/BirdClef/features/Muscicapa striata_Spotted Flycatcher/XC348006.npy,../../Datasets/BirdClef/audio/Muscicapa striata_Spotted Flycatcher/XC348006.mp3
train,Muscicapa striata_Spotted Flycatcher,../../Datasets/BirdClef/features/Muscicapa striata_Spotted Flycatcher/XC330333.npy,../../Datasets/BirdClef/audio/Muscicapa striata_Spotted Flycatcher/XC330333.mp3
train,Muscicapa striata_Spotted Flycatcher,../../Datasets/BirdClef/features/Muscicapa striata_Spotted Flycatcher/XC110013.npy,../../Datasets/BirdClef/audio/Muscicapa striata_Spotted Flycatcher/XC110013.mp3
train,Myiarchus cinerascens_Ash-throated Flycatcher,../../Datasets/BirdClef/features/Myiarchus cinerascens_Ash-throated Flycatcher/XC283475.npy,../../Datasets/BirdClef/audio/Myiarchus cinerascens_Ash-throated Flycatcher/XC283475.mp3
train,Myiarchus cinerascens_Ash-throated Flycatcher,../../Datasets/BirdClef/features/Myiarchus cinerascens_Ash-throated Flycatcher/XC170415.npy,../../Datasets/BirdClef/audio/Myiarchus cinerascens_Ash-throated Flycatcher/XC170415.mp3
train,Myiarchus cinerascens_Ash-throated Flycatcher,../../Datasets/BirdClef/features/Myiarchus cinerascens_Ash-throated Flycatcher/XC404715.npy,../../Datasets/BirdClef/audio/Myiarchus cinerascens_Ash-throated Flycatcher/XC404715.mp3
train,Myiarchus cinerascens_Ash-throated Flycatcher,../../Datasets/BirdClef/features/Myiarchus cinerascens_Ash-throated Flycatcher/XC417737.npy,../../Datasets/BirdClef/audio/Myiarchus cinerascens_Ash-throated Flycatcher/XC417737.mp3
train,Myiarchus cinerascens_Ash-throated Flycatcher,../../Datasets/BirdClef/features/Myiarchus cinerascens_Ash-throated Flycatcher/XC122811.npy,../../Datasets/BirdClef/audio/Myiarchus cinerascens_Ash-throated Flycatcher/XC122811.mp3
train,Myiarchus crinitus_Great Crested Flycatcher,../../Datasets/BirdClef/features/Myiarchus crinitus_Great Crested Flycatcher/XC173602.npy,../../Datasets/BirdClef/audio/Myiarchus crinitus_Great Crested Flycatcher/XC173602.mp3
train,Myiarchus crinitus_Great Crested Flycatcher,../../Datasets/BirdClef/features/Myiarchus crinitus_Great Crested Flycatcher/XC481624.npy,../../Datasets/BirdClef/audio/Myiarchus crinitus_Great Crested Flycatcher/XC481624.mp3
train,Myiarchus crinitus_Great Crested Flycatcher,../../Datasets/BirdClef/features/Myiarchus crinitus_Great Crested Flycatcher/XC166099.npy,../../Datasets/BirdClef/audio/Myiarchus crinitus_Great Crested Flycatcher/XC166099.mp3
train,Myiarchus crinitus_Great Crested Flycatcher,../../Datasets/BirdClef/features/Myiarchus crinitus_Great Crested Flycatcher/XC48650.npy,../../Datasets/BirdClef/audio/Myiarchus crinitus_Great Crested Flycatcher/XC48650.mp3
train,Myiarchus crinitus_Great Crested Flycatcher,../../Datasets/BirdClef/features/Myiarchus crinitus_Great Crested Flycatcher/XC477553.npy,../../Datasets/BirdClef/audio/Myiarchus crinitus_Great Crested Flycatcher/XC477553.mp3
train,Myiarchus ferox_Short-crested Flycatcher,../../Datasets/BirdClef/features/Myiarchus ferox_Short-crested Flycatcher/XC206810.npy,../../Datasets/BirdClef/audio/Myiarchus ferox_Short-crested Flycatcher/XC206810.mp3
train,Myiarchus ferox_Short-crested Flycatcher,../../Datasets/BirdClef/features/Myiarchus ferox_Short-crested Flycatcher/XC427603.npy,../../Datasets/BirdClef/audio/Myiarchus ferox_Short-crested Flycatcher/XC427603.mp3
train,Myiarchus ferox_Short-crested Flycatcher,../../Datasets/BirdClef/features/Myiarchus ferox_Short-crested Flycatcher/XC29443.npy,../../Datasets/BirdClef/audio/Myiarchus ferox_Short-crested Flycatcher/XC29443.mp3
train,Myiarchus ferox_Short-crested Flycatcher,../../Datasets/BirdClef/features/Myiarchus ferox_Short-crested Flycatcher/XC251150.npy,../../Datasets/BirdClef/audio/Myiarchus ferox_Short-crested Flycatcher/XC251150.mp3
train,Myiarchus ferox_Short-crested Flycatcher,../../Datasets/BirdClef/features/Myiarchus ferox_Short-crested Flycatcher/XC206811.npy,../../Datasets/BirdClef/audio/Myiarchus ferox_Short-crested Flycatcher/XC206811.mp3
train,Myiarchus swainsoni_Swainson's Flycatcher,../../Datasets/BirdClef/features/Myiarchus swainsoni_Swainson's Flycatcher/XC203227.npy,../../Datasets/BirdClef/audio/Myiarchus swainsoni_Swainson's Flycatcher/XC203227.mp3
train,Myiarchus swainsoni_Swainson's Flycatcher,../../Datasets/BirdClef/features/Myiarchus swainsoni_Swainson's Flycatcher/XC60445.npy,../../Datasets/BirdClef/audio/Myiarchus swainsoni_Swainson's Flycatcher/XC60445.mp3
train,Myiarchus swainsoni_Swainson's Flycatcher,../../Datasets/BirdClef/features/Myiarchus swainsoni_Swainson's Flycatcher/XC500335.npy,../../Datasets/BirdClef/audio/Myiarchus swainsoni_Swainson's Flycatcher/XC500335.mp3
train,Myiarchus swainsoni_Swainson's Flycatcher,../../Datasets/BirdClef/features/Myiarchus swainsoni_Swainson's Flycatcher/XC332761.npy,../../Datasets/BirdClef/audio/Myiarchus swainsoni_Swainson's Flycatcher/XC332761.mp3
train,Myiarchus swainsoni_Swainson's Flycatcher,../../Datasets/BirdClef/features/Myiarchus swainsoni_Swainson's Flycatcher/XC299473.npy,../../Datasets/BirdClef/audio/Myiarchus swainsoni_Swainson's Flycatcher/XC299473.mp3
train,Myiarchus tuberculifer_Dusky-capped Flycatcher,../../Datasets/BirdClef/features/Myiarchus tuberculifer_Dusky-capped Flycatcher/XC142290.npy,../../Datasets/BirdClef/audio/Myiarchus tuberculifer_Dusky-capped Flycatcher/XC142290.mp3
train,Myiarchus tuberculifer_Dusky-capped Flycatcher,../../Datasets/BirdClef/features/Myiarchus tuberculifer_Dusky-capped Flycatcher/XC1721.npy,../../Datasets/BirdClef/audio/Myiarchus tuberculifer_Dusky-capped Flycatcher/XC1721.mp3
train,Myiarchus tuberculifer_Dusky-capped Flycatcher,../../Datasets/BirdClef/features/Myiarchus tuberculifer_Dusky-capped Flycatcher/XC123784.npy,../../Datasets/BirdClef/audio/Myiarchus tuberculifer_Dusky-capped Flycatcher/XC123784.mp3
train,Myiarchus tuberculifer_Dusky-capped Flycatcher,../../Datasets/BirdClef/features/Myiarchus tuberculifer_Dusky-capped Flycatcher/XC322463.npy,../../Datasets/BirdClef/audio/Myiarchus tuberculifer_Dusky-capped Flycatcher/XC322463.mp3
train,Myiarchus tuberculifer_Dusky-capped Flycatcher,../../Datasets/BirdClef/features/Myiarchus tuberculifer_Dusky-capped Flycatcher/XC388366.npy,../../Datasets/BirdClef/audio/Myiarchus tuberculifer_Dusky-capped Flycatcher/XC388366.mp3
train,Myiarchus tyrannulus_Brown-crested Flycatcher,../../Datasets/BirdClef/features/Myiarchus tyrannulus_Brown-crested Flycatcher/XC500057.npy,../../Datasets/BirdClef/audio/Myiarchus tyrannulus_Brown-crested Flycatcher/XC500057.mp3
train,Myiarchus tyrannulus_Brown-crested Flycatcher,../../Datasets/BirdClef/features/Myiarchus tyrannulus_Brown-crested Flycatcher/XC415587.npy,../../Datasets/BirdClef/audio/Myiarchus tyrannulus_Brown-crested Flycatcher/XC415587.mp3
train,Myiarchus tyrannulus_Brown-crested Flycatcher,../../Datasets/BirdClef/features/Myiarchus tyrannulus_Brown-crested Flycatcher/XC123053.npy,../../Datasets/BirdClef/audio/Myiarchus tyrannulus_Brown-crested Flycatcher/XC123053.mp3
train,Myiarchus tyrannulus_Brown-crested Flycatcher,../../Datasets/BirdClef/features/Myiarchus tyrannulus_Brown-crested Flycatcher/XC45695.npy,../../Datasets/BirdClef/audio/Myiarchus tyrannulus_Brown-crested Flycatcher/XC45695.mp3
train,Myiarchus tyrannulus_Brown-crested Flycatcher,../../Datasets/BirdClef/features/Myiarchus tyrannulus_Brown-crested Flycatcher/XC472279.npy,../../Datasets/BirdClef/audio/Myiarchus tyrannulus_Brown-crested Flycatcher/XC472279.mp3
train,Myiodynastes luteiventris_Sulphur-bellied Flycatcher,../../Datasets/BirdClef/features/Myiodynastes luteiventris_Sulphur-bellied Flycatcher/XC226065.npy,../../Datasets/BirdClef/audio/Myiodynastes luteiventris_Sulphur-bellied Flycatcher/XC226065.mp3
train,Myiodynastes luteiventris_Sulphur-bellied Flycatcher,../../Datasets/BirdClef/features/Myiodynastes luteiventris_Sulphur-bellied Flycatcher/XC107209.npy,../../Datasets/BirdClef/audio/Myiodynastes luteiventris_Sulphur-bellied Flycatcher/XC107209.mp3
train,Myiodynastes luteiventris_Sulphur-bellied Flycatcher,../../Datasets/BirdClef/features/Myiodynastes luteiventris_Sulphur-bellied Flycatcher/XC283526.npy,../../Datasets/BirdClef/audio/Myiodynastes luteiventris_Sulphur-bellied Flycatcher/XC283526.mp3
train,Myiodynastes luteiventris_Sulphur-bellied Flycatcher,../../Datasets/BirdClef/features/Myiodynastes luteiventris_Sulphur-bellied Flycatcher/XC226066.npy,../../Datasets/BirdClef/audio/Myiodynastes luteiventris_Sulphur-bellied Flycatcher/XC226066.mp3
train,Myiodynastes luteiventris_Sulphur-bellied Flycatcher,../../Datasets/BirdClef/features/Myiodynastes luteiventris_Sulphur-bellied Flycatcher/XC124029.npy,../../Datasets/BirdClef/audio/Myiodynastes luteiventris_Sulphur-bellied Flycatcher/XC124029.mp3
train,Myiodynastes maculatus_Streaked Flycatcher,../../Datasets/BirdClef/features/Myiodynastes maculatus_Streaked Flycatcher/XC169878.npy,../../Datasets/BirdClef/audio/Myiodynastes maculatus_Streaked Flycatcher/XC169878.mp3
train,Myiodynastes maculatus_Streaked Flycatcher,../../Datasets/BirdClef/features/Myiodynastes maculatus_Streaked Flycatcher/XC443364.npy,../../Datasets/BirdClef/audio/Myiodynastes maculatus_Streaked Flycatcher/XC443364.mp3
train,Myiodynastes maculatus_Streaked Flycatcher,../../Datasets/BirdClef/features/Myiodynastes maculatus_Streaked Flycatcher/XC1683.npy,../../Datasets/BirdClef/audio/Myiodynastes maculatus_Streaked Flycatcher/XC1683.mp3
train,Myiodynastes maculatus_Streaked Flycatcher,../../Datasets/BirdClef/features/Myiodynastes maculatus_Streaked Flycatcher/XC210153.npy,../../Datasets/BirdClef/audio/Myiodynastes maculatus_Streaked Flycatcher/XC210153.mp3
train,Myiodynastes maculatus_Streaked Flycatcher,../../Datasets/BirdClef/features/Myiodynastes maculatus_Streaked Flycatcher/XC210144.npy,../../Datasets/BirdClef/audio/Myiodynastes maculatus_Streaked Flycatcher/XC210144.mp3
train,Myiopagis caniceps_Gray Elaenia,../../Datasets/BirdClef/features/Myiopagis caniceps_Gray Elaenia/XC454282.npy,../../Datasets/BirdClef/audio/Myiopagis caniceps_Gray Elaenia/XC454282.mp3
train,Myiopagis caniceps_Gray Elaenia,../../Datasets/BirdClef/features/Myiopagis caniceps_Gray Elaenia/XC83362.npy,../../Datasets/BirdClef/audio/Myiopagis caniceps_Gray Elaenia/XC83362.mp3
train,Myiopagis caniceps_Gray Elaenia,../../Datasets/BirdClef/features/Myiopagis caniceps_Gray Elaenia/XC493707.npy,../../Datasets/BirdClef/audio/Myiopagis caniceps_Gray Elaenia/XC493707.mp3
train,Myiopagis caniceps_Gray Elaenia,../../Datasets/BirdClef/features/Myiopagis caniceps_Gray Elaenia/XC248182.npy,../../Datasets/BirdClef/audio/Myiopagis caniceps_Gray Elaenia/XC248182.mp3
train,Myiopagis caniceps_Gray Elaenia,../../Datasets/BirdClef/features/Myiopagis caniceps_Gray Elaenia/XC30066.npy,../../Datasets/BirdClef/audio/Myiopagis caniceps_Gray Elaenia/XC30066.mp3
train,Myiopagis gaimardii_Forest Elaenia,../../Datasets/BirdClef/features/Myiopagis gaimardii_Forest Elaenia/XC358739.npy,../../Datasets/BirdClef/audio/Myiopagis gaimardii_Forest Elaenia/XC358739.mp3
train,Myiopagis gaimardii_Forest Elaenia,../../Datasets/BirdClef/features/Myiopagis gaimardii_Forest Elaenia/XC304378.npy,../../Datasets/BirdClef/audio/Myiopagis gaimardii_Forest Elaenia/XC304378.mp3
train,Myiopagis gaimardii_Forest Elaenia,../../Datasets/BirdClef/features/Myiopagis gaimardii_Forest Elaenia/XC59372.npy,../../Datasets/BirdClef/audio/Myiopagis gaimardii_Forest Elaenia/XC59372.mp3
train,Myiopagis gaimardii_Forest Elaenia,../../Datasets/BirdClef/features/Myiopagis gaimardii_Forest Elaenia/XC63681.npy,../../Datasets/BirdClef/audio/Myiopagis gaimardii_Forest Elaenia/XC63681.mp3
train,Myiopagis gaimardii_Forest Elaenia,../../Datasets/BirdClef/features/Myiopagis gaimardii_Forest Elaenia/XC408035.npy,../../Datasets/BirdClef/audio/Myiopagis gaimardii_Forest Elaenia/XC408035.mp3
train,Myiopagis viridicata_Greenish Elaenia,../../Datasets/BirdClef/features/Myiopagis viridicata_Greenish Elaenia/XC436162.npy,../../Datasets/BirdClef/audio/Myiopagis viridicata_Greenish Elaenia/XC436162.mp3
train,Myiopagis viridicata_Greenish Elaenia,../../Datasets/BirdClef/features/Myiopagis viridicata_Greenish Elaenia/XC45177.npy,../../Datasets/BirdClef/audio/Myiopagis viridicata_Greenish Elaenia/XC45177.mp3
train,Myiopagis viridicata_Greenish Elaenia,../../Datasets/BirdClef/features/Myiopagis viridicata_Greenish Elaenia/XC479035.npy,../../Datasets/BirdClef/audio/Myiopagis viridicata_Greenish Elaenia/XC479035.mp3
train,Myiopagis viridicata_Greenish Elaenia,../../Datasets/BirdClef/features/Myiopagis viridicata_Greenish Elaenia/XC226118.npy,../../Datasets/BirdClef/audio/Myiopagis viridicata_Greenish Elaenia/XC226118.mp3
train,Myiopagis viridicata_Greenish Elaenia,../../Datasets/BirdClef/features/Myiopagis viridicata_Greenish Elaenia/XC81643.npy,../../Datasets/BirdClef/audio/Myiopagis viridicata_Greenish Elaenia/XC81643.mp3
train,Myiophobus fasciatus_Bran-colored Flycatcher,../../Datasets/BirdClef/features/Myiophobus fasciatus_Bran-colored Flycatcher/XC81637.npy,../../Datasets/BirdClef/audio/Myiophobus fasciatus_Bran-colored Flycatcher/XC81637.mp3
train,Myiophobus fasciatus_Bran-colored Flycatcher,../../Datasets/BirdClef/features/Myiophobus fasciatus_Bran-colored Flycatcher/XC14358.npy,../../Datasets/BirdClef/audio/Myiophobus fasciatus_Bran-colored Flycatcher/XC14358.mp3
train,Myiophobus fasciatus_Bran-colored Flycatcher,../../Datasets/BirdClef/features/Myiophobus fasciatus_Bran-colored Flycatcher/XC24515.npy,../../Datasets/BirdClef/audio/Myiophobus fasciatus_Bran-colored Flycatcher/XC24515.mp3
train,Myiophobus fasciatus_Bran-colored Flycatcher,../../Datasets/BirdClef/features/Myiophobus fasciatus_Bran-colored Flycatcher/XC59962.npy,../../Datasets/BirdClef/audio/Myiophobus fasciatus_Bran-colored Flycatcher/XC59962.mp3
train,Myiophobus fasciatus_Bran-colored Flycatcher,../../Datasets/BirdClef/features/Myiophobus fasciatus_Bran-colored Flycatcher/XC59961.npy,../../Datasets/BirdClef/audio/Myiophobus fasciatus_Bran-colored Flycatcher/XC59961.mp3
train,Myiornis ecaudatus_Short-tailed Pygmy-Tyrant,../../Datasets/BirdClef/features/Myiornis ecaudatus_Short-tailed Pygmy-Tyrant/XC257097.npy,../../Datasets/BirdClef/audio/Myiornis ecaudatus_Short-tailed Pygmy-Tyrant/XC257097.mp3
train,Myiornis ecaudatus_Short-tailed Pygmy-Tyrant,../../Datasets/BirdClef/features/Myiornis ecaudatus_Short-tailed Pygmy-Tyrant/XC63651.npy,../../Datasets/BirdClef/audio/Myiornis ecaudatus_Short-tailed Pygmy-Tyrant/XC63651.mp3
train,Myiornis ecaudatus_Short-tailed Pygmy-Tyrant,../../Datasets/BirdClef/features/Myiornis ecaudatus_Short-tailed Pygmy-Tyrant/XC38702.npy,../../Datasets/BirdClef/audio/Myiornis ecaudatus_Short-tailed Pygmy-Tyrant/XC38702.mp3
train,Myiornis ecaudatus_Short-tailed Pygmy-Tyrant,../../Datasets/BirdClef/features/Myiornis ecaudatus_Short-tailed Pygmy-Tyrant/XC153720.npy,../../Datasets/BirdClef/audio/Myiornis ecaudatus_Short-tailed Pygmy-Tyrant/XC153720.mp3
train,Myiornis ecaudatus_Short-tailed Pygmy-Tyrant,../../Datasets/BirdClef/features/Myiornis ecaudatus_Short-tailed Pygmy-Tyrant/XC6571.npy,../../Datasets/BirdClef/audio/Myiornis ecaudatus_Short-tailed Pygmy-Tyrant/XC6571.mp3
train,Myiothlypis fulvicauda_Buff-rumped Warbler,../../Datasets/BirdClef/features/Myiothlypis fulvicauda_Buff-rumped Warbler/XC76149.npy,../../Datasets/BirdClef/audio/Myiothlypis fulvicauda_Buff-rumped Warbler/XC76149.mp3
train,Myiothlypis fulvicauda_Buff-rumped Warbler,../../Datasets/BirdClef/features/Myiothlypis fulvicauda_Buff-rumped Warbler/XC424710.npy,../../Datasets/BirdClef/audio/Myiothlypis fulvicauda_Buff-rumped Warbler/XC424710.mp3
train,Myiothlypis fulvicauda_Buff-rumped Warbler,../../Datasets/BirdClef/features/Myiothlypis fulvicauda_Buff-rumped Warbler/XC163392.npy,../../Datasets/BirdClef/audio/Myiothlypis fulvicauda_Buff-rumped Warbler/XC163392.mp3
train,Myiothlypis fulvicauda_Buff-rumped Warbler,../../Datasets/BirdClef/features/Myiothlypis fulvicauda_Buff-rumped Warbler/XC259467.npy,../../Datasets/BirdClef/audio/Myiothlypis fulvicauda_Buff-rumped Warbler/XC259467.mp3
train,Myiothlypis fulvicauda_Buff-rumped Warbler,../../Datasets/BirdClef/features/Myiothlypis fulvicauda_Buff-rumped Warbler/XC355607.npy,../../Datasets/BirdClef/audio/Myiothlypis fulvicauda_Buff-rumped Warbler/XC355607.mp3
train,Myiozetetes cayanensis_Rusty-margined Flycatcher,../../Datasets/BirdClef/features/Myiozetetes cayanensis_Rusty-margined Flycatcher/XC432827.npy,../../Datasets/BirdClef/audio/Myiozetetes cayanensis_Rusty-margined Flycatcher/XC432827.mp3
train,Myiozetetes cayanensis_Rusty-margined Flycatcher,../../Datasets/BirdClef/features/Myiozetetes cayanensis_Rusty-margined Flycatcher/XC52761.npy,../../Datasets/BirdClef/audio/Myiozetetes cayanensis_Rusty-margined Flycatcher/XC52761.mp3
train,Myiozetetes cayanensis_Rusty-margined Flycatcher,../../Datasets/BirdClef/features/Myiozetetes cayanensis_Rusty-margined Flycatcher/XC226229.npy,../../Datasets/BirdClef/audio/Myiozetetes cayanensis_Rusty-margined Flycatcher/XC226229.mp3
train,Myiozetetes cayanensis_Rusty-margined Flycatcher,../../Datasets/BirdClef/features/Myiozetetes cayanensis_Rusty-margined Flycatcher/XC226233.npy,../../Datasets/BirdClef/audio/Myiozetetes cayanensis_Rusty-margined Flycatcher/XC226233.mp3
train,Myiozetetes cayanensis_Rusty-margined Flycatcher,../../Datasets/BirdClef/features/Myiozetetes cayanensis_Rusty-margined Flycatcher/XC459230.npy,../../Datasets/BirdClef/audio/Myiozetetes cayanensis_Rusty-margined Flycatcher/XC459230.mp3
train,Myiozetetes granadensis_Gray-capped Flycatcher,../../Datasets/BirdClef/features/Myiozetetes granadensis_Gray-capped Flycatcher/XC63683.npy,../../Datasets/BirdClef/audio/Myiozetetes granadensis_Gray-capped Flycatcher/XC63683.mp3
train,Myiozetetes granadensis_Gray-capped Flycatcher,../../Datasets/BirdClef/features/Myiozetetes granadensis_Gray-capped Flycatcher/XC403301.npy,../../Datasets/BirdClef/audio/Myiozetetes granadensis_Gray-capped Flycatcher/XC403301.mp3
train,Myiozetetes granadensis_Gray-capped Flycatcher,../../Datasets/BirdClef/features/Myiozetetes granadensis_Gray-capped Flycatcher/XC210881.npy,../../Datasets/BirdClef/audio/Myiozetetes granadensis_Gray-capped Flycatcher/XC210881.mp3
train,Myiozetetes granadensis_Gray-capped Flycatcher,../../Datasets/BirdClef/features/Myiozetetes granadensis_Gray-capped Flycatcher/XC123132.npy,../../Datasets/BirdClef/audio/Myiozetetes granadensis_Gray-capped Flycatcher/XC123132.mp3
train,Myiozetetes granadensis_Gray-capped Flycatcher,../../Datasets/BirdClef/features/Myiozetetes granadensis_Gray-capped Flycatcher/XC259007.npy,../../Datasets/BirdClef/audio/Myiozetetes granadensis_Gray-capped Flycatcher/XC259007.mp3
train,Myiozetetes luteiventris_Dusky-chested Flycatcher,../../Datasets/BirdClef/features/Myiozetetes luteiventris_Dusky-chested Flycatcher/XC226248.npy,../../Datasets/BirdClef/audio/Myiozetetes luteiventris_Dusky-chested Flycatcher/XC226248.mp3
train,Myiozetetes luteiventris_Dusky-chested Flycatcher,../../Datasets/BirdClef/features/Myiozetetes luteiventris_Dusky-chested Flycatcher/XC403693.npy,../../Datasets/BirdClef/audio/Myiozetetes luteiventris_Dusky-chested Flycatcher/XC403693.mp3
train,Myiozetetes luteiventris_Dusky-chested Flycatcher,../../Datasets/BirdClef/features/Myiozetetes luteiventris_Dusky-chested Flycatcher/XC249987.npy,../../Datasets/BirdClef/audio/Myiozetetes luteiventris_Dusky-chested Flycatcher/XC249987.mp3
train,Myiozetetes luteiventris_Dusky-chested Flycatcher,../../Datasets/BirdClef/features/Myiozetetes luteiventris_Dusky-chested Flycatcher/XC66630.npy,../../Datasets/BirdClef/audio/Myiozetetes luteiventris_Dusky-chested Flycatcher/XC66630.mp3
train,Myiozetetes luteiventris_Dusky-chested Flycatcher,../../Datasets/BirdClef/features/Myiozetetes luteiventris_Dusky-chested Flycatcher/XC482151.npy,../../Datasets/BirdClef/audio/Myiozetetes luteiventris_Dusky-chested Flycatcher/XC482151.mp3
train,Myiozetetes similis_Social Flycatcher,../../Datasets/BirdClef/features/Myiozetetes similis_Social Flycatcher/XC242597.npy,../../Datasets/BirdClef/audio/Myiozetetes similis_Social Flycatcher/XC242597.mp3
train,Myiozetetes similis_Social Flycatcher,../../Datasets/BirdClef/features/Myiozetetes similis_Social Flycatcher/XC258995.npy,../../Datasets/BirdClef/audio/Myiozetetes similis_Social Flycatcher/XC258995.mp3
train,Myiozetetes similis_Social Flycatcher,../../Datasets/BirdClef/features/Myiozetetes similis_Social Flycatcher/XC249419.npy,../../Datasets/BirdClef/audio/Myiozetetes similis_Social Flycatcher/XC249419.mp3
train,Myiozetetes similis_Social Flycatcher,../../Datasets/BirdClef/features/Myiozetetes similis_Social Flycatcher/XC259000.npy,../../Datasets/BirdClef/audio/Myiozetetes similis_Social Flycatcher/XC259000.mp3
train,Myiozetetes similis_Social Flycatcher,../../Datasets/BirdClef/features/Myiozetetes similis_Social Flycatcher/XC482552.npy,../../Datasets/BirdClef/audio/Myiozetetes similis_Social Flycatcher/XC482552.mp3
train,Myrmelastes hyperythrus_Plumbeous Antbird,../../Datasets/BirdClef/features/Myrmelastes hyperythrus_Plumbeous Antbird/XC206936.npy,../../Datasets/BirdClef/audio/Myrmelastes hyperythrus_Plumbeous Antbird/XC206936.mp3
train,Myrmelastes hyperythrus_Plumbeous Antbird,../../Datasets/BirdClef/features/Myrmelastes hyperythrus_Plumbeous Antbird/XC151855.npy,../../Datasets/BirdClef/audio/Myrmelastes hyperythrus_Plumbeous Antbird/XC151855.mp3
train,Myrmelastes hyperythrus_Plumbeous Antbird,../../Datasets/BirdClef/features/Myrmelastes hyperythrus_Plumbeous Antbird/XC226331.npy,../../Datasets/BirdClef/audio/Myrmelastes hyperythrus_Plumbeous Antbird/XC226331.mp3
train,Myrmelastes hyperythrus_Plumbeous Antbird,../../Datasets/BirdClef/features/Myrmelastes hyperythrus_Plumbeous Antbird/XC120545.npy,../../Datasets/BirdClef/audio/Myrmelastes hyperythrus_Plumbeous Antbird/XC120545.mp3
train,Myrmelastes hyperythrus_Plumbeous Antbird,../../Datasets/BirdClef/features/Myrmelastes hyperythrus_Plumbeous Antbird/XC10512.npy,../../Datasets/BirdClef/audio/Myrmelastes hyperythrus_Plumbeous Antbird/XC10512.mp3
train,Myrmoborus leucophrys_White-browed Antbird,../../Datasets/BirdClef/features/Myrmoborus leucophrys_White-browed Antbird/XC260802.npy,../../Datasets/BirdClef/audio/Myrmoborus leucophrys_White-browed Antbird/XC260802.mp3
train,Myrmoborus leucophrys_White-browed Antbird,../../Datasets/BirdClef/features/Myrmoborus leucophrys_White-browed Antbird/XC313764.npy,../../Datasets/BirdClef/audio/Myrmoborus leucophrys_White-browed Antbird/XC313764.mp3
train,Myrmoborus leucophrys_White-browed Antbird,../../Datasets/BirdClef/features/Myrmoborus leucophrys_White-browed Antbird/XC226380.npy,../../Datasets/BirdClef/audio/Myrmoborus leucophrys_White-browed Antbird/XC226380.mp3
train,Myrmoborus leucophrys_White-browed Antbird,../../Datasets/BirdClef/features/Myrmoborus leucophrys_White-browed Antbird/XC147562.npy,../../Datasets/BirdClef/audio/Myrmoborus leucophrys_White-browed Antbird/XC147562.mp3
train,Myrmoborus leucophrys_White-browed Antbird,../../Datasets/BirdClef/features/Myrmoborus leucophrys_White-browed Antbird/XC340473.npy,../../Datasets/BirdClef/audio/Myrmoborus leucophrys_White-browed Antbird/XC340473.mp3
train,Myrmoborus lophotes_White-lined Antbird,../../Datasets/BirdClef/features/Myrmoborus lophotes_White-lined Antbird/XC436417.npy,../../Datasets/BirdClef/audio/Myrmoborus lophotes_White-lined Antbird/XC436417.mp3
train,Myrmoborus lophotes_White-lined Antbird,../../Datasets/BirdClef/features/Myrmoborus lophotes_White-lined Antbird/XC467569.npy,../../Datasets/BirdClef/audio/Myrmoborus lophotes_White-lined Antbird/XC467569.mp3
train,Myrmoborus lophotes_White-lined Antbird,../../Datasets/BirdClef/features/Myrmoborus lophotes_White-lined Antbird/XC40314.npy,../../Datasets/BirdClef/audio/Myrmoborus lophotes_White-lined Antbird/XC40314.mp3
train,Myrmoborus lophotes_White-lined Antbird,../../Datasets/BirdClef/features/Myrmoborus lophotes_White-lined Antbird/XC123128.npy,../../Datasets/BirdClef/audio/Myrmoborus lophotes_White-lined Antbird/XC123128.mp3
train,Myrmoborus lophotes_White-lined Antbird,../../Datasets/BirdClef/features/Myrmoborus lophotes_White-lined Antbird/XC122778.npy,../../Datasets/BirdClef/audio/Myrmoborus lophotes_White-lined Antbird/XC122778.mp3
train,Myrmoborus myotherinus_Black-faced Antbird,../../Datasets/BirdClef/features/Myrmoborus myotherinus_Black-faced Antbird/XC77000.npy,../../Datasets/BirdClef/audio/Myrmoborus myotherinus_Black-faced Antbird/XC77000.mp3
train,Myrmoborus myotherinus_Black-faced Antbird,../../Datasets/BirdClef/features/Myrmoborus myotherinus_Black-faced Antbird/XC248717.npy,../../Datasets/BirdClef/audio/Myrmoborus myotherinus_Black-faced Antbird/XC248717.mp3
train,Myrmoborus myotherinus_Black-faced Antbird,../../Datasets/BirdClef/features/Myrmoborus myotherinus_Black-faced Antbird/XC97987.npy,../../Datasets/BirdClef/audio/Myrmoborus myotherinus_Black-faced Antbird/XC97987.mp3
train,Myrmoborus myotherinus_Black-faced Antbird,../../Datasets/BirdClef/features/Myrmoborus myotherinus_Black-faced Antbird/XC226411.npy,../../Datasets/BirdClef/audio/Myrmoborus myotherinus_Black-faced Antbird/XC226411.mp3
train,Myrmoborus myotherinus_Black-faced Antbird,../../Datasets/BirdClef/features/Myrmoborus myotherinus_Black-faced Antbird/XC118404.npy,../../Datasets/BirdClef/audio/Myrmoborus myotherinus_Black-faced Antbird/XC118404.mp3
train,Myrmophylax atrothorax_Black-throated Antbird,../../Datasets/BirdClef/features/Myrmophylax atrothorax_Black-throated Antbird/XC436411.npy,../../Datasets/BirdClef/audio/Myrmophylax atrothorax_Black-throated Antbird/XC436411.mp3
train,Myrmophylax atrothorax_Black-throated Antbird,../../Datasets/BirdClef/features/Myrmophylax atrothorax_Black-throated Antbird/XC271926.npy,../../Datasets/BirdClef/audio/Myrmophylax atrothorax_Black-throated Antbird/XC271926.mp3
train,Myrmophylax atrothorax_Black-throated Antbird,../../Datasets/BirdClef/features/Myrmophylax atrothorax_Black-throated Antbird/XC54961.npy,../../Datasets/BirdClef/audio/Myrmophylax atrothorax_Black-throated Antbird/XC54961.mp3
train,Myrmophylax atrothorax_Black-throated Antbird,../../Datasets/BirdClef/features/Myrmophylax atrothorax_Black-throated Antbird/XC63703.npy,../../Datasets/BirdClef/audio/Myrmophylax atrothorax_Black-throated Antbird/XC63703.mp3
train,Myrmophylax atrothorax_Black-throated Antbird,../../Datasets/BirdClef/features/Myrmophylax atrothorax_Black-throated Antbird/XC235915.npy,../../Datasets/BirdClef/audio/Myrmophylax atrothorax_Black-throated Antbird/XC235915.mp3
train,Myrmothera campanisona_Thrush-like Antpitta,../../Datasets/BirdClef/features/Myrmothera campanisona_Thrush-like Antpitta/XC258620.npy,../../Datasets/BirdClef/audio/Myrmothera campanisona_Thrush-like Antpitta/XC258620.mp3
train,Myrmothera campanisona_Thrush-like Antpitta,../../Datasets/BirdClef/features/Myrmothera campanisona_Thrush-like Antpitta/XC258618.npy,../../Datasets/BirdClef/audio/Myrmothera campanisona_Thrush-like Antpitta/XC258618.mp3
train,Myrmothera campanisona_Thrush-like Antpitta,../../Datasets/BirdClef/features/Myrmothera campanisona_Thrush-like Antpitta/XC362207.npy,../../Datasets/BirdClef/audio/Myrmothera campanisona_Thrush-like Antpitta/XC362207.mp3
train,Myrmothera campanisona_Thrush-like Antpitta,../../Datasets/BirdClef/features/Myrmothera campanisona_Thrush-like Antpitta/XC226440.npy,../../Datasets/BirdClef/audio/Myrmothera campanisona_Thrush-like Antpitta/XC226440.mp3
train,Myrmothera campanisona_Thrush-like Antpitta,../../Datasets/BirdClef/features/Myrmothera campanisona_Thrush-like Antpitta/XC144174.npy,../../Datasets/BirdClef/audio/Myrmothera campanisona_Thrush-like Antpitta/XC144174.mp3
train,Myrmotherula axillaris_White-flanked Antwren,../../Datasets/BirdClef/features/Myrmotherula axillaris_White-flanked Antwren/XC226466.npy,../../Datasets/BirdClef/audio/Myrmotherula axillaris_White-flanked Antwren/XC226466.mp3
train,Myrmotherula axillaris_White-flanked Antwren,../../Datasets/BirdClef/features/Myrmotherula axillaris_White-flanked Antwren/XC77043.npy,../../Datasets/BirdClef/audio/Myrmotherula axillaris_White-flanked Antwren/XC77043.mp3
train,Myrmotherula axillaris_White-flanked Antwren,../../Datasets/BirdClef/features/Myrmotherula axillaris_White-flanked Antwren/XC171018.npy,../../Datasets/BirdClef/audio/Myrmotherula axillaris_White-flanked Antwren/XC171018.mp3
train,Myrmotherula axillaris_White-flanked Antwren,../../Datasets/BirdClef/features/Myrmotherula axillaris_White-flanked Antwren/XC258419.npy,../../Datasets/BirdClef/audio/Myrmotherula axillaris_White-flanked Antwren/XC258419.mp3
train,Myrmotherula axillaris_White-flanked Antwren,../../Datasets/BirdClef/features/Myrmotherula axillaris_White-flanked Antwren/XC301928.npy,../../Datasets/BirdClef/audio/Myrmotherula axillaris_White-flanked Antwren/XC301928.mp3
train,Myrmotherula brachyura_Pygmy Antwren,../../Datasets/BirdClef/features/Myrmotherula brachyura_Pygmy Antwren/XC251232.npy,../../Datasets/BirdClef/audio/Myrmotherula brachyura_Pygmy Antwren/XC251232.mp3
train,Myrmotherula brachyura_Pygmy Antwren,../../Datasets/BirdClef/features/Myrmotherula brachyura_Pygmy Antwren/XC423727.npy,../../Datasets/BirdClef/audio/Myrmotherula brachyura_Pygmy Antwren/XC423727.mp3
train,Myrmotherula brachyura_Pygmy Antwren,../../Datasets/BirdClef/features/Myrmotherula brachyura_Pygmy Antwren/XC170.npy,../../Datasets/BirdClef/audio/Myrmotherula brachyura_Pygmy Antwren/XC170.mp3
train,Myrmotherula brachyura_Pygmy Antwren,../../Datasets/BirdClef/features/Myrmotherula brachyura_Pygmy Antwren/XC270837.npy,../../Datasets/BirdClef/audio/Myrmotherula brachyura_Pygmy Antwren/XC270837.mp3
train,Myrmotherula brachyura_Pygmy Antwren,../../Datasets/BirdClef/features/Myrmotherula brachyura_Pygmy Antwren/XC27591.npy,../../Datasets/BirdClef/audio/Myrmotherula brachyura_Pygmy Antwren/XC27591.mp3
train,Myrmotherula longipennis_Long-winged Antwren,../../Datasets/BirdClef/features/Myrmotherula longipennis_Long-winged Antwren/XC9436.npy,../../Datasets/BirdClef/audio/Myrmotherula longipennis_Long-winged Antwren/XC9436.mp3
train,Myrmotherula longipennis_Long-winged Antwren,../../Datasets/BirdClef/features/Myrmotherula longipennis_Long-winged Antwren/XC39783.npy,../../Datasets/BirdClef/audio/Myrmotherula longipennis_Long-winged Antwren/XC39783.mp3
train,Myrmotherula longipennis_Long-winged Antwren,../../Datasets/BirdClef/features/Myrmotherula longipennis_Long-winged Antwren/XC88626.npy,../../Datasets/BirdClef/audio/Myrmotherula longipennis_Long-winged Antwren/XC88626.mp3
train,Myrmotherula longipennis_Long-winged Antwren,../../Datasets/BirdClef/features/Myrmotherula longipennis_Long-winged Antwren/XC38617.npy,../../Datasets/BirdClef/audio/Myrmotherula longipennis_Long-winged Antwren/XC38617.mp3
train,Myrmotherula longipennis_Long-winged Antwren,../../Datasets/BirdClef/features/Myrmotherula longipennis_Long-winged Antwren/XC75308.npy,../../Datasets/BirdClef/audio/Myrmotherula longipennis_Long-winged Antwren/XC75308.mp3
train,Myrmotherula menetriesii_Gray Antwren,../../Datasets/BirdClef/features/Myrmotherula menetriesii_Gray Antwren/XC388353.npy,../../Datasets/BirdClef/audio/Myrmotherula menetriesii_Gray Antwren/XC388353.mp3
train,Myrmotherula menetriesii_Gray Antwren,../../Datasets/BirdClef/features/Myrmotherula menetriesii_Gray Antwren/XC39147.npy,../../Datasets/BirdClef/audio/Myrmotherula menetriesii_Gray Antwren/XC39147.mp3
train,Myrmotherula menetriesii_Gray Antwren,../../Datasets/BirdClef/features/Myrmotherula menetriesii_Gray Antwren/XC249089.npy,../../Datasets/BirdClef/audio/Myrmotherula menetriesii_Gray Antwren/XC249089.mp3
train,Myrmotherula menetriesii_Gray Antwren,../../Datasets/BirdClef/features/Myrmotherula menetriesii_Gray Antwren/XC226564.npy,../../Datasets/BirdClef/audio/Myrmotherula menetriesii_Gray Antwren/XC226564.mp3
train,Myrmotherula menetriesii_Gray Antwren,../../Datasets/BirdClef/features/Myrmotherula menetriesii_Gray Antwren/XC2316.npy,../../Datasets/BirdClef/audio/Myrmotherula menetriesii_Gray Antwren/XC2316.mp3
train,Myrmotherula multostriata_Amazonian Streaked-Antwren,../../Datasets/BirdClef/features/Myrmotherula multostriata_Amazonian Streaked-Antwren/XC344991.npy,../../Datasets/BirdClef/audio/Myrmotherula multostriata_Amazonian Streaked-Antwren/XC344991.mp3
train,Myrmotherula multostriata_Amazonian Streaked-Antwren,../../Datasets/BirdClef/features/Myrmotherula multostriata_Amazonian Streaked-Antwren/XC108667.npy,../../Datasets/BirdClef/audio/Myrmotherula multostriata_Amazonian Streaked-Antwren/XC108667.mp3
train,Myrmotherula multostriata_Amazonian Streaked-Antwren,../../Datasets/BirdClef/features/Myrmotherula multostriata_Amazonian Streaked-Antwren/XC447.npy,../../Datasets/BirdClef/audio/Myrmotherula multostriata_Amazonian Streaked-Antwren/XC447.mp3
train,Myrmotherula multostriata_Amazonian Streaked-Antwren,../../Datasets/BirdClef/features/Myrmotherula multostriata_Amazonian Streaked-Antwren/XC484668.npy,../../Datasets/BirdClef/audio/Myrmotherula multostriata_Amazonian Streaked-Antwren/XC484668.mp3
train,Myrmotherula multostriata_Amazonian Streaked-Antwren,../../Datasets/BirdClef/features/Myrmotherula multostriata_Amazonian Streaked-Antwren/XC483308.npy,../../Datasets/BirdClef/audio/Myrmotherula multostriata_Amazonian Streaked-Antwren/XC483308.mp3
train,Myrmotherula sclateri_Sclater's Antwren,../../Datasets/BirdClef/features/Myrmotherula sclateri_Sclater's Antwren/XC236978.npy,../../Datasets/BirdClef/audio/Myrmotherula sclateri_Sclater's Antwren/XC236978.mp3
train,Myrmotherula sclateri_Sclater's Antwren,../../Datasets/BirdClef/features/Myrmotherula sclateri_Sclater's Antwren/XC226604.npy,../../Datasets/BirdClef/audio/Myrmotherula sclateri_Sclater's Antwren/XC226604.mp3
train,Myrmotherula sclateri_Sclater's Antwren,../../Datasets/BirdClef/features/Myrmotherula sclateri_Sclater's Antwren/XC452921.npy,../../Datasets/BirdClef/audio/Myrmotherula sclateri_Sclater's Antwren/XC452921.mp3
train,Myrmotherula sclateri_Sclater's Antwren,../../Datasets/BirdClef/features/Myrmotherula sclateri_Sclater's Antwren/XC88434.npy,../../Datasets/BirdClef/audio/Myrmotherula sclateri_Sclater's Antwren/XC88434.mp3
train,Myrmotherula sclateri_Sclater's Antwren,../../Datasets/BirdClef/features/Myrmotherula sclateri_Sclater's Antwren/XC330515.npy,../../Datasets/BirdClef/audio/Myrmotherula sclateri_Sclater's Antwren/XC330515.mp3
train,Nasica longirostris_Long-billed Woodcreeper,../../Datasets/BirdClef/features/Nasica longirostris_Long-billed Woodcreeper/XC76038.npy,../../Datasets/BirdClef/audio/Nasica longirostris_Long-billed Woodcreeper/XC76038.mp3
train,Nasica longirostris_Long-billed Woodcreeper,../../Datasets/BirdClef/features/Nasica longirostris_Long-billed Woodcreeper/XC494937.npy,../../Datasets/BirdClef/audio/Nasica longirostris_Long-billed Woodcreeper/XC494937.mp3
train,Nasica longirostris_Long-billed Woodcreeper,../../Datasets/BirdClef/features/Nasica longirostris_Long-billed Woodcreeper/XC91128.npy,../../Datasets/BirdClef/audio/Nasica longirostris_Long-billed Woodcreeper/XC91128.mp3
train,Nasica longirostris_Long-billed Woodcreeper,../../Datasets/BirdClef/features/Nasica longirostris_Long-billed Woodcreeper/XC258275.npy,../../Datasets/BirdClef/audio/Nasica longirostris_Long-billed Woodcreeper/XC258275.mp3
train,Nasica longirostris_Long-billed Woodcreeper,../../Datasets/BirdClef/features/Nasica longirostris_Long-billed Woodcreeper/XC493805.npy,../../Datasets/BirdClef/audio/Nasica longirostris_Long-billed Woodcreeper/XC493805.mp3
train,Notharchus hyperrhynchus_White-necked Puffbird,../../Datasets/BirdClef/features/Notharchus hyperrhynchus_White-necked Puffbird/XC226699.npy,../../Datasets/BirdClef/audio/Notharchus hyperrhynchus_White-necked Puffbird/XC226699.mp3
train,Notharchus hyperrhynchus_White-necked Puffbird,../../Datasets/BirdClef/features/Notharchus hyperrhynchus_White-necked Puffbird/XC226695.npy,../../Datasets/BirdClef/audio/Notharchus hyperrhynchus_White-necked Puffbird/XC226695.mp3
train,Notharchus hyperrhynchus_White-necked Puffbird,../../Datasets/BirdClef/features/Notharchus hyperrhynchus_White-necked Puffbird/XC395742.npy,../../Datasets/BirdClef/audio/Notharchus hyperrhynchus_White-necked Puffbird/XC395742.mp3
train,Notharchus hyperrhynchus_White-necked Puffbird,../../Datasets/BirdClef/features/Notharchus hyperrhynchus_White-necked Puffbird/XC39788.npy,../../Datasets/BirdClef/audio/Notharchus hyperrhynchus_White-necked Puffbird/XC39788.mp3
train,Notharchus hyperrhynchus_White-necked Puffbird,../../Datasets/BirdClef/features/Notharchus hyperrhynchus_White-necked Puffbird/XC63264.npy,../../Datasets/BirdClef/audio/Notharchus hyperrhynchus_White-necked Puffbird/XC63264.mp3
train,Nucifraga columbiana_Clark's Nutcracker,../../Datasets/BirdClef/features/Nucifraga columbiana_Clark's Nutcracker/XC18405.npy,../../Datasets/BirdClef/audio/Nucifraga columbiana_Clark's Nutcracker/XC18405.mp3
train,Nucifraga columbiana_Clark's Nutcracker,../../Datasets/BirdClef/features/Nucifraga columbiana_Clark's Nutcracker/XC199579.npy,../../Datasets/BirdClef/audio/Nucifraga columbiana_Clark's Nutcracker/XC199579.mp3
train,Nucifraga columbiana_Clark's Nutcracker,../../Datasets/BirdClef/features/Nucifraga columbiana_Clark's Nutcracker/XC448839.npy,../../Datasets/BirdClef/audio/Nucifraga columbiana_Clark's Nutcracker/XC448839.mp3
train,Nucifraga columbiana_Clark's Nutcracker,../../Datasets/BirdClef/features/Nucifraga columbiana_Clark's Nutcracker/XC105320.npy,../../Datasets/BirdClef/audio/Nucifraga columbiana_Clark's Nutcracker/XC105320.mp3
train,Nucifraga columbiana_Clark's Nutcracker,../../Datasets/BirdClef/features/Nucifraga columbiana_Clark's Nutcracker/XC13318.npy,../../Datasets/BirdClef/audio/Nucifraga columbiana_Clark's Nutcracker/XC13318.mp3
train,Numenius americanus_Long-billed Curlew,../../Datasets/BirdClef/features/Numenius americanus_Long-billed Curlew/XC339887.npy,../../Datasets/BirdClef/audio/Numenius americanus_Long-billed Curlew/XC339887.mp3
train,Numenius americanus_Long-billed Curlew,../../Datasets/BirdClef/features/Numenius americanus_Long-billed Curlew/XC161337.npy,../../Datasets/BirdClef/audio/Numenius americanus_Long-billed Curlew/XC161337.mp3
train,Numenius americanus_Long-billed Curlew,../../Datasets/BirdClef/features/Numenius americanus_Long-billed Curlew/XC149442.npy,../../Datasets/BirdClef/audio/Numenius americanus_Long-billed Curlew/XC149442.mp3
train,Numenius americanus_Long-billed Curlew,../../Datasets/BirdClef/features/Numenius americanus_Long-billed Curlew/XC386108.npy,../../Datasets/BirdClef/audio/Numenius americanus_Long-billed Curlew/XC386108.mp3
train,Numenius americanus_Long-billed Curlew,../../Datasets/BirdClef/features/Numenius americanus_Long-billed Curlew/XC500426.npy,../../Datasets/BirdClef/audio/Numenius americanus_Long-billed Curlew/XC500426.mp3
train,Numenius arquata_Eurasian Curlew,../../Datasets/BirdClef/features/Numenius arquata_Eurasian Curlew/XC109742.npy,../../Datasets/BirdClef/audio/Numenius arquata_Eurasian Curlew/XC109742.mp3
train,Numenius arquata_Eurasian Curlew,../../Datasets/BirdClef/features/Numenius arquata_Eurasian Curlew/XC37878.npy,../../Datasets/BirdClef/audio/Numenius arquata_Eurasian Curlew/XC37878.mp3
train,Numenius arquata_Eurasian Curlew,../../Datasets/BirdClef/features/Numenius arquata_Eurasian Curlew/XC342882.npy,../../Datasets/BirdClef/audio/Numenius arquata_Eurasian Curlew/XC342882.mp3
train,Numenius arquata_Eurasian Curlew,../../Datasets/BirdClef/features/Numenius arquata_Eurasian Curlew/XC100035.npy,../../Datasets/BirdClef/audio/Numenius arquata_Eurasian Curlew/XC100035.mp3
train,Numenius arquata_Eurasian Curlew,../../Datasets/BirdClef/features/Numenius arquata_Eurasian Curlew/XC180288.npy,../../Datasets/BirdClef/audio/Numenius arquata_Eurasian Curlew/XC180288.mp3
train,Nyctibius grandis_Great Potoo,../../Datasets/BirdClef/features/Nyctibius grandis_Great Potoo/XC251263.npy,../../Datasets/BirdClef/audio/Nyctibius grandis_Great Potoo/XC251263.mp3
train,Nyctibius grandis_Great Potoo,../../Datasets/BirdClef/features/Nyctibius grandis_Great Potoo/XC453562.npy,../../Datasets/BirdClef/audio/Nyctibius grandis_Great Potoo/XC453562.mp3
train,Nyctibius grandis_Great Potoo,../../Datasets/BirdClef/features/Nyctibius grandis_Great Potoo/XC424013.npy,../../Datasets/BirdClef/audio/Nyctibius grandis_Great Potoo/XC424013.mp3
train,Nyctibius grandis_Great Potoo,../../Datasets/BirdClef/features/Nyctibius grandis_Great Potoo/XC61835.npy,../../Datasets/BirdClef/audio/Nyctibius grandis_Great Potoo/XC61835.mp3
train,Nyctibius grandis_Great Potoo,../../Datasets/BirdClef/features/Nyctibius grandis_Great Potoo/XC226739.npy,../../Datasets/BirdClef/audio/Nyctibius grandis_Great Potoo/XC226739.mp3
train,Nyctibius griseus_Common Potoo,../../Datasets/BirdClef/features/Nyctibius griseus_Common Potoo/XC215197.npy,../../Datasets/BirdClef/audio/Nyctibius griseus_Common Potoo/XC215197.mp3
train,Nyctibius griseus_Common Potoo,../../Datasets/BirdClef/features/Nyctibius griseus_Common Potoo/XC484532.npy,../../Datasets/BirdClef/audio/Nyctibius griseus_Common Potoo/XC484532.mp3
train,Nyctibius griseus_Common Potoo,../../Datasets/BirdClef/features/Nyctibius griseus_Common Potoo/XC172858.npy,../../Datasets/BirdClef/audio/Nyctibius griseus_Common Potoo/XC172858.mp3
train,Nyctibius griseus_Common Potoo,../../Datasets/BirdClef/features/Nyctibius griseus_Common Potoo/XC6685.npy,../../Datasets/BirdClef/audio/Nyctibius griseus_Common Potoo/XC6685.mp3
train,Nyctibius griseus_Common Potoo,../../Datasets/BirdClef/features/Nyctibius griseus_Common Potoo/XC427711.npy,../../Datasets/BirdClef/audio/Nyctibius griseus_Common Potoo/XC427711.mp3
train,Nycticorax nycticorax_Black-crowned Night-Heron,../../Datasets/BirdClef/features/Nycticorax nycticorax_Black-crowned Night-Heron/XC237483.npy,../../Datasets/BirdClef/audio/Nycticorax nycticorax_Black-crowned Night-Heron/XC237483.mp3
train,Nycticorax nycticorax_Black-crowned Night-Heron,../../Datasets/BirdClef/features/Nycticorax nycticorax_Black-crowned Night-Heron/XC363318.npy,../../Datasets/BirdClef/audio/Nycticorax nycticorax_Black-crowned Night-Heron/XC363318.mp3
train,Nycticorax nycticorax_Black-crowned Night-Heron,../../Datasets/BirdClef/features/Nycticorax nycticorax_Black-crowned Night-Heron/XC226756.npy,../../Datasets/BirdClef/audio/Nycticorax nycticorax_Black-crowned Night-Heron/XC226756.mp3
train,Nycticorax nycticorax_Black-crowned Night-Heron,../../Datasets/BirdClef/features/Nycticorax nycticorax_Black-crowned Night-Heron/XC226755.npy,../../Datasets/BirdClef/audio/Nycticorax nycticorax_Black-crowned Night-Heron/XC226755.mp3
train,Nycticorax nycticorax_Black-crowned Night-Heron,../../Datasets/BirdClef/features/Nycticorax nycticorax_Black-crowned Night-Heron/XC45688.npy,../../Datasets/BirdClef/audio/Nycticorax nycticorax_Black-crowned Night-Heron/XC45688.mp3
train,Nyctidromus albicollis_Common Pauraque,../../Datasets/BirdClef/features/Nyctidromus albicollis_Common Pauraque/XC388916.npy,../../Datasets/BirdClef/audio/Nyctidromus albicollis_Common Pauraque/XC388916.mp3
train,Nyctidromus albicollis_Common Pauraque,../../Datasets/BirdClef/features/Nyctidromus albicollis_Common Pauraque/XC257771.npy,../../Datasets/BirdClef/audio/Nyctidromus albicollis_Common Pauraque/XC257771.mp3
train,Nyctidromus albicollis_Common Pauraque,../../Datasets/BirdClef/features/Nyctidromus albicollis_Common Pauraque/XC196391.npy,../../Datasets/BirdClef/audio/Nyctidromus albicollis_Common Pauraque/XC196391.mp3
train,Nyctidromus albicollis_Common Pauraque,../../Datasets/BirdClef/features/Nyctidromus albicollis_Common Pauraque/XC121382.npy,../../Datasets/BirdClef/audio/Nyctidromus albicollis_Common Pauraque/XC121382.mp3
train,Nyctidromus albicollis_Common Pauraque,../../Datasets/BirdClef/features/Nyctidromus albicollis_Common Pauraque/XC123378.npy,../../Datasets/BirdClef/audio/Nyctidromus albicollis_Common Pauraque/XC123378.mp3
train,Nyctiphrynus ocellatus_Ocellated Poorwill,../../Datasets/BirdClef/features/Nyctiphrynus ocellatus_Ocellated Poorwill/XC10798.npy,../../Datasets/BirdClef/audio/Nyctiphrynus ocellatus_Ocellated Poorwill/XC10798.mp3
train,Nyctiphrynus ocellatus_Ocellated Poorwill,../../Datasets/BirdClef/features/Nyctiphrynus ocellatus_Ocellated Poorwill/XC344080.npy,../../Datasets/BirdClef/audio/Nyctiphrynus ocellatus_Ocellated Poorwill/XC344080.mp3
train,Nyctiphrynus ocellatus_Ocellated Poorwill,../../Datasets/BirdClef/features/Nyctiphrynus ocellatus_Ocellated Poorwill/XC428649.npy,../../Datasets/BirdClef/audio/Nyctiphrynus ocellatus_Ocellated Poorwill/XC428649.mp3
train,Nyctiphrynus ocellatus_Ocellated Poorwill,../../Datasets/BirdClef/features/Nyctiphrynus ocellatus_Ocellated Poorwill/XC32113.npy,../../Datasets/BirdClef/audio/Nyctiphrynus ocellatus_Ocellated Poorwill/XC32113.mp3
train,Nyctiphrynus ocellatus_Ocellated Poorwill,../../Datasets/BirdClef/features/Nyctiphrynus ocellatus_Ocellated Poorwill/XC21413.npy,../../Datasets/BirdClef/audio/Nyctiphrynus ocellatus_Ocellated Poorwill/XC21413.mp3
train,Oenanthe oenanthe_Northern Wheatear,../../Datasets/BirdClef/features/Oenanthe oenanthe_Northern Wheatear/XC154268.npy,../../Datasets/BirdClef/audio/Oenanthe oenanthe_Northern Wheatear/XC154268.mp3
train,Oenanthe oenanthe_Northern Wheatear,../../Datasets/BirdClef/features/Oenanthe oenanthe_Northern Wheatear/XC420221.npy,../../Datasets/BirdClef/audio/Oenanthe oenanthe_Northern Wheatear/XC420221.mp3
train,Oenanthe oenanthe_Northern Wheatear,../../Datasets/BirdClef/features/Oenanthe oenanthe_Northern Wheatear/XC372547.npy,../../Datasets/BirdClef/audio/Oenanthe oenanthe_Northern Wheatear/XC372547.mp3
train,Oenanthe oenanthe_Northern Wheatear,../../Datasets/BirdClef/features/Oenanthe oenanthe_Northern Wheatear/XC480603.npy,../../Datasets/BirdClef/audio/Oenanthe oenanthe_Northern Wheatear/XC480603.mp3
train,Oenanthe oenanthe_Northern Wheatear,../../Datasets/BirdClef/features/Oenanthe oenanthe_Northern Wheatear/XC495353.npy,../../Datasets/BirdClef/audio/Oenanthe oenanthe_Northern Wheatear/XC495353.mp3
train,Opisthocomus hoazin_Hoatzin,../../Datasets/BirdClef/features/Opisthocomus hoazin_Hoatzin/XC243573.npy,../../Datasets/BirdClef/audio/Opisthocomus hoazin_Hoatzin/XC243573.mp3
train,Opisthocomus hoazin_Hoatzin,../../Datasets/BirdClef/features/Opisthocomus hoazin_Hoatzin/XC14122.npy,../../Datasets/BirdClef/audio/Opisthocomus hoazin_Hoatzin/XC14122.mp3
train,Opisthocomus hoazin_Hoatzin,../../Datasets/BirdClef/features/Opisthocomus hoazin_Hoatzin/XC226906.npy,../../Datasets/BirdClef/audio/Opisthocomus hoazin_Hoatzin/XC226906.mp3
train,Opisthocomus hoazin_Hoatzin,../../Datasets/BirdClef/features/Opisthocomus hoazin_Hoatzin/XC122324.npy,../../Datasets/BirdClef/audio/Opisthocomus hoazin_Hoatzin/XC122324.mp3
train,Opisthocomus hoazin_Hoatzin,../../Datasets/BirdClef/features/Opisthocomus hoazin_Hoatzin/XC238733.npy,../../Datasets/BirdClef/audio/Opisthocomus hoazin_Hoatzin/XC238733.mp3
train,Oriolus oriolus_Eurasian Golden Oriole,../../Datasets/BirdClef/features/Oriolus oriolus_Eurasian Golden Oriole/XC302916.npy,../../Datasets/BirdClef/audio/Oriolus oriolus_Eurasian Golden Oriole/XC302916.mp3
train,Oriolus oriolus_Eurasian Golden Oriole,../../Datasets/BirdClef/features/Oriolus oriolus_Eurasian Golden Oriole/XC134059.npy,../../Datasets/BirdClef/audio/Oriolus oriolus_Eurasian Golden Oriole/XC134059.mp3
train,Oriolus oriolus_Eurasian Golden Oriole,../../Datasets/BirdClef/features/Oriolus oriolus_Eurasian Golden Oriole/XC473178.npy,../../Datasets/BirdClef/audio/Oriolus oriolus_Eurasian Golden Oriole/XC473178.mp3
train,Oriolus oriolus_Eurasian Golden Oriole,../../Datasets/BirdClef/features/Oriolus oriolus_Eurasian Golden Oriole/XC328389.npy,../../Datasets/BirdClef/audio/Oriolus oriolus_Eurasian Golden Oriole/XC328389.mp3
train,Oriolus oriolus_Eurasian Golden Oriole,../../Datasets/BirdClef/features/Oriolus oriolus_Eurasian Golden Oriole/XC325642.npy,../../Datasets/BirdClef/audio/Oriolus oriolus_Eurasian Golden Oriole/XC325642.mp3
train,Ornithion inerme_White-lored Tyrannulet,../../Datasets/BirdClef/features/Ornithion inerme_White-lored Tyrannulet/XC1862.npy,../../Datasets/BirdClef/audio/Ornithion inerme_White-lored Tyrannulet/XC1862.mp3
train,Ornithion inerme_White-lored Tyrannulet,../../Datasets/BirdClef/features/Ornithion inerme_White-lored Tyrannulet/XC5742.npy,../../Datasets/BirdClef/audio/Ornithion inerme_White-lored Tyrannulet/XC5742.mp3
train,Ornithion inerme_White-lored Tyrannulet,../../Datasets/BirdClef/features/Ornithion inerme_White-lored Tyrannulet/XC447698.npy,../../Datasets/BirdClef/audio/Ornithion inerme_White-lored Tyrannulet/XC447698.mp3
train,Ornithion inerme_White-lored Tyrannulet,../../Datasets/BirdClef/features/Ornithion inerme_White-lored Tyrannulet/XC486590.npy,../../Datasets/BirdClef/audio/Ornithion inerme_White-lored Tyrannulet/XC486590.mp3
train,Ornithion inerme_White-lored Tyrannulet,../../Datasets/BirdClef/features/Ornithion inerme_White-lored Tyrannulet/XC141619.npy,../../Datasets/BirdClef/audio/Ornithion inerme_White-lored Tyrannulet/XC141619.mp3
train,Ortalis guttata_Speckled Chachalaca,../../Datasets/BirdClef/features/Ortalis guttata_Speckled Chachalaca/XC81972.npy,../../Datasets/BirdClef/audio/Ortalis guttata_Speckled Chachalaca/XC81972.mp3
train,Ortalis guttata_Speckled Chachalaca,../../Datasets/BirdClef/features/Ortalis guttata_Speckled Chachalaca/XC44406.npy,../../Datasets/BirdClef/audio/Ortalis guttata_Speckled Chachalaca/XC44406.mp3
train,Ortalis guttata_Speckled Chachalaca,../../Datasets/BirdClef/features/Ortalis guttata_Speckled Chachalaca/XC155425.npy,../../Datasets/BirdClef/audio/Ortalis guttata_Speckled Chachalaca/XC155425.mp3
train,Ortalis guttata_Speckled Chachalaca,../../Datasets/BirdClef/features/Ortalis guttata_Speckled Chachalaca/XC163584.npy,../../Datasets/BirdClef/audio/Ortalis guttata_Speckled Chachalaca/XC163584.mp3
train,Ortalis guttata_Speckled Chachalaca,../../Datasets/BirdClef/features/Ortalis guttata_Speckled Chachalaca/XC72571.npy,../../Datasets/BirdClef/audio/Ortalis guttata_Speckled Chachalaca/XC72571.mp3
train,Orthopsittaca manilatus_Red-bellied Macaw,../../Datasets/BirdClef/features/Orthopsittaca manilatus_Red-bellied Macaw/XC218919.npy,../../Datasets/BirdClef/audio/Orthopsittaca manilatus_Red-bellied Macaw/XC218919.mp3
train,Orthopsittaca manilatus_Red-bellied Macaw,../../Datasets/BirdClef/features/Orthopsittaca manilatus_Red-bellied Macaw/XC227023.npy,../../Datasets/BirdClef/audio/Orthopsittaca manilatus_Red-bellied Macaw/XC227023.mp3
train,Orthopsittaca manilatus_Red-bellied Macaw,../../Datasets/BirdClef/features/Orthopsittaca manilatus_Red-bellied Macaw/XC245502.npy,../../Datasets/BirdClef/audio/Orthopsittaca manilatus_Red-bellied Macaw/XC245502.mp3
train,Orthopsittaca manilatus_Red-bellied Macaw,../../Datasets/BirdClef/features/Orthopsittaca manilatus_Red-bellied Macaw/XC178507.npy,../../Datasets/BirdClef/audio/Orthopsittaca manilatus_Red-bellied Macaw/XC178507.mp3
train,Orthopsittaca manilatus_Red-bellied Macaw,../../Datasets/BirdClef/features/Orthopsittaca manilatus_Red-bellied Macaw/XC272564.npy,../../Datasets/BirdClef/audio/Orthopsittaca manilatus_Red-bellied Macaw/XC272564.mp3
train,Pachyramphus castaneus_Chestnut-crowned Becard,../../Datasets/BirdClef/features/Pachyramphus castaneus_Chestnut-crowned Becard/XC227136.npy,../../Datasets/BirdClef/audio/Pachyramphus castaneus_Chestnut-crowned Becard/XC227136.mp3
train,Pachyramphus castaneus_Chestnut-crowned Becard,../../Datasets/BirdClef/features/Pachyramphus castaneus_Chestnut-crowned Becard/XC176870.npy,../../Datasets/BirdClef/audio/Pachyramphus castaneus_Chestnut-crowned Becard/XC176870.mp3
train,Pachyramphus castaneus_Chestnut-crowned Becard,../../Datasets/BirdClef/features/Pachyramphus castaneus_Chestnut-crowned Becard/XC227142.npy,../../Datasets/BirdClef/audio/Pachyramphus castaneus_Chestnut-crowned Becard/XC227142.mp3
train,Pachyramphus castaneus_Chestnut-crowned Becard,../../Datasets/BirdClef/features/Pachyramphus castaneus_Chestnut-crowned Becard/XC435497.npy,../../Datasets/BirdClef/audio/Pachyramphus castaneus_Chestnut-crowned Becard/XC435497.mp3
train,Pachyramphus castaneus_Chestnut-crowned Becard,../../Datasets/BirdClef/features/Pachyramphus castaneus_Chestnut-crowned Becard/XC275098.npy,../../Datasets/BirdClef/audio/Pachyramphus castaneus_Chestnut-crowned Becard/XC275098.mp3
train,Pachyramphus marginatus_Black-capped Becard,../../Datasets/BirdClef/features/Pachyramphus marginatus_Black-capped Becard/XC449434.npy,../../Datasets/BirdClef/audio/Pachyramphus marginatus_Black-capped Becard/XC449434.mp3
train,Pachyramphus marginatus_Black-capped Becard,../../Datasets/BirdClef/features/Pachyramphus marginatus_Black-capped Becard/XC325699.npy,../../Datasets/BirdClef/audio/Pachyramphus marginatus_Black-capped Becard/XC325699.mp3
train,Pachyramphus marginatus_Black-capped Becard,../../Datasets/BirdClef/features/Pachyramphus marginatus_Black-capped Becard/XC341335.npy,../../Datasets/BirdClef/audio/Pachyramphus marginatus_Black-capped Becard/XC341335.mp3
train,Pachyramphus marginatus_Black-capped Becard,../../Datasets/BirdClef/features/Pachyramphus marginatus_Black-capped Becard/XC259053.npy,../../Datasets/BirdClef/audio/Pachyramphus marginatus_Black-capped Becard/XC259053.mp3
train,Pachyramphus marginatus_Black-capped Becard,../../Datasets/BirdClef/features/Pachyramphus marginatus_Black-capped Becard/XC63828.npy,../../Datasets/BirdClef/audio/Pachyramphus marginatus_Black-capped Becard/XC63828.mp3
train,Pachyramphus polychopterus_White-winged Becard,../../Datasets/BirdClef/features/Pachyramphus polychopterus_White-winged Becard/XC8145.npy,../../Datasets/BirdClef/audio/Pachyramphus polychopterus_White-winged Becard/XC8145.mp3
train,Pachyramphus polychopterus_White-winged Becard,../../Datasets/BirdClef/features/Pachyramphus polychopterus_White-winged Becard/XC11967.npy,../../Datasets/BirdClef/audio/Pachyramphus polychopterus_White-winged Becard/XC11967.mp3
train,Pachyramphus polychopterus_White-winged Becard,../../Datasets/BirdClef/features/Pachyramphus polychopterus_White-winged Becard/XC244897.npy,../../Datasets/BirdClef/audio/Pachyramphus polychopterus_White-winged Becard/XC244897.mp3
train,Pachyramphus polychopterus_White-winged Becard,../../Datasets/BirdClef/features/Pachyramphus polychopterus_White-winged Becard/XC50079.npy,../../Datasets/BirdClef/audio/Pachyramphus polychopterus_White-winged Becard/XC50079.mp3
train,Pachyramphus polychopterus_White-winged Becard,../../Datasets/BirdClef/features/Pachyramphus polychopterus_White-winged Becard/XC275100.npy,../../Datasets/BirdClef/audio/Pachyramphus polychopterus_White-winged Becard/XC275100.mp3
train,Pachysylvia hypoxantha_Dusky-capped Greenlet,../../Datasets/BirdClef/features/Pachysylvia hypoxantha_Dusky-capped Greenlet/XC329196.npy,../../Datasets/BirdClef/audio/Pachysylvia hypoxantha_Dusky-capped Greenlet/XC329196.mp3
train,Pachysylvia hypoxantha_Dusky-capped Greenlet,../../Datasets/BirdClef/features/Pachysylvia hypoxantha_Dusky-capped Greenlet/XC187542.npy,../../Datasets/BirdClef/audio/Pachysylvia hypoxantha_Dusky-capped Greenlet/XC187542.mp3
train,Pachysylvia hypoxantha_Dusky-capped Greenlet,../../Datasets/BirdClef/features/Pachysylvia hypoxantha_Dusky-capped Greenlet/XC224362.npy,../../Datasets/BirdClef/audio/Pachysylvia hypoxantha_Dusky-capped Greenlet/XC224362.mp3
train,Pachysylvia hypoxantha_Dusky-capped Greenlet,../../Datasets/BirdClef/features/Pachysylvia hypoxantha_Dusky-capped Greenlet/XC39753.npy,../../Datasets/BirdClef/audio/Pachysylvia hypoxantha_Dusky-capped Greenlet/XC39753.mp3
train,Pachysylvia hypoxantha_Dusky-capped Greenlet,../../Datasets/BirdClef/features/Pachysylvia hypoxantha_Dusky-capped Greenlet/XC86348.npy,../../Datasets/BirdClef/audio/Pachysylvia hypoxantha_Dusky-capped Greenlet/XC86348.mp3
train,Pandion haliaetus_Osprey,../../Datasets/BirdClef/features/Pandion haliaetus_Osprey/XC384803.npy,../../Datasets/BirdClef/audio/Pandion haliaetus_Osprey/XC384803.mp3
train,Pandion haliaetus_Osprey,../../Datasets/BirdClef/features/Pandion haliaetus_Osprey/XC391175.npy,../../Datasets/BirdClef/audio/Pandion haliaetus_Osprey/XC391175.mp3
train,Pandion haliaetus_Osprey,../../Datasets/BirdClef/features/Pandion haliaetus_Osprey/XC42192.npy,../../Datasets/BirdClef/audio/Pandion haliaetus_Osprey/XC42192.mp3
train,Pandion haliaetus_Osprey,../../Datasets/BirdClef/features/Pandion haliaetus_Osprey/XC466220.npy,../../Datasets/BirdClef/audio/Pandion haliaetus_Osprey/XC466220.mp3
train,Pandion haliaetus_Osprey,../../Datasets/BirdClef/features/Pandion haliaetus_Osprey/XC504206.npy,../../Datasets/BirdClef/audio/Pandion haliaetus_Osprey/XC504206.mp3
train,Parkesia noveboracensis_Northern Waterthrush,../../Datasets/BirdClef/features/Parkesia noveboracensis_Northern Waterthrush/XC178131.npy,../../Datasets/BirdClef/audio/Parkesia noveboracensis_Northern Waterthrush/XC178131.mp3
train,Parkesia noveboracensis_Northern Waterthrush,../../Datasets/BirdClef/features/Parkesia noveboracensis_Northern Waterthrush/XC414207.npy,../../Datasets/BirdClef/audio/Parkesia noveboracensis_Northern Waterthrush/XC414207.mp3
train,Parkesia noveboracensis_Northern Waterthrush,../../Datasets/BirdClef/features/Parkesia noveboracensis_Northern Waterthrush/XC420214.npy,../../Datasets/BirdClef/audio/Parkesia noveboracensis_Northern Waterthrush/XC420214.mp3
train,Parkesia noveboracensis_Northern Waterthrush,../../Datasets/BirdClef/features/Parkesia noveboracensis_Northern Waterthrush/XC132843.npy,../../Datasets/BirdClef/audio/Parkesia noveboracensis_Northern Waterthrush/XC132843.mp3
train,Parkesia noveboracensis_Northern Waterthrush,../../Datasets/BirdClef/features/Parkesia noveboracensis_Northern Waterthrush/XC475116.npy,../../Datasets/BirdClef/audio/Parkesia noveboracensis_Northern Waterthrush/XC475116.mp3
train,Parus major_Great Tit,../../Datasets/BirdClef/features/Parus major_Great Tit/XC337794.npy,../../Datasets/BirdClef/audio/Parus major_Great Tit/XC337794.mp3
train,Parus major_Great Tit,../../Datasets/BirdClef/features/Parus major_Great Tit/XC335051.npy,../../Datasets/BirdClef/audio/Parus major_Great Tit/XC335051.mp3
train,Parus major_Great Tit,../../Datasets/BirdClef/features/Parus major_Great Tit/XC344674.npy,../../Datasets/BirdClef/audio/Parus major_Great Tit/XC344674.mp3
train,Parus major_Great Tit,../../Datasets/BirdClef/features/Parus major_Great Tit/XC342136.npy,../../Datasets/BirdClef/audio/Parus major_Great Tit/XC342136.mp3
train,Parus major_Great Tit,../../Datasets/BirdClef/features/Parus major_Great Tit/XC294695.npy,../../Datasets/BirdClef/audio/Parus major_Great Tit/XC294695.mp3
train,Passer domesticus_House Sparrow,../../Datasets/BirdClef/features/Passer domesticus_House Sparrow/XC173498.npy,../../Datasets/BirdClef/audio/Passer domesticus_House Sparrow/XC173498.mp3
train,Passer domesticus_House Sparrow,../../Datasets/BirdClef/features/Passer domesticus_House Sparrow/XC444230.npy,../../Datasets/BirdClef/audio/Passer domesticus_House Sparrow/XC444230.mp3
train,Passer domesticus_House Sparrow,../../Datasets/BirdClef/features/Passer domesticus_House Sparrow/XC377560.npy,../../Datasets/BirdClef/audio/Passer domesticus_House Sparrow/XC377560.mp3
train,Passer domesticus_House Sparrow,../../Datasets/BirdClef/features/Passer domesticus_House Sparrow/XC145560.npy,../../Datasets/BirdClef/audio/Passer domesticus_House Sparrow/XC145560.mp3
train,Passer domesticus_House Sparrow,../../Datasets/BirdClef/features/Passer domesticus_House Sparrow/XC139186.npy,../../Datasets/BirdClef/audio/Passer domesticus_House Sparrow/XC139186.mp3
train,Passer montanus_Eurasian Tree Sparrow,../../Datasets/BirdClef/features/Passer montanus_Eurasian Tree Sparrow/XC281741.npy,../../Datasets/BirdClef/audio/Passer montanus_Eurasian Tree Sparrow/XC281741.mp3
train,Passer montanus_Eurasian Tree Sparrow,../../Datasets/BirdClef/features/Passer montanus_Eurasian Tree Sparrow/XC194495.npy,../../Datasets/BirdClef/audio/Passer montanus_Eurasian Tree Sparrow/XC194495.mp3
train,Passer montanus_Eurasian Tree Sparrow,../../Datasets/BirdClef/features/Passer montanus_Eurasian Tree Sparrow/XC35776.npy,../../Datasets/BirdClef/audio/Passer montanus_Eurasian Tree Sparrow/XC35776.mp3
train,Passer montanus_Eurasian Tree Sparrow,../../Datasets/BirdClef/features/Passer montanus_Eurasian Tree Sparrow/XC113349.npy,../../Datasets/BirdClef/audio/Passer montanus_Eurasian Tree Sparrow/XC113349.mp3
train,Passer montanus_Eurasian Tree Sparrow,../../Datasets/BirdClef/features/Passer montanus_Eurasian Tree Sparrow/XC179684.npy,../../Datasets/BirdClef/audio/Passer montanus_Eurasian Tree Sparrow/XC179684.mp3
train,Passerculus sandwichensis_Savannah Sparrow,../../Datasets/BirdClef/features/Passerculus sandwichensis_Savannah Sparrow/XC408566.npy,../../Datasets/BirdClef/audio/Passerculus sandwichensis_Savannah Sparrow/XC408566.mp3
train,Passerculus sandwichensis_Savannah Sparrow,../../Datasets/BirdClef/features/Passerculus sandwichensis_Savannah Sparrow/XC174091.npy,../../Datasets/BirdClef/audio/Passerculus sandwichensis_Savannah Sparrow/XC174091.mp3
train,Passerculus sandwichensis_Savannah Sparrow,../../Datasets/BirdClef/features/Passerculus sandwichensis_Savannah Sparrow/XC21344.npy,../../Datasets/BirdClef/audio/Passerculus sandwichensis_Savannah Sparrow/XC21344.mp3
train,Passerculus sandwichensis_Savannah Sparrow,../../Datasets/BirdClef/features/Passerculus sandwichensis_Savannah Sparrow/XC83851.npy,../../Datasets/BirdClef/audio/Passerculus sandwichensis_Savannah Sparrow/XC83851.mp3
train,Passerculus sandwichensis_Savannah Sparrow,../../Datasets/BirdClef/features/Passerculus sandwichensis_Savannah Sparrow/XC186835.npy,../../Datasets/BirdClef/audio/Passerculus sandwichensis_Savannah Sparrow/XC186835.mp3
train,Passerella iliaca_Fox Sparrow,../../Datasets/BirdClef/features/Passerella iliaca_Fox Sparrow/XC416329.npy,../../Datasets/BirdClef/audio/Passerella iliaca_Fox Sparrow/XC416329.mp3
train,Passerella iliaca_Fox Sparrow,../../Datasets/BirdClef/features/Passerella iliaca_Fox Sparrow/XC408354.npy,../../Datasets/BirdClef/audio/Passerella iliaca_Fox Sparrow/XC408354.mp3
train,Passerella iliaca_Fox Sparrow,../../Datasets/BirdClef/features/Passerella iliaca_Fox Sparrow/XC53773.npy,../../Datasets/BirdClef/audio/Passerella iliaca_Fox Sparrow/XC53773.mp3
train,Passerella iliaca_Fox Sparrow,../../Datasets/BirdClef/features/Passerella iliaca_Fox Sparrow/XC372058.npy,../../Datasets/BirdClef/audio/Passerella iliaca_Fox Sparrow/XC372058.mp3
train,Passerella iliaca_Fox Sparrow,../../Datasets/BirdClef/features/Passerella iliaca_Fox Sparrow/XC396200.npy,../../Datasets/BirdClef/audio/Passerella iliaca_Fox Sparrow/XC396200.mp3
train,Passerina amoena_Lazuli Bunting,../../Datasets/BirdClef/features/Passerina amoena_Lazuli Bunting/XC124493.npy,../../Datasets/BirdClef/audio/Passerina amoena_Lazuli Bunting/XC124493.mp3
train,Passerina amoena_Lazuli Bunting,../../Datasets/BirdClef/features/Passerina amoena_Lazuli Bunting/XC38329.npy,../../Datasets/BirdClef/audio/Passerina amoena_Lazuli Bunting/XC38329.mp3
train,Passerina amoena_Lazuli Bunting,../../Datasets/BirdClef/features/Passerina amoena_Lazuli Bunting/XC206004.npy,../../Datasets/BirdClef/audio/Passerina amoena_Lazuli Bunting/XC206004.mp3
train,Passerina amoena_Lazuli Bunting,../../Datasets/BirdClef/features/Passerina amoena_Lazuli Bunting/XC318821.npy,../../Datasets/BirdClef/audio/Passerina amoena_Lazuli Bunting/XC318821.mp3
train,Passerina amoena_Lazuli Bunting,../../Datasets/BirdClef/features/Passerina amoena_Lazuli Bunting/XC251809.npy,../../Datasets/BirdClef/audio/Passerina amoena_Lazuli Bunting/XC251809.mp3
train,Passerina caerulea_Blue Grosbeak,../../Datasets/BirdClef/features/Passerina caerulea_Blue Grosbeak/XC52312.npy,../../Datasets/BirdClef/audio/Passerina caerulea_Blue Grosbeak/XC52312.mp3
train,Passerina caerulea_Blue Grosbeak,../../Datasets/BirdClef/features/Passerina caerulea_Blue Grosbeak/XC253397.npy,../../Datasets/BirdClef/audio/Passerina caerulea_Blue Grosbeak/XC253397.mp3
train,Passerina caerulea_Blue Grosbeak,../../Datasets/BirdClef/features/Passerina caerulea_Blue Grosbeak/XC489429.npy,../../Datasets/BirdClef/audio/Passerina caerulea_Blue Grosbeak/XC489429.mp3
train,Passerina caerulea_Blue Grosbeak,../../Datasets/BirdClef/features/Passerina caerulea_Blue Grosbeak/XC103943.npy,../../Datasets/BirdClef/audio/Passerina caerulea_Blue Grosbeak/XC103943.mp3
train,Passerina caerulea_Blue Grosbeak,../../Datasets/BirdClef/features/Passerina caerulea_Blue Grosbeak/XC33603.npy,../../Datasets/BirdClef/audio/Passerina caerulea_Blue Grosbeak/XC33603.mp3
train,Passerina cyanea_Indigo Bunting,../../Datasets/BirdClef/features/Passerina cyanea_Indigo Bunting/XC100579.npy,../../Datasets/BirdClef/audio/Passerina cyanea_Indigo Bunting/XC100579.mp3
train,Passerina cyanea_Indigo Bunting,../../Datasets/BirdClef/features/Passerina cyanea_Indigo Bunting/XC318693.npy,../../Datasets/BirdClef/audio/Passerina cyanea_Indigo Bunting/XC318693.mp3
train,Passerina cyanea_Indigo Bunting,../../Datasets/BirdClef/features/Passerina cyanea_Indigo Bunting/XC323257.npy,../../Datasets/BirdClef/audio/Passerina cyanea_Indigo Bunting/XC323257.mp3
train,Passerina cyanea_Indigo Bunting,../../Datasets/BirdClef/features/Passerina cyanea_Indigo Bunting/XC266303.npy,../../Datasets/BirdClef/audio/Passerina cyanea_Indigo Bunting/XC266303.mp3
train,Passerina cyanea_Indigo Bunting,../../Datasets/BirdClef/features/Passerina cyanea_Indigo Bunting/XC323256.npy,../../Datasets/BirdClef/audio/Passerina cyanea_Indigo Bunting/XC323256.mp3
train,Patagioenas cayennensis_Pale-vented Pigeon,../../Datasets/BirdClef/features/Patagioenas cayennensis_Pale-vented Pigeon/XC377640.npy,../../Datasets/BirdClef/audio/Patagioenas cayennensis_Pale-vented Pigeon/XC377640.mp3
train,Patagioenas cayennensis_Pale-vented Pigeon,../../Datasets/BirdClef/features/Patagioenas cayennensis_Pale-vented Pigeon/XC221341.npy,../../Datasets/BirdClef/audio/Patagioenas cayennensis_Pale-vented Pigeon/XC221341.mp3
train,Patagioenas cayennensis_Pale-vented Pigeon,../../Datasets/BirdClef/features/Patagioenas cayennensis_Pale-vented Pigeon/XC65961.npy,../../Datasets/BirdClef/audio/Patagioenas cayennensis_Pale-vented Pigeon/XC65961.mp3
train,Patagioenas cayennensis_Pale-vented Pigeon,../../Datasets/BirdClef/features/Patagioenas cayennensis_Pale-vented Pigeon/XC56986.npy,../../Datasets/BirdClef/audio/Patagioenas cayennensis_Pale-vented Pigeon/XC56986.mp3
train,Patagioenas cayennensis_Pale-vented Pigeon,../../Datasets/BirdClef/features/Patagioenas cayennensis_Pale-vented Pigeon/XC171683.npy,../../Datasets/BirdClef/audio/Patagioenas cayennensis_Pale-vented Pigeon/XC171683.mp3
train,Patagioenas plumbea_Plumbeous Pigeon,../../Datasets/BirdClef/features/Patagioenas plumbea_Plumbeous Pigeon/XC328886.npy,../../Datasets/BirdClef/audio/Patagioenas plumbea_Plumbeous Pigeon/XC328886.mp3
train,Patagioenas plumbea_Plumbeous Pigeon,../../Datasets/BirdClef/features/Patagioenas plumbea_Plumbeous Pigeon/XC3101.npy,../../Datasets/BirdClef/audio/Patagioenas plumbea_Plumbeous Pigeon/XC3101.mp3
train,Patagioenas plumbea_Plumbeous Pigeon,../../Datasets/BirdClef/features/Patagioenas plumbea_Plumbeous Pigeon/XC387517.npy,../../Datasets/BirdClef/audio/Patagioenas plumbea_Plumbeous Pigeon/XC387517.mp3
train,Patagioenas plumbea_Plumbeous Pigeon,../../Datasets/BirdClef/features/Patagioenas plumbea_Plumbeous Pigeon/XC131221.npy,../../Datasets/BirdClef/audio/Patagioenas plumbea_Plumbeous Pigeon/XC131221.mp3
train,Patagioenas plumbea_Plumbeous Pigeon,../../Datasets/BirdClef/features/Patagioenas plumbea_Plumbeous Pigeon/XC257606.npy,../../Datasets/BirdClef/audio/Patagioenas plumbea_Plumbeous Pigeon/XC257606.mp3
train,Patagioenas speciosa_Scaled Pigeon,../../Datasets/BirdClef/features/Patagioenas speciosa_Scaled Pigeon/XC261579.npy,../../Datasets/BirdClef/audio/Patagioenas speciosa_Scaled Pigeon/XC261579.mp3
train,Patagioenas speciosa_Scaled Pigeon,../../Datasets/BirdClef/features/Patagioenas speciosa_Scaled Pigeon/XC60606.npy,../../Datasets/BirdClef/audio/Patagioenas speciosa_Scaled Pigeon/XC60606.mp3
train,Patagioenas speciosa_Scaled Pigeon,../../Datasets/BirdClef/features/Patagioenas speciosa_Scaled Pigeon/XC221396.npy,../../Datasets/BirdClef/audio/Patagioenas speciosa_Scaled Pigeon/XC221396.mp3
train,Patagioenas speciosa_Scaled Pigeon,../../Datasets/BirdClef/features/Patagioenas speciosa_Scaled Pigeon/XC356713.npy,../../Datasets/BirdClef/audio/Patagioenas speciosa_Scaled Pigeon/XC356713.mp3
train,Patagioenas speciosa_Scaled Pigeon,../../Datasets/BirdClef/features/Patagioenas speciosa_Scaled Pigeon/XC276342.npy,../../Datasets/BirdClef/audio/Patagioenas speciosa_Scaled Pigeon/XC276342.mp3
train,Patagioenas subvinacea_Ruddy Pigeon,../../Datasets/BirdClef/features/Patagioenas subvinacea_Ruddy Pigeon/XC64572.npy,../../Datasets/BirdClef/audio/Patagioenas subvinacea_Ruddy Pigeon/XC64572.mp3
train,Patagioenas subvinacea_Ruddy Pigeon,../../Datasets/BirdClef/features/Patagioenas subvinacea_Ruddy Pigeon/XC429133.npy,../../Datasets/BirdClef/audio/Patagioenas subvinacea_Ruddy Pigeon/XC429133.mp3
train,Patagioenas subvinacea_Ruddy Pigeon,../../Datasets/BirdClef/features/Patagioenas subvinacea_Ruddy Pigeon/XC238779.npy,../../Datasets/BirdClef/audio/Patagioenas subvinacea_Ruddy Pigeon/XC238779.mp3
train,Patagioenas subvinacea_Ruddy Pigeon,../../Datasets/BirdClef/features/Patagioenas subvinacea_Ruddy Pigeon/XC427748.npy,../../Datasets/BirdClef/audio/Patagioenas subvinacea_Ruddy Pigeon/XC427748.mp3
train,Patagioenas subvinacea_Ruddy Pigeon,../../Datasets/BirdClef/features/Patagioenas subvinacea_Ruddy Pigeon/XC431248.npy,../../Datasets/BirdClef/audio/Patagioenas subvinacea_Ruddy Pigeon/XC431248.mp3
train,Penelope jacquacu_Spix's Guan,../../Datasets/BirdClef/features/Penelope jacquacu_Spix's Guan/XC257418.npy,../../Datasets/BirdClef/audio/Penelope jacquacu_Spix's Guan/XC257418.mp3
train,Penelope jacquacu_Spix's Guan,../../Datasets/BirdClef/features/Penelope jacquacu_Spix's Guan/XC117387.npy,../../Datasets/BirdClef/audio/Penelope jacquacu_Spix's Guan/XC117387.mp3
train,Penelope jacquacu_Spix's Guan,../../Datasets/BirdClef/features/Penelope jacquacu_Spix's Guan/XC119624.npy,../../Datasets/BirdClef/audio/Penelope jacquacu_Spix's Guan/XC119624.mp3
train,Penelope jacquacu_Spix's Guan,../../Datasets/BirdClef/features/Penelope jacquacu_Spix's Guan/XC445959.npy,../../Datasets/BirdClef/audio/Penelope jacquacu_Spix's Guan/XC445959.mp3
train,Penelope jacquacu_Spix's Guan,../../Datasets/BirdClef/features/Penelope jacquacu_Spix's Guan/XC276343.npy,../../Datasets/BirdClef/audio/Penelope jacquacu_Spix's Guan/XC276343.mp3
train,Periparus ater_Coal Tit,../../Datasets/BirdClef/features/Periparus ater_Coal Tit/XC281662.npy,../../Datasets/BirdClef/audio/Periparus ater_Coal Tit/XC281662.mp3
train,Periparus ater_Coal Tit,../../Datasets/BirdClef/features/Periparus ater_Coal Tit/XC236920.npy,../../Datasets/BirdClef/audio/Periparus ater_Coal Tit/XC236920.mp3
train,Periparus ater_Coal Tit,../../Datasets/BirdClef/features/Periparus ater_Coal Tit/XC291966.npy,../../Datasets/BirdClef/audio/Periparus ater_Coal Tit/XC291966.mp3
train,Periparus ater_Coal Tit,../../Datasets/BirdClef/features/Periparus ater_Coal Tit/XC285767.npy,../../Datasets/BirdClef/audio/Periparus ater_Coal Tit/XC285767.mp3
train,Periparus ater_Coal Tit,../../Datasets/BirdClef/features/Periparus ater_Coal Tit/XC118259.npy,../../Datasets/BirdClef/audio/Periparus ater_Coal Tit/XC118259.mp3
train,Pernis apivorus_European Honey-buzzard,../../Datasets/BirdClef/features/Pernis apivorus_European Honey-buzzard/XC233771.npy,../../Datasets/BirdClef/audio/Pernis apivorus_European Honey-buzzard/XC233771.mp3
train,Pernis apivorus_European Honey-buzzard,../../Datasets/BirdClef/features/Pernis apivorus_European Honey-buzzard/XC325509.npy,../../Datasets/BirdClef/audio/Pernis apivorus_European Honey-buzzard/XC325509.mp3
train,Pernis apivorus_European Honey-buzzard,../../Datasets/BirdClef/features/Pernis apivorus_European Honey-buzzard/XC330958.npy,../../Datasets/BirdClef/audio/Pernis apivorus_European Honey-buzzard/XC330958.mp3
train,Pernis apivorus_European Honey-buzzard,../../Datasets/BirdClef/features/Pernis apivorus_European Honey-buzzard/XC144096.npy,../../Datasets/BirdClef/audio/Pernis apivorus_European Honey-buzzard/XC144096.mp3
train,Pernis apivorus_European Honey-buzzard,../../Datasets/BirdClef/features/Pernis apivorus_European Honey-buzzard/XC399901.npy,../../Datasets/BirdClef/audio/Pernis apivorus_European Honey-buzzard/XC399901.mp3
train,Petrochelidon pyrrhonota_Cliff Swallow,../../Datasets/BirdClef/features/Petrochelidon pyrrhonota_Cliff Swallow/XC31344.npy,../../Datasets/BirdClef/audio/Petrochelidon pyrrhonota_Cliff Swallow/XC31344.mp3
train,Petrochelidon pyrrhonota_Cliff Swallow,../../Datasets/BirdClef/features/Petrochelidon pyrrhonota_Cliff Swallow/XC7464.npy,../../Datasets/BirdClef/audio/Petrochelidon pyrrhonota_Cliff Swallow/XC7464.mp3
train,Petrochelidon pyrrhonota_Cliff Swallow,../../Datasets/BirdClef/features/Petrochelidon pyrrhonota_Cliff Swallow/XC288337.npy,../../Datasets/BirdClef/audio/Petrochelidon pyrrhonota_Cliff Swallow/XC288337.mp3
train,Petrochelidon pyrrhonota_Cliff Swallow,../../Datasets/BirdClef/features/Petrochelidon pyrrhonota_Cliff Swallow/XC31343.npy,../../Datasets/BirdClef/audio/Petrochelidon pyrrhonota_Cliff Swallow/XC31343.mp3
train,Petrochelidon pyrrhonota_Cliff Swallow,../../Datasets/BirdClef/features/Petrochelidon pyrrhonota_Cliff Swallow/XC113812.npy,../../Datasets/BirdClef/audio/Petrochelidon pyrrhonota_Cliff Swallow/XC113812.mp3
train,Phaeomyias murina_Mouse-colored Tyrannulet,../../Datasets/BirdClef/features/Phaeomyias murina_Mouse-colored Tyrannulet/XC106590.npy,../../Datasets/BirdClef/audio/Phaeomyias murina_Mouse-colored Tyrannulet/XC106590.mp3
train,Phaeomyias murina_Mouse-colored Tyrannulet,../../Datasets/BirdClef/features/Phaeomyias murina_Mouse-colored Tyrannulet/XC46463.npy,../../Datasets/BirdClef/audio/Phaeomyias murina_Mouse-colored Tyrannulet/XC46463.mp3
train,Phaeomyias murina_Mouse-colored Tyrannulet,../../Datasets/BirdClef/features/Phaeomyias murina_Mouse-colored Tyrannulet/XC470892.npy,../../Datasets/BirdClef/audio/Phaeomyias murina_Mouse-colored Tyrannulet/XC470892.mp3
train,Phaeomyias murina_Mouse-colored Tyrannulet,../../Datasets/BirdClef/features/Phaeomyias murina_Mouse-colored Tyrannulet/XC451629.npy,../../Datasets/BirdClef/audio/Phaeomyias murina_Mouse-colored Tyrannulet/XC451629.mp3
train,Phaeomyias murina_Mouse-colored Tyrannulet,../../Datasets/BirdClef/features/Phaeomyias murina_Mouse-colored Tyrannulet/XC143343.npy,../../Datasets/BirdClef/audio/Phaeomyias murina_Mouse-colored Tyrannulet/XC143343.mp3
train,Phaethornis ruber_Reddish Hermit,../../Datasets/BirdClef/features/Phaethornis ruber_Reddish Hermit/XC74025.npy,../../Datasets/BirdClef/audio/Phaethornis ruber_Reddish Hermit/XC74025.mp3
train,Phaethornis ruber_Reddish Hermit,../../Datasets/BirdClef/features/Phaethornis ruber_Reddish Hermit/XC63852.npy,../../Datasets/BirdClef/audio/Phaethornis ruber_Reddish Hermit/XC63852.mp3
train,Phaethornis ruber_Reddish Hermit,../../Datasets/BirdClef/features/Phaethornis ruber_Reddish Hermit/XC227593.npy,../../Datasets/BirdClef/audio/Phaethornis ruber_Reddish Hermit/XC227593.mp3
train,Phaethornis ruber_Reddish Hermit,../../Datasets/BirdClef/features/Phaethornis ruber_Reddish Hermit/XC428857.npy,../../Datasets/BirdClef/audio/Phaethornis ruber_Reddish Hermit/XC428857.mp3
train,Phaethornis ruber_Reddish Hermit,../../Datasets/BirdClef/features/Phaethornis ruber_Reddish Hermit/XC435868.npy,../../Datasets/BirdClef/audio/Phaethornis ruber_Reddish Hermit/XC435868.mp3
train,Phaetusa simplex_Large-billed Tern,../../Datasets/BirdClef/features/Phaetusa simplex_Large-billed Tern/XC48641.npy,../../Datasets/BirdClef/audio/Phaetusa simplex_Large-billed Tern/XC48641.mp3
train,Phaetusa simplex_Large-billed Tern,../../Datasets/BirdClef/features/Phaetusa simplex_Large-billed Tern/XC40661.npy,../../Datasets/BirdClef/audio/Phaetusa simplex_Large-billed Tern/XC40661.mp3
train,Phaetusa simplex_Large-billed Tern,../../Datasets/BirdClef/features/Phaetusa simplex_Large-billed Tern/XC43156.npy,../../Datasets/BirdClef/audio/Phaetusa simplex_Large-billed Tern/XC43156.mp3
train,Phaetusa simplex_Large-billed Tern,../../Datasets/BirdClef/features/Phaetusa simplex_Large-billed Tern/XC20606.npy,../../Datasets/BirdClef/audio/Phaetusa simplex_Large-billed Tern/XC20606.mp3
train,Phaetusa simplex_Large-billed Tern,../../Datasets/BirdClef/features/Phaetusa simplex_Large-billed Tern/XC82809.npy,../../Datasets/BirdClef/audio/Phaetusa simplex_Large-billed Tern/XC82809.mp3
train,Phainopepla nitens_Phainopepla,../../Datasets/BirdClef/features/Phainopepla nitens_Phainopepla/XC161376.npy,../../Datasets/BirdClef/audio/Phainopepla nitens_Phainopepla/XC161376.mp3
train,Phainopepla nitens_Phainopepla,../../Datasets/BirdClef/features/Phainopepla nitens_Phainopepla/XC72929.npy,../../Datasets/BirdClef/audio/Phainopepla nitens_Phainopepla/XC72929.mp3
train,Phainopepla nitens_Phainopepla,../../Datasets/BirdClef/features/Phainopepla nitens_Phainopepla/XC455608.npy,../../Datasets/BirdClef/audio/Phainopepla nitens_Phainopepla/XC455608.mp3
train,Phainopepla nitens_Phainopepla,../../Datasets/BirdClef/features/Phainopepla nitens_Phainopepla/XC315779.npy,../../Datasets/BirdClef/audio/Phainopepla nitens_Phainopepla/XC315779.mp3
train,Phainopepla nitens_Phainopepla,../../Datasets/BirdClef/features/Phainopepla nitens_Phainopepla/XC322217.npy,../../Datasets/BirdClef/audio/Phainopepla nitens_Phainopepla/XC322217.mp3
train,Phalacrocorax brasilianus_Neotropic Cormorant,../../Datasets/BirdClef/features/Phalacrocorax brasilianus_Neotropic Cormorant/XC77703.npy,../../Datasets/BirdClef/audio/Phalacrocorax brasilianus_Neotropic Cormorant/XC77703.mp3
train,Phalacrocorax brasilianus_Neotropic Cormorant,../../Datasets/BirdClef/features/Phalacrocorax brasilianus_Neotropic Cormorant/XC306694.npy,../../Datasets/BirdClef/audio/Phalacrocorax brasilianus_Neotropic Cormorant/XC306694.mp3
train,Phalacrocorax brasilianus_Neotropic Cormorant,../../Datasets/BirdClef/features/Phalacrocorax brasilianus_Neotropic Cormorant/XC53240.npy,../../Datasets/BirdClef/audio/Phalacrocorax brasilianus_Neotropic Cormorant/XC53240.mp3
train,Phalacrocorax brasilianus_Neotropic Cormorant,../../Datasets/BirdClef/features/Phalacrocorax brasilianus_Neotropic Cormorant/XC187422.npy,../../Datasets/BirdClef/audio/Phalacrocorax brasilianus_Neotropic Cormorant/XC187422.mp3
train,Phalacrocorax brasilianus_Neotropic Cormorant,../../Datasets/BirdClef/features/Phalacrocorax brasilianus_Neotropic Cormorant/XC108203.npy,../../Datasets/BirdClef/audio/Phalacrocorax brasilianus_Neotropic Cormorant/XC108203.mp3
train,Phalacrocorax carbo_Great Cormorant,../../Datasets/BirdClef/features/Phalacrocorax carbo_Great Cormorant/XC412266.npy,../../Datasets/BirdClef/audio/Phalacrocorax carbo_Great Cormorant/XC412266.mp3
train,Phalacrocorax carbo_Great Cormorant,../../Datasets/BirdClef/features/Phalacrocorax carbo_Great Cormorant/XC401073.npy,../../Datasets/BirdClef/audio/Phalacrocorax carbo_Great Cormorant/XC401073.mp3
train,Phalacrocorax carbo_Great Cormorant,../../Datasets/BirdClef/features/Phalacrocorax carbo_Great Cormorant/XC458429.npy,../../Datasets/BirdClef/audio/Phalacrocorax carbo_Great Cormorant/XC458429.mp3
train,Phalacrocorax carbo_Great Cormorant,../../Datasets/BirdClef/features/Phalacrocorax carbo_Great Cormorant/XC29570.npy,../../Datasets/BirdClef/audio/Phalacrocorax carbo_Great Cormorant/XC29570.mp3
train,Phalacrocorax carbo_Great Cormorant,../../Datasets/BirdClef/features/Phalacrocorax carbo_Great Cormorant/XC298383.npy,../../Datasets/BirdClef/audio/Phalacrocorax carbo_Great Cormorant/XC298383.mp3
train,Phalaropus lobatus_Red-necked Phalarope,../../Datasets/BirdClef/features/Phalaropus lobatus_Red-necked Phalarope/XC479294.npy,../../Datasets/BirdClef/audio/Phalaropus lobatus_Red-necked Phalarope/XC479294.mp3
train,Phalaropus lobatus_Red-necked Phalarope,../../Datasets/BirdClef/features/Phalaropus lobatus_Red-necked Phalarope/XC487865.npy,../../Datasets/BirdClef/audio/Phalaropus lobatus_Red-necked Phalarope/XC487865.mp3
train,Phalaropus lobatus_Red-necked Phalarope,../../Datasets/BirdClef/features/Phalaropus lobatus_Red-necked Phalarope/XC383522.npy,../../Datasets/BirdClef/audio/Phalaropus lobatus_Red-necked Phalarope/XC383522.mp3
train,Phalaropus lobatus_Red-necked Phalarope,../../Datasets/BirdClef/features/Phalaropus lobatus_Red-necked Phalarope/XC487652.npy,../../Datasets/BirdClef/audio/Phalaropus lobatus_Red-necked Phalarope/XC487652.mp3
train,Phalaropus lobatus_Red-necked Phalarope,../../Datasets/BirdClef/features/Phalaropus lobatus_Red-necked Phalarope/XC291535.npy,../../Datasets/BirdClef/audio/Phalaropus lobatus_Red-necked Phalarope/XC291535.mp3
train,Phasianus colchicus_Ring-necked Pheasant,../../Datasets/BirdClef/features/Phasianus colchicus_Ring-necked Pheasant/XC197441.npy,../../Datasets/BirdClef/audio/Phasianus colchicus_Ring-necked Pheasant/XC197441.mp3
train,Phasianus colchicus_Ring-necked Pheasant,../../Datasets/BirdClef/features/Phasianus colchicus_Ring-necked Pheasant/XC303558.npy,../../Datasets/BirdClef/audio/Phasianus colchicus_Ring-necked Pheasant/XC303558.mp3
train,Phasianus colchicus_Ring-necked Pheasant,../../Datasets/BirdClef/features/Phasianus colchicus_Ring-necked Pheasant/XC491063.npy,../../Datasets/BirdClef/audio/Phasianus colchicus_Ring-necked Pheasant/XC491063.mp3
train,Phasianus colchicus_Ring-necked Pheasant,../../Datasets/BirdClef/features/Phasianus colchicus_Ring-necked Pheasant/XC332561.npy,../../Datasets/BirdClef/audio/Phasianus colchicus_Ring-necked Pheasant/XC332561.mp3
train,Phasianus colchicus_Ring-necked Pheasant,../../Datasets/BirdClef/features/Phasianus colchicus_Ring-necked Pheasant/XC191271.npy,../../Datasets/BirdClef/audio/Phasianus colchicus_Ring-necked Pheasant/XC191271.mp3
train,Pheucticus ludovicianus_Rose-breasted Grosbeak,../../Datasets/BirdClef/features/Pheucticus ludovicianus_Rose-breasted Grosbeak/XC134880.npy,../../Datasets/BirdClef/audio/Pheucticus ludovicianus_Rose-breasted Grosbeak/XC134880.mp3
train,Pheucticus ludovicianus_Rose-breasted Grosbeak,../../Datasets/BirdClef/features/Pheucticus ludovicianus_Rose-breasted Grosbeak/XC188815.npy,../../Datasets/BirdClef/audio/Pheucticus ludovicianus_Rose-breasted Grosbeak/XC188815.mp3
train,Pheucticus ludovicianus_Rose-breasted Grosbeak,../../Datasets/BirdClef/features/Pheucticus ludovicianus_Rose-breasted Grosbeak/XC101849.npy,../../Datasets/BirdClef/audio/Pheucticus ludovicianus_Rose-breasted Grosbeak/XC101849.mp3
train,Pheucticus ludovicianus_Rose-breasted Grosbeak,../../Datasets/BirdClef/features/Pheucticus ludovicianus_Rose-breasted Grosbeak/XC101643.npy,../../Datasets/BirdClef/audio/Pheucticus ludovicianus_Rose-breasted Grosbeak/XC101643.mp3
train,Pheucticus ludovicianus_Rose-breasted Grosbeak,../../Datasets/BirdClef/features/Pheucticus ludovicianus_Rose-breasted Grosbeak/XC31104.npy,../../Datasets/BirdClef/audio/Pheucticus ludovicianus_Rose-breasted Grosbeak/XC31104.mp3
train,Pheucticus melanocephalus_Black-headed Grosbeak,../../Datasets/BirdClef/features/Pheucticus melanocephalus_Black-headed Grosbeak/XC369969.npy,../../Datasets/BirdClef/audio/Pheucticus melanocephalus_Black-headed Grosbeak/XC369969.mp3
train,Pheucticus melanocephalus_Black-headed Grosbeak,../../Datasets/BirdClef/features/Pheucticus melanocephalus_Black-headed Grosbeak/XC233341.npy,../../Datasets/BirdClef/audio/Pheucticus melanocephalus_Black-headed Grosbeak/XC233341.mp3
train,Pheucticus melanocephalus_Black-headed Grosbeak,../../Datasets/BirdClef/features/Pheucticus melanocephalus_Black-headed Grosbeak/XC233132.npy,../../Datasets/BirdClef/audio/Pheucticus melanocephalus_Black-headed Grosbeak/XC233132.mp3
train,Pheucticus melanocephalus_Black-headed Grosbeak,../../Datasets/BirdClef/features/Pheucticus melanocephalus_Black-headed Grosbeak/XC109306.npy,../../Datasets/BirdClef/audio/Pheucticus melanocephalus_Black-headed Grosbeak/XC109306.mp3
train,Pheucticus melanocephalus_Black-headed Grosbeak,../../Datasets/BirdClef/features/Pheucticus melanocephalus_Black-headed Grosbeak/XC419049.npy,../../Datasets/BirdClef/audio/Pheucticus melanocephalus_Black-headed Grosbeak/XC419049.mp3
train,Pheugopedius genibarbis_Moustached Wren,../../Datasets/BirdClef/features/Pheugopedius genibarbis_Moustached Wren/XC388179.npy,../../Datasets/BirdClef/audio/Pheugopedius genibarbis_Moustached Wren/XC388179.mp3
train,Pheugopedius genibarbis_Moustached Wren,../../Datasets/BirdClef/features/Pheugopedius genibarbis_Moustached Wren/XC423520.npy,../../Datasets/BirdClef/audio/Pheugopedius genibarbis_Moustached Wren/XC423520.mp3
train,Pheugopedius genibarbis_Moustached Wren,../../Datasets/BirdClef/features/Pheugopedius genibarbis_Moustached Wren/XC167286.npy,../../Datasets/BirdClef/audio/Pheugopedius genibarbis_Moustached Wren/XC167286.mp3
train,Pheugopedius genibarbis_Moustached Wren,../../Datasets/BirdClef/features/Pheugopedius genibarbis_Moustached Wren/XC427769.npy,../../Datasets/BirdClef/audio/Pheugopedius genibarbis_Moustached Wren/XC427769.mp3
train,Pheugopedius genibarbis_Moustached Wren,../../Datasets/BirdClef/features/Pheugopedius genibarbis_Moustached Wren/XC15794.npy,../../Datasets/BirdClef/audio/Pheugopedius genibarbis_Moustached Wren/XC15794.mp3
train,Philydor erythrocercum_Rufous-rumped Foliage-gleaner,../../Datasets/BirdClef/features/Philydor erythrocercum_Rufous-rumped Foliage-gleaner/XC249963.npy,../../Datasets/BirdClef/audio/Philydor erythrocercum_Rufous-rumped Foliage-gleaner/XC249963.mp3
train,Philydor erythrocercum_Rufous-rumped Foliage-gleaner,../../Datasets/BirdClef/features/Philydor erythrocercum_Rufous-rumped Foliage-gleaner/XC81218.npy,../../Datasets/BirdClef/audio/Philydor erythrocercum_Rufous-rumped Foliage-gleaner/XC81218.mp3
train,Philydor erythrocercum_Rufous-rumped Foliage-gleaner,../../Datasets/BirdClef/features/Philydor erythrocercum_Rufous-rumped Foliage-gleaner/XC427774.npy,../../Datasets/BirdClef/audio/Philydor erythrocercum_Rufous-rumped Foliage-gleaner/XC427774.mp3
train,Philydor erythrocercum_Rufous-rumped Foliage-gleaner,../../Datasets/BirdClef/features/Philydor erythrocercum_Rufous-rumped Foliage-gleaner/XC495206.npy,../../Datasets/BirdClef/audio/Philydor erythrocercum_Rufous-rumped Foliage-gleaner/XC495206.mp3
train,Philydor erythrocercum_Rufous-rumped Foliage-gleaner,../../Datasets/BirdClef/features/Philydor erythrocercum_Rufous-rumped Foliage-gleaner/XC38598.npy,../../Datasets/BirdClef/audio/Philydor erythrocercum_Rufous-rumped Foliage-gleaner/XC38598.mp3
train,Philydor pyrrhodes_Cinnamon-rumped Foliage-gleaner,../../Datasets/BirdClef/features/Philydor pyrrhodes_Cinnamon-rumped Foliage-gleaner/XC439981.npy,../../Datasets/BirdClef/audio/Philydor pyrrhodes_Cinnamon-rumped Foliage-gleaner/XC439981.mp3
train,Philydor pyrrhodes_Cinnamon-rumped Foliage-gleaner,../../Datasets/BirdClef/features/Philydor pyrrhodes_Cinnamon-rumped Foliage-gleaner/XC2555.npy,../../Datasets/BirdClef/audio/Philydor pyrrhodes_Cinnamon-rumped Foliage-gleaner/XC2555.mp3
train,Philydor pyrrhodes_Cinnamon-rumped Foliage-gleaner,../../Datasets/BirdClef/features/Philydor pyrrhodes_Cinnamon-rumped Foliage-gleaner/XC2433.npy,../../Datasets/BirdClef/audio/Philydor pyrrhodes_Cinnamon-rumped Foliage-gleaner/XC2433.mp3
train,Philydor pyrrhodes_Cinnamon-rumped Foliage-gleaner,../../Datasets/BirdClef/features/Philydor pyrrhodes_Cinnamon-rumped Foliage-gleaner/XC306411.npy,../../Datasets/BirdClef/audio/Philydor pyrrhodes_Cinnamon-rumped Foliage-gleaner/XC306411.mp3
train,Philydor pyrrhodes_Cinnamon-rumped Foliage-gleaner,../../Datasets/BirdClef/features/Philydor pyrrhodes_Cinnamon-rumped Foliage-gleaner/XC718.npy,../../Datasets/BirdClef/audio/Philydor pyrrhodes_Cinnamon-rumped Foliage-gleaner/XC718.mp3
train,Philydor rufum_Buff-fronted Foliage-gleaner,../../Datasets/BirdClef/features/Philydor rufum_Buff-fronted Foliage-gleaner/XC277187.npy,../../Datasets/BirdClef/audio/Philydor rufum_Buff-fronted Foliage-gleaner/XC277187.mp3
train,Philydor rufum_Buff-fronted Foliage-gleaner,../../Datasets/BirdClef/features/Philydor rufum_Buff-fronted Foliage-gleaner/XC475734.npy,../../Datasets/BirdClef/audio/Philydor rufum_Buff-fronted Foliage-gleaner/XC475734.mp3
train,Philydor rufum_Buff-fronted Foliage-gleaner,../../Datasets/BirdClef/features/Philydor rufum_Buff-fronted Foliage-gleaner/XC80854.npy,../../Datasets/BirdClef/audio/Philydor rufum_Buff-fronted Foliage-gleaner/XC80854.mp3
train,Philydor rufum_Buff-fronted Foliage-gleaner,../../Datasets/BirdClef/features/Philydor rufum_Buff-fronted Foliage-gleaner/XC389471.npy,../../Datasets/BirdClef/audio/Philydor rufum_Buff-fronted Foliage-gleaner/XC389471.mp3
train,Philydor rufum_Buff-fronted Foliage-gleaner,../../Datasets/BirdClef/features/Philydor rufum_Buff-fronted Foliage-gleaner/XC227711.npy,../../Datasets/BirdClef/audio/Philydor rufum_Buff-fronted Foliage-gleaner/XC227711.mp3
train,Phlegopsis nigromaculata_Black-spotted Bare-eye,../../Datasets/BirdClef/features/Phlegopsis nigromaculata_Black-spotted Bare-eye/XC208599.npy,../../Datasets/BirdClef/audio/Phlegopsis nigromaculata_Black-spotted Bare-eye/XC208599.mp3
train,Phlegopsis nigromaculata_Black-spotted Bare-eye,../../Datasets/BirdClef/features/Phlegopsis nigromaculata_Black-spotted Bare-eye/XC289566.npy,../../Datasets/BirdClef/audio/Phlegopsis nigromaculata_Black-spotted Bare-eye/XC289566.mp3
train,Phlegopsis nigromaculata_Black-spotted Bare-eye,../../Datasets/BirdClef/features/Phlegopsis nigromaculata_Black-spotted Bare-eye/XC9598.npy,../../Datasets/BirdClef/audio/Phlegopsis nigromaculata_Black-spotted Bare-eye/XC9598.mp3
train,Phlegopsis nigromaculata_Black-spotted Bare-eye,../../Datasets/BirdClef/features/Phlegopsis nigromaculata_Black-spotted Bare-eye/XC9599.npy,../../Datasets/BirdClef/audio/Phlegopsis nigromaculata_Black-spotted Bare-eye/XC9599.mp3
train,Phlegopsis nigromaculata_Black-spotted Bare-eye,../../Datasets/BirdClef/features/Phlegopsis nigromaculata_Black-spotted Bare-eye/XC227723.npy,../../Datasets/BirdClef/audio/Phlegopsis nigromaculata_Black-spotted Bare-eye/XC227723.mp3
train,Phoenicurus ochruros_Black Redstart,../../Datasets/BirdClef/features/Phoenicurus ochruros_Black Redstart/XC143380.npy,../../Datasets/BirdClef/audio/Phoenicurus ochruros_Black Redstart/XC143380.mp3
train,Phoenicurus ochruros_Black Redstart,../../Datasets/BirdClef/features/Phoenicurus ochruros_Black Redstart/XC110687.npy,../../Datasets/BirdClef/audio/Phoenicurus ochruros_Black Redstart/XC110687.mp3
train,Phoenicurus ochruros_Black Redstart,../../Datasets/BirdClef/features/Phoenicurus ochruros_Black Redstart/XC468156.npy,../../Datasets/BirdClef/audio/Phoenicurus ochruros_Black Redstart/XC468156.mp3
train,Phoenicurus ochruros_Black Redstart,../../Datasets/BirdClef/features/Phoenicurus ochruros_Black Redstart/XC141325.npy,../../Datasets/BirdClef/audio/Phoenicurus ochruros_Black Redstart/XC141325.mp3
train,Phoenicurus ochruros_Black Redstart,../../Datasets/BirdClef/features/Phoenicurus ochruros_Black Redstart/XC465929.npy,../../Datasets/BirdClef/audio/Phoenicurus ochruros_Black Redstart/XC465929.mp3
train,Phoenicurus phoenicurus_Common Redstart,../../Datasets/BirdClef/features/Phoenicurus phoenicurus_Common Redstart/XC27566.npy,../../Datasets/BirdClef/audio/Phoenicurus phoenicurus_Common Redstart/XC27566.mp3
train,Phoenicurus phoenicurus_Common Redstart,../../Datasets/BirdClef/features/Phoenicurus phoenicurus_Common Redstart/XC156601.npy,../../Datasets/BirdClef/audio/Phoenicurus phoenicurus_Common Redstart/XC156601.mp3
train,Phoenicurus phoenicurus_Common Redstart,../../Datasets/BirdClef/features/Phoenicurus phoenicurus_Common Redstart/XC366515.npy,../../Datasets/BirdClef/audio/Phoenicurus phoenicurus_Common Redstart/XC366515.mp3
train,Phoenicurus phoenicurus_Common Redstart,../../Datasets/BirdClef/features/Phoenicurus phoenicurus_Common Redstart/XC421548.npy,../../Datasets/BirdClef/audio/Phoenicurus phoenicurus_Common Redstart/XC421548.mp3
train,Phoenicurus phoenicurus_Common Redstart,../../Datasets/BirdClef/features/Phoenicurus phoenicurus_Common Redstart/XC346429.npy,../../Datasets/BirdClef/audio/Phoenicurus phoenicurus_Common Redstart/XC346429.mp3
train,Phylloscopus collybita_Common Chiffchaff,../../Datasets/BirdClef/features/Phylloscopus collybita_Common Chiffchaff/XC176229.npy,../../Datasets/BirdClef/audio/Phylloscopus collybita_Common Chiffchaff/XC176229.mp3
train,Phylloscopus collybita_Common Chiffchaff,../../Datasets/BirdClef/features/Phylloscopus collybita_Common Chiffchaff/XC172696.npy,../../Datasets/BirdClef/audio/Phylloscopus collybita_Common Chiffchaff/XC172696.mp3
train,Phylloscopus collybita_Common Chiffchaff,../../Datasets/BirdClef/features/Phylloscopus collybita_Common Chiffchaff/XC195414.npy,../../Datasets/BirdClef/audio/Phylloscopus collybita_Common Chiffchaff/XC195414.mp3
train,Phylloscopus collybita_Common Chiffchaff,../../Datasets/BirdClef/features/Phylloscopus collybita_Common Chiffchaff/XC241903.npy,../../Datasets/BirdClef/audio/Phylloscopus collybita_Common Chiffchaff/XC241903.mp3
train,Phylloscopus collybita_Common Chiffchaff,../../Datasets/BirdClef/features/Phylloscopus collybita_Common Chiffchaff/XC195751.npy,../../Datasets/BirdClef/audio/Phylloscopus collybita_Common Chiffchaff/XC195751.mp3
train,Phylloscopus trochilus_Willow Warbler,../../Datasets/BirdClef/features/Phylloscopus trochilus_Willow Warbler/XC188228.npy,../../Datasets/BirdClef/audio/Phylloscopus trochilus_Willow Warbler/XC188228.mp3
train,Phylloscopus trochilus_Willow Warbler,../../Datasets/BirdClef/features/Phylloscopus trochilus_Willow Warbler/XC291969.npy,../../Datasets/BirdClef/audio/Phylloscopus trochilus_Willow Warbler/XC291969.mp3
train,Phylloscopus trochilus_Willow Warbler,../../Datasets/BirdClef/features/Phylloscopus trochilus_Willow Warbler/XC298818.npy,../../Datasets/BirdClef/audio/Phylloscopus trochilus_Willow Warbler/XC298818.mp3
train,Phylloscopus trochilus_Willow Warbler,../../Datasets/BirdClef/features/Phylloscopus trochilus_Willow Warbler/XC138962.npy,../../Datasets/BirdClef/audio/Phylloscopus trochilus_Willow Warbler/XC138962.mp3
train,Phylloscopus trochilus_Willow Warbler,../../Datasets/BirdClef/features/Phylloscopus trochilus_Willow Warbler/XC310102.npy,../../Datasets/BirdClef/audio/Phylloscopus trochilus_Willow Warbler/XC310102.mp3
train,Piaya cayana_Squirrel Cuckoo,../../Datasets/BirdClef/features/Piaya cayana_Squirrel Cuckoo/XC158406.npy,../../Datasets/BirdClef/audio/Piaya cayana_Squirrel Cuckoo/XC158406.mp3
train,Piaya cayana_Squirrel Cuckoo,../../Datasets/BirdClef/features/Piaya cayana_Squirrel Cuckoo/XC113860.npy,../../Datasets/BirdClef/audio/Piaya cayana_Squirrel Cuckoo/XC113860.mp3
train,Piaya cayana_Squirrel Cuckoo,../../Datasets/BirdClef/features/Piaya cayana_Squirrel Cuckoo/XC265400.npy,../../Datasets/BirdClef/audio/Piaya cayana_Squirrel Cuckoo/XC265400.mp3
train,Piaya cayana_Squirrel Cuckoo,../../Datasets/BirdClef/features/Piaya cayana_Squirrel Cuckoo/XC400276.npy,../../Datasets/BirdClef/audio/Piaya cayana_Squirrel Cuckoo/XC400276.mp3
train,Piaya cayana_Squirrel Cuckoo,../../Datasets/BirdClef/features/Piaya cayana_Squirrel Cuckoo/XC11652.npy,../../Datasets/BirdClef/audio/Piaya cayana_Squirrel Cuckoo/XC11652.mp3
train,Pica hudsonia_Black-billed Magpie,../../Datasets/BirdClef/features/Pica hudsonia_Black-billed Magpie/XC387538.npy,../../Datasets/BirdClef/audio/Pica hudsonia_Black-billed Magpie/XC387538.mp3
train,Pica hudsonia_Black-billed Magpie,../../Datasets/BirdClef/features/Pica hudsonia_Black-billed Magpie/XC263236.npy,../../Datasets/BirdClef/audio/Pica hudsonia_Black-billed Magpie/XC263236.mp3
train,Pica hudsonia_Black-billed Magpie,../../Datasets/BirdClef/features/Pica hudsonia_Black-billed Magpie/XC155357.npy,../../Datasets/BirdClef/audio/Pica hudsonia_Black-billed Magpie/XC155357.mp3
train,Pica hudsonia_Black-billed Magpie,../../Datasets/BirdClef/features/Pica hudsonia_Black-billed Magpie/XC348433.npy,../../Datasets/BirdClef/audio/Pica hudsonia_Black-billed Magpie/XC348433.mp3
train,Pica hudsonia_Black-billed Magpie,../../Datasets/BirdClef/features/Pica hudsonia_Black-billed Magpie/XC291048.npy,../../Datasets/BirdClef/audio/Pica hudsonia_Black-billed Magpie/XC291048.mp3
train,Pica pica_Eurasian Magpie,../../Datasets/BirdClef/features/Pica pica_Eurasian Magpie/XC373849.npy,../../Datasets/BirdClef/audio/Pica pica_Eurasian Magpie/XC373849.mp3
train,Pica pica_Eurasian Magpie,../../Datasets/BirdClef/features/Pica pica_Eurasian Magpie/XC387242.npy,../../Datasets/BirdClef/audio/Pica pica_Eurasian Magpie/XC387242.mp3
train,Pica pica_Eurasian Magpie,../../Datasets/BirdClef/features/Pica pica_Eurasian Magpie/XC236892.npy,../../Datasets/BirdClef/audio/Pica pica_Eurasian Magpie/XC236892.mp3
train,Pica pica_Eurasian Magpie,../../Datasets/BirdClef/features/Pica pica_Eurasian Magpie/XC348293.npy,../../Datasets/BirdClef/audio/Pica pica_Eurasian Magpie/XC348293.mp3
train,Pica pica_Eurasian Magpie,../../Datasets/BirdClef/features/Pica pica_Eurasian Magpie/XC385891.npy,../../Datasets/BirdClef/audio/Pica pica_Eurasian Magpie/XC385891.mp3
train,Picus viridis_Eurasian Green Woodpecker,../../Datasets/BirdClef/features/Picus viridis_Eurasian Green Woodpecker/XC361986.npy,../../Datasets/BirdClef/audio/Picus viridis_Eurasian Green Woodpecker/XC361986.mp3
train,Picus viridis_Eurasian Green Woodpecker,../../Datasets/BirdClef/features/Picus viridis_Eurasian Green Woodpecker/XC142079.npy,../../Datasets/BirdClef/audio/Picus viridis_Eurasian Green Woodpecker/XC142079.mp3
train,Picus viridis_Eurasian Green Woodpecker,../../Datasets/BirdClef/features/Picus viridis_Eurasian Green Woodpecker/XC343375.npy,../../Datasets/BirdClef/audio/Picus viridis_Eurasian Green Woodpecker/XC343375.mp3
train,Picus viridis_Eurasian Green Woodpecker,../../Datasets/BirdClef/features/Picus viridis_Eurasian Green Woodpecker/XC118060.npy,../../Datasets/BirdClef/audio/Picus viridis_Eurasian Green Woodpecker/XC118060.mp3
train,Picus viridis_Eurasian Green Woodpecker,../../Datasets/BirdClef/features/Picus viridis_Eurasian Green Woodpecker/XC496906.npy,../../Datasets/BirdClef/audio/Picus viridis_Eurasian Green Woodpecker/XC496906.mp3
train,Pionites leucogaster_White-bellied Parrot,../../Datasets/BirdClef/features/Pionites leucogaster_White-bellied Parrot/XC144855.npy,../../Datasets/BirdClef/audio/Pionites leucogaster_White-bellied Parrot/XC144855.mp3
train,Pionites leucogaster_White-bellied Parrot,../../Datasets/BirdClef/features/Pionites leucogaster_White-bellied Parrot/XC108543.npy,../../Datasets/BirdClef/audio/Pionites leucogaster_White-bellied Parrot/XC108543.mp3
train,Pionites leucogaster_White-bellied Parrot,../../Datasets/BirdClef/features/Pionites leucogaster_White-bellied Parrot/XC427810.npy,../../Datasets/BirdClef/audio/Pionites leucogaster_White-bellied Parrot/XC427810.mp3
train,Pionites leucogaster_White-bellied Parrot,../../Datasets/BirdClef/features/Pionites leucogaster_White-bellied Parrot/XC483139.npy,../../Datasets/BirdClef/audio/Pionites leucogaster_White-bellied Parrot/XC483139.mp3
train,Pionites leucogaster_White-bellied Parrot,../../Datasets/BirdClef/features/Pionites leucogaster_White-bellied Parrot/XC121161.npy,../../Datasets/BirdClef/audio/Pionites leucogaster_White-bellied Parrot/XC121161.mp3
train,Pionus menstruus_Blue-headed Parrot,../../Datasets/BirdClef/features/Pionus menstruus_Blue-headed Parrot/XC273540.npy,../../Datasets/BirdClef/audio/Pionus menstruus_Blue-headed Parrot/XC273540.mp3
train,Pionus menstruus_Blue-headed Parrot,../../Datasets/BirdClef/features/Pionus menstruus_Blue-headed Parrot/XC238883.npy,../../Datasets/BirdClef/audio/Pionus menstruus_Blue-headed Parrot/XC238883.mp3
train,Pionus menstruus_Blue-headed Parrot,../../Datasets/BirdClef/features/Pionus menstruus_Blue-headed Parrot/XC238879.npy,../../Datasets/BirdClef/audio/Pionus menstruus_Blue-headed Parrot/XC238879.mp3
train,Pionus menstruus_Blue-headed Parrot,../../Datasets/BirdClef/features/Pionus menstruus_Blue-headed Parrot/XC85343.npy,../../Datasets/BirdClef/audio/Pionus menstruus_Blue-headed Parrot/XC85343.mp3
train,Pionus menstruus_Blue-headed Parrot,../../Datasets/BirdClef/features/Pionus menstruus_Blue-headed Parrot/XC360857.npy,../../Datasets/BirdClef/audio/Pionus menstruus_Blue-headed Parrot/XC360857.mp3
train,Pipilo chlorurus_Green-tailed Towhee,../../Datasets/BirdClef/features/Pipilo chlorurus_Green-tailed Towhee/XC126441.npy,../../Datasets/BirdClef/audio/Pipilo chlorurus_Green-tailed Towhee/XC126441.mp3
train,Pipilo chlorurus_Green-tailed Towhee,../../Datasets/BirdClef/features/Pipilo chlorurus_Green-tailed Towhee/XC494395.npy,../../Datasets/BirdClef/audio/Pipilo chlorurus_Green-tailed Towhee/XC494395.mp3
train,Pipilo chlorurus_Green-tailed Towhee,../../Datasets/BirdClef/features/Pipilo chlorurus_Green-tailed Towhee/XC140675.npy,../../Datasets/BirdClef/audio/Pipilo chlorurus_Green-tailed Towhee/XC140675.mp3
train,Pipilo chlorurus_Green-tailed Towhee,../../Datasets/BirdClef/features/Pipilo chlorurus_Green-tailed Towhee/XC445179.npy,../../Datasets/BirdClef/audio/Pipilo chlorurus_Green-tailed Towhee/XC445179.mp3
train,Pipilo chlorurus_Green-tailed Towhee,../../Datasets/BirdClef/features/Pipilo chlorurus_Green-tailed Towhee/XC450537.npy,../../Datasets/BirdClef/audio/Pipilo chlorurus_Green-tailed Towhee/XC450537.mp3
train,Pipilo erythrophthalmus_Eastern Towhee,../../Datasets/BirdClef/features/Pipilo erythrophthalmus_Eastern Towhee/XC430295.npy,../../Datasets/BirdClef/audio/Pipilo erythrophthalmus_Eastern Towhee/XC430295.mp3
train,Pipilo erythrophthalmus_Eastern Towhee,../../Datasets/BirdClef/features/Pipilo erythrophthalmus_Eastern Towhee/XC320442.npy,../../Datasets/BirdClef/audio/Pipilo erythrophthalmus_Eastern Towhee/XC320442.mp3
train,Pipilo erythrophthalmus_Eastern Towhee,../../Datasets/BirdClef/features/Pipilo erythrophthalmus_Eastern Towhee/XC315601.npy,../../Datasets/BirdClef/audio/Pipilo erythrophthalmus_Eastern Towhee/XC315601.mp3
train,Pipilo erythrophthalmus_Eastern Towhee,../../Datasets/BirdClef/features/Pipilo erythrophthalmus_Eastern Towhee/XC378994.npy,../../Datasets/BirdClef/audio/Pipilo erythrophthalmus_Eastern Towhee/XC378994.mp3
train,Pipilo erythrophthalmus_Eastern Towhee,../../Datasets/BirdClef/features/Pipilo erythrophthalmus_Eastern Towhee/XC320484.npy,../../Datasets/BirdClef/audio/Pipilo erythrophthalmus_Eastern Towhee/XC320484.mp3
train,Pipilo maculatus_Spotted Towhee,../../Datasets/BirdClef/features/Pipilo maculatus_Spotted Towhee/XC274873.npy,../../Datasets/BirdClef/audio/Pipilo maculatus_Spotted Towhee/XC274873.mp3
train,Pipilo maculatus_Spotted Towhee,../../Datasets/BirdClef/features/Pipilo maculatus_Spotted Towhee/XC156729.npy,../../Datasets/BirdClef/audio/Pipilo maculatus_Spotted Towhee/XC156729.mp3
train,Pipilo maculatus_Spotted Towhee,../../Datasets/BirdClef/features/Pipilo maculatus_Spotted Towhee/XC126679.npy,../../Datasets/BirdClef/audio/Pipilo maculatus_Spotted Towhee/XC126679.mp3
train,Pipilo maculatus_Spotted Towhee,../../Datasets/BirdClef/features/Pipilo maculatus_Spotted Towhee/XC307976.npy,../../Datasets/BirdClef/audio/Pipilo maculatus_Spotted Towhee/XC307976.mp3
train,Pipilo maculatus_Spotted Towhee,../../Datasets/BirdClef/features/Pipilo maculatus_Spotted Towhee/XC164258.npy,../../Datasets/BirdClef/audio/Pipilo maculatus_Spotted Towhee/XC164258.mp3
train,Pipra fasciicauda_Band-tailed Manakin,../../Datasets/BirdClef/features/Pipra fasciicauda_Band-tailed Manakin/XC49486.npy,../../Datasets/BirdClef/audio/Pipra fasciicauda_Band-tailed Manakin/XC49486.mp3
train,Pipra fasciicauda_Band-tailed Manakin,../../Datasets/BirdClef/features/Pipra fasciicauda_Band-tailed Manakin/XC386071.npy,../../Datasets/BirdClef/audio/Pipra fasciicauda_Band-tailed Manakin/XC386071.mp3
train,Pipra fasciicauda_Band-tailed Manakin,../../Datasets/BirdClef/features/Pipra fasciicauda_Band-tailed Manakin/XC391193.npy,../../Datasets/BirdClef/audio/Pipra fasciicauda_Band-tailed Manakin/XC391193.mp3
train,Pipra fasciicauda_Band-tailed Manakin,../../Datasets/BirdClef/features/Pipra fasciicauda_Band-tailed Manakin/XC358889.npy,../../Datasets/BirdClef/audio/Pipra fasciicauda_Band-tailed Manakin/XC358889.mp3
train,Pipra fasciicauda_Band-tailed Manakin,../../Datasets/BirdClef/features/Pipra fasciicauda_Band-tailed Manakin/XC337867.npy,../../Datasets/BirdClef/audio/Pipra fasciicauda_Band-tailed Manakin/XC337867.mp3
train,Piprites chloris_Wing-barred Piprites,../../Datasets/BirdClef/features/Piprites chloris_Wing-barred Piprites/XC55404.npy,../../Datasets/BirdClef/audio/Piprites chloris_Wing-barred Piprites/XC55404.mp3
train,Piprites chloris_Wing-barred Piprites,../../Datasets/BirdClef/features/Piprites chloris_Wing-barred Piprites/XC72024.npy,../../Datasets/BirdClef/audio/Piprites chloris_Wing-barred Piprites/XC72024.mp3
train,Piprites chloris_Wing-barred Piprites,../../Datasets/BirdClef/features/Piprites chloris_Wing-barred Piprites/XC118948.npy,../../Datasets/BirdClef/audio/Piprites chloris_Wing-barred Piprites/XC118948.mp3
train,Piprites chloris_Wing-barred Piprites,../../Datasets/BirdClef/features/Piprites chloris_Wing-barred Piprites/XC183751.npy,../../Datasets/BirdClef/audio/Piprites chloris_Wing-barred Piprites/XC183751.mp3
train,Piprites chloris_Wing-barred Piprites,../../Datasets/BirdClef/features/Piprites chloris_Wing-barred Piprites/XC228286.npy,../../Datasets/BirdClef/audio/Piprites chloris_Wing-barred Piprites/XC228286.mp3
train,Piranga ludoviciana_Western Tanager,../../Datasets/BirdClef/features/Piranga ludoviciana_Western Tanager/XC163535.npy,../../Datasets/BirdClef/audio/Piranga ludoviciana_Western Tanager/XC163535.mp3
train,Piranga ludoviciana_Western Tanager,../../Datasets/BirdClef/features/Piranga ludoviciana_Western Tanager/XC146191.npy,../../Datasets/BirdClef/audio/Piranga ludoviciana_Western Tanager/XC146191.mp3
train,Piranga ludoviciana_Western Tanager,../../Datasets/BirdClef/features/Piranga ludoviciana_Western Tanager/XC333902.npy,../../Datasets/BirdClef/audio/Piranga ludoviciana_Western Tanager/XC333902.mp3
train,Piranga ludoviciana_Western Tanager,../../Datasets/BirdClef/features/Piranga ludoviciana_Western Tanager/XC192753.npy,../../Datasets/BirdClef/audio/Piranga ludoviciana_Western Tanager/XC192753.mp3
train,Piranga ludoviciana_Western Tanager,../../Datasets/BirdClef/features/Piranga ludoviciana_Western Tanager/XC190054.npy,../../Datasets/BirdClef/audio/Piranga ludoviciana_Western Tanager/XC190054.mp3
train,Piranga olivacea_Scarlet Tanager,../../Datasets/BirdClef/features/Piranga olivacea_Scarlet Tanager/XC91681.npy,../../Datasets/BirdClef/audio/Piranga olivacea_Scarlet Tanager/XC91681.mp3
train,Piranga olivacea_Scarlet Tanager,../../Datasets/BirdClef/features/Piranga olivacea_Scarlet Tanager/XC177094.npy,../../Datasets/BirdClef/audio/Piranga olivacea_Scarlet Tanager/XC177094.mp3
train,Piranga olivacea_Scarlet Tanager,../../Datasets/BirdClef/features/Piranga olivacea_Scarlet Tanager/XC101746.npy,../../Datasets/BirdClef/audio/Piranga olivacea_Scarlet Tanager/XC101746.mp3
train,Piranga olivacea_Scarlet Tanager,../../Datasets/BirdClef/features/Piranga olivacea_Scarlet Tanager/XC101747.npy,../../Datasets/BirdClef/audio/Piranga olivacea_Scarlet Tanager/XC101747.mp3
train,Piranga olivacea_Scarlet Tanager,../../Datasets/BirdClef/features/Piranga olivacea_Scarlet Tanager/XC315709.npy,../../Datasets/BirdClef/audio/Piranga olivacea_Scarlet Tanager/XC315709.mp3
train,Piranga rubra_Summer Tanager,../../Datasets/BirdClef/features/Piranga rubra_Summer Tanager/XC1249.npy,../../Datasets/BirdClef/audio/Piranga rubra_Summer Tanager/XC1249.mp3
train,Piranga rubra_Summer Tanager,../../Datasets/BirdClef/features/Piranga rubra_Summer Tanager/XC34824.npy,../../Datasets/BirdClef/audio/Piranga rubra_Summer Tanager/XC34824.mp3
train,Piranga rubra_Summer Tanager,../../Datasets/BirdClef/features/Piranga rubra_Summer Tanager/XC135699.npy,../../Datasets/BirdClef/audio/Piranga rubra_Summer Tanager/XC135699.mp3
train,Piranga rubra_Summer Tanager,../../Datasets/BirdClef/features/Piranga rubra_Summer Tanager/XC35381.npy,../../Datasets/BirdClef/audio/Piranga rubra_Summer Tanager/XC35381.mp3
train,Piranga rubra_Summer Tanager,../../Datasets/BirdClef/features/Piranga rubra_Summer Tanager/XC382865.npy,../../Datasets/BirdClef/audio/Piranga rubra_Summer Tanager/XC382865.mp3
train,Pitangus lictor_Lesser Kiskadee,../../Datasets/BirdClef/features/Pitangus lictor_Lesser Kiskadee/XC56168.npy,../../Datasets/BirdClef/audio/Pitangus lictor_Lesser Kiskadee/XC56168.mp3
train,Pitangus lictor_Lesser Kiskadee,../../Datasets/BirdClef/features/Pitangus lictor_Lesser Kiskadee/XC296589.npy,../../Datasets/BirdClef/audio/Pitangus lictor_Lesser Kiskadee/XC296589.mp3
train,Pitangus lictor_Lesser Kiskadee,../../Datasets/BirdClef/features/Pitangus lictor_Lesser Kiskadee/XC113576.npy,../../Datasets/BirdClef/audio/Pitangus lictor_Lesser Kiskadee/XC113576.mp3
train,Pitangus lictor_Lesser Kiskadee,../../Datasets/BirdClef/features/Pitangus lictor_Lesser Kiskadee/XC113978.npy,../../Datasets/BirdClef/audio/Pitangus lictor_Lesser Kiskadee/XC113978.mp3
train,Pitangus lictor_Lesser Kiskadee,../../Datasets/BirdClef/features/Pitangus lictor_Lesser Kiskadee/XC1179.npy,../../Datasets/BirdClef/audio/Pitangus lictor_Lesser Kiskadee/XC1179.mp3
train,Pitangus sulphuratus_Great Kiskadee,../../Datasets/BirdClef/features/Pitangus sulphuratus_Great Kiskadee/XC127206.npy,../../Datasets/BirdClef/audio/Pitangus sulphuratus_Great Kiskadee/XC127206.mp3
train,Pitangus sulphuratus_Great Kiskadee,../../Datasets/BirdClef/features/Pitangus sulphuratus_Great Kiskadee/XC272514.npy,../../Datasets/BirdClef/audio/Pitangus sulphuratus_Great Kiskadee/XC272514.mp3
train,Pitangus sulphuratus_Great Kiskadee,../../Datasets/BirdClef/features/Pitangus sulphuratus_Great Kiskadee/XC228348.npy,../../Datasets/BirdClef/audio/Pitangus sulphuratus_Great Kiskadee/XC228348.mp3
train,Pitangus sulphuratus_Great Kiskadee,../../Datasets/BirdClef/features/Pitangus sulphuratus_Great Kiskadee/XC351178.npy,../../Datasets/BirdClef/audio/Pitangus sulphuratus_Great Kiskadee/XC351178.mp3
train,Pitangus sulphuratus_Great Kiskadee,../../Datasets/BirdClef/features/Pitangus sulphuratus_Great Kiskadee/XC258974.npy,../../Datasets/BirdClef/audio/Pitangus sulphuratus_Great Kiskadee/XC258974.mp3
train,Platyrinchus coronatus_Golden-crowned Spadebill,../../Datasets/BirdClef/features/Platyrinchus coronatus_Golden-crowned Spadebill/XC303421.npy,../../Datasets/BirdClef/audio/Platyrinchus coronatus_Golden-crowned Spadebill/XC303421.mp3
train,Platyrinchus coronatus_Golden-crowned Spadebill,../../Datasets/BirdClef/features/Platyrinchus coronatus_Golden-crowned Spadebill/XC258837.npy,../../Datasets/BirdClef/audio/Platyrinchus coronatus_Golden-crowned Spadebill/XC258837.mp3
train,Platyrinchus coronatus_Golden-crowned Spadebill,../../Datasets/BirdClef/features/Platyrinchus coronatus_Golden-crowned Spadebill/XC479423.npy,../../Datasets/BirdClef/audio/Platyrinchus coronatus_Golden-crowned Spadebill/XC479423.mp3
train,Platyrinchus coronatus_Golden-crowned Spadebill,../../Datasets/BirdClef/features/Platyrinchus coronatus_Golden-crowned Spadebill/XC11070.npy,../../Datasets/BirdClef/audio/Platyrinchus coronatus_Golden-crowned Spadebill/XC11070.mp3
train,Platyrinchus coronatus_Golden-crowned Spadebill,../../Datasets/BirdClef/features/Platyrinchus coronatus_Golden-crowned Spadebill/XC129976.npy,../../Datasets/BirdClef/audio/Platyrinchus coronatus_Golden-crowned Spadebill/XC129976.mp3
train,Platyrinchus platyrhynchos_White-crested Spadebill,../../Datasets/BirdClef/features/Platyrinchus platyrhynchos_White-crested Spadebill/XC12603.npy,../../Datasets/BirdClef/audio/Platyrinchus platyrhynchos_White-crested Spadebill/XC12603.mp3
train,Platyrinchus platyrhynchos_White-crested Spadebill,../../Datasets/BirdClef/features/Platyrinchus platyrhynchos_White-crested Spadebill/XC74116.npy,../../Datasets/BirdClef/audio/Platyrinchus platyrhynchos_White-crested Spadebill/XC74116.mp3
train,Platyrinchus platyrhynchos_White-crested Spadebill,../../Datasets/BirdClef/features/Platyrinchus platyrhynchos_White-crested Spadebill/XC43980.npy,../../Datasets/BirdClef/audio/Platyrinchus platyrhynchos_White-crested Spadebill/XC43980.mp3
train,Platyrinchus platyrhynchos_White-crested Spadebill,../../Datasets/BirdClef/features/Platyrinchus platyrhynchos_White-crested Spadebill/XC22208.npy,../../Datasets/BirdClef/audio/Platyrinchus platyrhynchos_White-crested Spadebill/XC22208.mp3
train,Platyrinchus platyrhynchos_White-crested Spadebill,../../Datasets/BirdClef/features/Platyrinchus platyrhynchos_White-crested Spadebill/XC88461.npy,../../Datasets/BirdClef/audio/Platyrinchus platyrhynchos_White-crested Spadebill/XC88461.mp3
train,Plegadis chihi_White-faced Ibis,../../Datasets/BirdClef/features/Plegadis chihi_White-faced Ibis/XC147508.npy,../../Datasets/BirdClef/audio/Plegadis chihi_White-faced Ibis/XC147508.mp3
train,Plegadis chihi_White-faced Ibis,../../Datasets/BirdClef/features/Plegadis chihi_White-faced Ibis/XC455509.npy,../../Datasets/BirdClef/audio/Plegadis chihi_White-faced Ibis/XC455509.mp3
train,Plegadis chihi_White-faced Ibis,../../Datasets/BirdClef/features/Plegadis chihi_White-faced Ibis/XC109188.npy,../../Datasets/BirdClef/audio/Plegadis chihi_White-faced Ibis/XC109188.mp3
train,Plegadis chihi_White-faced Ibis,../../Datasets/BirdClef/features/Plegadis chihi_White-faced Ibis/XC85351.npy,../../Datasets/BirdClef/audio/Plegadis chihi_White-faced Ibis/XC85351.mp3
train,Plegadis chihi_White-faced Ibis,../../Datasets/BirdClef/features/Plegadis chihi_White-faced Ibis/XC368518.npy,../../Datasets/BirdClef/audio/Plegadis chihi_White-faced Ibis/XC368518.mp3
train,Plegadis falcinellus_Glossy Ibis,../../Datasets/BirdClef/features/Plegadis falcinellus_Glossy Ibis/XC464853.npy,../../Datasets/BirdClef/audio/Plegadis falcinellus_Glossy Ibis/XC464853.mp3
train,Plegadis falcinellus_Glossy Ibis,../../Datasets/BirdClef/features/Plegadis falcinellus_Glossy Ibis/XC310510.npy,../../Datasets/BirdClef/audio/Plegadis falcinellus_Glossy Ibis/XC310510.mp3
train,Plegadis falcinellus_Glossy Ibis,../../Datasets/BirdClef/features/Plegadis falcinellus_Glossy Ibis/XC312184.npy,../../Datasets/BirdClef/audio/Plegadis falcinellus_Glossy Ibis/XC312184.mp3
train,Plegadis falcinellus_Glossy Ibis,../../Datasets/BirdClef/features/Plegadis falcinellus_Glossy Ibis/XC16977.npy,../../Datasets/BirdClef/audio/Plegadis falcinellus_Glossy Ibis/XC16977.mp3
train,Plegadis falcinellus_Glossy Ibis,../../Datasets/BirdClef/features/Plegadis falcinellus_Glossy Ibis/XC263316.npy,../../Datasets/BirdClef/audio/Plegadis falcinellus_Glossy Ibis/XC263316.mp3
train,Pluvialis dominica_American Golden-Plover,../../Datasets/BirdClef/features/Pluvialis dominica_American Golden-Plover/XC108211.npy,../../Datasets/BirdClef/audio/Pluvialis dominica_American Golden-Plover/XC108211.mp3
train,Pluvialis dominica_American Golden-Plover,../../Datasets/BirdClef/features/Pluvialis dominica_American Golden-Plover/XC322809.npy,../../Datasets/BirdClef/audio/Pluvialis dominica_American Golden-Plover/XC322809.mp3
train,Pluvialis dominica_American Golden-Plover,../../Datasets/BirdClef/features/Pluvialis dominica_American Golden-Plover/XC108210.npy,../../Datasets/BirdClef/audio/Pluvialis dominica_American Golden-Plover/XC108210.mp3
train,Pluvialis dominica_American Golden-Plover,../../Datasets/BirdClef/features/Pluvialis dominica_American Golden-Plover/XC76448.npy,../../Datasets/BirdClef/audio/Pluvialis dominica_American Golden-Plover/XC76448.mp3
train,Pluvialis dominica_American Golden-Plover,../../Datasets/BirdClef/features/Pluvialis dominica_American Golden-Plover/XC278677.npy,../../Datasets/BirdClef/audio/Pluvialis dominica_American Golden-Plover/XC278677.mp3
train,Podiceps auritus_Horned Grebe,../../Datasets/BirdClef/features/Podiceps auritus_Horned Grebe/XC488018.npy,../../Datasets/BirdClef/audio/Podiceps auritus_Horned Grebe/XC488018.mp3
train,Podiceps auritus_Horned Grebe,../../Datasets/BirdClef/features/Podiceps auritus_Horned Grebe/XC181795.npy,../../Datasets/BirdClef/audio/Podiceps auritus_Horned Grebe/XC181795.mp3
train,Podiceps auritus_Horned Grebe,../../Datasets/BirdClef/features/Podiceps auritus_Horned Grebe/XC470323.npy,../../Datasets/BirdClef/audio/Podiceps auritus_Horned Grebe/XC470323.mp3
train,Podiceps auritus_Horned Grebe,../../Datasets/BirdClef/features/Podiceps auritus_Horned Grebe/XC345208.npy,../../Datasets/BirdClef/audio/Podiceps auritus_Horned Grebe/XC345208.mp3
train,Podiceps auritus_Horned Grebe,../../Datasets/BirdClef/features/Podiceps auritus_Horned Grebe/XC103563.npy,../../Datasets/BirdClef/audio/Podiceps auritus_Horned Grebe/XC103563.mp3
train,Podiceps cristatus_Great Crested Grebe,../../Datasets/BirdClef/features/Podiceps cristatus_Great Crested Grebe/XC356921.npy,../../Datasets/BirdClef/audio/Podiceps cristatus_Great Crested Grebe/XC356921.mp3
train,Podiceps cristatus_Great Crested Grebe,../../Datasets/BirdClef/features/Podiceps cristatus_Great Crested Grebe/XC182415.npy,../../Datasets/BirdClef/audio/Podiceps cristatus_Great Crested Grebe/XC182415.mp3
train,Podiceps cristatus_Great Crested Grebe,../../Datasets/BirdClef/features/Podiceps cristatus_Great Crested Grebe/XC374172.npy,../../Datasets/BirdClef/audio/Podiceps cristatus_Great Crested Grebe/XC374172.mp3
train,Podiceps cristatus_Great Crested Grebe,../../Datasets/BirdClef/features/Podiceps cristatus_Great Crested Grebe/XC448648.npy,../../Datasets/BirdClef/audio/Podiceps cristatus_Great Crested Grebe/XC448648.mp3
train,Podiceps cristatus_Great Crested Grebe,../../Datasets/BirdClef/features/Podiceps cristatus_Great Crested Grebe/XC182417.npy,../../Datasets/BirdClef/audio/Podiceps cristatus_Great Crested Grebe/XC182417.mp3
train,Podiceps grisegena_Red-necked Grebe,../../Datasets/BirdClef/features/Podiceps grisegena_Red-necked Grebe/XC74882.npy,../../Datasets/BirdClef/audio/Podiceps grisegena_Red-necked Grebe/XC74882.mp3
train,Podiceps grisegena_Red-necked Grebe,../../Datasets/BirdClef/features/Podiceps grisegena_Red-necked Grebe/XC375848.npy,../../Datasets/BirdClef/audio/Podiceps grisegena_Red-necked Grebe/XC375848.mp3
train,Podiceps grisegena_Red-necked Grebe,../../Datasets/BirdClef/features/Podiceps grisegena_Red-necked Grebe/XC354609.npy,../../Datasets/BirdClef/audio/Podiceps grisegena_Red-necked Grebe/XC354609.mp3
train,Podiceps grisegena_Red-necked Grebe,../../Datasets/BirdClef/features/Podiceps grisegena_Red-necked Grebe/XC232870.npy,../../Datasets/BirdClef/audio/Podiceps grisegena_Red-necked Grebe/XC232870.mp3
train,Podiceps grisegena_Red-necked Grebe,../../Datasets/BirdClef/features/Podiceps grisegena_Red-necked Grebe/XC474566.npy,../../Datasets/BirdClef/audio/Podiceps grisegena_Red-necked Grebe/XC474566.mp3
train,Podiceps nigricollis_Eared Grebe,../../Datasets/BirdClef/features/Podiceps nigricollis_Eared Grebe/XC134227.npy,../../Datasets/BirdClef/audio/Podiceps nigricollis_Eared Grebe/XC134227.mp3
train,Podiceps nigricollis_Eared Grebe,../../Datasets/BirdClef/features/Podiceps nigricollis_Eared Grebe/XC26932.npy,../../Datasets/BirdClef/audio/Podiceps nigricollis_Eared Grebe/XC26932.mp3
train,Podiceps nigricollis_Eared Grebe,../../Datasets/BirdClef/features/Podiceps nigricollis_Eared Grebe/XC278517.npy,../../Datasets/BirdClef/audio/Podiceps nigricollis_Eared Grebe/XC278517.mp3
train,Podiceps nigricollis_Eared Grebe,../../Datasets/BirdClef/features/Podiceps nigricollis_Eared Grebe/XC280995.npy,../../Datasets/BirdClef/audio/Podiceps nigricollis_Eared Grebe/XC280995.mp3
train,Podiceps nigricollis_Eared Grebe,../../Datasets/BirdClef/features/Podiceps nigricollis_Eared Grebe/XC182452.npy,../../Datasets/BirdClef/audio/Podiceps nigricollis_Eared Grebe/XC182452.mp3
train,Podilymbus podiceps_Pied-billed Grebe,../../Datasets/BirdClef/features/Podilymbus podiceps_Pied-billed Grebe/XC54438.npy,../../Datasets/BirdClef/audio/Podilymbus podiceps_Pied-billed Grebe/XC54438.mp3
train,Podilymbus podiceps_Pied-billed Grebe,../../Datasets/BirdClef/features/Podilymbus podiceps_Pied-billed Grebe/XC115066.npy,../../Datasets/BirdClef/audio/Podilymbus podiceps_Pied-billed Grebe/XC115066.mp3
train,Podilymbus podiceps_Pied-billed Grebe,../../Datasets/BirdClef/features/Podilymbus podiceps_Pied-billed Grebe/XC13537.npy,../../Datasets/BirdClef/audio/Podilymbus podiceps_Pied-billed Grebe/XC13537.mp3
train,Podilymbus podiceps_Pied-billed Grebe,../../Datasets/BirdClef/features/Podilymbus podiceps_Pied-billed Grebe/XC313219.npy,../../Datasets/BirdClef/audio/Podilymbus podiceps_Pied-billed Grebe/XC313219.mp3
train,Podilymbus podiceps_Pied-billed Grebe,../../Datasets/BirdClef/features/Podilymbus podiceps_Pied-billed Grebe/XC90608.npy,../../Datasets/BirdClef/audio/Podilymbus podiceps_Pied-billed Grebe/XC90608.mp3
train,Poecile atricapillus_Black-capped Chickadee,../../Datasets/BirdClef/features/Poecile atricapillus_Black-capped Chickadee/XC156532.npy,../../Datasets/BirdClef/audio/Poecile atricapillus_Black-capped Chickadee/XC156532.mp3
train,Poecile atricapillus_Black-capped Chickadee,../../Datasets/BirdClef/features/Poecile atricapillus_Black-capped Chickadee/XC323050.npy,../../Datasets/BirdClef/audio/Poecile atricapillus_Black-capped Chickadee/XC323050.mp3
train,Poecile atricapillus_Black-capped Chickadee,../../Datasets/BirdClef/features/Poecile atricapillus_Black-capped Chickadee/XC361836.npy,../../Datasets/BirdClef/audio/Poecile atricapillus_Black-capped Chickadee/XC361836.mp3
train,Poecile atricapillus_Black-capped Chickadee,../../Datasets/BirdClef/features/Poecile atricapillus_Black-capped Chickadee/XC168882.npy,../../Datasets/BirdClef/audio/Poecile atricapillus_Black-capped Chickadee/XC168882.mp3
train,Poecile atricapillus_Black-capped Chickadee,../../Datasets/BirdClef/features/Poecile atricapillus_Black-capped Chickadee/XC175038.npy,../../Datasets/BirdClef/audio/Poecile atricapillus_Black-capped Chickadee/XC175038.mp3
train,Poecile gambeli_Mountain Chickadee,../../Datasets/BirdClef/features/Poecile gambeli_Mountain Chickadee/XC253302.npy,../../Datasets/BirdClef/audio/Poecile gambeli_Mountain Chickadee/XC253302.mp3
train,Poecile gambeli_Mountain Chickadee,../../Datasets/BirdClef/features/Poecile gambeli_Mountain Chickadee/XC350726.npy,../../Datasets/BirdClef/audio/Poecile gambeli_Mountain Chickadee/XC350726.mp3
train,Poecile gambeli_Mountain Chickadee,../../Datasets/BirdClef/features/Poecile gambeli_Mountain Chickadee/XC76626.npy,../../Datasets/BirdClef/audio/Poecile gambeli_Mountain Chickadee/XC76626.mp3
train,Poecile gambeli_Mountain Chickadee,../../Datasets/BirdClef/features/Poecile gambeli_Mountain Chickadee/XC71785.npy,../../Datasets/BirdClef/audio/Poecile gambeli_Mountain Chickadee/XC71785.mp3
train,Poecile gambeli_Mountain Chickadee,../../Datasets/BirdClef/features/Poecile gambeli_Mountain Chickadee/XC368496.npy,../../Datasets/BirdClef/audio/Poecile gambeli_Mountain Chickadee/XC368496.mp3
train,Poecile palustris_Marsh Tit,../../Datasets/BirdClef/features/Poecile palustris_Marsh Tit/XC324772.npy,../../Datasets/BirdClef/audio/Poecile palustris_Marsh Tit/XC324772.mp3
train,Poecile palustris_Marsh Tit,../../Datasets/BirdClef/features/Poecile palustris_Marsh Tit/XC410060.npy,../../Datasets/BirdClef/audio/Poecile palustris_Marsh Tit/XC410060.mp3
train,Poecile palustris_Marsh Tit,../../Datasets/BirdClef/features/Poecile palustris_Marsh Tit/XC131999.npy,../../Datasets/BirdClef/audio/Poecile palustris_Marsh Tit/XC131999.mp3
train,Poecile palustris_Marsh Tit,../../Datasets/BirdClef/features/Poecile palustris_Marsh Tit/XC26026.npy,../../Datasets/BirdClef/audio/Poecile palustris_Marsh Tit/XC26026.mp3
train,Poecile palustris_Marsh Tit,../../Datasets/BirdClef/features/Poecile palustris_Marsh Tit/XC168518.npy,../../Datasets/BirdClef/audio/Poecile palustris_Marsh Tit/XC168518.mp3
train,Poecilotriccus latirostris_Rusty-fronted Tody-Flycatcher,../../Datasets/BirdClef/features/Poecilotriccus latirostris_Rusty-fronted Tody-Flycatcher/XC128578.npy,../../Datasets/BirdClef/audio/Poecilotriccus latirostris_Rusty-fronted Tody-Flycatcher/XC128578.mp3
train,Poecilotriccus latirostris_Rusty-fronted Tody-Flycatcher,../../Datasets/BirdClef/features/Poecilotriccus latirostris_Rusty-fronted Tody-Flycatcher/XC432368.npy,../../Datasets/BirdClef/audio/Poecilotriccus latirostris_Rusty-fronted Tody-Flycatcher/XC432368.mp3
train,Poecilotriccus latirostris_Rusty-fronted Tody-Flycatcher,../../Datasets/BirdClef/features/Poecilotriccus latirostris_Rusty-fronted Tody-Flycatcher/XC283997.npy,../../Datasets/BirdClef/audio/Poecilotriccus latirostris_Rusty-fronted Tody-Flycatcher/XC283997.mp3
train,Poecilotriccus latirostris_Rusty-fronted Tody-Flycatcher,../../Datasets/BirdClef/features/Poecilotriccus latirostris_Rusty-fronted Tody-Flycatcher/XC53561.npy,../../Datasets/BirdClef/audio/Poecilotriccus latirostris_Rusty-fronted Tody-Flycatcher/XC53561.mp3
train,Poecilotriccus latirostris_Rusty-fronted Tody-Flycatcher,../../Datasets/BirdClef/features/Poecilotriccus latirostris_Rusty-fronted Tody-Flycatcher/XC45181.npy,../../Datasets/BirdClef/audio/Poecilotriccus latirostris_Rusty-fronted Tody-Flycatcher/XC45181.mp3
train,Polioptila caerulea_Blue-gray Gnatcatcher,../../Datasets/BirdClef/features/Polioptila caerulea_Blue-gray Gnatcatcher/XC416745.npy,../../Datasets/BirdClef/audio/Polioptila caerulea_Blue-gray Gnatcatcher/XC416745.mp3
train,Polioptila caerulea_Blue-gray Gnatcatcher,../../Datasets/BirdClef/features/Polioptila caerulea_Blue-gray Gnatcatcher/XC34321.npy,../../Datasets/BirdClef/audio/Polioptila caerulea_Blue-gray Gnatcatcher/XC34321.mp3
train,Polioptila caerulea_Blue-gray Gnatcatcher,../../Datasets/BirdClef/features/Polioptila caerulea_Blue-gray Gnatcatcher/XC130511.npy,../../Datasets/BirdClef/audio/Polioptila caerulea_Blue-gray Gnatcatcher/XC130511.mp3
train,Polioptila caerulea_Blue-gray Gnatcatcher,../../Datasets/BirdClef/features/Polioptila caerulea_Blue-gray Gnatcatcher/XC59151.npy,../../Datasets/BirdClef/audio/Polioptila caerulea_Blue-gray Gnatcatcher/XC59151.mp3
train,Polioptila caerulea_Blue-gray Gnatcatcher,../../Datasets/BirdClef/features/Polioptila caerulea_Blue-gray Gnatcatcher/XC21469.npy,../../Datasets/BirdClef/audio/Polioptila caerulea_Blue-gray Gnatcatcher/XC21469.mp3
train,Pooecetes gramineus_Vesper Sparrow,../../Datasets/BirdClef/features/Pooecetes gramineus_Vesper Sparrow/XC12586.npy,../../Datasets/BirdClef/audio/Pooecetes gramineus_Vesper Sparrow/XC12586.mp3
train,Pooecetes gramineus_Vesper Sparrow,../../Datasets/BirdClef/features/Pooecetes gramineus_Vesper Sparrow/XC160305.npy,../../Datasets/BirdClef/audio/Pooecetes gramineus_Vesper Sparrow/XC160305.mp3
train,Pooecetes gramineus_Vesper Sparrow,../../Datasets/BirdClef/features/Pooecetes gramineus_Vesper Sparrow/XC462210.npy,../../Datasets/BirdClef/audio/Pooecetes gramineus_Vesper Sparrow/XC462210.mp3
train,Pooecetes gramineus_Vesper Sparrow,../../Datasets/BirdClef/features/Pooecetes gramineus_Vesper Sparrow/XC160525.npy,../../Datasets/BirdClef/audio/Pooecetes gramineus_Vesper Sparrow/XC160525.mp3
train,Pooecetes gramineus_Vesper Sparrow,../../Datasets/BirdClef/features/Pooecetes gramineus_Vesper Sparrow/XC366656.npy,../../Datasets/BirdClef/audio/Pooecetes gramineus_Vesper Sparrow/XC366656.mp3
train,Porphyrio martinica_Purple Gallinule,../../Datasets/BirdClef/features/Porphyrio martinica_Purple Gallinule/XC173570.npy,../../Datasets/BirdClef/audio/Porphyrio martinica_Purple Gallinule/XC173570.mp3
train,Porphyrio martinica_Purple Gallinule,../../Datasets/BirdClef/features/Porphyrio martinica_Purple Gallinule/XC504760.npy,../../Datasets/BirdClef/audio/Porphyrio martinica_Purple Gallinule/XC504760.mp3
train,Porphyrio martinica_Purple Gallinule,../../Datasets/BirdClef/features/Porphyrio martinica_Purple Gallinule/XC48561.npy,../../Datasets/BirdClef/audio/Porphyrio martinica_Purple Gallinule/XC48561.mp3
train,Porphyrio martinica_Purple Gallinule,../../Datasets/BirdClef/features/Porphyrio martinica_Purple Gallinule/XC228330.npy,../../Datasets/BirdClef/audio/Porphyrio martinica_Purple Gallinule/XC228330.mp3
train,Porphyrio martinica_Purple Gallinule,../../Datasets/BirdClef/features/Porphyrio martinica_Purple Gallinule/XC131340.npy,../../Datasets/BirdClef/audio/Porphyrio martinica_Purple Gallinule/XC131340.mp3
train,Porzana carolina_Sora,../../Datasets/BirdClef/features/Porzana carolina_Sora/XC413573.npy,../../Datasets/BirdClef/audio/Porzana carolina_Sora/XC413573.mp3
train,Porzana carolina_Sora,../../Datasets/BirdClef/features/Porzana carolina_Sora/XC153338.npy,../../Datasets/BirdClef/audio/Porzana carolina_Sora/XC153338.mp3
train,Porzana carolina_Sora,../../Datasets/BirdClef/features/Porzana carolina_Sora/XC355000.npy,../../Datasets/BirdClef/audio/Porzana carolina_Sora/XC355000.mp3
train,Porzana carolina_Sora,../../Datasets/BirdClef/features/Porzana carolina_Sora/XC278146.npy,../../Datasets/BirdClef/audio/Porzana carolina_Sora/XC278146.mp3
train,Porzana carolina_Sora,../../Datasets/BirdClef/features/Porzana carolina_Sora/XC302904.npy,../../Datasets/BirdClef/audio/Porzana carolina_Sora/XC302904.mp3
train,Progne chalybea_Gray-breasted Martin,../../Datasets/BirdClef/features/Progne chalybea_Gray-breasted Martin/XC100097.npy,../../Datasets/BirdClef/audio/Progne chalybea_Gray-breasted Martin/XC100097.mp3
train,Progne chalybea_Gray-breasted Martin,../../Datasets/BirdClef/features/Progne chalybea_Gray-breasted Martin/XC247620.npy,../../Datasets/BirdClef/audio/Progne chalybea_Gray-breasted Martin/XC247620.mp3
train,Progne chalybea_Gray-breasted Martin,../../Datasets/BirdClef/features/Progne chalybea_Gray-breasted Martin/XC259254.npy,../../Datasets/BirdClef/audio/Progne chalybea_Gray-breasted Martin/XC259254.mp3
train,Progne chalybea_Gray-breasted Martin,../../Datasets/BirdClef/features/Progne chalybea_Gray-breasted Martin/XC70798.npy,../../Datasets/BirdClef/audio/Progne chalybea_Gray-breasted Martin/XC70798.mp3
train,Progne chalybea_Gray-breasted Martin,../../Datasets/BirdClef/features/Progne chalybea_Gray-breasted Martin/XC401258.npy,../../Datasets/BirdClef/audio/Progne chalybea_Gray-breasted Martin/XC401258.mp3
train,Progne tapera_Brown-chested Martin,../../Datasets/BirdClef/features/Progne tapera_Brown-chested Martin/XC331364.npy,../../Datasets/BirdClef/audio/Progne tapera_Brown-chested Martin/XC331364.mp3
train,Progne tapera_Brown-chested Martin,../../Datasets/BirdClef/features/Progne tapera_Brown-chested Martin/XC272673.npy,../../Datasets/BirdClef/audio/Progne tapera_Brown-chested Martin/XC272673.mp3
train,Progne tapera_Brown-chested Martin,../../Datasets/BirdClef/features/Progne tapera_Brown-chested Martin/XC82336.npy,../../Datasets/BirdClef/audio/Progne tapera_Brown-chested Martin/XC82336.mp3
train,Progne tapera_Brown-chested Martin,../../Datasets/BirdClef/features/Progne tapera_Brown-chested Martin/XC495217.npy,../../Datasets/BirdClef/audio/Progne tapera_Brown-chested Martin/XC495217.mp3
train,Progne tapera_Brown-chested Martin,../../Datasets/BirdClef/features/Progne tapera_Brown-chested Martin/XC246903.npy,../../Datasets/BirdClef/audio/Progne tapera_Brown-chested Martin/XC246903.mp3
train,Prunella modularis_Dunnock,../../Datasets/BirdClef/features/Prunella modularis_Dunnock/XC345914.npy,../../Datasets/BirdClef/audio/Prunella modularis_Dunnock/XC345914.mp3
train,Prunella modularis_Dunnock,../../Datasets/BirdClef/features/Prunella modularis_Dunnock/XC27116.npy,../../Datasets/BirdClef/audio/Prunella modularis_Dunnock/XC27116.mp3
train,Prunella modularis_Dunnock,../../Datasets/BirdClef/features/Prunella modularis_Dunnock/XC379848.npy,../../Datasets/BirdClef/audio/Prunella modularis_Dunnock/XC379848.mp3
train,Prunella modularis_Dunnock,../../Datasets/BirdClef/features/Prunella modularis_Dunnock/XC363574.npy,../../Datasets/BirdClef/audio/Prunella modularis_Dunnock/XC363574.mp3
train,Prunella modularis_Dunnock,../../Datasets/BirdClef/features/Prunella modularis_Dunnock/XC358836.npy,../../Datasets/BirdClef/audio/Prunella modularis_Dunnock/XC358836.mp3
train,Psaltriparus minimus_Bushtit,../../Datasets/BirdClef/features/Psaltriparus minimus_Bushtit/XC307863.npy,../../Datasets/BirdClef/audio/Psaltriparus minimus_Bushtit/XC307863.mp3
train,Psaltriparus minimus_Bushtit,../../Datasets/BirdClef/features/Psaltriparus minimus_Bushtit/XC297540.npy,../../Datasets/BirdClef/audio/Psaltriparus minimus_Bushtit/XC297540.mp3
train,Psaltriparus minimus_Bushtit,../../Datasets/BirdClef/features/Psaltriparus minimus_Bushtit/XC131452.npy,../../Datasets/BirdClef/audio/Psaltriparus minimus_Bushtit/XC131452.mp3
train,Psaltriparus minimus_Bushtit,../../Datasets/BirdClef/features/Psaltriparus minimus_Bushtit/XC149399.npy,../../Datasets/BirdClef/audio/Psaltriparus minimus_Bushtit/XC149399.mp3
train,Psaltriparus minimus_Bushtit,../../Datasets/BirdClef/features/Psaltriparus minimus_Bushtit/XC266321.npy,../../Datasets/BirdClef/audio/Psaltriparus minimus_Bushtit/XC266321.mp3
train,Psarocolius angustifrons_Russet-backed Oropendola,../../Datasets/BirdClef/features/Psarocolius angustifrons_Russet-backed Oropendola/XC122305.npy,../../Datasets/BirdClef/audio/Psarocolius angustifrons_Russet-backed Oropendola/XC122305.mp3
train,Psarocolius angustifrons_Russet-backed Oropendola,../../Datasets/BirdClef/features/Psarocolius angustifrons_Russet-backed Oropendola/XC228628.npy,../../Datasets/BirdClef/audio/Psarocolius angustifrons_Russet-backed Oropendola/XC228628.mp3
train,Psarocolius angustifrons_Russet-backed Oropendola,../../Datasets/BirdClef/features/Psarocolius angustifrons_Russet-backed Oropendola/XC251417.npy,../../Datasets/BirdClef/audio/Psarocolius angustifrons_Russet-backed Oropendola/XC251417.mp3
train,Psarocolius angustifrons_Russet-backed Oropendola,../../Datasets/BirdClef/features/Psarocolius angustifrons_Russet-backed Oropendola/XC131775.npy,../../Datasets/BirdClef/audio/Psarocolius angustifrons_Russet-backed Oropendola/XC131775.mp3
train,Psarocolius angustifrons_Russet-backed Oropendola,../../Datasets/BirdClef/features/Psarocolius angustifrons_Russet-backed Oropendola/XC156314.npy,../../Datasets/BirdClef/audio/Psarocolius angustifrons_Russet-backed Oropendola/XC156314.mp3
train,Psarocolius bifasciatus_Olive Oropendola,../../Datasets/BirdClef/features/Psarocolius bifasciatus_Olive Oropendola/XC146525.npy,../../Datasets/BirdClef/audio/Psarocolius bifasciatus_Olive Oropendola/XC146525.mp3
train,Psarocolius bifasciatus_Olive Oropendola,../../Datasets/BirdClef/features/Psarocolius bifasciatus_Olive Oropendola/XC2847.npy,../../Datasets/BirdClef/audio/Psarocolius bifasciatus_Olive Oropendola/XC2847.mp3
train,Psarocolius bifasciatus_Olive Oropendola,../../Datasets/BirdClef/features/Psarocolius bifasciatus_Olive Oropendola/XC100706.npy,../../Datasets/BirdClef/audio/Psarocolius bifasciatus_Olive Oropendola/XC100706.mp3
train,Psarocolius bifasciatus_Olive Oropendola,../../Datasets/BirdClef/features/Psarocolius bifasciatus_Olive Oropendola/XC275164.npy,../../Datasets/BirdClef/audio/Psarocolius bifasciatus_Olive Oropendola/XC275164.mp3
train,Psarocolius bifasciatus_Olive Oropendola,../../Datasets/BirdClef/features/Psarocolius bifasciatus_Olive Oropendola/XC3009.npy,../../Datasets/BirdClef/audio/Psarocolius bifasciatus_Olive Oropendola/XC3009.mp3
train,Psarocolius decumanus_Crested Oropendola,../../Datasets/BirdClef/features/Psarocolius decumanus_Crested Oropendola/XC267908.npy,../../Datasets/BirdClef/audio/Psarocolius decumanus_Crested Oropendola/XC267908.mp3
train,Psarocolius decumanus_Crested Oropendola,../../Datasets/BirdClef/features/Psarocolius decumanus_Crested Oropendola/XC234315.npy,../../Datasets/BirdClef/audio/Psarocolius decumanus_Crested Oropendola/XC234315.mp3
train,Psarocolius decumanus_Crested Oropendola,../../Datasets/BirdClef/features/Psarocolius decumanus_Crested Oropendola/XC213316.npy,../../Datasets/BirdClef/audio/Psarocolius decumanus_Crested Oropendola/XC213316.mp3
train,Psarocolius decumanus_Crested Oropendola,../../Datasets/BirdClef/features/Psarocolius decumanus_Crested Oropendola/XC272785.npy,../../Datasets/BirdClef/audio/Psarocolius decumanus_Crested Oropendola/XC272785.mp3
train,Psarocolius decumanus_Crested Oropendola,../../Datasets/BirdClef/features/Psarocolius decumanus_Crested Oropendola/XC493446.npy,../../Datasets/BirdClef/audio/Psarocolius decumanus_Crested Oropendola/XC493446.mp3
train,Psittacara leucophthalmus_White-eyed Parakeet,../../Datasets/BirdClef/features/Psittacara leucophthalmus_White-eyed Parakeet/XC396177.npy,../../Datasets/BirdClef/audio/Psittacara leucophthalmus_White-eyed Parakeet/XC396177.mp3
train,Psittacara leucophthalmus_White-eyed Parakeet,../../Datasets/BirdClef/features/Psittacara leucophthalmus_White-eyed Parakeet/XC41974.npy,../../Datasets/BirdClef/audio/Psittacara leucophthalmus_White-eyed Parakeet/XC41974.mp3
train,Psittacara leucophthalmus_White-eyed Parakeet,../../Datasets/BirdClef/features/Psittacara leucophthalmus_White-eyed Parakeet/XC251429.npy,../../Datasets/BirdClef/audio/Psittacara leucophthalmus_White-eyed Parakeet/XC251429.mp3
train,Psittacara leucophthalmus_White-eyed Parakeet,../../Datasets/BirdClef/features/Psittacara leucophthalmus_White-eyed Parakeet/XC6576.npy,../../Datasets/BirdClef/audio/Psittacara leucophthalmus_White-eyed Parakeet/XC6576.mp3
train,Psittacara leucophthalmus_White-eyed Parakeet,../../Datasets/BirdClef/features/Psittacara leucophthalmus_White-eyed Parakeet/XC375108.npy,../../Datasets/BirdClef/audio/Psittacara leucophthalmus_White-eyed Parakeet/XC375108.mp3
train,Psittacula krameri_Rose-ringed Parakeet,../../Datasets/BirdClef/features/Psittacula krameri_Rose-ringed Parakeet/XC157418.npy,../../Datasets/BirdClef/audio/Psittacula krameri_Rose-ringed Parakeet/XC157418.mp3
train,Psittacula krameri_Rose-ringed Parakeet,../../Datasets/BirdClef/features/Psittacula krameri_Rose-ringed Parakeet/XC442500.npy,../../Datasets/BirdClef/audio/Psittacula krameri_Rose-ringed Parakeet/XC442500.mp3
train,Psittacula krameri_Rose-ringed Parakeet,../../Datasets/BirdClef/features/Psittacula krameri_Rose-ringed Parakeet/XC338695.npy,../../Datasets/BirdClef/audio/Psittacula krameri_Rose-ringed Parakeet/XC338695.mp3
train,Psittacula krameri_Rose-ringed Parakeet,../../Datasets/BirdClef/features/Psittacula krameri_Rose-ringed Parakeet/XC451915.npy,../../Datasets/BirdClef/audio/Psittacula krameri_Rose-ringed Parakeet/XC451915.mp3
train,Psittacula krameri_Rose-ringed Parakeet,../../Datasets/BirdClef/features/Psittacula krameri_Rose-ringed Parakeet/XC267025.npy,../../Datasets/BirdClef/audio/Psittacula krameri_Rose-ringed Parakeet/XC267025.mp3
train,Pteroglossus castanotis_Chestnut-eared Aracari,../../Datasets/BirdClef/features/Pteroglossus castanotis_Chestnut-eared Aracari/XC228719.npy,../../Datasets/BirdClef/audio/Pteroglossus castanotis_Chestnut-eared Aracari/XC228719.mp3
train,Pteroglossus castanotis_Chestnut-eared Aracari,../../Datasets/BirdClef/features/Pteroglossus castanotis_Chestnut-eared Aracari/XC63950.npy,../../Datasets/BirdClef/audio/Pteroglossus castanotis_Chestnut-eared Aracari/XC63950.mp3
train,Pteroglossus castanotis_Chestnut-eared Aracari,../../Datasets/BirdClef/features/Pteroglossus castanotis_Chestnut-eared Aracari/XC37956.npy,../../Datasets/BirdClef/audio/Pteroglossus castanotis_Chestnut-eared Aracari/XC37956.mp3
train,Pteroglossus castanotis_Chestnut-eared Aracari,../../Datasets/BirdClef/features/Pteroglossus castanotis_Chestnut-eared Aracari/XC228720.npy,../../Datasets/BirdClef/audio/Pteroglossus castanotis_Chestnut-eared Aracari/XC228720.mp3
train,Pteroglossus castanotis_Chestnut-eared Aracari,../../Datasets/BirdClef/features/Pteroglossus castanotis_Chestnut-eared Aracari/XC400328.npy,../../Datasets/BirdClef/audio/Pteroglossus castanotis_Chestnut-eared Aracari/XC400328.mp3
train,Pulsatrix perspicillata_Spectacled Owl,../../Datasets/BirdClef/features/Pulsatrix perspicillata_Spectacled Owl/XC107177.npy,../../Datasets/BirdClef/audio/Pulsatrix perspicillata_Spectacled Owl/XC107177.mp3
train,Pulsatrix perspicillata_Spectacled Owl,../../Datasets/BirdClef/features/Pulsatrix perspicillata_Spectacled Owl/XC170823.npy,../../Datasets/BirdClef/audio/Pulsatrix perspicillata_Spectacled Owl/XC170823.mp3
train,Pulsatrix perspicillata_Spectacled Owl,../../Datasets/BirdClef/features/Pulsatrix perspicillata_Spectacled Owl/XC129544.npy,../../Datasets/BirdClef/audio/Pulsatrix perspicillata_Spectacled Owl/XC129544.mp3
train,Pulsatrix perspicillata_Spectacled Owl,../../Datasets/BirdClef/features/Pulsatrix perspicillata_Spectacled Owl/XC326567.npy,../../Datasets/BirdClef/audio/Pulsatrix perspicillata_Spectacled Owl/XC326567.mp3
train,Pulsatrix perspicillata_Spectacled Owl,../../Datasets/BirdClef/features/Pulsatrix perspicillata_Spectacled Owl/XC261645.npy,../../Datasets/BirdClef/audio/Pulsatrix perspicillata_Spectacled Owl/XC261645.mp3
train,Pygiptila stellaris_Spot-winged Antshrike,../../Datasets/BirdClef/features/Pygiptila stellaris_Spot-winged Antshrike/XC228763.npy,../../Datasets/BirdClef/audio/Pygiptila stellaris_Spot-winged Antshrike/XC228763.mp3
train,Pygiptila stellaris_Spot-winged Antshrike,../../Datasets/BirdClef/features/Pygiptila stellaris_Spot-winged Antshrike/XC262920.npy,../../Datasets/BirdClef/audio/Pygiptila stellaris_Spot-winged Antshrike/XC262920.mp3
train,Pygiptila stellaris_Spot-winged Antshrike,../../Datasets/BirdClef/features/Pygiptila stellaris_Spot-winged Antshrike/XC423743.npy,../../Datasets/BirdClef/audio/Pygiptila stellaris_Spot-winged Antshrike/XC423743.mp3
train,Pygiptila stellaris_Spot-winged Antshrike,../../Datasets/BirdClef/features/Pygiptila stellaris_Spot-winged Antshrike/XC2684.npy,../../Datasets/BirdClef/audio/Pygiptila stellaris_Spot-winged Antshrike/XC2684.mp3
train,Pygiptila stellaris_Spot-winged Antshrike,../../Datasets/BirdClef/features/Pygiptila stellaris_Spot-winged Antshrike/XC405146.npy,../../Datasets/BirdClef/audio/Pygiptila stellaris_Spot-winged Antshrike/XC405146.mp3
train,Pygochelidon cyanoleuca_Blue-and-white Swallow,../../Datasets/BirdClef/features/Pygochelidon cyanoleuca_Blue-and-white Swallow/XC180553.npy,../../Datasets/BirdClef/audio/Pygochelidon cyanoleuca_Blue-and-white Swallow/XC180553.mp3
train,Pygochelidon cyanoleuca_Blue-and-white Swallow,../../Datasets/BirdClef/features/Pygochelidon cyanoleuca_Blue-and-white Swallow/XC82309.npy,../../Datasets/BirdClef/audio/Pygochelidon cyanoleuca_Blue-and-white Swallow/XC82309.mp3
train,Pygochelidon cyanoleuca_Blue-and-white Swallow,../../Datasets/BirdClef/features/Pygochelidon cyanoleuca_Blue-and-white Swallow/XC226715.npy,../../Datasets/BirdClef/audio/Pygochelidon cyanoleuca_Blue-and-white Swallow/XC226715.mp3
train,Pygochelidon cyanoleuca_Blue-and-white Swallow,../../Datasets/BirdClef/features/Pygochelidon cyanoleuca_Blue-and-white Swallow/XC236128.npy,../../Datasets/BirdClef/audio/Pygochelidon cyanoleuca_Blue-and-white Swallow/XC236128.mp3
train,Pygochelidon cyanoleuca_Blue-and-white Swallow,../../Datasets/BirdClef/features/Pygochelidon cyanoleuca_Blue-and-white Swallow/XC82307.npy,../../Datasets/BirdClef/audio/Pygochelidon cyanoleuca_Blue-and-white Swallow/XC82307.mp3
train,Pyrrhula pyrrhula_Eurasian Bullfinch,../../Datasets/BirdClef/features/Pyrrhula pyrrhula_Eurasian Bullfinch/XC109539.npy,../../Datasets/BirdClef/audio/Pyrrhula pyrrhula_Eurasian Bullfinch/XC109539.mp3
train,Pyrrhula pyrrhula_Eurasian Bullfinch,../../Datasets/BirdClef/features/Pyrrhula pyrrhula_Eurasian Bullfinch/XC205133.npy,../../Datasets/BirdClef/audio/Pyrrhula pyrrhula_Eurasian Bullfinch/XC205133.mp3
train,Pyrrhula pyrrhula_Eurasian Bullfinch,../../Datasets/BirdClef/features/Pyrrhula pyrrhula_Eurasian Bullfinch/XC35018.npy,../../Datasets/BirdClef/audio/Pyrrhula pyrrhula_Eurasian Bullfinch/XC35018.mp3
train,Pyrrhula pyrrhula_Eurasian Bullfinch,../../Datasets/BirdClef/features/Pyrrhula pyrrhula_Eurasian Bullfinch/XC401736.npy,../../Datasets/BirdClef/audio/Pyrrhula pyrrhula_Eurasian Bullfinch/XC401736.mp3
train,Pyrrhula pyrrhula_Eurasian Bullfinch,../../Datasets/BirdClef/features/Pyrrhula pyrrhula_Eurasian Bullfinch/XC207483.npy,../../Datasets/BirdClef/audio/Pyrrhula pyrrhula_Eurasian Bullfinch/XC207483.mp3
train,Querula purpurata_Purple-throated Fruitcrow,../../Datasets/BirdClef/features/Querula purpurata_Purple-throated Fruitcrow/XC358843.npy,../../Datasets/BirdClef/audio/Querula purpurata_Purple-throated Fruitcrow/XC358843.mp3
train,Querula purpurata_Purple-throated Fruitcrow,../../Datasets/BirdClef/features/Querula purpurata_Purple-throated Fruitcrow/XC10564.npy,../../Datasets/BirdClef/audio/Querula purpurata_Purple-throated Fruitcrow/XC10564.mp3
train,Querula purpurata_Purple-throated Fruitcrow,../../Datasets/BirdClef/features/Querula purpurata_Purple-throated Fruitcrow/XC454280.npy,../../Datasets/BirdClef/audio/Querula purpurata_Purple-throated Fruitcrow/XC454280.mp3
train,Querula purpurata_Purple-throated Fruitcrow,../../Datasets/BirdClef/features/Querula purpurata_Purple-throated Fruitcrow/XC262289.npy,../../Datasets/BirdClef/audio/Querula purpurata_Purple-throated Fruitcrow/XC262289.mp3
train,Querula purpurata_Purple-throated Fruitcrow,../../Datasets/BirdClef/features/Querula purpurata_Purple-throated Fruitcrow/XC118880.npy,../../Datasets/BirdClef/audio/Querula purpurata_Purple-throated Fruitcrow/XC118880.mp3
train,Quiscalus mexicanus_Great-tailed Grackle,../../Datasets/BirdClef/features/Quiscalus mexicanus_Great-tailed Grackle/XC260137.npy,../../Datasets/BirdClef/audio/Quiscalus mexicanus_Great-tailed Grackle/XC260137.mp3
train,Quiscalus mexicanus_Great-tailed Grackle,../../Datasets/BirdClef/features/Quiscalus mexicanus_Great-tailed Grackle/XC326491.npy,../../Datasets/BirdClef/audio/Quiscalus mexicanus_Great-tailed Grackle/XC326491.mp3
train,Quiscalus mexicanus_Great-tailed Grackle,../../Datasets/BirdClef/features/Quiscalus mexicanus_Great-tailed Grackle/XC265056.npy,../../Datasets/BirdClef/audio/Quiscalus mexicanus_Great-tailed Grackle/XC265056.mp3
train,Quiscalus mexicanus_Great-tailed Grackle,../../Datasets/BirdClef/features/Quiscalus mexicanus_Great-tailed Grackle/XC260025.npy,../../Datasets/BirdClef/audio/Quiscalus mexicanus_Great-tailed Grackle/XC260025.mp3
train,Quiscalus mexicanus_Great-tailed Grackle,../../Datasets/BirdClef/features/Quiscalus mexicanus_Great-tailed Grackle/XC56975.npy,../../Datasets/BirdClef/audio/Quiscalus mexicanus_Great-tailed Grackle/XC56975.mp3
train,Quiscalus quiscula_Common Grackle,../../Datasets/BirdClef/features/Quiscalus quiscula_Common Grackle/XC18481.npy,../../Datasets/BirdClef/audio/Quiscalus quiscula_Common Grackle/XC18481.mp3
train,Quiscalus quiscula_Common Grackle,../../Datasets/BirdClef/features/Quiscalus quiscula_Common Grackle/XC131090.npy,../../Datasets/BirdClef/audio/Quiscalus quiscula_Common Grackle/XC131090.mp3
train,Quiscalus quiscula_Common Grackle,../../Datasets/BirdClef/features/Quiscalus quiscula_Common Grackle/XC448750.npy,../../Datasets/BirdClef/audio/Quiscalus quiscula_Common Grackle/XC448750.mp3
train,Quiscalus quiscula_Common Grackle,../../Datasets/BirdClef/features/Quiscalus quiscula_Common Grackle/XC130706.npy,../../Datasets/BirdClef/audio/Quiscalus quiscula_Common Grackle/XC130706.mp3
train,Quiscalus quiscula_Common Grackle,../../Datasets/BirdClef/features/Quiscalus quiscula_Common Grackle/XC413722.npy,../../Datasets/BirdClef/audio/Quiscalus quiscula_Common Grackle/XC413722.mp3
train,Rallus aquaticus_Water Rail,../../Datasets/BirdClef/features/Rallus aquaticus_Water Rail/XC303648.npy,../../Datasets/BirdClef/audio/Rallus aquaticus_Water Rail/XC303648.mp3
train,Rallus aquaticus_Water Rail,../../Datasets/BirdClef/features/Rallus aquaticus_Water Rail/XC313400.npy,../../Datasets/BirdClef/audio/Rallus aquaticus_Water Rail/XC313400.mp3
train,Rallus aquaticus_Water Rail,../../Datasets/BirdClef/features/Rallus aquaticus_Water Rail/XC150563.npy,../../Datasets/BirdClef/audio/Rallus aquaticus_Water Rail/XC150563.mp3
train,Rallus aquaticus_Water Rail,../../Datasets/BirdClef/features/Rallus aquaticus_Water Rail/XC358640.npy,../../Datasets/BirdClef/audio/Rallus aquaticus_Water Rail/XC358640.mp3
train,Rallus aquaticus_Water Rail,../../Datasets/BirdClef/features/Rallus aquaticus_Water Rail/XC102766.npy,../../Datasets/BirdClef/audio/Rallus aquaticus_Water Rail/XC102766.mp3
train,Ramphastos tucanus_White-throated Toucan,../../Datasets/BirdClef/features/Ramphastos tucanus_White-throated Toucan/XC388824.npy,../../Datasets/BirdClef/audio/Ramphastos tucanus_White-throated Toucan/XC388824.mp3
train,Ramphastos tucanus_White-throated Toucan,../../Datasets/BirdClef/features/Ramphastos tucanus_White-throated Toucan/XC11401.npy,../../Datasets/BirdClef/audio/Ramphastos tucanus_White-throated Toucan/XC11401.mp3
train,Ramphastos tucanus_White-throated Toucan,../../Datasets/BirdClef/features/Ramphastos tucanus_White-throated Toucan/XC272374.npy,../../Datasets/BirdClef/audio/Ramphastos tucanus_White-throated Toucan/XC272374.mp3
train,Ramphastos tucanus_White-throated Toucan,../../Datasets/BirdClef/features/Ramphastos tucanus_White-throated Toucan/XC177628.npy,../../Datasets/BirdClef/audio/Ramphastos tucanus_White-throated Toucan/XC177628.mp3
train,Ramphastos tucanus_White-throated Toucan,../../Datasets/BirdClef/features/Ramphastos tucanus_White-throated Toucan/XC117383.npy,../../Datasets/BirdClef/audio/Ramphastos tucanus_White-throated Toucan/XC117383.mp3
train,Ramphastos vitellinus_Channel-billed Toucan,../../Datasets/BirdClef/features/Ramphastos vitellinus_Channel-billed Toucan/XC117432.npy,../../Datasets/BirdClef/audio/Ramphastos vitellinus_Channel-billed Toucan/XC117432.mp3
train,Ramphastos vitellinus_Channel-billed Toucan,../../Datasets/BirdClef/features/Ramphastos vitellinus_Channel-billed Toucan/XC117350.npy,../../Datasets/BirdClef/audio/Ramphastos vitellinus_Channel-billed Toucan/XC117350.mp3
train,Ramphastos vitellinus_Channel-billed Toucan,../../Datasets/BirdClef/features/Ramphastos vitellinus_Channel-billed Toucan/XC228944.npy,../../Datasets/BirdClef/audio/Ramphastos vitellinus_Channel-billed Toucan/XC228944.mp3
train,Ramphastos vitellinus_Channel-billed Toucan,../../Datasets/BirdClef/features/Ramphastos vitellinus_Channel-billed Toucan/XC87319.npy,../../Datasets/BirdClef/audio/Ramphastos vitellinus_Channel-billed Toucan/XC87319.mp3
train,Ramphastos vitellinus_Channel-billed Toucan,../../Datasets/BirdClef/features/Ramphastos vitellinus_Channel-billed Toucan/XC288555.npy,../../Datasets/BirdClef/audio/Ramphastos vitellinus_Channel-billed Toucan/XC288555.mp3
train,Ramphocelus carbo_Silver-beaked Tanager,../../Datasets/BirdClef/features/Ramphocelus carbo_Silver-beaked Tanager/XC244909.npy,../../Datasets/BirdClef/audio/Ramphocelus carbo_Silver-beaked Tanager/XC244909.mp3
train,Ramphocelus carbo_Silver-beaked Tanager,../../Datasets/BirdClef/features/Ramphocelus carbo_Silver-beaked Tanager/XC428452.npy,../../Datasets/BirdClef/audio/Ramphocelus carbo_Silver-beaked Tanager/XC428452.mp3
train,Ramphocelus carbo_Silver-beaked Tanager,../../Datasets/BirdClef/features/Ramphocelus carbo_Silver-beaked Tanager/XC228986.npy,../../Datasets/BirdClef/audio/Ramphocelus carbo_Silver-beaked Tanager/XC228986.mp3
train,Ramphocelus carbo_Silver-beaked Tanager,../../Datasets/BirdClef/features/Ramphocelus carbo_Silver-beaked Tanager/XC469178.npy,../../Datasets/BirdClef/audio/Ramphocelus carbo_Silver-beaked Tanager/XC469178.mp3
train,Ramphocelus carbo_Silver-beaked Tanager,../../Datasets/BirdClef/features/Ramphocelus carbo_Silver-beaked Tanager/XC272052.npy,../../Datasets/BirdClef/audio/Ramphocelus carbo_Silver-beaked Tanager/XC272052.mp3
train,Ramphotrigon fuscicauda_Dusky-tailed Flatbill,../../Datasets/BirdClef/features/Ramphotrigon fuscicauda_Dusky-tailed Flatbill/XC39126.npy,../../Datasets/BirdClef/audio/Ramphotrigon fuscicauda_Dusky-tailed Flatbill/XC39126.mp3
train,Ramphotrigon fuscicauda_Dusky-tailed Flatbill,../../Datasets/BirdClef/features/Ramphotrigon fuscicauda_Dusky-tailed Flatbill/XC60.npy,../../Datasets/BirdClef/audio/Ramphotrigon fuscicauda_Dusky-tailed Flatbill/XC60.mp3
train,Ramphotrigon fuscicauda_Dusky-tailed Flatbill,../../Datasets/BirdClef/features/Ramphotrigon fuscicauda_Dusky-tailed Flatbill/XC258809.npy,../../Datasets/BirdClef/audio/Ramphotrigon fuscicauda_Dusky-tailed Flatbill/XC258809.mp3
train,Ramphotrigon fuscicauda_Dusky-tailed Flatbill,../../Datasets/BirdClef/features/Ramphotrigon fuscicauda_Dusky-tailed Flatbill/XC63980.npy,../../Datasets/BirdClef/audio/Ramphotrigon fuscicauda_Dusky-tailed Flatbill/XC63980.mp3
train,Ramphotrigon fuscicauda_Dusky-tailed Flatbill,../../Datasets/BirdClef/features/Ramphotrigon fuscicauda_Dusky-tailed Flatbill/XC63979.npy,../../Datasets/BirdClef/audio/Ramphotrigon fuscicauda_Dusky-tailed Flatbill/XC63979.mp3
train,Ramphotrigon megacephalum_Large-headed Flatbill,../../Datasets/BirdClef/features/Ramphotrigon megacephalum_Large-headed Flatbill/XC37962.npy,../../Datasets/BirdClef/audio/Ramphotrigon megacephalum_Large-headed Flatbill/XC37962.mp3
train,Ramphotrigon megacephalum_Large-headed Flatbill,../../Datasets/BirdClef/features/Ramphotrigon megacephalum_Large-headed Flatbill/XC62319.npy,../../Datasets/BirdClef/audio/Ramphotrigon megacephalum_Large-headed Flatbill/XC62319.mp3
train,Ramphotrigon megacephalum_Large-headed Flatbill,../../Datasets/BirdClef/features/Ramphotrigon megacephalum_Large-headed Flatbill/XC430278.npy,../../Datasets/BirdClef/audio/Ramphotrigon megacephalum_Large-headed Flatbill/XC430278.mp3
train,Ramphotrigon megacephalum_Large-headed Flatbill,../../Datasets/BirdClef/features/Ramphotrigon megacephalum_Large-headed Flatbill/XC129867.npy,../../Datasets/BirdClef/audio/Ramphotrigon megacephalum_Large-headed Flatbill/XC129867.mp3
train,Ramphotrigon megacephalum_Large-headed Flatbill,../../Datasets/BirdClef/features/Ramphotrigon megacephalum_Large-headed Flatbill/XC41916.npy,../../Datasets/BirdClef/audio/Ramphotrigon megacephalum_Large-headed Flatbill/XC41916.mp3
train,Ramphotrigon ruficauda_Rufous-tailed Flatbill,../../Datasets/BirdClef/features/Ramphotrigon ruficauda_Rufous-tailed Flatbill/XC76058.npy,../../Datasets/BirdClef/audio/Ramphotrigon ruficauda_Rufous-tailed Flatbill/XC76058.mp3
train,Ramphotrigon ruficauda_Rufous-tailed Flatbill,../../Datasets/BirdClef/features/Ramphotrigon ruficauda_Rufous-tailed Flatbill/XC88595.npy,../../Datasets/BirdClef/audio/Ramphotrigon ruficauda_Rufous-tailed Flatbill/XC88595.mp3
train,Ramphotrigon ruficauda_Rufous-tailed Flatbill,../../Datasets/BirdClef/features/Ramphotrigon ruficauda_Rufous-tailed Flatbill/XC482110.npy,../../Datasets/BirdClef/audio/Ramphotrigon ruficauda_Rufous-tailed Flatbill/XC482110.mp3
train,Ramphotrigon ruficauda_Rufous-tailed Flatbill,../../Datasets/BirdClef/features/Ramphotrigon ruficauda_Rufous-tailed Flatbill/XC387376.npy,../../Datasets/BirdClef/audio/Ramphotrigon ruficauda_Rufous-tailed Flatbill/XC387376.mp3
train,Ramphotrigon ruficauda_Rufous-tailed Flatbill,../../Datasets/BirdClef/features/Ramphotrigon ruficauda_Rufous-tailed Flatbill/XC206218.npy,../../Datasets/BirdClef/audio/Ramphotrigon ruficauda_Rufous-tailed Flatbill/XC206218.mp3
train,Recurvirostra americana_American Avocet,../../Datasets/BirdClef/features/Recurvirostra americana_American Avocet/XC160643.npy,../../Datasets/BirdClef/audio/Recurvirostra americana_American Avocet/XC160643.mp3
train,Recurvirostra americana_American Avocet,../../Datasets/BirdClef/features/Recurvirostra americana_American Avocet/XC158641.npy,../../Datasets/BirdClef/audio/Recurvirostra americana_American Avocet/XC158641.mp3
train,Recurvirostra americana_American Avocet,../../Datasets/BirdClef/features/Recurvirostra americana_American Avocet/XC408634.npy,../../Datasets/BirdClef/audio/Recurvirostra americana_American Avocet/XC408634.mp3
train,Recurvirostra americana_American Avocet,../../Datasets/BirdClef/features/Recurvirostra americana_American Avocet/XC324577.npy,../../Datasets/BirdClef/audio/Recurvirostra americana_American Avocet/XC324577.mp3
train,Recurvirostra americana_American Avocet,../../Datasets/BirdClef/features/Recurvirostra americana_American Avocet/XC304674.npy,../../Datasets/BirdClef/audio/Recurvirostra americana_American Avocet/XC304674.mp3
train,Regulus calendula_Ruby-crowned Kinglet,../../Datasets/BirdClef/features/Regulus calendula_Ruby-crowned Kinglet/XC185177.npy,../../Datasets/BirdClef/audio/Regulus calendula_Ruby-crowned Kinglet/XC185177.mp3
train,Regulus calendula_Ruby-crowned Kinglet,../../Datasets/BirdClef/features/Regulus calendula_Ruby-crowned Kinglet/XC159644.npy,../../Datasets/BirdClef/audio/Regulus calendula_Ruby-crowned Kinglet/XC159644.mp3
train,Regulus calendula_Ruby-crowned Kinglet,../../Datasets/BirdClef/features/Regulus calendula_Ruby-crowned Kinglet/XC104779.npy,../../Datasets/BirdClef/audio/Regulus calendula_Ruby-crowned Kinglet/XC104779.mp3
train,Regulus calendula_Ruby-crowned Kinglet,../../Datasets/BirdClef/features/Regulus calendula_Ruby-crowned Kinglet/XC229050.npy,../../Datasets/BirdClef/audio/Regulus calendula_Ruby-crowned Kinglet/XC229050.mp3
train,Regulus calendula_Ruby-crowned Kinglet,../../Datasets/BirdClef/features/Regulus calendula_Ruby-crowned Kinglet/XC160389.npy,../../Datasets/BirdClef/audio/Regulus calendula_Ruby-crowned Kinglet/XC160389.mp3
train,Regulus ignicapilla_Common Firecrest,../../Datasets/BirdClef/features/Regulus ignicapilla_Common Firecrest/XC42179.npy,../../Datasets/BirdClef/audio/Regulus ignicapilla_Common Firecrest/XC42179.mp3
train,Regulus ignicapilla_Common Firecrest,../../Datasets/BirdClef/features/Regulus ignicapilla_Common Firecrest/XC407213.npy,../../Datasets/BirdClef/audio/Regulus ignicapilla_Common Firecrest/XC407213.mp3
train,Regulus ignicapilla_Common Firecrest,../../Datasets/BirdClef/features/Regulus ignicapilla_Common Firecrest/XC300963.npy,../../Datasets/BirdClef/audio/Regulus ignicapilla_Common Firecrest/XC300963.mp3
train,Regulus ignicapilla_Common Firecrest,../../Datasets/BirdClef/features/Regulus ignicapilla_Common Firecrest/XC438393.npy,../../Datasets/BirdClef/audio/Regulus ignicapilla_Common Firecrest/XC438393.mp3
train,Regulus ignicapilla_Common Firecrest,../../Datasets/BirdClef/features/Regulus ignicapilla_Common Firecrest/XC462723.npy,../../Datasets/BirdClef/audio/Regulus ignicapilla_Common Firecrest/XC462723.mp3
train,Regulus regulus_Goldcrest,../../Datasets/BirdClef/features/Regulus regulus_Goldcrest/XC216365.npy,../../Datasets/BirdClef/audio/Regulus regulus_Goldcrest/XC216365.mp3
train,Regulus regulus_Goldcrest,../../Datasets/BirdClef/features/Regulus regulus_Goldcrest/XC277328.npy,../../Datasets/BirdClef/audio/Regulus regulus_Goldcrest/XC277328.mp3
train,Regulus regulus_Goldcrest,../../Datasets/BirdClef/features/Regulus regulus_Goldcrest/XC236469.npy,../../Datasets/BirdClef/audio/Regulus regulus_Goldcrest/XC236469.mp3
train,Regulus regulus_Goldcrest,../../Datasets/BirdClef/features/Regulus regulus_Goldcrest/XC122556.npy,../../Datasets/BirdClef/audio/Regulus regulus_Goldcrest/XC122556.mp3
train,Regulus regulus_Goldcrest,../../Datasets/BirdClef/features/Regulus regulus_Goldcrest/XC355317.npy,../../Datasets/BirdClef/audio/Regulus regulus_Goldcrest/XC355317.mp3
train,Regulus satrapa_Golden-crowned Kinglet,../../Datasets/BirdClef/features/Regulus satrapa_Golden-crowned Kinglet/XC104683.npy,../../Datasets/BirdClef/audio/Regulus satrapa_Golden-crowned Kinglet/XC104683.mp3
train,Regulus satrapa_Golden-crowned Kinglet,../../Datasets/BirdClef/features/Regulus satrapa_Golden-crowned Kinglet/XC159896.npy,../../Datasets/BirdClef/audio/Regulus satrapa_Golden-crowned Kinglet/XC159896.mp3
train,Regulus satrapa_Golden-crowned Kinglet,../../Datasets/BirdClef/features/Regulus satrapa_Golden-crowned Kinglet/XC351794.npy,../../Datasets/BirdClef/audio/Regulus satrapa_Golden-crowned Kinglet/XC351794.mp3
train,Regulus satrapa_Golden-crowned Kinglet,../../Datasets/BirdClef/features/Regulus satrapa_Golden-crowned Kinglet/XC1216.npy,../../Datasets/BirdClef/audio/Regulus satrapa_Golden-crowned Kinglet/XC1216.mp3
train,Regulus satrapa_Golden-crowned Kinglet,../../Datasets/BirdClef/features/Regulus satrapa_Golden-crowned Kinglet/XC419367.npy,../../Datasets/BirdClef/audio/Regulus satrapa_Golden-crowned Kinglet/XC419367.mp3
train,Rhegmatorhina melanosticta_Hairy-crested Antbird,../../Datasets/BirdClef/features/Rhegmatorhina melanosticta_Hairy-crested Antbird/XC13468.npy,../../Datasets/BirdClef/audio/Rhegmatorhina melanosticta_Hairy-crested Antbird/XC13468.mp3
train,Rhegmatorhina melanosticta_Hairy-crested Antbird,../../Datasets/BirdClef/features/Rhegmatorhina melanosticta_Hairy-crested Antbird/XC229068.npy,../../Datasets/BirdClef/audio/Rhegmatorhina melanosticta_Hairy-crested Antbird/XC229068.mp3
train,Rhegmatorhina melanosticta_Hairy-crested Antbird,../../Datasets/BirdClef/features/Rhegmatorhina melanosticta_Hairy-crested Antbird/XC37373.npy,../../Datasets/BirdClef/audio/Rhegmatorhina melanosticta_Hairy-crested Antbird/XC37373.mp3
train,Rhegmatorhina melanosticta_Hairy-crested Antbird,../../Datasets/BirdClef/features/Rhegmatorhina melanosticta_Hairy-crested Antbird/XC14554.npy,../../Datasets/BirdClef/audio/Rhegmatorhina melanosticta_Hairy-crested Antbird/XC14554.mp3
train,Rhegmatorhina melanosticta_Hairy-crested Antbird,../../Datasets/BirdClef/features/Rhegmatorhina melanosticta_Hairy-crested Antbird/XC64007.npy,../../Datasets/BirdClef/audio/Rhegmatorhina melanosticta_Hairy-crested Antbird/XC64007.mp3
train,Rhynchocyclus olivaceus_Olivaceous Flatbill,../../Datasets/BirdClef/features/Rhynchocyclus olivaceus_Olivaceous Flatbill/XC81493.npy,../../Datasets/BirdClef/audio/Rhynchocyclus olivaceus_Olivaceous Flatbill/XC81493.mp3
train,Rhynchocyclus olivaceus_Olivaceous Flatbill,../../Datasets/BirdClef/features/Rhynchocyclus olivaceus_Olivaceous Flatbill/XC452946.npy,../../Datasets/BirdClef/audio/Rhynchocyclus olivaceus_Olivaceous Flatbill/XC452946.mp3
train,Rhynchocyclus olivaceus_Olivaceous Flatbill,../../Datasets/BirdClef/features/Rhynchocyclus olivaceus_Olivaceous Flatbill/XC454079.npy,../../Datasets/BirdClef/audio/Rhynchocyclus olivaceus_Olivaceous Flatbill/XC454079.mp3
train,Rhynchocyclus olivaceus_Olivaceous Flatbill,../../Datasets/BirdClef/features/Rhynchocyclus olivaceus_Olivaceous Flatbill/XC361086.npy,../../Datasets/BirdClef/audio/Rhynchocyclus olivaceus_Olivaceous Flatbill/XC361086.mp3
train,Rhynchocyclus olivaceus_Olivaceous Flatbill,../../Datasets/BirdClef/features/Rhynchocyclus olivaceus_Olivaceous Flatbill/XC480039.npy,../../Datasets/BirdClef/audio/Rhynchocyclus olivaceus_Olivaceous Flatbill/XC480039.mp3
train,Rhytipterna simplex_Grayish Mourner,../../Datasets/BirdClef/features/Rhytipterna simplex_Grayish Mourner/XC270932.npy,../../Datasets/BirdClef/audio/Rhytipterna simplex_Grayish Mourner/XC270932.mp3
train,Rhytipterna simplex_Grayish Mourner,../../Datasets/BirdClef/features/Rhytipterna simplex_Grayish Mourner/XC358588.npy,../../Datasets/BirdClef/audio/Rhytipterna simplex_Grayish Mourner/XC358588.mp3
train,Rhytipterna simplex_Grayish Mourner,../../Datasets/BirdClef/features/Rhytipterna simplex_Grayish Mourner/XC123254.npy,../../Datasets/BirdClef/audio/Rhytipterna simplex_Grayish Mourner/XC123254.mp3
train,Rhytipterna simplex_Grayish Mourner,../../Datasets/BirdClef/features/Rhytipterna simplex_Grayish Mourner/XC82397.npy,../../Datasets/BirdClef/audio/Rhytipterna simplex_Grayish Mourner/XC82397.mp3
train,Rhytipterna simplex_Grayish Mourner,../../Datasets/BirdClef/features/Rhytipterna simplex_Grayish Mourner/XC2698.npy,../../Datasets/BirdClef/audio/Rhytipterna simplex_Grayish Mourner/XC2698.mp3
train,Riparia riparia_Bank Swallow,../../Datasets/BirdClef/features/Riparia riparia_Bank Swallow/XC279018.npy,../../Datasets/BirdClef/audio/Riparia riparia_Bank Swallow/XC279018.mp3
train,Riparia riparia_Bank Swallow,../../Datasets/BirdClef/features/Riparia riparia_Bank Swallow/XC160657.npy,../../Datasets/BirdClef/audio/Riparia riparia_Bank Swallow/XC160657.mp3
train,Riparia riparia_Bank Swallow,../../Datasets/BirdClef/features/Riparia riparia_Bank Swallow/XC377394.npy,../../Datasets/BirdClef/audio/Riparia riparia_Bank Swallow/XC377394.mp3
train,Riparia riparia_Bank Swallow,../../Datasets/BirdClef/features/Riparia riparia_Bank Swallow/XC123945.npy,../../Datasets/BirdClef/audio/Riparia riparia_Bank Swallow/XC123945.mp3
train,Riparia riparia_Bank Swallow,../../Datasets/BirdClef/features/Riparia riparia_Bank Swallow/XC344093.npy,../../Datasets/BirdClef/audio/Riparia riparia_Bank Swallow/XC344093.mp3
train,Rostrhamus sociabilis_Snail Kite,../../Datasets/BirdClef/features/Rostrhamus sociabilis_Snail Kite/XC381807.npy,../../Datasets/BirdClef/audio/Rostrhamus sociabilis_Snail Kite/XC381807.mp3
train,Rostrhamus sociabilis_Snail Kite,../../Datasets/BirdClef/features/Rostrhamus sociabilis_Snail Kite/XC461418.npy,../../Datasets/BirdClef/audio/Rostrhamus sociabilis_Snail Kite/XC461418.mp3
train,Rostrhamus sociabilis_Snail Kite,../../Datasets/BirdClef/features/Rostrhamus sociabilis_Snail Kite/XC96373.npy,../../Datasets/BirdClef/audio/Rostrhamus sociabilis_Snail Kite/XC96373.mp3
train,Rostrhamus sociabilis_Snail Kite,../../Datasets/BirdClef/features/Rostrhamus sociabilis_Snail Kite/XC357400.npy,../../Datasets/BirdClef/audio/Rostrhamus sociabilis_Snail Kite/XC357400.mp3
train,Rostrhamus sociabilis_Snail Kite,../../Datasets/BirdClef/features/Rostrhamus sociabilis_Snail Kite/XC50300.npy,../../Datasets/BirdClef/audio/Rostrhamus sociabilis_Snail Kite/XC50300.mp3
train,Rupornis magnirostris_Roadside Hawk,../../Datasets/BirdClef/features/Rupornis magnirostris_Roadside Hawk/XC42150.npy,../../Datasets/BirdClef/audio/Rupornis magnirostris_Roadside Hawk/XC42150.mp3
train,Rupornis magnirostris_Roadside Hawk,../../Datasets/BirdClef/features/Rupornis magnirostris_Roadside Hawk/XC219861.npy,../../Datasets/BirdClef/audio/Rupornis magnirostris_Roadside Hawk/XC219861.mp3
train,Rupornis magnirostris_Roadside Hawk,../../Datasets/BirdClef/features/Rupornis magnirostris_Roadside Hawk/XC219855.npy,../../Datasets/BirdClef/audio/Rupornis magnirostris_Roadside Hawk/XC219855.mp3
train,Rupornis magnirostris_Roadside Hawk,../../Datasets/BirdClef/features/Rupornis magnirostris_Roadside Hawk/XC324970.npy,../../Datasets/BirdClef/audio/Rupornis magnirostris_Roadside Hawk/XC324970.mp3
train,Rupornis magnirostris_Roadside Hawk,../../Datasets/BirdClef/features/Rupornis magnirostris_Roadside Hawk/XC174808.npy,../../Datasets/BirdClef/audio/Rupornis magnirostris_Roadside Hawk/XC174808.mp3
train,Rynchops niger_Black Skimmer,../../Datasets/BirdClef/features/Rynchops niger_Black Skimmer/XC169140.npy,../../Datasets/BirdClef/audio/Rynchops niger_Black Skimmer/XC169140.mp3
train,Rynchops niger_Black Skimmer,../../Datasets/BirdClef/features/Rynchops niger_Black Skimmer/XC47268.npy,../../Datasets/BirdClef/audio/Rynchops niger_Black Skimmer/XC47268.mp3
train,Rynchops niger_Black Skimmer,../../Datasets/BirdClef/features/Rynchops niger_Black Skimmer/XC453513.npy,../../Datasets/BirdClef/audio/Rynchops niger_Black Skimmer/XC453513.mp3
train,Rynchops niger_Black Skimmer,../../Datasets/BirdClef/features/Rynchops niger_Black Skimmer/XC191776.npy,../../Datasets/BirdClef/audio/Rynchops niger_Black Skimmer/XC191776.mp3
train,Rynchops niger_Black Skimmer,../../Datasets/BirdClef/features/Rynchops niger_Black Skimmer/XC174471.npy,../../Datasets/BirdClef/audio/Rynchops niger_Black Skimmer/XC174471.mp3
train,Salpinctes obsoletus_Rock Wren,../../Datasets/BirdClef/features/Salpinctes obsoletus_Rock Wren/XC196938.npy,../../Datasets/BirdClef/audio/Salpinctes obsoletus_Rock Wren/XC196938.mp3
train,Salpinctes obsoletus_Rock Wren,../../Datasets/BirdClef/features/Salpinctes obsoletus_Rock Wren/XC247515.npy,../../Datasets/BirdClef/audio/Salpinctes obsoletus_Rock Wren/XC247515.mp3
train,Salpinctes obsoletus_Rock Wren,../../Datasets/BirdClef/features/Salpinctes obsoletus_Rock Wren/XC104640.npy,../../Datasets/BirdClef/audio/Salpinctes obsoletus_Rock Wren/XC104640.mp3
train,Salpinctes obsoletus_Rock Wren,../../Datasets/BirdClef/features/Salpinctes obsoletus_Rock Wren/XC21743.npy,../../Datasets/BirdClef/audio/Salpinctes obsoletus_Rock Wren/XC21743.mp3
train,Salpinctes obsoletus_Rock Wren,../../Datasets/BirdClef/features/Salpinctes obsoletus_Rock Wren/XC21742.npy,../../Datasets/BirdClef/audio/Salpinctes obsoletus_Rock Wren/XC21742.mp3
train,Saltator coerulescens_Grayish Saltator,../../Datasets/BirdClef/features/Saltator coerulescens_Grayish Saltator/XC461426.npy,../../Datasets/BirdClef/audio/Saltator coerulescens_Grayish Saltator/XC461426.mp3
train,Saltator coerulescens_Grayish Saltator,../../Datasets/BirdClef/features/Saltator coerulescens_Grayish Saltator/XC229224.npy,../../Datasets/BirdClef/audio/Saltator coerulescens_Grayish Saltator/XC229224.mp3
train,Saltator coerulescens_Grayish Saltator,../../Datasets/BirdClef/features/Saltator coerulescens_Grayish Saltator/XC47077.npy,../../Datasets/BirdClef/audio/Saltator coerulescens_Grayish Saltator/XC47077.mp3
train,Saltator coerulescens_Grayish Saltator,../../Datasets/BirdClef/features/Saltator coerulescens_Grayish Saltator/XC184576.npy,../../Datasets/BirdClef/audio/Saltator coerulescens_Grayish Saltator/XC184576.mp3
train,Saltator coerulescens_Grayish Saltator,../../Datasets/BirdClef/features/Saltator coerulescens_Grayish Saltator/XC180452.npy,../../Datasets/BirdClef/audio/Saltator coerulescens_Grayish Saltator/XC180452.mp3
train,Saltator grossus_Slate-colored Grosbeak,../../Datasets/BirdClef/features/Saltator grossus_Slate-colored Grosbeak/XC214635.npy,../../Datasets/BirdClef/audio/Saltator grossus_Slate-colored Grosbeak/XC214635.mp3
train,Saltator grossus_Slate-colored Grosbeak,../../Datasets/BirdClef/features/Saltator grossus_Slate-colored Grosbeak/XC171102.npy,../../Datasets/BirdClef/audio/Saltator grossus_Slate-colored Grosbeak/XC171102.mp3
train,Saltator grossus_Slate-colored Grosbeak,../../Datasets/BirdClef/features/Saltator grossus_Slate-colored Grosbeak/XC272144.npy,../../Datasets/BirdClef/audio/Saltator grossus_Slate-colored Grosbeak/XC272144.mp3
train,Saltator grossus_Slate-colored Grosbeak,../../Datasets/BirdClef/features/Saltator grossus_Slate-colored Grosbeak/XC3147.npy,../../Datasets/BirdClef/audio/Saltator grossus_Slate-colored Grosbeak/XC3147.mp3
train,Saltator grossus_Slate-colored Grosbeak,../../Datasets/BirdClef/features/Saltator grossus_Slate-colored Grosbeak/XC86513.npy,../../Datasets/BirdClef/audio/Saltator grossus_Slate-colored Grosbeak/XC86513.mp3
train,Saltator maximus_Buff-throated Saltator,../../Datasets/BirdClef/features/Saltator maximus_Buff-throated Saltator/XC371720.npy,../../Datasets/BirdClef/audio/Saltator maximus_Buff-throated Saltator/XC371720.mp3
train,Saltator maximus_Buff-throated Saltator,../../Datasets/BirdClef/features/Saltator maximus_Buff-throated Saltator/XC127505.npy,../../Datasets/BirdClef/audio/Saltator maximus_Buff-throated Saltator/XC127505.mp3
train,Saltator maximus_Buff-throated Saltator,../../Datasets/BirdClef/features/Saltator maximus_Buff-throated Saltator/XC422374.npy,../../Datasets/BirdClef/audio/Saltator maximus_Buff-throated Saltator/XC422374.mp3
train,Saltator maximus_Buff-throated Saltator,../../Datasets/BirdClef/features/Saltator maximus_Buff-throated Saltator/XC23744.npy,../../Datasets/BirdClef/audio/Saltator maximus_Buff-throated Saltator/XC23744.mp3
train,Saltator maximus_Buff-throated Saltator,../../Datasets/BirdClef/features/Saltator maximus_Buff-throated Saltator/XC214115.npy,../../Datasets/BirdClef/audio/Saltator maximus_Buff-throated Saltator/XC214115.mp3
train,Saxicola rubicola_European Stonechat,../../Datasets/BirdClef/features/Saxicola rubicola_European Stonechat/XC99734.npy,../../Datasets/BirdClef/audio/Saxicola rubicola_European Stonechat/XC99734.mp3
train,Saxicola rubicola_European Stonechat,../../Datasets/BirdClef/features/Saxicola rubicola_European Stonechat/XC467892.npy,../../Datasets/BirdClef/audio/Saxicola rubicola_European Stonechat/XC467892.mp3
train,Saxicola rubicola_European Stonechat,../../Datasets/BirdClef/features/Saxicola rubicola_European Stonechat/XC388805.npy,../../Datasets/BirdClef/audio/Saxicola rubicola_European Stonechat/XC388805.mp3
train,Saxicola rubicola_European Stonechat,../../Datasets/BirdClef/features/Saxicola rubicola_European Stonechat/XC346457.npy,../../Datasets/BirdClef/audio/Saxicola rubicola_European Stonechat/XC346457.mp3
train,Saxicola rubicola_European Stonechat,../../Datasets/BirdClef/features/Saxicola rubicola_European Stonechat/XC422331.npy,../../Datasets/BirdClef/audio/Saxicola rubicola_European Stonechat/XC422331.mp3
train,Sayornis nigricans_Black Phoebe,../../Datasets/BirdClef/features/Sayornis nigricans_Black Phoebe/XC124438.npy,../../Datasets/BirdClef/audio/Sayornis nigricans_Black Phoebe/XC124438.mp3
train,Sayornis nigricans_Black Phoebe,../../Datasets/BirdClef/features/Sayornis nigricans_Black Phoebe/XC229313.npy,../../Datasets/BirdClef/audio/Sayornis nigricans_Black Phoebe/XC229313.mp3
train,Sayornis nigricans_Black Phoebe,../../Datasets/BirdClef/features/Sayornis nigricans_Black Phoebe/XC198768.npy,../../Datasets/BirdClef/audio/Sayornis nigricans_Black Phoebe/XC198768.mp3
train,Sayornis nigricans_Black Phoebe,../../Datasets/BirdClef/features/Sayornis nigricans_Black Phoebe/XC368494.npy,../../Datasets/BirdClef/audio/Sayornis nigricans_Black Phoebe/XC368494.mp3
train,Sayornis nigricans_Black Phoebe,../../Datasets/BirdClef/features/Sayornis nigricans_Black Phoebe/XC61744.npy,../../Datasets/BirdClef/audio/Sayornis nigricans_Black Phoebe/XC61744.mp3
train,Sayornis phoebe_Eastern Phoebe,../../Datasets/BirdClef/features/Sayornis phoebe_Eastern Phoebe/XC370485.npy,../../Datasets/BirdClef/audio/Sayornis phoebe_Eastern Phoebe/XC370485.mp3
train,Sayornis phoebe_Eastern Phoebe,../../Datasets/BirdClef/features/Sayornis phoebe_Eastern Phoebe/XC176000.npy,../../Datasets/BirdClef/audio/Sayornis phoebe_Eastern Phoebe/XC176000.mp3
train,Sayornis phoebe_Eastern Phoebe,../../Datasets/BirdClef/features/Sayornis phoebe_Eastern Phoebe/XC184377.npy,../../Datasets/BirdClef/audio/Sayornis phoebe_Eastern Phoebe/XC184377.mp3
train,Sayornis phoebe_Eastern Phoebe,../../Datasets/BirdClef/features/Sayornis phoebe_Eastern Phoebe/XC100556.npy,../../Datasets/BirdClef/audio/Sayornis phoebe_Eastern Phoebe/XC100556.mp3
train,Sayornis phoebe_Eastern Phoebe,../../Datasets/BirdClef/features/Sayornis phoebe_Eastern Phoebe/XC111143.npy,../../Datasets/BirdClef/audio/Sayornis phoebe_Eastern Phoebe/XC111143.mp3
train,Sayornis saya_Say's Phoebe,../../Datasets/BirdClef/features/Sayornis saya_Say's Phoebe/XC229319.npy,../../Datasets/BirdClef/audio/Sayornis saya_Say's Phoebe/XC229319.mp3
train,Sayornis saya_Say's Phoebe,../../Datasets/BirdClef/features/Sayornis saya_Say's Phoebe/XC124449.npy,../../Datasets/BirdClef/audio/Sayornis saya_Say's Phoebe/XC124449.mp3
train,Sayornis saya_Say's Phoebe,../../Datasets/BirdClef/features/Sayornis saya_Say's Phoebe/XC388984.npy,../../Datasets/BirdClef/audio/Sayornis saya_Say's Phoebe/XC388984.mp3
train,Sayornis saya_Say's Phoebe,../../Datasets/BirdClef/features/Sayornis saya_Say's Phoebe/XC350281.npy,../../Datasets/BirdClef/audio/Sayornis saya_Say's Phoebe/XC350281.mp3
train,Sayornis saya_Say's Phoebe,../../Datasets/BirdClef/features/Sayornis saya_Say's Phoebe/XC170898.npy,../../Datasets/BirdClef/audio/Sayornis saya_Say's Phoebe/XC170898.mp3
train,Schiffornis major_Varzea Schiffornis,../../Datasets/BirdClef/features/Schiffornis major_Varzea Schiffornis/XC453630.npy,../../Datasets/BirdClef/audio/Schiffornis major_Varzea Schiffornis/XC453630.mp3
train,Schiffornis major_Varzea Schiffornis,../../Datasets/BirdClef/features/Schiffornis major_Varzea Schiffornis/XC147698.npy,../../Datasets/BirdClef/audio/Schiffornis major_Varzea Schiffornis/XC147698.mp3
train,Schiffornis major_Varzea Schiffornis,../../Datasets/BirdClef/features/Schiffornis major_Varzea Schiffornis/XC229323.npy,../../Datasets/BirdClef/audio/Schiffornis major_Varzea Schiffornis/XC229323.mp3
train,Schiffornis major_Varzea Schiffornis,../../Datasets/BirdClef/features/Schiffornis major_Varzea Schiffornis/XC120537.npy,../../Datasets/BirdClef/audio/Schiffornis major_Varzea Schiffornis/XC120537.mp3
train,Schiffornis major_Varzea Schiffornis,../../Datasets/BirdClef/features/Schiffornis major_Varzea Schiffornis/XC248757.npy,../../Datasets/BirdClef/audio/Schiffornis major_Varzea Schiffornis/XC248757.mp3
train,Schiffornis turdina_Brown-winged Schiffornis,../../Datasets/BirdClef/features/Schiffornis turdina_Brown-winged Schiffornis/XC30500.npy,../../Datasets/BirdClef/audio/Schiffornis turdina_Brown-winged Schiffornis/XC30500.mp3
train,Schiffornis turdina_Brown-winged Schiffornis,../../Datasets/BirdClef/features/Schiffornis turdina_Brown-winged Schiffornis/XC497057.npy,../../Datasets/BirdClef/audio/Schiffornis turdina_Brown-winged Schiffornis/XC497057.mp3
train,Schiffornis turdina_Brown-winged Schiffornis,../../Datasets/BirdClef/features/Schiffornis turdina_Brown-winged Schiffornis/XC430581.npy,../../Datasets/BirdClef/audio/Schiffornis turdina_Brown-winged Schiffornis/XC430581.mp3
train,Schiffornis turdina_Brown-winged Schiffornis,../../Datasets/BirdClef/features/Schiffornis turdina_Brown-winged Schiffornis/XC421099.npy,../../Datasets/BirdClef/audio/Schiffornis turdina_Brown-winged Schiffornis/XC421099.mp3
train,Schiffornis turdina_Brown-winged Schiffornis,../../Datasets/BirdClef/features/Schiffornis turdina_Brown-winged Schiffornis/XC419465.npy,../../Datasets/BirdClef/audio/Schiffornis turdina_Brown-winged Schiffornis/XC419465.mp3
train,Sciaphylax hemimelaena_Chestnut-tailed Antbird,../../Datasets/BirdClef/features/Sciaphylax hemimelaena_Chestnut-tailed Antbird/XC63719.npy,../../Datasets/BirdClef/audio/Sciaphylax hemimelaena_Chestnut-tailed Antbird/XC63719.mp3
train,Sciaphylax hemimelaena_Chestnut-tailed Antbird,../../Datasets/BirdClef/features/Sciaphylax hemimelaena_Chestnut-tailed Antbird/XC226324.npy,../../Datasets/BirdClef/audio/Sciaphylax hemimelaena_Chestnut-tailed Antbird/XC226324.mp3
train,Sciaphylax hemimelaena_Chestnut-tailed Antbird,../../Datasets/BirdClef/features/Sciaphylax hemimelaena_Chestnut-tailed Antbird/XC122321.npy,../../Datasets/BirdClef/audio/Sciaphylax hemimelaena_Chestnut-tailed Antbird/XC122321.mp3
train,Sciaphylax hemimelaena_Chestnut-tailed Antbird,../../Datasets/BirdClef/features/Sciaphylax hemimelaena_Chestnut-tailed Antbird/XC22467.npy,../../Datasets/BirdClef/audio/Sciaphylax hemimelaena_Chestnut-tailed Antbird/XC22467.mp3
train,Sciaphylax hemimelaena_Chestnut-tailed Antbird,../../Datasets/BirdClef/features/Sciaphylax hemimelaena_Chestnut-tailed Antbird/XC520.npy,../../Datasets/BirdClef/audio/Sciaphylax hemimelaena_Chestnut-tailed Antbird/XC520.mp3
train,Sclateria naevia_Silvered Antbird,../../Datasets/BirdClef/features/Sclateria naevia_Silvered Antbird/XC5682.npy,../../Datasets/BirdClef/audio/Sclateria naevia_Silvered Antbird/XC5682.mp3
train,Sclateria naevia_Silvered Antbird,../../Datasets/BirdClef/features/Sclateria naevia_Silvered Antbird/XC10507.npy,../../Datasets/BirdClef/audio/Sclateria naevia_Silvered Antbird/XC10507.mp3
train,Sclateria naevia_Silvered Antbird,../../Datasets/BirdClef/features/Sclateria naevia_Silvered Antbird/XC18053.npy,../../Datasets/BirdClef/audio/Sclateria naevia_Silvered Antbird/XC18053.mp3
train,Sclateria naevia_Silvered Antbird,../../Datasets/BirdClef/features/Sclateria naevia_Silvered Antbird/XC435898.npy,../../Datasets/BirdClef/audio/Sclateria naevia_Silvered Antbird/XC435898.mp3
train,Sclateria naevia_Silvered Antbird,../../Datasets/BirdClef/features/Sclateria naevia_Silvered Antbird/XC16584.npy,../../Datasets/BirdClef/audio/Sclateria naevia_Silvered Antbird/XC16584.mp3
train,Sclerurus caudacutus_Black-tailed Leaftosser,../../Datasets/BirdClef/features/Sclerurus caudacutus_Black-tailed Leaftosser/XC64178.npy,../../Datasets/BirdClef/audio/Sclerurus caudacutus_Black-tailed Leaftosser/XC64178.mp3
train,Sclerurus caudacutus_Black-tailed Leaftosser,../../Datasets/BirdClef/features/Sclerurus caudacutus_Black-tailed Leaftosser/XC65201.npy,../../Datasets/BirdClef/audio/Sclerurus caudacutus_Black-tailed Leaftosser/XC65201.mp3
train,Sclerurus caudacutus_Black-tailed Leaftosser,../../Datasets/BirdClef/features/Sclerurus caudacutus_Black-tailed Leaftosser/XC20321.npy,../../Datasets/BirdClef/audio/Sclerurus caudacutus_Black-tailed Leaftosser/XC20321.mp3
train,Sclerurus caudacutus_Black-tailed Leaftosser,../../Datasets/BirdClef/features/Sclerurus caudacutus_Black-tailed Leaftosser/XC303446.npy,../../Datasets/BirdClef/audio/Sclerurus caudacutus_Black-tailed Leaftosser/XC303446.mp3
train,Sclerurus caudacutus_Black-tailed Leaftosser,../../Datasets/BirdClef/features/Sclerurus caudacutus_Black-tailed Leaftosser/XC64179.npy,../../Datasets/BirdClef/audio/Sclerurus caudacutus_Black-tailed Leaftosser/XC64179.mp3
train,Scolopax minor_American Woodcock,../../Datasets/BirdClef/features/Scolopax minor_American Woodcock/XC75443.npy,../../Datasets/BirdClef/audio/Scolopax minor_American Woodcock/XC75443.mp3
train,Scolopax minor_American Woodcock,../../Datasets/BirdClef/features/Scolopax minor_American Woodcock/XC93789.npy,../../Datasets/BirdClef/audio/Scolopax minor_American Woodcock/XC93789.mp3
train,Scolopax minor_American Woodcock,../../Datasets/BirdClef/features/Scolopax minor_American Woodcock/XC464355.npy,../../Datasets/BirdClef/audio/Scolopax minor_American Woodcock/XC464355.mp3
train,Scolopax minor_American Woodcock,../../Datasets/BirdClef/features/Scolopax minor_American Woodcock/XC78342.npy,../../Datasets/BirdClef/audio/Scolopax minor_American Woodcock/XC78342.mp3
train,Scolopax minor_American Woodcock,../../Datasets/BirdClef/features/Scolopax minor_American Woodcock/XC15171.npy,../../Datasets/BirdClef/audio/Scolopax minor_American Woodcock/XC15171.mp3
train,Scolopax rusticola_Eurasian Woodcock,../../Datasets/BirdClef/features/Scolopax rusticola_Eurasian Woodcock/XC397413.npy,../../Datasets/BirdClef/audio/Scolopax rusticola_Eurasian Woodcock/XC397413.mp3
train,Scolopax rusticola_Eurasian Woodcock,../../Datasets/BirdClef/features/Scolopax rusticola_Eurasian Woodcock/XC246567.npy,../../Datasets/BirdClef/audio/Scolopax rusticola_Eurasian Woodcock/XC246567.mp3
train,Scolopax rusticola_Eurasian Woodcock,../../Datasets/BirdClef/features/Scolopax rusticola_Eurasian Woodcock/XC34897.npy,../../Datasets/BirdClef/audio/Scolopax rusticola_Eurasian Woodcock/XC34897.mp3
train,Scolopax rusticola_Eurasian Woodcock,../../Datasets/BirdClef/features/Scolopax rusticola_Eurasian Woodcock/XC318887.npy,../../Datasets/BirdClef/audio/Scolopax rusticola_Eurasian Woodcock/XC318887.mp3
train,Scolopax rusticola_Eurasian Woodcock,../../Datasets/BirdClef/features/Scolopax rusticola_Eurasian Woodcock/XC471936.npy,../../Datasets/BirdClef/audio/Scolopax rusticola_Eurasian Woodcock/XC471936.mp3
train,Seiurus aurocapilla_Ovenbird,../../Datasets/BirdClef/features/Seiurus aurocapilla_Ovenbird/XC418563.npy,../../Datasets/BirdClef/audio/Seiurus aurocapilla_Ovenbird/XC418563.mp3
train,Seiurus aurocapilla_Ovenbird,../../Datasets/BirdClef/features/Seiurus aurocapilla_Ovenbird/XC149487.npy,../../Datasets/BirdClef/audio/Seiurus aurocapilla_Ovenbird/XC149487.mp3
train,Seiurus aurocapilla_Ovenbird,../../Datasets/BirdClef/features/Seiurus aurocapilla_Ovenbird/XC13833.npy,../../Datasets/BirdClef/audio/Seiurus aurocapilla_Ovenbird/XC13833.mp3
train,Seiurus aurocapilla_Ovenbird,../../Datasets/BirdClef/features/Seiurus aurocapilla_Ovenbird/XC486977.npy,../../Datasets/BirdClef/audio/Seiurus aurocapilla_Ovenbird/XC486977.mp3
train,Seiurus aurocapilla_Ovenbird,../../Datasets/BirdClef/features/Seiurus aurocapilla_Ovenbird/XC149492.npy,../../Datasets/BirdClef/audio/Seiurus aurocapilla_Ovenbird/XC149492.mp3
train,Selasphorus platycercus_Broad-tailed Hummingbird,../../Datasets/BirdClef/features/Selasphorus platycercus_Broad-tailed Hummingbird/XC188274.npy,../../Datasets/BirdClef/audio/Selasphorus platycercus_Broad-tailed Hummingbird/XC188274.mp3
train,Selasphorus platycercus_Broad-tailed Hummingbird,../../Datasets/BirdClef/features/Selasphorus platycercus_Broad-tailed Hummingbird/XC132821.npy,../../Datasets/BirdClef/audio/Selasphorus platycercus_Broad-tailed Hummingbird/XC132821.mp3
train,Selasphorus platycercus_Broad-tailed Hummingbird,../../Datasets/BirdClef/features/Selasphorus platycercus_Broad-tailed Hummingbird/XC132852.npy,../../Datasets/BirdClef/audio/Selasphorus platycercus_Broad-tailed Hummingbird/XC132852.mp3
train,Selasphorus platycercus_Broad-tailed Hummingbird,../../Datasets/BirdClef/features/Selasphorus platycercus_Broad-tailed Hummingbird/XC495180.npy,../../Datasets/BirdClef/audio/Selasphorus platycercus_Broad-tailed Hummingbird/XC495180.mp3
train,Selasphorus platycercus_Broad-tailed Hummingbird,../../Datasets/BirdClef/features/Selasphorus platycercus_Broad-tailed Hummingbird/XC132824.npy,../../Datasets/BirdClef/audio/Selasphorus platycercus_Broad-tailed Hummingbird/XC132824.mp3
train,Selasphorus rufus_Rufous Hummingbird,../../Datasets/BirdClef/features/Selasphorus rufus_Rufous Hummingbird/XC253512.npy,../../Datasets/BirdClef/audio/Selasphorus rufus_Rufous Hummingbird/XC253512.mp3
train,Selasphorus rufus_Rufous Hummingbird,../../Datasets/BirdClef/features/Selasphorus rufus_Rufous Hummingbird/XC159095.npy,../../Datasets/BirdClef/audio/Selasphorus rufus_Rufous Hummingbird/XC159095.mp3
train,Selasphorus rufus_Rufous Hummingbird,../../Datasets/BirdClef/features/Selasphorus rufus_Rufous Hummingbird/XC33370.npy,../../Datasets/BirdClef/audio/Selasphorus rufus_Rufous Hummingbird/XC33370.mp3
train,Selasphorus rufus_Rufous Hummingbird,../../Datasets/BirdClef/features/Selasphorus rufus_Rufous Hummingbird/XC411405.npy,../../Datasets/BirdClef/audio/Selasphorus rufus_Rufous Hummingbird/XC411405.mp3
train,Selasphorus rufus_Rufous Hummingbird,../../Datasets/BirdClef/features/Selasphorus rufus_Rufous Hummingbird/XC331692.npy,../../Datasets/BirdClef/audio/Selasphorus rufus_Rufous Hummingbird/XC331692.mp3
train,Selenidera reinwardtii_Golden-collared Toucanet,../../Datasets/BirdClef/features/Selenidera reinwardtii_Golden-collared Toucanet/XC349580.npy,../../Datasets/BirdClef/audio/Selenidera reinwardtii_Golden-collared Toucanet/XC349580.mp3
train,Selenidera reinwardtii_Golden-collared Toucanet,../../Datasets/BirdClef/features/Selenidera reinwardtii_Golden-collared Toucanet/XC117408.npy,../../Datasets/BirdClef/audio/Selenidera reinwardtii_Golden-collared Toucanet/XC117408.mp3
train,Selenidera reinwardtii_Golden-collared Toucanet,../../Datasets/BirdClef/features/Selenidera reinwardtii_Golden-collared Toucanet/XC123443.npy,../../Datasets/BirdClef/audio/Selenidera reinwardtii_Golden-collared Toucanet/XC123443.mp3
train,Selenidera reinwardtii_Golden-collared Toucanet,../../Datasets/BirdClef/features/Selenidera reinwardtii_Golden-collared Toucanet/XC385190.npy,../../Datasets/BirdClef/audio/Selenidera reinwardtii_Golden-collared Toucanet/XC385190.mp3
train,Selenidera reinwardtii_Golden-collared Toucanet,../../Datasets/BirdClef/features/Selenidera reinwardtii_Golden-collared Toucanet/XC309228.npy,../../Datasets/BirdClef/audio/Selenidera reinwardtii_Golden-collared Toucanet/XC309228.mp3
train,Serinus serinus_European Serin,../../Datasets/BirdClef/features/Serinus serinus_European Serin/XC366081.npy,../../Datasets/BirdClef/audio/Serinus serinus_European Serin/XC366081.mp3
train,Serinus serinus_European Serin,../../Datasets/BirdClef/features/Serinus serinus_European Serin/XC430246.npy,../../Datasets/BirdClef/audio/Serinus serinus_European Serin/XC430246.mp3
train,Serinus serinus_European Serin,../../Datasets/BirdClef/features/Serinus serinus_European Serin/XC335467.npy,../../Datasets/BirdClef/audio/Serinus serinus_European Serin/XC335467.mp3
train,Serinus serinus_European Serin,../../Datasets/BirdClef/features/Serinus serinus_European Serin/XC106546.npy,../../Datasets/BirdClef/audio/Serinus serinus_European Serin/XC106546.mp3
train,Serinus serinus_European Serin,../../Datasets/BirdClef/features/Serinus serinus_European Serin/XC106973.npy,../../Datasets/BirdClef/audio/Serinus serinus_European Serin/XC106973.mp3
train,Setopagis parvula_Little Nightjar,../../Datasets/BirdClef/features/Setopagis parvula_Little Nightjar/XC3154.npy,../../Datasets/BirdClef/audio/Setopagis parvula_Little Nightjar/XC3154.mp3
train,Setopagis parvula_Little Nightjar,../../Datasets/BirdClef/features/Setopagis parvula_Little Nightjar/XC36828.npy,../../Datasets/BirdClef/audio/Setopagis parvula_Little Nightjar/XC36828.mp3
train,Setopagis parvula_Little Nightjar,../../Datasets/BirdClef/features/Setopagis parvula_Little Nightjar/XC220364.npy,../../Datasets/BirdClef/audio/Setopagis parvula_Little Nightjar/XC220364.mp3
train,Setopagis parvula_Little Nightjar,../../Datasets/BirdClef/features/Setopagis parvula_Little Nightjar/XC48756.npy,../../Datasets/BirdClef/audio/Setopagis parvula_Little Nightjar/XC48756.mp3
train,Setopagis parvula_Little Nightjar,../../Datasets/BirdClef/features/Setopagis parvula_Little Nightjar/XC51579.npy,../../Datasets/BirdClef/audio/Setopagis parvula_Little Nightjar/XC51579.mp3
train,Setophaga citrina_Hooded Warbler,../../Datasets/BirdClef/features/Setophaga citrina_Hooded Warbler/XC33583.npy,../../Datasets/BirdClef/audio/Setophaga citrina_Hooded Warbler/XC33583.mp3
train,Setophaga citrina_Hooded Warbler,../../Datasets/BirdClef/features/Setophaga citrina_Hooded Warbler/XC218918.npy,../../Datasets/BirdClef/audio/Setophaga citrina_Hooded Warbler/XC218918.mp3
train,Setophaga citrina_Hooded Warbler,../../Datasets/BirdClef/features/Setophaga citrina_Hooded Warbler/XC408866.npy,../../Datasets/BirdClef/audio/Setophaga citrina_Hooded Warbler/XC408866.mp3
train,Setophaga citrina_Hooded Warbler,../../Datasets/BirdClef/features/Setophaga citrina_Hooded Warbler/XC13145.npy,../../Datasets/BirdClef/audio/Setophaga citrina_Hooded Warbler/XC13145.mp3
train,Setophaga citrina_Hooded Warbler,../../Datasets/BirdClef/features/Setophaga citrina_Hooded Warbler/XC479473.npy,../../Datasets/BirdClef/audio/Setophaga citrina_Hooded Warbler/XC479473.mp3
train,Setophaga coronata_Yellow-rumped Warbler,../../Datasets/BirdClef/features/Setophaga coronata_Yellow-rumped Warbler/XC353603.npy,../../Datasets/BirdClef/audio/Setophaga coronata_Yellow-rumped Warbler/XC353603.mp3
train,Setophaga coronata_Yellow-rumped Warbler,../../Datasets/BirdClef/features/Setophaga coronata_Yellow-rumped Warbler/XC246986.npy,../../Datasets/BirdClef/audio/Setophaga coronata_Yellow-rumped Warbler/XC246986.mp3
train,Setophaga coronata_Yellow-rumped Warbler,../../Datasets/BirdClef/features/Setophaga coronata_Yellow-rumped Warbler/XC310941.npy,../../Datasets/BirdClef/audio/Setophaga coronata_Yellow-rumped Warbler/XC310941.mp3
train,Setophaga coronata_Yellow-rumped Warbler,../../Datasets/BirdClef/features/Setophaga coronata_Yellow-rumped Warbler/XC138635.npy,../../Datasets/BirdClef/audio/Setophaga coronata_Yellow-rumped Warbler/XC138635.mp3
train,Setophaga coronata_Yellow-rumped Warbler,../../Datasets/BirdClef/features/Setophaga coronata_Yellow-rumped Warbler/XC433107.npy,../../Datasets/BirdClef/audio/Setophaga coronata_Yellow-rumped Warbler/XC433107.mp3
train,Setophaga discolor_Prairie Warbler,../../Datasets/BirdClef/features/Setophaga discolor_Prairie Warbler/XC144030.npy,../../Datasets/BirdClef/audio/Setophaga discolor_Prairie Warbler/XC144030.mp3
train,Setophaga discolor_Prairie Warbler,../../Datasets/BirdClef/features/Setophaga discolor_Prairie Warbler/XC183133.npy,../../Datasets/BirdClef/audio/Setophaga discolor_Prairie Warbler/XC183133.mp3
train,Setophaga discolor_Prairie Warbler,../../Datasets/BirdClef/features/Setophaga discolor_Prairie Warbler/XC244519.npy,../../Datasets/BirdClef/audio/Setophaga discolor_Prairie Warbler/XC244519.mp3
train,Setophaga discolor_Prairie Warbler,../../Datasets/BirdClef/features/Setophaga discolor_Prairie Warbler/XC130984.npy,../../Datasets/BirdClef/audio/Setophaga discolor_Prairie Warbler/XC130984.mp3
train,Setophaga discolor_Prairie Warbler,../../Datasets/BirdClef/features/Setophaga discolor_Prairie Warbler/XC33534.npy,../../Datasets/BirdClef/audio/Setophaga discolor_Prairie Warbler/XC33534.mp3
train,Setophaga fusca_Blackburnian Warbler,../../Datasets/BirdClef/features/Setophaga fusca_Blackburnian Warbler/XC101581.npy,../../Datasets/BirdClef/audio/Setophaga fusca_Blackburnian Warbler/XC101581.mp3
train,Setophaga fusca_Blackburnian Warbler,../../Datasets/BirdClef/features/Setophaga fusca_Blackburnian Warbler/XC101828.npy,../../Datasets/BirdClef/audio/Setophaga fusca_Blackburnian Warbler/XC101828.mp3
train,Setophaga fusca_Blackburnian Warbler,../../Datasets/BirdClef/features/Setophaga fusca_Blackburnian Warbler/XC53620.npy,../../Datasets/BirdClef/audio/Setophaga fusca_Blackburnian Warbler/XC53620.mp3
train,Setophaga fusca_Blackburnian Warbler,../../Datasets/BirdClef/features/Setophaga fusca_Blackburnian Warbler/XC421303.npy,../../Datasets/BirdClef/audio/Setophaga fusca_Blackburnian Warbler/XC421303.mp3
train,Setophaga fusca_Blackburnian Warbler,../../Datasets/BirdClef/features/Setophaga fusca_Blackburnian Warbler/XC501250.npy,../../Datasets/BirdClef/audio/Setophaga fusca_Blackburnian Warbler/XC501250.mp3
train,Setophaga magnolia_Magnolia Warbler,../../Datasets/BirdClef/features/Setophaga magnolia_Magnolia Warbler/XC501247.npy,../../Datasets/BirdClef/audio/Setophaga magnolia_Magnolia Warbler/XC501247.mp3
train,Setophaga magnolia_Magnolia Warbler,../../Datasets/BirdClef/features/Setophaga magnolia_Magnolia Warbler/XC222357.npy,../../Datasets/BirdClef/audio/Setophaga magnolia_Magnolia Warbler/XC222357.mp3
train,Setophaga magnolia_Magnolia Warbler,../../Datasets/BirdClef/features/Setophaga magnolia_Magnolia Warbler/XC301374.npy,../../Datasets/BirdClef/audio/Setophaga magnolia_Magnolia Warbler/XC301374.mp3
train,Setophaga magnolia_Magnolia Warbler,../../Datasets/BirdClef/features/Setophaga magnolia_Magnolia Warbler/XC190945.npy,../../Datasets/BirdClef/audio/Setophaga magnolia_Magnolia Warbler/XC190945.mp3
train,Setophaga magnolia_Magnolia Warbler,../../Datasets/BirdClef/features/Setophaga magnolia_Magnolia Warbler/XC480378.npy,../../Datasets/BirdClef/audio/Setophaga magnolia_Magnolia Warbler/XC480378.mp3
train,Setophaga nigrescens_Black-throated Gray Warbler,../../Datasets/BirdClef/features/Setophaga nigrescens_Black-throated Gray Warbler/XC417904.npy,../../Datasets/BirdClef/audio/Setophaga nigrescens_Black-throated Gray Warbler/XC417904.mp3
train,Setophaga nigrescens_Black-throated Gray Warbler,../../Datasets/BirdClef/features/Setophaga nigrescens_Black-throated Gray Warbler/XC483188.npy,../../Datasets/BirdClef/audio/Setophaga nigrescens_Black-throated Gray Warbler/XC483188.mp3
train,Setophaga nigrescens_Black-throated Gray Warbler,../../Datasets/BirdClef/features/Setophaga nigrescens_Black-throated Gray Warbler/XC158534.npy,../../Datasets/BirdClef/audio/Setophaga nigrescens_Black-throated Gray Warbler/XC158534.mp3
train,Setophaga nigrescens_Black-throated Gray Warbler,../../Datasets/BirdClef/features/Setophaga nigrescens_Black-throated Gray Warbler/XC159582.npy,../../Datasets/BirdClef/audio/Setophaga nigrescens_Black-throated Gray Warbler/XC159582.mp3
train,Setophaga nigrescens_Black-throated Gray Warbler,../../Datasets/BirdClef/features/Setophaga nigrescens_Black-throated Gray Warbler/XC370853.npy,../../Datasets/BirdClef/audio/Setophaga nigrescens_Black-throated Gray Warbler/XC370853.mp3
train,Setophaga palmarum_Palm Warbler,../../Datasets/BirdClef/features/Setophaga palmarum_Palm Warbler/XC416801.npy,../../Datasets/BirdClef/audio/Setophaga palmarum_Palm Warbler/XC416801.mp3
train,Setophaga palmarum_Palm Warbler,../../Datasets/BirdClef/features/Setophaga palmarum_Palm Warbler/XC243410.npy,../../Datasets/BirdClef/audio/Setophaga palmarum_Palm Warbler/XC243410.mp3
train,Setophaga palmarum_Palm Warbler,../../Datasets/BirdClef/features/Setophaga palmarum_Palm Warbler/XC79515.npy,../../Datasets/BirdClef/audio/Setophaga palmarum_Palm Warbler/XC79515.mp3
train,Setophaga palmarum_Palm Warbler,../../Datasets/BirdClef/features/Setophaga palmarum_Palm Warbler/XC476809.npy,../../Datasets/BirdClef/audio/Setophaga palmarum_Palm Warbler/XC476809.mp3
train,Setophaga palmarum_Palm Warbler,../../Datasets/BirdClef/features/Setophaga palmarum_Palm Warbler/XC133256.npy,../../Datasets/BirdClef/audio/Setophaga palmarum_Palm Warbler/XC133256.mp3
train,Setophaga pensylvanica_Chestnut-sided Warbler,../../Datasets/BirdClef/features/Setophaga pensylvanica_Chestnut-sided Warbler/XC245891.npy,../../Datasets/BirdClef/audio/Setophaga pensylvanica_Chestnut-sided Warbler/XC245891.mp3
train,Setophaga pensylvanica_Chestnut-sided Warbler,../../Datasets/BirdClef/features/Setophaga pensylvanica_Chestnut-sided Warbler/XC222365.npy,../../Datasets/BirdClef/audio/Setophaga pensylvanica_Chestnut-sided Warbler/XC222365.mp3
train,Setophaga pensylvanica_Chestnut-sided Warbler,../../Datasets/BirdClef/features/Setophaga pensylvanica_Chestnut-sided Warbler/XC52991.npy,../../Datasets/BirdClef/audio/Setophaga pensylvanica_Chestnut-sided Warbler/XC52991.mp3
train,Setophaga pensylvanica_Chestnut-sided Warbler,../../Datasets/BirdClef/features/Setophaga pensylvanica_Chestnut-sided Warbler/XC21059.npy,../../Datasets/BirdClef/audio/Setophaga pensylvanica_Chestnut-sided Warbler/XC21059.mp3
train,Setophaga pensylvanica_Chestnut-sided Warbler,../../Datasets/BirdClef/features/Setophaga pensylvanica_Chestnut-sided Warbler/XC195311.npy,../../Datasets/BirdClef/audio/Setophaga pensylvanica_Chestnut-sided Warbler/XC195311.mp3
train,Setophaga petechia_Yellow Warbler,../../Datasets/BirdClef/features/Setophaga petechia_Yellow Warbler/XC247375.npy,../../Datasets/BirdClef/audio/Setophaga petechia_Yellow Warbler/XC247375.mp3
train,Setophaga petechia_Yellow Warbler,../../Datasets/BirdClef/features/Setophaga petechia_Yellow Warbler/XC243088.npy,../../Datasets/BirdClef/audio/Setophaga petechia_Yellow Warbler/XC243088.mp3
train,Setophaga petechia_Yellow Warbler,../../Datasets/BirdClef/features/Setophaga petechia_Yellow Warbler/XC332394.npy,../../Datasets/BirdClef/audio/Setophaga petechia_Yellow Warbler/XC332394.mp3
train,Setophaga petechia_Yellow Warbler,../../Datasets/BirdClef/features/Setophaga petechia_Yellow Warbler/XC229697.npy,../../Datasets/BirdClef/audio/Setophaga petechia_Yellow Warbler/XC229697.mp3
train,Setophaga petechia_Yellow Warbler,../../Datasets/BirdClef/features/Setophaga petechia_Yellow Warbler/XC491076.npy,../../Datasets/BirdClef/audio/Setophaga petechia_Yellow Warbler/XC491076.mp3
train,Setophaga pinus_Pine Warbler,../../Datasets/BirdClef/features/Setophaga pinus_Pine Warbler/XC196168.npy,../../Datasets/BirdClef/audio/Setophaga pinus_Pine Warbler/XC196168.mp3
train,Setophaga pinus_Pine Warbler,../../Datasets/BirdClef/features/Setophaga pinus_Pine Warbler/XC180206.npy,../../Datasets/BirdClef/audio/Setophaga pinus_Pine Warbler/XC180206.mp3
train,Setophaga pinus_Pine Warbler,../../Datasets/BirdClef/features/Setophaga pinus_Pine Warbler/XC137546.npy,../../Datasets/BirdClef/audio/Setophaga pinus_Pine Warbler/XC137546.mp3
train,Setophaga pinus_Pine Warbler,../../Datasets/BirdClef/features/Setophaga pinus_Pine Warbler/XC176264.npy,../../Datasets/BirdClef/audio/Setophaga pinus_Pine Warbler/XC176264.mp3
train,Setophaga pinus_Pine Warbler,../../Datasets/BirdClef/features/Setophaga pinus_Pine Warbler/XC103012.npy,../../Datasets/BirdClef/audio/Setophaga pinus_Pine Warbler/XC103012.mp3
train,Setophaga ruticilla_American Redstart,../../Datasets/BirdClef/features/Setophaga ruticilla_American Redstart/XC293435.npy,../../Datasets/BirdClef/audio/Setophaga ruticilla_American Redstart/XC293435.mp3
train,Setophaga ruticilla_American Redstart,../../Datasets/BirdClef/features/Setophaga ruticilla_American Redstart/XC388173.npy,../../Datasets/BirdClef/audio/Setophaga ruticilla_American Redstart/XC388173.mp3
train,Setophaga ruticilla_American Redstart,../../Datasets/BirdClef/features/Setophaga ruticilla_American Redstart/XC100082.npy,../../Datasets/BirdClef/audio/Setophaga ruticilla_American Redstart/XC100082.mp3
train,Setophaga ruticilla_American Redstart,../../Datasets/BirdClef/features/Setophaga ruticilla_American Redstart/XC188493.npy,../../Datasets/BirdClef/audio/Setophaga ruticilla_American Redstart/XC188493.mp3
train,Setophaga ruticilla_American Redstart,../../Datasets/BirdClef/features/Setophaga ruticilla_American Redstart/XC500093.npy,../../Datasets/BirdClef/audio/Setophaga ruticilla_American Redstart/XC500093.mp3
train,Setophaga striata_Blackpoll Warbler,../../Datasets/BirdClef/features/Setophaga striata_Blackpoll Warbler/XC316998.npy,../../Datasets/BirdClef/audio/Setophaga striata_Blackpoll Warbler/XC316998.mp3
train,Setophaga striata_Blackpoll Warbler,../../Datasets/BirdClef/features/Setophaga striata_Blackpoll Warbler/XC177087.npy,../../Datasets/BirdClef/audio/Setophaga striata_Blackpoll Warbler/XC177087.mp3
train,Setophaga striata_Blackpoll Warbler,../../Datasets/BirdClef/features/Setophaga striata_Blackpoll Warbler/XC317729.npy,../../Datasets/BirdClef/audio/Setophaga striata_Blackpoll Warbler/XC317729.mp3
train,Setophaga striata_Blackpoll Warbler,../../Datasets/BirdClef/features/Setophaga striata_Blackpoll Warbler/XC177052.npy,../../Datasets/BirdClef/audio/Setophaga striata_Blackpoll Warbler/XC177052.mp3
train,Setophaga striata_Blackpoll Warbler,../../Datasets/BirdClef/features/Setophaga striata_Blackpoll Warbler/XC328712.npy,../../Datasets/BirdClef/audio/Setophaga striata_Blackpoll Warbler/XC328712.mp3
train,Setophaga virens_Black-throated Green Warbler,../../Datasets/BirdClef/features/Setophaga virens_Black-throated Green Warbler/XC59138.npy,../../Datasets/BirdClef/audio/Setophaga virens_Black-throated Green Warbler/XC59138.mp3
train,Setophaga virens_Black-throated Green Warbler,../../Datasets/BirdClef/features/Setophaga virens_Black-throated Green Warbler/XC173254.npy,../../Datasets/BirdClef/audio/Setophaga virens_Black-throated Green Warbler/XC173254.mp3
train,Setophaga virens_Black-throated Green Warbler,../../Datasets/BirdClef/features/Setophaga virens_Black-throated Green Warbler/XC175993.npy,../../Datasets/BirdClef/audio/Setophaga virens_Black-throated Green Warbler/XC175993.mp3
train,Setophaga virens_Black-throated Green Warbler,../../Datasets/BirdClef/features/Setophaga virens_Black-throated Green Warbler/XC138159.npy,../../Datasets/BirdClef/audio/Setophaga virens_Black-throated Green Warbler/XC138159.mp3
train,Setophaga virens_Black-throated Green Warbler,../../Datasets/BirdClef/features/Setophaga virens_Black-throated Green Warbler/XC198400.npy,../../Datasets/BirdClef/audio/Setophaga virens_Black-throated Green Warbler/XC198400.mp3
train,Sialia mexicana_Western Bluebird,../../Datasets/BirdClef/features/Sialia mexicana_Western Bluebird/XC146606.npy,../../Datasets/BirdClef/audio/Sialia mexicana_Western Bluebird/XC146606.mp3
train,Sialia mexicana_Western Bluebird,../../Datasets/BirdClef/features/Sialia mexicana_Western Bluebird/XC289052.npy,../../Datasets/BirdClef/audio/Sialia mexicana_Western Bluebird/XC289052.mp3
train,Sialia mexicana_Western Bluebird,../../Datasets/BirdClef/features/Sialia mexicana_Western Bluebird/XC351733.npy,../../Datasets/BirdClef/audio/Sialia mexicana_Western Bluebird/XC351733.mp3
train,Sialia mexicana_Western Bluebird,../../Datasets/BirdClef/features/Sialia mexicana_Western Bluebird/XC197927.npy,../../Datasets/BirdClef/audio/Sialia mexicana_Western Bluebird/XC197927.mp3
train,Sialia mexicana_Western Bluebird,../../Datasets/BirdClef/features/Sialia mexicana_Western Bluebird/XC457218.npy,../../Datasets/BirdClef/audio/Sialia mexicana_Western Bluebird/XC457218.mp3
train,Sialia sialis_Eastern Bluebird,../../Datasets/BirdClef/features/Sialia sialis_Eastern Bluebird/XC452139.npy,../../Datasets/BirdClef/audio/Sialia sialis_Eastern Bluebird/XC452139.mp3
train,Sialia sialis_Eastern Bluebird,../../Datasets/BirdClef/features/Sialia sialis_Eastern Bluebird/XC497622.npy,../../Datasets/BirdClef/audio/Sialia sialis_Eastern Bluebird/XC497622.mp3
train,Sialia sialis_Eastern Bluebird,../../Datasets/BirdClef/features/Sialia sialis_Eastern Bluebird/XC144364.npy,../../Datasets/BirdClef/audio/Sialia sialis_Eastern Bluebird/XC144364.mp3
train,Sialia sialis_Eastern Bluebird,../../Datasets/BirdClef/features/Sialia sialis_Eastern Bluebird/XC239357.npy,../../Datasets/BirdClef/audio/Sialia sialis_Eastern Bluebird/XC239357.mp3
train,Sialia sialis_Eastern Bluebird,../../Datasets/BirdClef/features/Sialia sialis_Eastern Bluebird/XC364446.npy,../../Datasets/BirdClef/audio/Sialia sialis_Eastern Bluebird/XC364446.mp3
train,Sicalis flaveola_Saffron Finch,../../Datasets/BirdClef/features/Sicalis flaveola_Saffron Finch/XC6792.npy,../../Datasets/BirdClef/audio/Sicalis flaveola_Saffron Finch/XC6792.mp3
train,Sicalis flaveola_Saffron Finch,../../Datasets/BirdClef/features/Sicalis flaveola_Saffron Finch/XC432991.npy,../../Datasets/BirdClef/audio/Sicalis flaveola_Saffron Finch/XC432991.mp3
train,Sicalis flaveola_Saffron Finch,../../Datasets/BirdClef/features/Sicalis flaveola_Saffron Finch/XC15302.npy,../../Datasets/BirdClef/audio/Sicalis flaveola_Saffron Finch/XC15302.mp3
train,Sicalis flaveola_Saffron Finch,../../Datasets/BirdClef/features/Sicalis flaveola_Saffron Finch/XC89094.npy,../../Datasets/BirdClef/audio/Sicalis flaveola_Saffron Finch/XC89094.mp3
train,Sicalis flaveola_Saffron Finch,../../Datasets/BirdClef/features/Sicalis flaveola_Saffron Finch/XC245147.npy,../../Datasets/BirdClef/audio/Sicalis flaveola_Saffron Finch/XC245147.mp3
train,Sitta canadensis_Red-breasted Nuthatch,../../Datasets/BirdClef/features/Sitta canadensis_Red-breasted Nuthatch/XC110382.npy,../../Datasets/BirdClef/audio/Sitta canadensis_Red-breasted Nuthatch/XC110382.mp3
train,Sitta canadensis_Red-breasted Nuthatch,../../Datasets/BirdClef/features/Sitta canadensis_Red-breasted Nuthatch/XC42392.npy,../../Datasets/BirdClef/audio/Sitta canadensis_Red-breasted Nuthatch/XC42392.mp3
train,Sitta canadensis_Red-breasted Nuthatch,../../Datasets/BirdClef/features/Sitta canadensis_Red-breasted Nuthatch/XC110383.npy,../../Datasets/BirdClef/audio/Sitta canadensis_Red-breasted Nuthatch/XC110383.mp3
train,Sitta canadensis_Red-breasted Nuthatch,../../Datasets/BirdClef/features/Sitta canadensis_Red-breasted Nuthatch/XC357810.npy,../../Datasets/BirdClef/audio/Sitta canadensis_Red-breasted Nuthatch/XC357810.mp3
train,Sitta canadensis_Red-breasted Nuthatch,../../Datasets/BirdClef/features/Sitta canadensis_Red-breasted Nuthatch/XC159664.npy,../../Datasets/BirdClef/audio/Sitta canadensis_Red-breasted Nuthatch/XC159664.mp3
train,Sitta carolinensis_White-breasted Nuthatch,../../Datasets/BirdClef/features/Sitta carolinensis_White-breasted Nuthatch/XC350771.npy,../../Datasets/BirdClef/audio/Sitta carolinensis_White-breasted Nuthatch/XC350771.mp3
train,Sitta carolinensis_White-breasted Nuthatch,../../Datasets/BirdClef/features/Sitta carolinensis_White-breasted Nuthatch/XC29504.npy,../../Datasets/BirdClef/audio/Sitta carolinensis_White-breasted Nuthatch/XC29504.mp3
train,Sitta carolinensis_White-breasted Nuthatch,../../Datasets/BirdClef/features/Sitta carolinensis_White-breasted Nuthatch/XC297439.npy,../../Datasets/BirdClef/audio/Sitta carolinensis_White-breasted Nuthatch/XC297439.mp3
train,Sitta carolinensis_White-breasted Nuthatch,../../Datasets/BirdClef/features/Sitta carolinensis_White-breasted Nuthatch/XC173170.npy,../../Datasets/BirdClef/audio/Sitta carolinensis_White-breasted Nuthatch/XC173170.mp3
train,Sitta carolinensis_White-breasted Nuthatch,../../Datasets/BirdClef/features/Sitta carolinensis_White-breasted Nuthatch/XC1204.npy,../../Datasets/BirdClef/audio/Sitta carolinensis_White-breasted Nuthatch/XC1204.mp3
train,Sitta europaea_Eurasian Nuthatch,../../Datasets/BirdClef/features/Sitta europaea_Eurasian Nuthatch/XC116413.npy,../../Datasets/BirdClef/audio/Sitta europaea_Eurasian Nuthatch/XC116413.mp3
train,Sitta europaea_Eurasian Nuthatch,../../Datasets/BirdClef/features/Sitta europaea_Eurasian Nuthatch/XC25763.npy,../../Datasets/BirdClef/audio/Sitta europaea_Eurasian Nuthatch/XC25763.mp3
train,Sitta europaea_Eurasian Nuthatch,../../Datasets/BirdClef/features/Sitta europaea_Eurasian Nuthatch/XC35577.npy,../../Datasets/BirdClef/audio/Sitta europaea_Eurasian Nuthatch/XC35577.mp3
train,Sitta europaea_Eurasian Nuthatch,../../Datasets/BirdClef/features/Sitta europaea_Eurasian Nuthatch/XC268176.npy,../../Datasets/BirdClef/audio/Sitta europaea_Eurasian Nuthatch/XC268176.mp3
train,Sitta europaea_Eurasian Nuthatch,../../Datasets/BirdClef/features/Sitta europaea_Eurasian Nuthatch/XC210681.npy,../../Datasets/BirdClef/audio/Sitta europaea_Eurasian Nuthatch/XC210681.mp3
train,Sitta pygmaea_Pygmy Nuthatch,../../Datasets/BirdClef/features/Sitta pygmaea_Pygmy Nuthatch/XC86762.npy,../../Datasets/BirdClef/audio/Sitta pygmaea_Pygmy Nuthatch/XC86762.mp3
train,Sitta pygmaea_Pygmy Nuthatch,../../Datasets/BirdClef/features/Sitta pygmaea_Pygmy Nuthatch/XC72038.npy,../../Datasets/BirdClef/audio/Sitta pygmaea_Pygmy Nuthatch/XC72038.mp3
train,Sitta pygmaea_Pygmy Nuthatch,../../Datasets/BirdClef/features/Sitta pygmaea_Pygmy Nuthatch/XC164649.npy,../../Datasets/BirdClef/audio/Sitta pygmaea_Pygmy Nuthatch/XC164649.mp3
train,Sitta pygmaea_Pygmy Nuthatch,../../Datasets/BirdClef/features/Sitta pygmaea_Pygmy Nuthatch/XC303354.npy,../../Datasets/BirdClef/audio/Sitta pygmaea_Pygmy Nuthatch/XC303354.mp3
train,Sitta pygmaea_Pygmy Nuthatch,../../Datasets/BirdClef/features/Sitta pygmaea_Pygmy Nuthatch/XC343423.npy,../../Datasets/BirdClef/audio/Sitta pygmaea_Pygmy Nuthatch/XC343423.mp3
train,Sittasomus griseicapillus_Olivaceous Woodcreeper,../../Datasets/BirdClef/features/Sittasomus griseicapillus_Olivaceous Woodcreeper/XC23762.npy,../../Datasets/BirdClef/audio/Sittasomus griseicapillus_Olivaceous Woodcreeper/XC23762.mp3
train,Sittasomus griseicapillus_Olivaceous Woodcreeper,../../Datasets/BirdClef/features/Sittasomus griseicapillus_Olivaceous Woodcreeper/XC435444.npy,../../Datasets/BirdClef/audio/Sittasomus griseicapillus_Olivaceous Woodcreeper/XC435444.mp3
train,Sittasomus griseicapillus_Olivaceous Woodcreeper,../../Datasets/BirdClef/features/Sittasomus griseicapillus_Olivaceous Woodcreeper/XC43269.npy,../../Datasets/BirdClef/audio/Sittasomus griseicapillus_Olivaceous Woodcreeper/XC43269.mp3
train,Sittasomus griseicapillus_Olivaceous Woodcreeper,../../Datasets/BirdClef/features/Sittasomus griseicapillus_Olivaceous Woodcreeper/XC75072.npy,../../Datasets/BirdClef/audio/Sittasomus griseicapillus_Olivaceous Woodcreeper/XC75072.mp3
train,Sittasomus griseicapillus_Olivaceous Woodcreeper,../../Datasets/BirdClef/features/Sittasomus griseicapillus_Olivaceous Woodcreeper/XC80491.npy,../../Datasets/BirdClef/audio/Sittasomus griseicapillus_Olivaceous Woodcreeper/XC80491.mp3
train,Spatula clypeata_Northern Shoveler,../../Datasets/BirdClef/features/Spatula clypeata_Northern Shoveler/XC37573.npy,../../Datasets/BirdClef/audio/Spatula clypeata_Northern Shoveler/XC37573.mp3
train,Spatula clypeata_Northern Shoveler,../../Datasets/BirdClef/features/Spatula clypeata_Northern Shoveler/XC464100.npy,../../Datasets/BirdClef/audio/Spatula clypeata_Northern Shoveler/XC464100.mp3
train,Spatula clypeata_Northern Shoveler,../../Datasets/BirdClef/features/Spatula clypeata_Northern Shoveler/XC218532.npy,../../Datasets/BirdClef/audio/Spatula clypeata_Northern Shoveler/XC218532.mp3
train,Spatula clypeata_Northern Shoveler,../../Datasets/BirdClef/features/Spatula clypeata_Northern Shoveler/XC190728.npy,../../Datasets/BirdClef/audio/Spatula clypeata_Northern Shoveler/XC190728.mp3
train,Spatula clypeata_Northern Shoveler,../../Datasets/BirdClef/features/Spatula clypeata_Northern Shoveler/XC481274.npy,../../Datasets/BirdClef/audio/Spatula clypeata_Northern Shoveler/XC481274.mp3
train,Spatula discors_Blue-winged Teal,../../Datasets/BirdClef/features/Spatula discors_Blue-winged Teal/XC363099.npy,../../Datasets/BirdClef/audio/Spatula discors_Blue-winged Teal/XC363099.mp3
train,Spatula discors_Blue-winged Teal,../../Datasets/BirdClef/features/Spatula discors_Blue-winged Teal/XC52153.npy,../../Datasets/BirdClef/audio/Spatula discors_Blue-winged Teal/XC52153.mp3
train,Spatula discors_Blue-winged Teal,../../Datasets/BirdClef/features/Spatula discors_Blue-winged Teal/XC173306.npy,../../Datasets/BirdClef/audio/Spatula discors_Blue-winged Teal/XC173306.mp3
train,Spatula discors_Blue-winged Teal,../../Datasets/BirdClef/features/Spatula discors_Blue-winged Teal/XC184981.npy,../../Datasets/BirdClef/audio/Spatula discors_Blue-winged Teal/XC184981.mp3
train,Spatula discors_Blue-winged Teal,../../Datasets/BirdClef/features/Spatula discors_Blue-winged Teal/XC16917.npy,../../Datasets/BirdClef/audio/Spatula discors_Blue-winged Teal/XC16917.mp3
train,Spatula querquedula_Garganey,../../Datasets/BirdClef/features/Spatula querquedula_Garganey/XC410671.npy,../../Datasets/BirdClef/audio/Spatula querquedula_Garganey/XC410671.mp3
train,Spatula querquedula_Garganey,../../Datasets/BirdClef/features/Spatula querquedula_Garganey/XC190746.npy,../../Datasets/BirdClef/audio/Spatula querquedula_Garganey/XC190746.mp3
train,Spatula querquedula_Garganey,../../Datasets/BirdClef/features/Spatula querquedula_Garganey/XC130264.npy,../../Datasets/BirdClef/audio/Spatula querquedula_Garganey/XC130264.mp3
train,Spatula querquedula_Garganey,../../Datasets/BirdClef/features/Spatula querquedula_Garganey/XC473268.npy,../../Datasets/BirdClef/audio/Spatula querquedula_Garganey/XC473268.mp3
train,Spatula querquedula_Garganey,../../Datasets/BirdClef/features/Spatula querquedula_Garganey/XC362417.npy,../../Datasets/BirdClef/audio/Spatula querquedula_Garganey/XC362417.mp3
train,Sphyrapicus varius_Yellow-bellied Sapsucker,../../Datasets/BirdClef/features/Sphyrapicus varius_Yellow-bellied Sapsucker/XC421277.npy,../../Datasets/BirdClef/audio/Sphyrapicus varius_Yellow-bellied Sapsucker/XC421277.mp3
train,Sphyrapicus varius_Yellow-bellied Sapsucker,../../Datasets/BirdClef/features/Sphyrapicus varius_Yellow-bellied Sapsucker/XC101888.npy,../../Datasets/BirdClef/audio/Sphyrapicus varius_Yellow-bellied Sapsucker/XC101888.mp3
train,Sphyrapicus varius_Yellow-bellied Sapsucker,../../Datasets/BirdClef/features/Sphyrapicus varius_Yellow-bellied Sapsucker/XC101889.npy,../../Datasets/BirdClef/audio/Sphyrapicus varius_Yellow-bellied Sapsucker/XC101889.mp3
train,Sphyrapicus varius_Yellow-bellied Sapsucker,../../Datasets/BirdClef/features/Sphyrapicus varius_Yellow-bellied Sapsucker/XC387634.npy,../../Datasets/BirdClef/audio/Sphyrapicus varius_Yellow-bellied Sapsucker/XC387634.mp3
train,Sphyrapicus varius_Yellow-bellied Sapsucker,../../Datasets/BirdClef/features/Sphyrapicus varius_Yellow-bellied Sapsucker/XC214965.npy,../../Datasets/BirdClef/audio/Sphyrapicus varius_Yellow-bellied Sapsucker/XC214965.mp3
train,Spinus pinus_Pine Siskin,../../Datasets/BirdClef/features/Spinus pinus_Pine Siskin/XC160253.npy,../../Datasets/BirdClef/audio/Spinus pinus_Pine Siskin/XC160253.mp3
train,Spinus pinus_Pine Siskin,../../Datasets/BirdClef/features/Spinus pinus_Pine Siskin/XC227404.npy,../../Datasets/BirdClef/audio/Spinus pinus_Pine Siskin/XC227404.mp3
train,Spinus pinus_Pine Siskin,../../Datasets/BirdClef/features/Spinus pinus_Pine Siskin/XC225786.npy,../../Datasets/BirdClef/audio/Spinus pinus_Pine Siskin/XC225786.mp3
train,Spinus pinus_Pine Siskin,../../Datasets/BirdClef/features/Spinus pinus_Pine Siskin/XC139756.npy,../../Datasets/BirdClef/audio/Spinus pinus_Pine Siskin/XC139756.mp3
train,Spinus pinus_Pine Siskin,../../Datasets/BirdClef/features/Spinus pinus_Pine Siskin/XC447396.npy,../../Datasets/BirdClef/audio/Spinus pinus_Pine Siskin/XC447396.mp3
train,Spinus psaltria_Lesser Goldfinch,../../Datasets/BirdClef/features/Spinus psaltria_Lesser Goldfinch/XC220448.npy,../../Datasets/BirdClef/audio/Spinus psaltria_Lesser Goldfinch/XC220448.mp3
train,Spinus psaltria_Lesser Goldfinch,../../Datasets/BirdClef/features/Spinus psaltria_Lesser Goldfinch/XC144338.npy,../../Datasets/BirdClef/audio/Spinus psaltria_Lesser Goldfinch/XC144338.mp3
train,Spinus psaltria_Lesser Goldfinch,../../Datasets/BirdClef/features/Spinus psaltria_Lesser Goldfinch/XC320140.npy,../../Datasets/BirdClef/audio/Spinus psaltria_Lesser Goldfinch/XC320140.mp3
train,Spinus psaltria_Lesser Goldfinch,../../Datasets/BirdClef/features/Spinus psaltria_Lesser Goldfinch/XC255636.npy,../../Datasets/BirdClef/audio/Spinus psaltria_Lesser Goldfinch/XC255636.mp3
train,Spinus psaltria_Lesser Goldfinch,../../Datasets/BirdClef/features/Spinus psaltria_Lesser Goldfinch/XC442304.npy,../../Datasets/BirdClef/audio/Spinus psaltria_Lesser Goldfinch/XC442304.mp3
train,Spinus spinus_Eurasian Siskin,../../Datasets/BirdClef/features/Spinus spinus_Eurasian Siskin/XC270147.npy,../../Datasets/BirdClef/audio/Spinus spinus_Eurasian Siskin/XC270147.mp3
train,Spinus spinus_Eurasian Siskin,../../Datasets/BirdClef/features/Spinus spinus_Eurasian Siskin/XC263918.npy,../../Datasets/BirdClef/audio/Spinus spinus_Eurasian Siskin/XC263918.mp3
train,Spinus spinus_Eurasian Siskin,../../Datasets/BirdClef/features/Spinus spinus_Eurasian Siskin/XC214158.npy,../../Datasets/BirdClef/audio/Spinus spinus_Eurasian Siskin/XC214158.mp3
train,Spinus spinus_Eurasian Siskin,../../Datasets/BirdClef/features/Spinus spinus_Eurasian Siskin/XC35045.npy,../../Datasets/BirdClef/audio/Spinus spinus_Eurasian Siskin/XC35045.mp3
train,Spinus spinus_Eurasian Siskin,../../Datasets/BirdClef/features/Spinus spinus_Eurasian Siskin/XC462996.npy,../../Datasets/BirdClef/audio/Spinus spinus_Eurasian Siskin/XC462996.mp3
train,Spinus tristis_American Goldfinch,../../Datasets/BirdClef/features/Spinus tristis_American Goldfinch/XC294424.npy,../../Datasets/BirdClef/audio/Spinus tristis_American Goldfinch/XC294424.mp3
train,Spinus tristis_American Goldfinch,../../Datasets/BirdClef/features/Spinus tristis_American Goldfinch/XC325098.npy,../../Datasets/BirdClef/audio/Spinus tristis_American Goldfinch/XC325098.mp3
train,Spinus tristis_American Goldfinch,../../Datasets/BirdClef/features/Spinus tristis_American Goldfinch/XC159207.npy,../../Datasets/BirdClef/audio/Spinus tristis_American Goldfinch/XC159207.mp3
train,Spinus tristis_American Goldfinch,../../Datasets/BirdClef/features/Spinus tristis_American Goldfinch/XC169082.npy,../../Datasets/BirdClef/audio/Spinus tristis_American Goldfinch/XC169082.mp3
train,Spinus tristis_American Goldfinch,../../Datasets/BirdClef/features/Spinus tristis_American Goldfinch/XC159604.npy,../../Datasets/BirdClef/audio/Spinus tristis_American Goldfinch/XC159604.mp3
train,Spizaetus ornatus_Ornate Hawk-Eagle,../../Datasets/BirdClef/features/Spizaetus ornatus_Ornate Hawk-Eagle/XC229827.npy,../../Datasets/BirdClef/audio/Spizaetus ornatus_Ornate Hawk-Eagle/XC229827.mp3
train,Spizaetus ornatus_Ornate Hawk-Eagle,../../Datasets/BirdClef/features/Spizaetus ornatus_Ornate Hawk-Eagle/XC315464.npy,../../Datasets/BirdClef/audio/Spizaetus ornatus_Ornate Hawk-Eagle/XC315464.mp3
train,Spizaetus ornatus_Ornate Hawk-Eagle,../../Datasets/BirdClef/features/Spizaetus ornatus_Ornate Hawk-Eagle/XC148098.npy,../../Datasets/BirdClef/audio/Spizaetus ornatus_Ornate Hawk-Eagle/XC148098.mp3
train,Spizaetus ornatus_Ornate Hawk-Eagle,../../Datasets/BirdClef/features/Spizaetus ornatus_Ornate Hawk-Eagle/XC213674.npy,../../Datasets/BirdClef/audio/Spizaetus ornatus_Ornate Hawk-Eagle/XC213674.mp3
train,Spizaetus ornatus_Ornate Hawk-Eagle,../../Datasets/BirdClef/features/Spizaetus ornatus_Ornate Hawk-Eagle/XC129555.npy,../../Datasets/BirdClef/audio/Spizaetus ornatus_Ornate Hawk-Eagle/XC129555.mp3
train,Spizaetus tyrannus_Black Hawk-Eagle,../../Datasets/BirdClef/features/Spizaetus tyrannus_Black Hawk-Eagle/XC42806.npy,../../Datasets/BirdClef/audio/Spizaetus tyrannus_Black Hawk-Eagle/XC42806.mp3
train,Spizaetus tyrannus_Black Hawk-Eagle,../../Datasets/BirdClef/features/Spizaetus tyrannus_Black Hawk-Eagle/XC26944.npy,../../Datasets/BirdClef/audio/Spizaetus tyrannus_Black Hawk-Eagle/XC26944.mp3
train,Spizaetus tyrannus_Black Hawk-Eagle,../../Datasets/BirdClef/features/Spizaetus tyrannus_Black Hawk-Eagle/XC229832.npy,../../Datasets/BirdClef/audio/Spizaetus tyrannus_Black Hawk-Eagle/XC229832.mp3
train,Spizaetus tyrannus_Black Hawk-Eagle,../../Datasets/BirdClef/features/Spizaetus tyrannus_Black Hawk-Eagle/XC237603.npy,../../Datasets/BirdClef/audio/Spizaetus tyrannus_Black Hawk-Eagle/XC237603.mp3
train,Spizaetus tyrannus_Black Hawk-Eagle,../../Datasets/BirdClef/features/Spizaetus tyrannus_Black Hawk-Eagle/XC161873.npy,../../Datasets/BirdClef/audio/Spizaetus tyrannus_Black Hawk-Eagle/XC161873.mp3
train,Spizella breweri_Brewer's Sparrow,../../Datasets/BirdClef/features/Spizella breweri_Brewer's Sparrow/XC483211.npy,../../Datasets/BirdClef/audio/Spizella breweri_Brewer's Sparrow/XC483211.mp3
train,Spizella breweri_Brewer's Sparrow,../../Datasets/BirdClef/features/Spizella breweri_Brewer's Sparrow/XC13815.npy,../../Datasets/BirdClef/audio/Spizella breweri_Brewer's Sparrow/XC13815.mp3
train,Spizella breweri_Brewer's Sparrow,../../Datasets/BirdClef/features/Spizella breweri_Brewer's Sparrow/XC188130.npy,../../Datasets/BirdClef/audio/Spizella breweri_Brewer's Sparrow/XC188130.mp3
train,Spizella breweri_Brewer's Sparrow,../../Datasets/BirdClef/features/Spizella breweri_Brewer's Sparrow/XC471066.npy,../../Datasets/BirdClef/audio/Spizella breweri_Brewer's Sparrow/XC471066.mp3
train,Spizella breweri_Brewer's Sparrow,../../Datasets/BirdClef/features/Spizella breweri_Brewer's Sparrow/XC369989.npy,../../Datasets/BirdClef/audio/Spizella breweri_Brewer's Sparrow/XC369989.mp3
train,Spizella passerina_Chipping Sparrow,../../Datasets/BirdClef/features/Spizella passerina_Chipping Sparrow/XC125183.npy,../../Datasets/BirdClef/audio/Spizella passerina_Chipping Sparrow/XC125183.mp3
train,Spizella passerina_Chipping Sparrow,../../Datasets/BirdClef/features/Spizella passerina_Chipping Sparrow/XC444639.npy,../../Datasets/BirdClef/audio/Spizella passerina_Chipping Sparrow/XC444639.mp3
train,Spizella passerina_Chipping Sparrow,../../Datasets/BirdClef/features/Spizella passerina_Chipping Sparrow/XC325097.npy,../../Datasets/BirdClef/audio/Spizella passerina_Chipping Sparrow/XC325097.mp3
train,Spizella passerina_Chipping Sparrow,../../Datasets/BirdClef/features/Spizella passerina_Chipping Sparrow/XC327741.npy,../../Datasets/BirdClef/audio/Spizella passerina_Chipping Sparrow/XC327741.mp3
train,Spizella passerina_Chipping Sparrow,../../Datasets/BirdClef/features/Spizella passerina_Chipping Sparrow/XC467080.npy,../../Datasets/BirdClef/audio/Spizella passerina_Chipping Sparrow/XC467080.mp3
train,Spizella pusilla_Field Sparrow,../../Datasets/BirdClef/features/Spizella pusilla_Field Sparrow/XC31118.npy,../../Datasets/BirdClef/audio/Spizella pusilla_Field Sparrow/XC31118.mp3
train,Spizella pusilla_Field Sparrow,../../Datasets/BirdClef/features/Spizella pusilla_Field Sparrow/XC124892.npy,../../Datasets/BirdClef/audio/Spizella pusilla_Field Sparrow/XC124892.mp3
train,Spizella pusilla_Field Sparrow,../../Datasets/BirdClef/features/Spizella pusilla_Field Sparrow/XC418069.npy,../../Datasets/BirdClef/audio/Spizella pusilla_Field Sparrow/XC418069.mp3
train,Spizella pusilla_Field Sparrow,../../Datasets/BirdClef/features/Spizella pusilla_Field Sparrow/XC317955.npy,../../Datasets/BirdClef/audio/Spizella pusilla_Field Sparrow/XC317955.mp3
train,Spizella pusilla_Field Sparrow,../../Datasets/BirdClef/features/Spizella pusilla_Field Sparrow/XC425791.npy,../../Datasets/BirdClef/audio/Spizella pusilla_Field Sparrow/XC425791.mp3
train,Spizelloides arborea_American Tree Sparrow,../../Datasets/BirdClef/features/Spizelloides arborea_American Tree Sparrow/XC394107.npy,../../Datasets/BirdClef/audio/Spizelloides arborea_American Tree Sparrow/XC394107.mp3
train,Spizelloides arborea_American Tree Sparrow,../../Datasets/BirdClef/features/Spizelloides arborea_American Tree Sparrow/XC177477.npy,../../Datasets/BirdClef/audio/Spizelloides arborea_American Tree Sparrow/XC177477.mp3
train,Spizelloides arborea_American Tree Sparrow,../../Datasets/BirdClef/features/Spizelloides arborea_American Tree Sparrow/XC389920.npy,../../Datasets/BirdClef/audio/Spizelloides arborea_American Tree Sparrow/XC389920.mp3
train,Spizelloides arborea_American Tree Sparrow,../../Datasets/BirdClef/features/Spizelloides arborea_American Tree Sparrow/XC43841.npy,../../Datasets/BirdClef/audio/Spizelloides arborea_American Tree Sparrow/XC43841.mp3
train,Spizelloides arborea_American Tree Sparrow,../../Datasets/BirdClef/features/Spizelloides arborea_American Tree Sparrow/XC345976.npy,../../Datasets/BirdClef/audio/Spizelloides arborea_American Tree Sparrow/XC345976.mp3
train,Sporophila angolensis_Chestnut-bellied Seed-Finch,../../Datasets/BirdClef/features/Sporophila angolensis_Chestnut-bellied Seed-Finch/XC227035.npy,../../Datasets/BirdClef/audio/Sporophila angolensis_Chestnut-bellied Seed-Finch/XC227035.mp3
train,Sporophila angolensis_Chestnut-bellied Seed-Finch,../../Datasets/BirdClef/features/Sporophila angolensis_Chestnut-bellied Seed-Finch/XC471414.npy,../../Datasets/BirdClef/audio/Sporophila angolensis_Chestnut-bellied Seed-Finch/XC471414.mp3
train,Sporophila angolensis_Chestnut-bellied Seed-Finch,../../Datasets/BirdClef/features/Sporophila angolensis_Chestnut-bellied Seed-Finch/XC242912.npy,../../Datasets/BirdClef/audio/Sporophila angolensis_Chestnut-bellied Seed-Finch/XC242912.mp3
train,Sporophila angolensis_Chestnut-bellied Seed-Finch,../../Datasets/BirdClef/features/Sporophila angolensis_Chestnut-bellied Seed-Finch/XC251288.npy,../../Datasets/BirdClef/audio/Sporophila angolensis_Chestnut-bellied Seed-Finch/XC251288.mp3
train,Sporophila angolensis_Chestnut-bellied Seed-Finch,../../Datasets/BirdClef/features/Sporophila angolensis_Chestnut-bellied Seed-Finch/XC216327.npy,../../Datasets/BirdClef/audio/Sporophila angolensis_Chestnut-bellied Seed-Finch/XC216327.mp3
train,Sporophila caerulescens_Double-collared Seedeater,../../Datasets/BirdClef/features/Sporophila caerulescens_Double-collared Seedeater/XC51924.npy,../../Datasets/BirdClef/audio/Sporophila caerulescens_Double-collared Seedeater/XC51924.mp3
train,Sporophila caerulescens_Double-collared Seedeater,../../Datasets/BirdClef/features/Sporophila caerulescens_Double-collared Seedeater/XC212242.npy,../../Datasets/BirdClef/audio/Sporophila caerulescens_Double-collared Seedeater/XC212242.mp3
train,Sporophila caerulescens_Double-collared Seedeater,../../Datasets/BirdClef/features/Sporophila caerulescens_Double-collared Seedeater/XC397293.npy,../../Datasets/BirdClef/audio/Sporophila caerulescens_Double-collared Seedeater/XC397293.mp3
train,Sporophila caerulescens_Double-collared Seedeater,../../Datasets/BirdClef/features/Sporophila caerulescens_Double-collared Seedeater/XC9257.npy,../../Datasets/BirdClef/audio/Sporophila caerulescens_Double-collared Seedeater/XC9257.mp3
train,Sporophila caerulescens_Double-collared Seedeater,../../Datasets/BirdClef/features/Sporophila caerulescens_Double-collared Seedeater/XC32421.npy,../../Datasets/BirdClef/audio/Sporophila caerulescens_Double-collared Seedeater/XC32421.mp3
train,Sporophila lineola_Lined Seedeater,../../Datasets/BirdClef/features/Sporophila lineola_Lined Seedeater/XC291916.npy,../../Datasets/BirdClef/audio/Sporophila lineola_Lined Seedeater/XC291916.mp3
train,Sporophila lineola_Lined Seedeater,../../Datasets/BirdClef/features/Sporophila lineola_Lined Seedeater/XC173314.npy,../../Datasets/BirdClef/audio/Sporophila lineola_Lined Seedeater/XC173314.mp3
train,Sporophila lineola_Lined Seedeater,../../Datasets/BirdClef/features/Sporophila lineola_Lined Seedeater/XC119365.npy,../../Datasets/BirdClef/audio/Sporophila lineola_Lined Seedeater/XC119365.mp3
train,Sporophila lineola_Lined Seedeater,../../Datasets/BirdClef/features/Sporophila lineola_Lined Seedeater/XC16788.npy,../../Datasets/BirdClef/audio/Sporophila lineola_Lined Seedeater/XC16788.mp3
train,Sporophila lineola_Lined Seedeater,../../Datasets/BirdClef/features/Sporophila lineola_Lined Seedeater/XC10299.npy,../../Datasets/BirdClef/audio/Sporophila lineola_Lined Seedeater/XC10299.mp3
train,Sporophila luctuosa_Black-and-white Seedeater,../../Datasets/BirdClef/features/Sporophila luctuosa_Black-and-white Seedeater/XC47503.npy,../../Datasets/BirdClef/audio/Sporophila luctuosa_Black-and-white Seedeater/XC47503.mp3
train,Sporophila luctuosa_Black-and-white Seedeater,../../Datasets/BirdClef/features/Sporophila luctuosa_Black-and-white Seedeater/XC216616.npy,../../Datasets/BirdClef/audio/Sporophila luctuosa_Black-and-white Seedeater/XC216616.mp3
train,Sporophila luctuosa_Black-and-white Seedeater,../../Datasets/BirdClef/features/Sporophila luctuosa_Black-and-white Seedeater/XC93753.npy,../../Datasets/BirdClef/audio/Sporophila luctuosa_Black-and-white Seedeater/XC93753.mp3
train,Sporophila luctuosa_Black-and-white Seedeater,../../Datasets/BirdClef/features/Sporophila luctuosa_Black-and-white Seedeater/XC251562.npy,../../Datasets/BirdClef/audio/Sporophila luctuosa_Black-and-white Seedeater/XC251562.mp3
train,Sporophila luctuosa_Black-and-white Seedeater,../../Datasets/BirdClef/features/Sporophila luctuosa_Black-and-white Seedeater/XC243110.npy,../../Datasets/BirdClef/audio/Sporophila luctuosa_Black-and-white Seedeater/XC243110.mp3
train,Sporophila schistacea_Slate-colored Seedeater,../../Datasets/BirdClef/features/Sporophila schistacea_Slate-colored Seedeater/XC61921.npy,../../Datasets/BirdClef/audio/Sporophila schistacea_Slate-colored Seedeater/XC61921.mp3
train,Sporophila schistacea_Slate-colored Seedeater,../../Datasets/BirdClef/features/Sporophila schistacea_Slate-colored Seedeater/XC124887.npy,../../Datasets/BirdClef/audio/Sporophila schistacea_Slate-colored Seedeater/XC124887.mp3
train,Sporophila schistacea_Slate-colored Seedeater,../../Datasets/BirdClef/features/Sporophila schistacea_Slate-colored Seedeater/XC165807.npy,../../Datasets/BirdClef/audio/Sporophila schistacea_Slate-colored Seedeater/XC165807.mp3
train,Sporophila schistacea_Slate-colored Seedeater,../../Datasets/BirdClef/features/Sporophila schistacea_Slate-colored Seedeater/XC276507.npy,../../Datasets/BirdClef/audio/Sporophila schistacea_Slate-colored Seedeater/XC276507.mp3
train,Sporophila schistacea_Slate-colored Seedeater,../../Datasets/BirdClef/features/Sporophila schistacea_Slate-colored Seedeater/XC327451.npy,../../Datasets/BirdClef/audio/Sporophila schistacea_Slate-colored Seedeater/XC327451.mp3
train,Stelgidopteryx ruficollis_Southern Rough-winged Swallow,../../Datasets/BirdClef/features/Stelgidopteryx ruficollis_Southern Rough-winged Swallow/XC292345.npy,../../Datasets/BirdClef/audio/Stelgidopteryx ruficollis_Southern Rough-winged Swallow/XC292345.mp3
train,Stelgidopteryx ruficollis_Southern Rough-winged Swallow,../../Datasets/BirdClef/features/Stelgidopteryx ruficollis_Southern Rough-winged Swallow/XC212247.npy,../../Datasets/BirdClef/audio/Stelgidopteryx ruficollis_Southern Rough-winged Swallow/XC212247.mp3
train,Stelgidopteryx ruficollis_Southern Rough-winged Swallow,../../Datasets/BirdClef/features/Stelgidopteryx ruficollis_Southern Rough-winged Swallow/XC261059.npy,../../Datasets/BirdClef/audio/Stelgidopteryx ruficollis_Southern Rough-winged Swallow/XC261059.mp3
train,Stelgidopteryx ruficollis_Southern Rough-winged Swallow,../../Datasets/BirdClef/features/Stelgidopteryx ruficollis_Southern Rough-winged Swallow/XC259273.npy,../../Datasets/BirdClef/audio/Stelgidopteryx ruficollis_Southern Rough-winged Swallow/XC259273.mp3
train,Stelgidopteryx ruficollis_Southern Rough-winged Swallow,../../Datasets/BirdClef/features/Stelgidopteryx ruficollis_Southern Rough-winged Swallow/XC105626.npy,../../Datasets/BirdClef/audio/Stelgidopteryx ruficollis_Southern Rough-winged Swallow/XC105626.mp3
train,Sterna hirundo_Common Tern,../../Datasets/BirdClef/features/Sterna hirundo_Common Tern/XC492650.npy,../../Datasets/BirdClef/audio/Sterna hirundo_Common Tern/XC492650.mp3
train,Sterna hirundo_Common Tern,../../Datasets/BirdClef/features/Sterna hirundo_Common Tern/XC380420.npy,../../Datasets/BirdClef/audio/Sterna hirundo_Common Tern/XC380420.mp3
train,Sterna hirundo_Common Tern,../../Datasets/BirdClef/features/Sterna hirundo_Common Tern/XC356376.npy,../../Datasets/BirdClef/audio/Sterna hirundo_Common Tern/XC356376.mp3
train,Sterna hirundo_Common Tern,../../Datasets/BirdClef/features/Sterna hirundo_Common Tern/XC492651.npy,../../Datasets/BirdClef/audio/Sterna hirundo_Common Tern/XC492651.mp3
train,Sterna hirundo_Common Tern,../../Datasets/BirdClef/features/Sterna hirundo_Common Tern/XC281209.npy,../../Datasets/BirdClef/audio/Sterna hirundo_Common Tern/XC281209.mp3
train,Streptopelia decaocto_Eurasian Collared-Dove,../../Datasets/BirdClef/features/Streptopelia decaocto_Eurasian Collared-Dove/XC148871.npy,../../Datasets/BirdClef/audio/Streptopelia decaocto_Eurasian Collared-Dove/XC148871.mp3
train,Streptopelia decaocto_Eurasian Collared-Dove,../../Datasets/BirdClef/features/Streptopelia decaocto_Eurasian Collared-Dove/XC481134.npy,../../Datasets/BirdClef/audio/Streptopelia decaocto_Eurasian Collared-Dove/XC481134.mp3
train,Streptopelia decaocto_Eurasian Collared-Dove,../../Datasets/BirdClef/features/Streptopelia decaocto_Eurasian Collared-Dove/XC112764.npy,../../Datasets/BirdClef/audio/Streptopelia decaocto_Eurasian Collared-Dove/XC112764.mp3
train,Streptopelia decaocto_Eurasian Collared-Dove,../../Datasets/BirdClef/features/Streptopelia decaocto_Eurasian Collared-Dove/XC114078.npy,../../Datasets/BirdClef/audio/Streptopelia decaocto_Eurasian Collared-Dove/XC114078.mp3
train,Streptopelia decaocto_Eurasian Collared-Dove,../../Datasets/BirdClef/features/Streptopelia decaocto_Eurasian Collared-Dove/XC444231.npy,../../Datasets/BirdClef/audio/Streptopelia decaocto_Eurasian Collared-Dove/XC444231.mp3
train,Streptopelia turtur_European Turtle-Dove,../../Datasets/BirdClef/features/Streptopelia turtur_European Turtle-Dove/XC215594.npy,../../Datasets/BirdClef/audio/Streptopelia turtur_European Turtle-Dove/XC215594.mp3
train,Streptopelia turtur_European Turtle-Dove,../../Datasets/BirdClef/features/Streptopelia turtur_European Turtle-Dove/XC58791.npy,../../Datasets/BirdClef/audio/Streptopelia turtur_European Turtle-Dove/XC58791.mp3
train,Streptopelia turtur_European Turtle-Dove,../../Datasets/BirdClef/features/Streptopelia turtur_European Turtle-Dove/XC414047.npy,../../Datasets/BirdClef/audio/Streptopelia turtur_European Turtle-Dove/XC414047.mp3
train,Streptopelia turtur_European Turtle-Dove,../../Datasets/BirdClef/features/Streptopelia turtur_European Turtle-Dove/XC317272.npy,../../Datasets/BirdClef/audio/Streptopelia turtur_European Turtle-Dove/XC317272.mp3
train,Streptopelia turtur_European Turtle-Dove,../../Datasets/BirdClef/features/Streptopelia turtur_European Turtle-Dove/XC181391.npy,../../Datasets/BirdClef/audio/Streptopelia turtur_European Turtle-Dove/XC181391.mp3
train,Streptoprocne zonaris_White-collared Swift,../../Datasets/BirdClef/features/Streptoprocne zonaris_White-collared Swift/XC326954.npy,../../Datasets/BirdClef/audio/Streptoprocne zonaris_White-collared Swift/XC326954.mp3
train,Streptoprocne zonaris_White-collared Swift,../../Datasets/BirdClef/features/Streptoprocne zonaris_White-collared Swift/XC436086.npy,../../Datasets/BirdClef/audio/Streptoprocne zonaris_White-collared Swift/XC436086.mp3
train,Streptoprocne zonaris_White-collared Swift,../../Datasets/BirdClef/features/Streptoprocne zonaris_White-collared Swift/XC260444.npy,../../Datasets/BirdClef/audio/Streptoprocne zonaris_White-collared Swift/XC260444.mp3
train,Streptoprocne zonaris_White-collared Swift,../../Datasets/BirdClef/features/Streptoprocne zonaris_White-collared Swift/XC274462.npy,../../Datasets/BirdClef/audio/Streptoprocne zonaris_White-collared Swift/XC274462.mp3
train,Streptoprocne zonaris_White-collared Swift,../../Datasets/BirdClef/features/Streptoprocne zonaris_White-collared Swift/XC189831.npy,../../Datasets/BirdClef/audio/Streptoprocne zonaris_White-collared Swift/XC189831.mp3
train,Sturnella magna_Eastern Meadowlark,../../Datasets/BirdClef/features/Sturnella magna_Eastern Meadowlark/XC486432.npy,../../Datasets/BirdClef/audio/Sturnella magna_Eastern Meadowlark/XC486432.mp3
train,Sturnella magna_Eastern Meadowlark,../../Datasets/BirdClef/features/Sturnella magna_Eastern Meadowlark/XC256812.npy,../../Datasets/BirdClef/audio/Sturnella magna_Eastern Meadowlark/XC256812.mp3
train,Sturnella magna_Eastern Meadowlark,../../Datasets/BirdClef/features/Sturnella magna_Eastern Meadowlark/XC163996.npy,../../Datasets/BirdClef/audio/Sturnella magna_Eastern Meadowlark/XC163996.mp3
train,Sturnella magna_Eastern Meadowlark,../../Datasets/BirdClef/features/Sturnella magna_Eastern Meadowlark/XC163686.npy,../../Datasets/BirdClef/audio/Sturnella magna_Eastern Meadowlark/XC163686.mp3
train,Sturnella magna_Eastern Meadowlark,../../Datasets/BirdClef/features/Sturnella magna_Eastern Meadowlark/XC206329.npy,../../Datasets/BirdClef/audio/Sturnella magna_Eastern Meadowlark/XC206329.mp3
train,Sturnella neglecta_Western Meadowlark,../../Datasets/BirdClef/features/Sturnella neglecta_Western Meadowlark/XC185844.npy,../../Datasets/BirdClef/audio/Sturnella neglecta_Western Meadowlark/XC185844.mp3
train,Sturnella neglecta_Western Meadowlark,../../Datasets/BirdClef/features/Sturnella neglecta_Western Meadowlark/XC390106.npy,../../Datasets/BirdClef/audio/Sturnella neglecta_Western Meadowlark/XC390106.mp3
train,Sturnella neglecta_Western Meadowlark,../../Datasets/BirdClef/features/Sturnella neglecta_Western Meadowlark/XC232514.npy,../../Datasets/BirdClef/audio/Sturnella neglecta_Western Meadowlark/XC232514.mp3
train,Sturnella neglecta_Western Meadowlark,../../Datasets/BirdClef/features/Sturnella neglecta_Western Meadowlark/XC307459.npy,../../Datasets/BirdClef/audio/Sturnella neglecta_Western Meadowlark/XC307459.mp3
train,Sturnella neglecta_Western Meadowlark,../../Datasets/BirdClef/features/Sturnella neglecta_Western Meadowlark/XC186333.npy,../../Datasets/BirdClef/audio/Sturnella neglecta_Western Meadowlark/XC186333.mp3
train,Sturnus vulgaris_European Starling,../../Datasets/BirdClef/features/Sturnus vulgaris_European Starling/XC305556.npy,../../Datasets/BirdClef/audio/Sturnus vulgaris_European Starling/XC305556.mp3
train,Sturnus vulgaris_European Starling,../../Datasets/BirdClef/features/Sturnus vulgaris_European Starling/XC17173.npy,../../Datasets/BirdClef/audio/Sturnus vulgaris_European Starling/XC17173.mp3
train,Sturnus vulgaris_European Starling,../../Datasets/BirdClef/features/Sturnus vulgaris_European Starling/XC361482.npy,../../Datasets/BirdClef/audio/Sturnus vulgaris_European Starling/XC361482.mp3
train,Sturnus vulgaris_European Starling,../../Datasets/BirdClef/features/Sturnus vulgaris_European Starling/XC239266.npy,../../Datasets/BirdClef/audio/Sturnus vulgaris_European Starling/XC239266.mp3
train,Sturnus vulgaris_European Starling,../../Datasets/BirdClef/features/Sturnus vulgaris_European Starling/XC263970.npy,../../Datasets/BirdClef/audio/Sturnus vulgaris_European Starling/XC263970.mp3
train,Sublegatus modestus_Southern Scrub-Flycatcher,../../Datasets/BirdClef/features/Sublegatus modestus_Southern Scrub-Flycatcher/XC60837.npy,../../Datasets/BirdClef/audio/Sublegatus modestus_Southern Scrub-Flycatcher/XC60837.mp3
train,Sublegatus modestus_Southern Scrub-Flycatcher,../../Datasets/BirdClef/features/Sublegatus modestus_Southern Scrub-Flycatcher/XC60838.npy,../../Datasets/BirdClef/audio/Sublegatus modestus_Southern Scrub-Flycatcher/XC60838.mp3
train,Sublegatus modestus_Southern Scrub-Flycatcher,../../Datasets/BirdClef/features/Sublegatus modestus_Southern Scrub-Flycatcher/XC273182.npy,../../Datasets/BirdClef/audio/Sublegatus modestus_Southern Scrub-Flycatcher/XC273182.mp3
train,Sublegatus modestus_Southern Scrub-Flycatcher,../../Datasets/BirdClef/features/Sublegatus modestus_Southern Scrub-Flycatcher/XC444532.npy,../../Datasets/BirdClef/audio/Sublegatus modestus_Southern Scrub-Flycatcher/XC444532.mp3
train,Sublegatus modestus_Southern Scrub-Flycatcher,../../Datasets/BirdClef/features/Sublegatus modestus_Southern Scrub-Flycatcher/XC174778.npy,../../Datasets/BirdClef/audio/Sublegatus modestus_Southern Scrub-Flycatcher/XC174778.mp3
train,Sylvia atricapilla_Eurasian Blackcap,../../Datasets/BirdClef/features/Sylvia atricapilla_Eurasian Blackcap/XC236957.npy,../../Datasets/BirdClef/audio/Sylvia atricapilla_Eurasian Blackcap/XC236957.mp3
train,Sylvia atricapilla_Eurasian Blackcap,../../Datasets/BirdClef/features/Sylvia atricapilla_Eurasian Blackcap/XC256707.npy,../../Datasets/BirdClef/audio/Sylvia atricapilla_Eurasian Blackcap/XC256707.mp3
train,Sylvia atricapilla_Eurasian Blackcap,../../Datasets/BirdClef/features/Sylvia atricapilla_Eurasian Blackcap/XC288130.npy,../../Datasets/BirdClef/audio/Sylvia atricapilla_Eurasian Blackcap/XC288130.mp3
train,Sylvia atricapilla_Eurasian Blackcap,../../Datasets/BirdClef/features/Sylvia atricapilla_Eurasian Blackcap/XC288107.npy,../../Datasets/BirdClef/audio/Sylvia atricapilla_Eurasian Blackcap/XC288107.mp3
train,Sylvia atricapilla_Eurasian Blackcap,../../Datasets/BirdClef/features/Sylvia atricapilla_Eurasian Blackcap/XC212859.npy,../../Datasets/BirdClef/audio/Sylvia atricapilla_Eurasian Blackcap/XC212859.mp3
train,Sylvia borin_Garden Warbler,../../Datasets/BirdClef/features/Sylvia borin_Garden Warbler/XC322215.npy,../../Datasets/BirdClef/audio/Sylvia borin_Garden Warbler/XC322215.mp3
train,Sylvia borin_Garden Warbler,../../Datasets/BirdClef/features/Sylvia borin_Garden Warbler/XC103856.npy,../../Datasets/BirdClef/audio/Sylvia borin_Garden Warbler/XC103856.mp3
train,Sylvia borin_Garden Warbler,../../Datasets/BirdClef/features/Sylvia borin_Garden Warbler/XC344136.npy,../../Datasets/BirdClef/audio/Sylvia borin_Garden Warbler/XC344136.mp3
train,Sylvia borin_Garden Warbler,../../Datasets/BirdClef/features/Sylvia borin_Garden Warbler/XC316757.npy,../../Datasets/BirdClef/audio/Sylvia borin_Garden Warbler/XC316757.mp3
train,Sylvia borin_Garden Warbler,../../Datasets/BirdClef/features/Sylvia borin_Garden Warbler/XC312876.npy,../../Datasets/BirdClef/audio/Sylvia borin_Garden Warbler/XC312876.mp3
train,Sylvia communis_Greater Whitethroat,../../Datasets/BirdClef/features/Sylvia communis_Greater Whitethroat/XC188723.npy,../../Datasets/BirdClef/audio/Sylvia communis_Greater Whitethroat/XC188723.mp3
train,Sylvia communis_Greater Whitethroat,../../Datasets/BirdClef/features/Sylvia communis_Greater Whitethroat/XC182326.npy,../../Datasets/BirdClef/audio/Sylvia communis_Greater Whitethroat/XC182326.mp3
train,Sylvia communis_Greater Whitethroat,../../Datasets/BirdClef/features/Sylvia communis_Greater Whitethroat/XC256109.npy,../../Datasets/BirdClef/audio/Sylvia communis_Greater Whitethroat/XC256109.mp3
train,Sylvia communis_Greater Whitethroat,../../Datasets/BirdClef/features/Sylvia communis_Greater Whitethroat/XC106968.npy,../../Datasets/BirdClef/audio/Sylvia communis_Greater Whitethroat/XC106968.mp3
train,Sylvia communis_Greater Whitethroat,../../Datasets/BirdClef/features/Sylvia communis_Greater Whitethroat/XC172732.npy,../../Datasets/BirdClef/audio/Sylvia communis_Greater Whitethroat/XC172732.mp3
train,Sylvia curruca_Lesser Whitethroat,../../Datasets/BirdClef/features/Sylvia curruca_Lesser Whitethroat/XC174348.npy,../../Datasets/BirdClef/audio/Sylvia curruca_Lesser Whitethroat/XC174348.mp3
train,Sylvia curruca_Lesser Whitethroat,../../Datasets/BirdClef/features/Sylvia curruca_Lesser Whitethroat/XC152724.npy,../../Datasets/BirdClef/audio/Sylvia curruca_Lesser Whitethroat/XC152724.mp3
train,Sylvia curruca_Lesser Whitethroat,../../Datasets/BirdClef/features/Sylvia curruca_Lesser Whitethroat/XC180139.npy,../../Datasets/BirdClef/audio/Sylvia curruca_Lesser Whitethroat/XC180139.mp3
train,Sylvia curruca_Lesser Whitethroat,../../Datasets/BirdClef/features/Sylvia curruca_Lesser Whitethroat/XC134563.npy,../../Datasets/BirdClef/audio/Sylvia curruca_Lesser Whitethroat/XC134563.mp3
train,Sylvia curruca_Lesser Whitethroat,../../Datasets/BirdClef/features/Sylvia curruca_Lesser Whitethroat/XC132655.npy,../../Datasets/BirdClef/audio/Sylvia curruca_Lesser Whitethroat/XC132655.mp3
train,Synallaxis albescens_Pale-breasted Spinetail,../../Datasets/BirdClef/features/Synallaxis albescens_Pale-breasted Spinetail/XC422348.npy,../../Datasets/BirdClef/audio/Synallaxis albescens_Pale-breasted Spinetail/XC422348.mp3
train,Synallaxis albescens_Pale-breasted Spinetail,../../Datasets/BirdClef/features/Synallaxis albescens_Pale-breasted Spinetail/XC437587.npy,../../Datasets/BirdClef/audio/Synallaxis albescens_Pale-breasted Spinetail/XC437587.mp3
train,Synallaxis albescens_Pale-breasted Spinetail,../../Datasets/BirdClef/features/Synallaxis albescens_Pale-breasted Spinetail/XC147565.npy,../../Datasets/BirdClef/audio/Synallaxis albescens_Pale-breasted Spinetail/XC147565.mp3
train,Synallaxis albescens_Pale-breasted Spinetail,../../Datasets/BirdClef/features/Synallaxis albescens_Pale-breasted Spinetail/XC80574.npy,../../Datasets/BirdClef/audio/Synallaxis albescens_Pale-breasted Spinetail/XC80574.mp3
train,Synallaxis albescens_Pale-breasted Spinetail,../../Datasets/BirdClef/features/Synallaxis albescens_Pale-breasted Spinetail/XC114002.npy,../../Datasets/BirdClef/audio/Synallaxis albescens_Pale-breasted Spinetail/XC114002.mp3
train,Synallaxis albigularis_Dark-breasted Spinetail,../../Datasets/BirdClef/features/Synallaxis albigularis_Dark-breasted Spinetail/XC230159.npy,../../Datasets/BirdClef/audio/Synallaxis albigularis_Dark-breasted Spinetail/XC230159.mp3
train,Synallaxis albigularis_Dark-breasted Spinetail,../../Datasets/BirdClef/features/Synallaxis albigularis_Dark-breasted Spinetail/XC10597.npy,../../Datasets/BirdClef/audio/Synallaxis albigularis_Dark-breasted Spinetail/XC10597.mp3
train,Synallaxis albigularis_Dark-breasted Spinetail,../../Datasets/BirdClef/features/Synallaxis albigularis_Dark-breasted Spinetail/XC179539.npy,../../Datasets/BirdClef/audio/Synallaxis albigularis_Dark-breasted Spinetail/XC179539.mp3
train,Synallaxis albigularis_Dark-breasted Spinetail,../../Datasets/BirdClef/features/Synallaxis albigularis_Dark-breasted Spinetail/XC276515.npy,../../Datasets/BirdClef/audio/Synallaxis albigularis_Dark-breasted Spinetail/XC276515.mp3
train,Synallaxis albigularis_Dark-breasted Spinetail,../../Datasets/BirdClef/features/Synallaxis albigularis_Dark-breasted Spinetail/XC106822.npy,../../Datasets/BirdClef/audio/Synallaxis albigularis_Dark-breasted Spinetail/XC106822.mp3
train,Synallaxis gujanensis_Plain-crowned Spinetail,../../Datasets/BirdClef/features/Synallaxis gujanensis_Plain-crowned Spinetail/XC14301.npy,../../Datasets/BirdClef/audio/Synallaxis gujanensis_Plain-crowned Spinetail/XC14301.mp3
train,Synallaxis gujanensis_Plain-crowned Spinetail,../../Datasets/BirdClef/features/Synallaxis gujanensis_Plain-crowned Spinetail/XC274986.npy,../../Datasets/BirdClef/audio/Synallaxis gujanensis_Plain-crowned Spinetail/XC274986.mp3
train,Synallaxis gujanensis_Plain-crowned Spinetail,../../Datasets/BirdClef/features/Synallaxis gujanensis_Plain-crowned Spinetail/XC230277.npy,../../Datasets/BirdClef/audio/Synallaxis gujanensis_Plain-crowned Spinetail/XC230277.mp3
train,Synallaxis gujanensis_Plain-crowned Spinetail,../../Datasets/BirdClef/features/Synallaxis gujanensis_Plain-crowned Spinetail/XC327035.npy,../../Datasets/BirdClef/audio/Synallaxis gujanensis_Plain-crowned Spinetail/XC327035.mp3
train,Synallaxis gujanensis_Plain-crowned Spinetail,../../Datasets/BirdClef/features/Synallaxis gujanensis_Plain-crowned Spinetail/XC44478.npy,../../Datasets/BirdClef/audio/Synallaxis gujanensis_Plain-crowned Spinetail/XC44478.mp3
train,Synallaxis rutilans_Ruddy Spinetail,../../Datasets/BirdClef/features/Synallaxis rutilans_Ruddy Spinetail/XC20714.npy,../../Datasets/BirdClef/audio/Synallaxis rutilans_Ruddy Spinetail/XC20714.mp3
train,Synallaxis rutilans_Ruddy Spinetail,../../Datasets/BirdClef/features/Synallaxis rutilans_Ruddy Spinetail/XC230360.npy,../../Datasets/BirdClef/audio/Synallaxis rutilans_Ruddy Spinetail/XC230360.mp3
train,Synallaxis rutilans_Ruddy Spinetail,../../Datasets/BirdClef/features/Synallaxis rutilans_Ruddy Spinetail/XC388524.npy,../../Datasets/BirdClef/audio/Synallaxis rutilans_Ruddy Spinetail/XC388524.mp3
train,Synallaxis rutilans_Ruddy Spinetail,../../Datasets/BirdClef/features/Synallaxis rutilans_Ruddy Spinetail/XC76024.npy,../../Datasets/BirdClef/audio/Synallaxis rutilans_Ruddy Spinetail/XC76024.mp3
train,Synallaxis rutilans_Ruddy Spinetail,../../Datasets/BirdClef/features/Synallaxis rutilans_Ruddy Spinetail/XC401506.npy,../../Datasets/BirdClef/audio/Synallaxis rutilans_Ruddy Spinetail/XC401506.mp3
train,Syndactyla ucayalae_Peruvian Recurvebill,../../Datasets/BirdClef/features/Syndactyla ucayalae_Peruvian Recurvebill/XC428019.npy,../../Datasets/BirdClef/audio/Syndactyla ucayalae_Peruvian Recurvebill/XC428019.mp3
train,Syndactyla ucayalae_Peruvian Recurvebill,../../Datasets/BirdClef/features/Syndactyla ucayalae_Peruvian Recurvebill/XC676.npy,../../Datasets/BirdClef/audio/Syndactyla ucayalae_Peruvian Recurvebill/XC676.mp3
train,Syndactyla ucayalae_Peruvian Recurvebill,../../Datasets/BirdClef/features/Syndactyla ucayalae_Peruvian Recurvebill/XC61028.npy,../../Datasets/BirdClef/audio/Syndactyla ucayalae_Peruvian Recurvebill/XC61028.mp3
train,Syndactyla ucayalae_Peruvian Recurvebill,../../Datasets/BirdClef/features/Syndactyla ucayalae_Peruvian Recurvebill/XC497294.npy,../../Datasets/BirdClef/audio/Syndactyla ucayalae_Peruvian Recurvebill/XC497294.mp3
train,Syndactyla ucayalae_Peruvian Recurvebill,../../Datasets/BirdClef/features/Syndactyla ucayalae_Peruvian Recurvebill/XC102541.npy,../../Datasets/BirdClef/audio/Syndactyla ucayalae_Peruvian Recurvebill/XC102541.mp3
train,Tachybaptus dominicus_Least Grebe,../../Datasets/BirdClef/features/Tachybaptus dominicus_Least Grebe/XC413529.npy,../../Datasets/BirdClef/audio/Tachybaptus dominicus_Least Grebe/XC413529.mp3
train,Tachybaptus dominicus_Least Grebe,../../Datasets/BirdClef/features/Tachybaptus dominicus_Least Grebe/XC153567.npy,../../Datasets/BirdClef/audio/Tachybaptus dominicus_Least Grebe/XC153567.mp3
train,Tachybaptus dominicus_Least Grebe,../../Datasets/BirdClef/features/Tachybaptus dominicus_Least Grebe/XC51129.npy,../../Datasets/BirdClef/audio/Tachybaptus dominicus_Least Grebe/XC51129.mp3
train,Tachybaptus dominicus_Least Grebe,../../Datasets/BirdClef/features/Tachybaptus dominicus_Least Grebe/XC230429.npy,../../Datasets/BirdClef/audio/Tachybaptus dominicus_Least Grebe/XC230429.mp3
train,Tachybaptus dominicus_Least Grebe,../../Datasets/BirdClef/features/Tachybaptus dominicus_Least Grebe/XC123982.npy,../../Datasets/BirdClef/audio/Tachybaptus dominicus_Least Grebe/XC123982.mp3
train,Tachybaptus ruficollis_Little Grebe,../../Datasets/BirdClef/features/Tachybaptus ruficollis_Little Grebe/XC280980.npy,../../Datasets/BirdClef/audio/Tachybaptus ruficollis_Little Grebe/XC280980.mp3
train,Tachybaptus ruficollis_Little Grebe,../../Datasets/BirdClef/features/Tachybaptus ruficollis_Little Grebe/XC468696.npy,../../Datasets/BirdClef/audio/Tachybaptus ruficollis_Little Grebe/XC468696.mp3
train,Tachybaptus ruficollis_Little Grebe,../../Datasets/BirdClef/features/Tachybaptus ruficollis_Little Grebe/XC479022.npy,../../Datasets/BirdClef/audio/Tachybaptus ruficollis_Little Grebe/XC479022.mp3
train,Tachybaptus ruficollis_Little Grebe,../../Datasets/BirdClef/features/Tachybaptus ruficollis_Little Grebe/XC183433.npy,../../Datasets/BirdClef/audio/Tachybaptus ruficollis_Little Grebe/XC183433.mp3
train,Tachybaptus ruficollis_Little Grebe,../../Datasets/BirdClef/features/Tachybaptus ruficollis_Little Grebe/XC252491.npy,../../Datasets/BirdClef/audio/Tachybaptus ruficollis_Little Grebe/XC252491.mp3
train,Tachycineta bicolor_Tree Swallow,../../Datasets/BirdClef/features/Tachycineta bicolor_Tree Swallow/XC163170.npy,../../Datasets/BirdClef/audio/Tachycineta bicolor_Tree Swallow/XC163170.mp3
train,Tachycineta bicolor_Tree Swallow,../../Datasets/BirdClef/features/Tachycineta bicolor_Tree Swallow/XC160431.npy,../../Datasets/BirdClef/audio/Tachycineta bicolor_Tree Swallow/XC160431.mp3
train,Tachycineta bicolor_Tree Swallow,../../Datasets/BirdClef/features/Tachycineta bicolor_Tree Swallow/XC101362.npy,../../Datasets/BirdClef/audio/Tachycineta bicolor_Tree Swallow/XC101362.mp3
train,Tachycineta bicolor_Tree Swallow,../../Datasets/BirdClef/features/Tachycineta bicolor_Tree Swallow/XC65820.npy,../../Datasets/BirdClef/audio/Tachycineta bicolor_Tree Swallow/XC65820.mp3
train,Tachycineta bicolor_Tree Swallow,../../Datasets/BirdClef/features/Tachycineta bicolor_Tree Swallow/XC163175.npy,../../Datasets/BirdClef/audio/Tachycineta bicolor_Tree Swallow/XC163175.mp3
train,Tachycineta thalassina_Violet-green Swallow,../../Datasets/BirdClef/features/Tachycineta thalassina_Violet-green Swallow/XC109942.npy,../../Datasets/BirdClef/audio/Tachycineta thalassina_Violet-green Swallow/XC109942.mp3
train,Tachycineta thalassina_Violet-green Swallow,../../Datasets/BirdClef/features/Tachycineta thalassina_Violet-green Swallow/XC323140.npy,../../Datasets/BirdClef/audio/Tachycineta thalassina_Violet-green Swallow/XC323140.mp3
train,Tachycineta thalassina_Violet-green Swallow,../../Datasets/BirdClef/features/Tachycineta thalassina_Violet-green Swallow/XC332929.npy,../../Datasets/BirdClef/audio/Tachycineta thalassina_Violet-green Swallow/XC332929.mp3
train,Tachycineta thalassina_Violet-green Swallow,../../Datasets/BirdClef/features/Tachycineta thalassina_Violet-green Swallow/XC168034.npy,../../Datasets/BirdClef/audio/Tachycineta thalassina_Violet-green Swallow/XC168034.mp3
train,Tachycineta thalassina_Violet-green Swallow,../../Datasets/BirdClef/features/Tachycineta thalassina_Violet-green Swallow/XC336946.npy,../../Datasets/BirdClef/audio/Tachycineta thalassina_Violet-green Swallow/XC336946.mp3
train,Tachyphonus luctuosus_White-shouldered Tanager,../../Datasets/BirdClef/features/Tachyphonus luctuosus_White-shouldered Tanager/XC459921.npy,../../Datasets/BirdClef/audio/Tachyphonus luctuosus_White-shouldered Tanager/XC459921.mp3
train,Tachyphonus luctuosus_White-shouldered Tanager,../../Datasets/BirdClef/features/Tachyphonus luctuosus_White-shouldered Tanager/XC454090.npy,../../Datasets/BirdClef/audio/Tachyphonus luctuosus_White-shouldered Tanager/XC454090.mp3
train,Tachyphonus luctuosus_White-shouldered Tanager,../../Datasets/BirdClef/features/Tachyphonus luctuosus_White-shouldered Tanager/XC329228.npy,../../Datasets/BirdClef/audio/Tachyphonus luctuosus_White-shouldered Tanager/XC329228.mp3
train,Tachyphonus luctuosus_White-shouldered Tanager,../../Datasets/BirdClef/features/Tachyphonus luctuosus_White-shouldered Tanager/XC158342.npy,../../Datasets/BirdClef/audio/Tachyphonus luctuosus_White-shouldered Tanager/XC158342.mp3
train,Tachyphonus luctuosus_White-shouldered Tanager,../../Datasets/BirdClef/features/Tachyphonus luctuosus_White-shouldered Tanager/XC107339.npy,../../Datasets/BirdClef/audio/Tachyphonus luctuosus_White-shouldered Tanager/XC107339.mp3
train,Tadorna tadorna_Common Shelduck,../../Datasets/BirdClef/features/Tadorna tadorna_Common Shelduck/XC234287.npy,../../Datasets/BirdClef/audio/Tadorna tadorna_Common Shelduck/XC234287.mp3
train,Tadorna tadorna_Common Shelduck,../../Datasets/BirdClef/features/Tadorna tadorna_Common Shelduck/XC80729.npy,../../Datasets/BirdClef/audio/Tadorna tadorna_Common Shelduck/XC80729.mp3
train,Tadorna tadorna_Common Shelduck,../../Datasets/BirdClef/features/Tadorna tadorna_Common Shelduck/XC181717.npy,../../Datasets/BirdClef/audio/Tadorna tadorna_Common Shelduck/XC181717.mp3
train,Tadorna tadorna_Common Shelduck,../../Datasets/BirdClef/features/Tadorna tadorna_Common Shelduck/XC77475.npy,../../Datasets/BirdClef/audio/Tadorna tadorna_Common Shelduck/XC77475.mp3
train,Tadorna tadorna_Common Shelduck,../../Datasets/BirdClef/features/Tadorna tadorna_Common Shelduck/XC314077.npy,../../Datasets/BirdClef/audio/Tadorna tadorna_Common Shelduck/XC314077.mp3
train,Tangara chilensis_Paradise Tanager,../../Datasets/BirdClef/features/Tangara chilensis_Paradise Tanager/XC230482.npy,../../Datasets/BirdClef/audio/Tangara chilensis_Paradise Tanager/XC230482.mp3
train,Tangara chilensis_Paradise Tanager,../../Datasets/BirdClef/features/Tangara chilensis_Paradise Tanager/XC209069.npy,../../Datasets/BirdClef/audio/Tangara chilensis_Paradise Tanager/XC209069.mp3
train,Tangara chilensis_Paradise Tanager,../../Datasets/BirdClef/features/Tangara chilensis_Paradise Tanager/XC479106.npy,../../Datasets/BirdClef/audio/Tangara chilensis_Paradise Tanager/XC479106.mp3
train,Tangara chilensis_Paradise Tanager,../../Datasets/BirdClef/features/Tangara chilensis_Paradise Tanager/XC230481.npy,../../Datasets/BirdClef/audio/Tangara chilensis_Paradise Tanager/XC230481.mp3
train,Tangara chilensis_Paradise Tanager,../../Datasets/BirdClef/features/Tangara chilensis_Paradise Tanager/XC91086.npy,../../Datasets/BirdClef/audio/Tangara chilensis_Paradise Tanager/XC91086.mp3
train,Tangara gyrola_Bay-headed Tanager,../../Datasets/BirdClef/features/Tangara gyrola_Bay-headed Tanager/XC98010.npy,../../Datasets/BirdClef/audio/Tangara gyrola_Bay-headed Tanager/XC98010.mp3
train,Tangara gyrola_Bay-headed Tanager,../../Datasets/BirdClef/features/Tangara gyrola_Bay-headed Tanager/XC490026.npy,../../Datasets/BirdClef/audio/Tangara gyrola_Bay-headed Tanager/XC490026.mp3
train,Tangara gyrola_Bay-headed Tanager,../../Datasets/BirdClef/features/Tangara gyrola_Bay-headed Tanager/XC449148.npy,../../Datasets/BirdClef/audio/Tangara gyrola_Bay-headed Tanager/XC449148.mp3
train,Tangara gyrola_Bay-headed Tanager,../../Datasets/BirdClef/features/Tangara gyrola_Bay-headed Tanager/XC200141.npy,../../Datasets/BirdClef/audio/Tangara gyrola_Bay-headed Tanager/XC200141.mp3
train,Tangara gyrola_Bay-headed Tanager,../../Datasets/BirdClef/features/Tangara gyrola_Bay-headed Tanager/XC2887.npy,../../Datasets/BirdClef/audio/Tangara gyrola_Bay-headed Tanager/XC2887.mp3
train,Tapera naevia_Striped Cuckoo,../../Datasets/BirdClef/features/Tapera naevia_Striped Cuckoo/XC261630.npy,../../Datasets/BirdClef/audio/Tapera naevia_Striped Cuckoo/XC261630.mp3
train,Tapera naevia_Striped Cuckoo,../../Datasets/BirdClef/features/Tapera naevia_Striped Cuckoo/XC49342.npy,../../Datasets/BirdClef/audio/Tapera naevia_Striped Cuckoo/XC49342.mp3
train,Tapera naevia_Striped Cuckoo,../../Datasets/BirdClef/features/Tapera naevia_Striped Cuckoo/XC239070.npy,../../Datasets/BirdClef/audio/Tapera naevia_Striped Cuckoo/XC239070.mp3
train,Tapera naevia_Striped Cuckoo,../../Datasets/BirdClef/features/Tapera naevia_Striped Cuckoo/XC443830.npy,../../Datasets/BirdClef/audio/Tapera naevia_Striped Cuckoo/XC443830.mp3
train,Tapera naevia_Striped Cuckoo,../../Datasets/BirdClef/features/Tapera naevia_Striped Cuckoo/XC55797.npy,../../Datasets/BirdClef/audio/Tapera naevia_Striped Cuckoo/XC55797.mp3
train,Taraba major_Great Antshrike,../../Datasets/BirdClef/features/Taraba major_Great Antshrike/XC212393.npy,../../Datasets/BirdClef/audio/Taraba major_Great Antshrike/XC212393.mp3
train,Taraba major_Great Antshrike,../../Datasets/BirdClef/features/Taraba major_Great Antshrike/XC450977.npy,../../Datasets/BirdClef/audio/Taraba major_Great Antshrike/XC450977.mp3
train,Taraba major_Great Antshrike,../../Datasets/BirdClef/features/Taraba major_Great Antshrike/XC388556.npy,../../Datasets/BirdClef/audio/Taraba major_Great Antshrike/XC388556.mp3
train,Taraba major_Great Antshrike,../../Datasets/BirdClef/features/Taraba major_Great Antshrike/XC288556.npy,../../Datasets/BirdClef/audio/Taraba major_Great Antshrike/XC288556.mp3
train,Taraba major_Great Antshrike,../../Datasets/BirdClef/features/Taraba major_Great Antshrike/XC30261.npy,../../Datasets/BirdClef/audio/Taraba major_Great Antshrike/XC30261.mp3
train,Terenotriccus erythrurus_Ruddy-tailed Flycatcher,../../Datasets/BirdClef/features/Terenotriccus erythrurus_Ruddy-tailed Flycatcher/XC479692.npy,../../Datasets/BirdClef/audio/Terenotriccus erythrurus_Ruddy-tailed Flycatcher/XC479692.mp3
train,Terenotriccus erythrurus_Ruddy-tailed Flycatcher,../../Datasets/BirdClef/features/Terenotriccus erythrurus_Ruddy-tailed Flycatcher/XC7115.npy,../../Datasets/BirdClef/audio/Terenotriccus erythrurus_Ruddy-tailed Flycatcher/XC7115.mp3
train,Terenotriccus erythrurus_Ruddy-tailed Flycatcher,../../Datasets/BirdClef/features/Terenotriccus erythrurus_Ruddy-tailed Flycatcher/XC200253.npy,../../Datasets/BirdClef/audio/Terenotriccus erythrurus_Ruddy-tailed Flycatcher/XC200253.mp3
train,Terenotriccus erythrurus_Ruddy-tailed Flycatcher,../../Datasets/BirdClef/features/Terenotriccus erythrurus_Ruddy-tailed Flycatcher/XC376318.npy,../../Datasets/BirdClef/audio/Terenotriccus erythrurus_Ruddy-tailed Flycatcher/XC376318.mp3
train,Terenotriccus erythrurus_Ruddy-tailed Flycatcher,../../Datasets/BirdClef/features/Terenotriccus erythrurus_Ruddy-tailed Flycatcher/XC437104.npy,../../Datasets/BirdClef/audio/Terenotriccus erythrurus_Ruddy-tailed Flycatcher/XC437104.mp3
train,Tersina viridis_Swallow Tanager,../../Datasets/BirdClef/features/Tersina viridis_Swallow Tanager/XC498092.npy,../../Datasets/BirdClef/audio/Tersina viridis_Swallow Tanager/XC498092.mp3
train,Tersina viridis_Swallow Tanager,../../Datasets/BirdClef/features/Tersina viridis_Swallow Tanager/XC425723.npy,../../Datasets/BirdClef/audio/Tersina viridis_Swallow Tanager/XC425723.mp3
train,Tersina viridis_Swallow Tanager,../../Datasets/BirdClef/features/Tersina viridis_Swallow Tanager/XC3106.npy,../../Datasets/BirdClef/audio/Tersina viridis_Swallow Tanager/XC3106.mp3
train,Tersina viridis_Swallow Tanager,../../Datasets/BirdClef/features/Tersina viridis_Swallow Tanager/XC230616.npy,../../Datasets/BirdClef/audio/Tersina viridis_Swallow Tanager/XC230616.mp3
train,Tersina viridis_Swallow Tanager,../../Datasets/BirdClef/features/Tersina viridis_Swallow Tanager/XC115080.npy,../../Datasets/BirdClef/audio/Tersina viridis_Swallow Tanager/XC115080.mp3
train,Thamnomanes ardesiacus_Dusky-throated Antshrike,../../Datasets/BirdClef/features/Thamnomanes ardesiacus_Dusky-throated Antshrike/XC113246.npy,../../Datasets/BirdClef/audio/Thamnomanes ardesiacus_Dusky-throated Antshrike/XC113246.mp3
train,Thamnomanes ardesiacus_Dusky-throated Antshrike,../../Datasets/BirdClef/features/Thamnomanes ardesiacus_Dusky-throated Antshrike/XC66204.npy,../../Datasets/BirdClef/audio/Thamnomanes ardesiacus_Dusky-throated Antshrike/XC66204.mp3
train,Thamnomanes ardesiacus_Dusky-throated Antshrike,../../Datasets/BirdClef/features/Thamnomanes ardesiacus_Dusky-throated Antshrike/XC249535.npy,../../Datasets/BirdClef/audio/Thamnomanes ardesiacus_Dusky-throated Antshrike/XC249535.mp3
train,Thamnomanes ardesiacus_Dusky-throated Antshrike,../../Datasets/BirdClef/features/Thamnomanes ardesiacus_Dusky-throated Antshrike/XC85893.npy,../../Datasets/BirdClef/audio/Thamnomanes ardesiacus_Dusky-throated Antshrike/XC85893.mp3
train,Thamnomanes ardesiacus_Dusky-throated Antshrike,../../Datasets/BirdClef/features/Thamnomanes ardesiacus_Dusky-throated Antshrike/XC21171.npy,../../Datasets/BirdClef/audio/Thamnomanes ardesiacus_Dusky-throated Antshrike/XC21171.mp3
train,Thamnomanes schistogynus_Bluish-slate Antshrike,../../Datasets/BirdClef/features/Thamnomanes schistogynus_Bluish-slate Antshrike/XC237706.npy,../../Datasets/BirdClef/audio/Thamnomanes schistogynus_Bluish-slate Antshrike/XC237706.mp3
train,Thamnomanes schistogynus_Bluish-slate Antshrike,../../Datasets/BirdClef/features/Thamnomanes schistogynus_Bluish-slate Antshrike/XC100359.npy,../../Datasets/BirdClef/audio/Thamnomanes schistogynus_Bluish-slate Antshrike/XC100359.mp3
train,Thamnomanes schistogynus_Bluish-slate Antshrike,../../Datasets/BirdClef/features/Thamnomanes schistogynus_Bluish-slate Antshrike/XC14451.npy,../../Datasets/BirdClef/audio/Thamnomanes schistogynus_Bluish-slate Antshrike/XC14451.mp3
train,Thamnomanes schistogynus_Bluish-slate Antshrike,../../Datasets/BirdClef/features/Thamnomanes schistogynus_Bluish-slate Antshrike/XC66680.npy,../../Datasets/BirdClef/audio/Thamnomanes schistogynus_Bluish-slate Antshrike/XC66680.mp3
train,Thamnomanes schistogynus_Bluish-slate Antshrike,../../Datasets/BirdClef/features/Thamnomanes schistogynus_Bluish-slate Antshrike/XC191188.npy,../../Datasets/BirdClef/audio/Thamnomanes schistogynus_Bluish-slate Antshrike/XC191188.mp3
train,Thamnophilus aethiops_White-shouldered Antshrike,../../Datasets/BirdClef/features/Thamnophilus aethiops_White-shouldered Antshrike/XC258355.npy,../../Datasets/BirdClef/audio/Thamnophilus aethiops_White-shouldered Antshrike/XC258355.mp3
train,Thamnophilus aethiops_White-shouldered Antshrike,../../Datasets/BirdClef/features/Thamnophilus aethiops_White-shouldered Antshrike/XC64250.npy,../../Datasets/BirdClef/audio/Thamnophilus aethiops_White-shouldered Antshrike/XC64250.mp3
train,Thamnophilus aethiops_White-shouldered Antshrike,../../Datasets/BirdClef/features/Thamnophilus aethiops_White-shouldered Antshrike/XC262916.npy,../../Datasets/BirdClef/audio/Thamnophilus aethiops_White-shouldered Antshrike/XC262916.mp3
train,Thamnophilus aethiops_White-shouldered Antshrike,../../Datasets/BirdClef/features/Thamnophilus aethiops_White-shouldered Antshrike/XC87771.npy,../../Datasets/BirdClef/audio/Thamnophilus aethiops_White-shouldered Antshrike/XC87771.mp3
train,Thamnophilus aethiops_White-shouldered Antshrike,../../Datasets/BirdClef/features/Thamnophilus aethiops_White-shouldered Antshrike/XC119934.npy,../../Datasets/BirdClef/audio/Thamnophilus aethiops_White-shouldered Antshrike/XC119934.mp3
train,Thamnophilus amazonicus_Amazonian Antshrike,../../Datasets/BirdClef/features/Thamnophilus amazonicus_Amazonian Antshrike/XC163201.npy,../../Datasets/BirdClef/audio/Thamnophilus amazonicus_Amazonian Antshrike/XC163201.mp3
train,Thamnophilus amazonicus_Amazonian Antshrike,../../Datasets/BirdClef/features/Thamnophilus amazonicus_Amazonian Antshrike/XC108135.npy,../../Datasets/BirdClef/audio/Thamnophilus amazonicus_Amazonian Antshrike/XC108135.mp3
train,Thamnophilus amazonicus_Amazonian Antshrike,../../Datasets/BirdClef/features/Thamnophilus amazonicus_Amazonian Antshrike/XC343708.npy,../../Datasets/BirdClef/audio/Thamnophilus amazonicus_Amazonian Antshrike/XC343708.mp3
train,Thamnophilus amazonicus_Amazonian Antshrike,../../Datasets/BirdClef/features/Thamnophilus amazonicus_Amazonian Antshrike/XC147220.npy,../../Datasets/BirdClef/audio/Thamnophilus amazonicus_Amazonian Antshrike/XC147220.mp3
train,Thamnophilus amazonicus_Amazonian Antshrike,../../Datasets/BirdClef/features/Thamnophilus amazonicus_Amazonian Antshrike/XC230680.npy,../../Datasets/BirdClef/audio/Thamnophilus amazonicus_Amazonian Antshrike/XC230680.mp3
train,Thamnophilus doliatus_Barred Antshrike,../../Datasets/BirdClef/features/Thamnophilus doliatus_Barred Antshrike/XC278659.npy,../../Datasets/BirdClef/audio/Thamnophilus doliatus_Barred Antshrike/XC278659.mp3
train,Thamnophilus doliatus_Barred Antshrike,../../Datasets/BirdClef/features/Thamnophilus doliatus_Barred Antshrike/XC376314.npy,../../Datasets/BirdClef/audio/Thamnophilus doliatus_Barred Antshrike/XC376314.mp3
train,Thamnophilus doliatus_Barred Antshrike,../../Datasets/BirdClef/features/Thamnophilus doliatus_Barred Antshrike/XC374683.npy,../../Datasets/BirdClef/audio/Thamnophilus doliatus_Barred Antshrike/XC374683.mp3
train,Thamnophilus doliatus_Barred Antshrike,../../Datasets/BirdClef/features/Thamnophilus doliatus_Barred Antshrike/XC258345.npy,../../Datasets/BirdClef/audio/Thamnophilus doliatus_Barred Antshrike/XC258345.mp3
train,Thamnophilus doliatus_Barred Antshrike,../../Datasets/BirdClef/features/Thamnophilus doliatus_Barred Antshrike/XC359002.npy,../../Datasets/BirdClef/audio/Thamnophilus doliatus_Barred Antshrike/XC359002.mp3
train,Thamnophilus schistaceus_Plain-winged Antshrike,../../Datasets/BirdClef/features/Thamnophilus schistaceus_Plain-winged Antshrike/XC313771.npy,../../Datasets/BirdClef/audio/Thamnophilus schistaceus_Plain-winged Antshrike/XC313771.mp3
train,Thamnophilus schistaceus_Plain-winged Antshrike,../../Datasets/BirdClef/features/Thamnophilus schistaceus_Plain-winged Antshrike/XC258358.npy,../../Datasets/BirdClef/audio/Thamnophilus schistaceus_Plain-winged Antshrike/XC258358.mp3
train,Thamnophilus schistaceus_Plain-winged Antshrike,../../Datasets/BirdClef/features/Thamnophilus schistaceus_Plain-winged Antshrike/XC251610.npy,../../Datasets/BirdClef/audio/Thamnophilus schistaceus_Plain-winged Antshrike/XC251610.mp3
train,Thamnophilus schistaceus_Plain-winged Antshrike,../../Datasets/BirdClef/features/Thamnophilus schistaceus_Plain-winged Antshrike/XC119493.npy,../../Datasets/BirdClef/audio/Thamnophilus schistaceus_Plain-winged Antshrike/XC119493.mp3
train,Thamnophilus schistaceus_Plain-winged Antshrike,../../Datasets/BirdClef/features/Thamnophilus schistaceus_Plain-winged Antshrike/XC24398.npy,../../Datasets/BirdClef/audio/Thamnophilus schistaceus_Plain-winged Antshrike/XC24398.mp3
train,Thlypopsis sordida_Orange-headed Tanager,../../Datasets/BirdClef/features/Thlypopsis sordida_Orange-headed Tanager/XC57602.npy,../../Datasets/BirdClef/audio/Thlypopsis sordida_Orange-headed Tanager/XC57602.mp3
train,Thlypopsis sordida_Orange-headed Tanager,../../Datasets/BirdClef/features/Thlypopsis sordida_Orange-headed Tanager/XC369885.npy,../../Datasets/BirdClef/audio/Thlypopsis sordida_Orange-headed Tanager/XC369885.mp3
train,Thlypopsis sordida_Orange-headed Tanager,../../Datasets/BirdClef/features/Thlypopsis sordida_Orange-headed Tanager/XC259557.npy,../../Datasets/BirdClef/audio/Thlypopsis sordida_Orange-headed Tanager/XC259557.mp3
train,Thlypopsis sordida_Orange-headed Tanager,../../Datasets/BirdClef/features/Thlypopsis sordida_Orange-headed Tanager/XC336681.npy,../../Datasets/BirdClef/audio/Thlypopsis sordida_Orange-headed Tanager/XC336681.mp3
train,Thlypopsis sordida_Orange-headed Tanager,../../Datasets/BirdClef/features/Thlypopsis sordida_Orange-headed Tanager/XC426213.npy,../../Datasets/BirdClef/audio/Thlypopsis sordida_Orange-headed Tanager/XC426213.mp3
train,Thraupis episcopus_Blue-gray Tanager,../../Datasets/BirdClef/features/Thraupis episcopus_Blue-gray Tanager/XC480423.npy,../../Datasets/BirdClef/audio/Thraupis episcopus_Blue-gray Tanager/XC480423.mp3
train,Thraupis episcopus_Blue-gray Tanager,../../Datasets/BirdClef/features/Thraupis episcopus_Blue-gray Tanager/XC152846.npy,../../Datasets/BirdClef/audio/Thraupis episcopus_Blue-gray Tanager/XC152846.mp3
train,Thraupis episcopus_Blue-gray Tanager,../../Datasets/BirdClef/features/Thraupis episcopus_Blue-gray Tanager/XC230897.npy,../../Datasets/BirdClef/audio/Thraupis episcopus_Blue-gray Tanager/XC230897.mp3
train,Thraupis episcopus_Blue-gray Tanager,../../Datasets/BirdClef/features/Thraupis episcopus_Blue-gray Tanager/XC245127.npy,../../Datasets/BirdClef/audio/Thraupis episcopus_Blue-gray Tanager/XC245127.mp3
train,Thraupis episcopus_Blue-gray Tanager,../../Datasets/BirdClef/features/Thraupis episcopus_Blue-gray Tanager/XC493210.npy,../../Datasets/BirdClef/audio/Thraupis episcopus_Blue-gray Tanager/XC493210.mp3
train,Thraupis palmarum_Palm Tanager,../../Datasets/BirdClef/features/Thraupis palmarum_Palm Tanager/XC115077.npy,../../Datasets/BirdClef/audio/Thraupis palmarum_Palm Tanager/XC115077.mp3
train,Thraupis palmarum_Palm Tanager,../../Datasets/BirdClef/features/Thraupis palmarum_Palm Tanager/XC44056.npy,../../Datasets/BirdClef/audio/Thraupis palmarum_Palm Tanager/XC44056.mp3
train,Thraupis palmarum_Palm Tanager,../../Datasets/BirdClef/features/Thraupis palmarum_Palm Tanager/XC259691.npy,../../Datasets/BirdClef/audio/Thraupis palmarum_Palm Tanager/XC259691.mp3
train,Thraupis palmarum_Palm Tanager,../../Datasets/BirdClef/features/Thraupis palmarum_Palm Tanager/XC94286.npy,../../Datasets/BirdClef/audio/Thraupis palmarum_Palm Tanager/XC94286.mp3
train,Thraupis palmarum_Palm Tanager,../../Datasets/BirdClef/features/Thraupis palmarum_Palm Tanager/XC88388.npy,../../Datasets/BirdClef/audio/Thraupis palmarum_Palm Tanager/XC88388.mp3
train,Thryomanes bewickii_Bewick's Wren,../../Datasets/BirdClef/features/Thryomanes bewickii_Bewick's Wren/XC178322.npy,../../Datasets/BirdClef/audio/Thryomanes bewickii_Bewick's Wren/XC178322.mp3
train,Thryomanes bewickii_Bewick's Wren,../../Datasets/BirdClef/features/Thryomanes bewickii_Bewick's Wren/XC18044.npy,../../Datasets/BirdClef/audio/Thryomanes bewickii_Bewick's Wren/XC18044.mp3
train,Thryomanes bewickii_Bewick's Wren,../../Datasets/BirdClef/features/Thryomanes bewickii_Bewick's Wren/XC217858.npy,../../Datasets/BirdClef/audio/Thryomanes bewickii_Bewick's Wren/XC217858.mp3
train,Thryomanes bewickii_Bewick's Wren,../../Datasets/BirdClef/features/Thryomanes bewickii_Bewick's Wren/XC217924.npy,../../Datasets/BirdClef/audio/Thryomanes bewickii_Bewick's Wren/XC217924.mp3
train,Thryomanes bewickii_Bewick's Wren,../../Datasets/BirdClef/features/Thryomanes bewickii_Bewick's Wren/XC159934.npy,../../Datasets/BirdClef/audio/Thryomanes bewickii_Bewick's Wren/XC159934.mp3
train,Thryothorus ludovicianus_Carolina Wren,../../Datasets/BirdClef/features/Thryothorus ludovicianus_Carolina Wren/XC56415.npy,../../Datasets/BirdClef/audio/Thryothorus ludovicianus_Carolina Wren/XC56415.mp3
train,Thryothorus ludovicianus_Carolina Wren,../../Datasets/BirdClef/features/Thryothorus ludovicianus_Carolina Wren/XC463187.npy,../../Datasets/BirdClef/audio/Thryothorus ludovicianus_Carolina Wren/XC463187.mp3
train,Thryothorus ludovicianus_Carolina Wren,../../Datasets/BirdClef/features/Thryothorus ludovicianus_Carolina Wren/XC381594.npy,../../Datasets/BirdClef/audio/Thryothorus ludovicianus_Carolina Wren/XC381594.mp3
train,Thryothorus ludovicianus_Carolina Wren,../../Datasets/BirdClef/features/Thryothorus ludovicianus_Carolina Wren/XC118763.npy,../../Datasets/BirdClef/audio/Thryothorus ludovicianus_Carolina Wren/XC118763.mp3
train,Thryothorus ludovicianus_Carolina Wren,../../Datasets/BirdClef/features/Thryothorus ludovicianus_Carolina Wren/XC57385.npy,../../Datasets/BirdClef/audio/Thryothorus ludovicianus_Carolina Wren/XC57385.mp3
train,Tigrisoma lineatum_Rufescent Tiger-Heron,../../Datasets/BirdClef/features/Tigrisoma lineatum_Rufescent Tiger-Heron/XC325566.npy,../../Datasets/BirdClef/audio/Tigrisoma lineatum_Rufescent Tiger-Heron/XC325566.mp3
train,Tigrisoma lineatum_Rufescent Tiger-Heron,../../Datasets/BirdClef/features/Tigrisoma lineatum_Rufescent Tiger-Heron/XC365183.npy,../../Datasets/BirdClef/audio/Tigrisoma lineatum_Rufescent Tiger-Heron/XC365183.mp3
train,Tigrisoma lineatum_Rufescent Tiger-Heron,../../Datasets/BirdClef/features/Tigrisoma lineatum_Rufescent Tiger-Heron/XC257300.npy,../../Datasets/BirdClef/audio/Tigrisoma lineatum_Rufescent Tiger-Heron/XC257300.mp3
train,Tigrisoma lineatum_Rufescent Tiger-Heron,../../Datasets/BirdClef/features/Tigrisoma lineatum_Rufescent Tiger-Heron/XC117947.npy,../../Datasets/BirdClef/audio/Tigrisoma lineatum_Rufescent Tiger-Heron/XC117947.mp3
train,Tigrisoma lineatum_Rufescent Tiger-Heron,../../Datasets/BirdClef/features/Tigrisoma lineatum_Rufescent Tiger-Heron/XC251886.npy,../../Datasets/BirdClef/audio/Tigrisoma lineatum_Rufescent Tiger-Heron/XC251886.mp3
train,Tinamus major_Great Tinamou,../../Datasets/BirdClef/features/Tinamus major_Great Tinamou/XC178185.npy,../../Datasets/BirdClef/audio/Tinamus major_Great Tinamou/XC178185.mp3
train,Tinamus major_Great Tinamou,../../Datasets/BirdClef/features/Tinamus major_Great Tinamou/XC92.npy,../../Datasets/BirdClef/audio/Tinamus major_Great Tinamou/XC92.mp3
train,Tinamus major_Great Tinamou,../../Datasets/BirdClef/features/Tinamus major_Great Tinamou/XC231243.npy,../../Datasets/BirdClef/audio/Tinamus major_Great Tinamou/XC231243.mp3
train,Tinamus major_Great Tinamou,../../Datasets/BirdClef/features/Tinamus major_Great Tinamou/XC456377.npy,../../Datasets/BirdClef/audio/Tinamus major_Great Tinamou/XC456377.mp3
train,Tinamus major_Great Tinamou,../../Datasets/BirdClef/features/Tinamus major_Great Tinamou/XC261509.npy,../../Datasets/BirdClef/audio/Tinamus major_Great Tinamou/XC261509.mp3
train,Tityra cayana_Black-tailed Tityra,../../Datasets/BirdClef/features/Tityra cayana_Black-tailed Tityra/XC2232.npy,../../Datasets/BirdClef/audio/Tityra cayana_Black-tailed Tityra/XC2232.mp3
train,Tityra cayana_Black-tailed Tityra,../../Datasets/BirdClef/features/Tityra cayana_Black-tailed Tityra/XC91574.npy,../../Datasets/BirdClef/audio/Tityra cayana_Black-tailed Tityra/XC91574.mp3
train,Tityra cayana_Black-tailed Tityra,../../Datasets/BirdClef/features/Tityra cayana_Black-tailed Tityra/XC176873.npy,../../Datasets/BirdClef/audio/Tityra cayana_Black-tailed Tityra/XC176873.mp3
train,Tityra cayana_Black-tailed Tityra,../../Datasets/BirdClef/features/Tityra cayana_Black-tailed Tityra/XC231264.npy,../../Datasets/BirdClef/audio/Tityra cayana_Black-tailed Tityra/XC231264.mp3
train,Tityra cayana_Black-tailed Tityra,../../Datasets/BirdClef/features/Tityra cayana_Black-tailed Tityra/XC320644.npy,../../Datasets/BirdClef/audio/Tityra cayana_Black-tailed Tityra/XC320644.mp3
train,Tityra semifasciata_Masked Tityra,../../Datasets/BirdClef/features/Tityra semifasciata_Masked Tityra/XC3044.npy,../../Datasets/BirdClef/audio/Tityra semifasciata_Masked Tityra/XC3044.mp3
train,Tityra semifasciata_Masked Tityra,../../Datasets/BirdClef/features/Tityra semifasciata_Masked Tityra/XC231268.npy,../../Datasets/BirdClef/audio/Tityra semifasciata_Masked Tityra/XC231268.mp3
train,Tityra semifasciata_Masked Tityra,../../Datasets/BirdClef/features/Tityra semifasciata_Masked Tityra/XC453661.npy,../../Datasets/BirdClef/audio/Tityra semifasciata_Masked Tityra/XC453661.mp3
train,Tityra semifasciata_Masked Tityra,../../Datasets/BirdClef/features/Tityra semifasciata_Masked Tityra/XC274185.npy,../../Datasets/BirdClef/audio/Tityra semifasciata_Masked Tityra/XC274185.mp3
train,Tityra semifasciata_Masked Tityra,../../Datasets/BirdClef/features/Tityra semifasciata_Masked Tityra/XC75313.npy,../../Datasets/BirdClef/audio/Tityra semifasciata_Masked Tityra/XC75313.mp3
train,Todirostrum chrysocrotaphum_Yellow-browed Tody-Flycatcher,../../Datasets/BirdClef/features/Todirostrum chrysocrotaphum_Yellow-browed Tody-Flycatcher/XC84180.npy,../../Datasets/BirdClef/audio/Todirostrum chrysocrotaphum_Yellow-browed Tody-Flycatcher/XC84180.mp3
train,Todirostrum chrysocrotaphum_Yellow-browed Tody-Flycatcher,../../Datasets/BirdClef/features/Todirostrum chrysocrotaphum_Yellow-browed Tody-Flycatcher/XC143382.npy,../../Datasets/BirdClef/audio/Todirostrum chrysocrotaphum_Yellow-browed Tody-Flycatcher/XC143382.mp3
train,Todirostrum chrysocrotaphum_Yellow-browed Tody-Flycatcher,../../Datasets/BirdClef/features/Todirostrum chrysocrotaphum_Yellow-browed Tody-Flycatcher/XC270979.npy,../../Datasets/BirdClef/audio/Todirostrum chrysocrotaphum_Yellow-browed Tody-Flycatcher/XC270979.mp3
train,Todirostrum chrysocrotaphum_Yellow-browed Tody-Flycatcher,../../Datasets/BirdClef/features/Todirostrum chrysocrotaphum_Yellow-browed Tody-Flycatcher/XC204946.npy,../../Datasets/BirdClef/audio/Todirostrum chrysocrotaphum_Yellow-browed Tody-Flycatcher/XC204946.mp3
train,Todirostrum chrysocrotaphum_Yellow-browed Tody-Flycatcher,../../Datasets/BirdClef/features/Todirostrum chrysocrotaphum_Yellow-browed Tody-Flycatcher/XC258792.npy,../../Datasets/BirdClef/audio/Todirostrum chrysocrotaphum_Yellow-browed Tody-Flycatcher/XC258792.mp3
train,Tolmomyias assimilis_Yellow-margined Flycatcher,../../Datasets/BirdClef/features/Tolmomyias assimilis_Yellow-margined Flycatcher/XC2708.npy,../../Datasets/BirdClef/audio/Tolmomyias assimilis_Yellow-margined Flycatcher/XC2708.mp3
train,Tolmomyias assimilis_Yellow-margined Flycatcher,../../Datasets/BirdClef/features/Tolmomyias assimilis_Yellow-margined Flycatcher/XC270983.npy,../../Datasets/BirdClef/audio/Tolmomyias assimilis_Yellow-margined Flycatcher/XC270983.mp3
train,Tolmomyias assimilis_Yellow-margined Flycatcher,../../Datasets/BirdClef/features/Tolmomyias assimilis_Yellow-margined Flycatcher/XC395795.npy,../../Datasets/BirdClef/audio/Tolmomyias assimilis_Yellow-margined Flycatcher/XC395795.mp3
train,Tolmomyias assimilis_Yellow-margined Flycatcher,../../Datasets/BirdClef/features/Tolmomyias assimilis_Yellow-margined Flycatcher/XC272028.npy,../../Datasets/BirdClef/audio/Tolmomyias assimilis_Yellow-margined Flycatcher/XC272028.mp3
train,Tolmomyias assimilis_Yellow-margined Flycatcher,../../Datasets/BirdClef/features/Tolmomyias assimilis_Yellow-margined Flycatcher/XC94647.npy,../../Datasets/BirdClef/audio/Tolmomyias assimilis_Yellow-margined Flycatcher/XC94647.mp3
train,Tolmomyias flaviventris_Yellow-breasted Flycatcher,../../Datasets/BirdClef/features/Tolmomyias flaviventris_Yellow-breasted Flycatcher/XC92609.npy,../../Datasets/BirdClef/audio/Tolmomyias flaviventris_Yellow-breasted Flycatcher/XC92609.mp3
train,Tolmomyias flaviventris_Yellow-breasted Flycatcher,../../Datasets/BirdClef/features/Tolmomyias flaviventris_Yellow-breasted Flycatcher/XC92608.npy,../../Datasets/BirdClef/audio/Tolmomyias flaviventris_Yellow-breasted Flycatcher/XC92608.mp3
train,Tolmomyias flaviventris_Yellow-breasted Flycatcher,../../Datasets/BirdClef/features/Tolmomyias flaviventris_Yellow-breasted Flycatcher/XC445686.npy,../../Datasets/BirdClef/audio/Tolmomyias flaviventris_Yellow-breasted Flycatcher/XC445686.mp3
train,Tolmomyias flaviventris_Yellow-breasted Flycatcher,../../Datasets/BirdClef/features/Tolmomyias flaviventris_Yellow-breasted Flycatcher/XC245403.npy,../../Datasets/BirdClef/audio/Tolmomyias flaviventris_Yellow-breasted Flycatcher/XC245403.mp3
train,Tolmomyias flaviventris_Yellow-breasted Flycatcher,../../Datasets/BirdClef/features/Tolmomyias flaviventris_Yellow-breasted Flycatcher/XC479079.npy,../../Datasets/BirdClef/audio/Tolmomyias flaviventris_Yellow-breasted Flycatcher/XC479079.mp3
train,Tolmomyias poliocephalus_Gray-crowned Flycatcher,../../Datasets/BirdClef/features/Tolmomyias poliocephalus_Gray-crowned Flycatcher/XC150023.npy,../../Datasets/BirdClef/audio/Tolmomyias poliocephalus_Gray-crowned Flycatcher/XC150023.mp3
train,Tolmomyias poliocephalus_Gray-crowned Flycatcher,../../Datasets/BirdClef/features/Tolmomyias poliocephalus_Gray-crowned Flycatcher/XC75290.npy,../../Datasets/BirdClef/audio/Tolmomyias poliocephalus_Gray-crowned Flycatcher/XC75290.mp3
train,Tolmomyias poliocephalus_Gray-crowned Flycatcher,../../Datasets/BirdClef/features/Tolmomyias poliocephalus_Gray-crowned Flycatcher/XC231402.npy,../../Datasets/BirdClef/audio/Tolmomyias poliocephalus_Gray-crowned Flycatcher/XC231402.mp3
train,Tolmomyias poliocephalus_Gray-crowned Flycatcher,../../Datasets/BirdClef/features/Tolmomyias poliocephalus_Gray-crowned Flycatcher/XC231404.npy,../../Datasets/BirdClef/audio/Tolmomyias poliocephalus_Gray-crowned Flycatcher/XC231404.mp3
train,Tolmomyias poliocephalus_Gray-crowned Flycatcher,../../Datasets/BirdClef/features/Tolmomyias poliocephalus_Gray-crowned Flycatcher/XC231409.npy,../../Datasets/BirdClef/audio/Tolmomyias poliocephalus_Gray-crowned Flycatcher/XC231409.mp3
train,Tolmomyias sulphurescens_Yellow-olive Flycatcher,../../Datasets/BirdClef/features/Tolmomyias sulphurescens_Yellow-olive Flycatcher/XC166050.npy,../../Datasets/BirdClef/audio/Tolmomyias sulphurescens_Yellow-olive Flycatcher/XC166050.mp3
train,Tolmomyias sulphurescens_Yellow-olive Flycatcher,../../Datasets/BirdClef/features/Tolmomyias sulphurescens_Yellow-olive Flycatcher/XC437658.npy,../../Datasets/BirdClef/audio/Tolmomyias sulphurescens_Yellow-olive Flycatcher/XC437658.mp3
train,Tolmomyias sulphurescens_Yellow-olive Flycatcher,../../Datasets/BirdClef/features/Tolmomyias sulphurescens_Yellow-olive Flycatcher/XC13214.npy,../../Datasets/BirdClef/audio/Tolmomyias sulphurescens_Yellow-olive Flycatcher/XC13214.mp3
train,Tolmomyias sulphurescens_Yellow-olive Flycatcher,../../Datasets/BirdClef/features/Tolmomyias sulphurescens_Yellow-olive Flycatcher/XC174355.npy,../../Datasets/BirdClef/audio/Tolmomyias sulphurescens_Yellow-olive Flycatcher/XC174355.mp3
train,Tolmomyias sulphurescens_Yellow-olive Flycatcher,../../Datasets/BirdClef/features/Tolmomyias sulphurescens_Yellow-olive Flycatcher/XC187468.npy,../../Datasets/BirdClef/audio/Tolmomyias sulphurescens_Yellow-olive Flycatcher/XC187468.mp3
train,Toxostoma rufum_Brown Thrasher,../../Datasets/BirdClef/features/Toxostoma rufum_Brown Thrasher/XC138066.npy,../../Datasets/BirdClef/audio/Toxostoma rufum_Brown Thrasher/XC138066.mp3
train,Toxostoma rufum_Brown Thrasher,../../Datasets/BirdClef/features/Toxostoma rufum_Brown Thrasher/XC316666.npy,../../Datasets/BirdClef/audio/Toxostoma rufum_Brown Thrasher/XC316666.mp3
train,Toxostoma rufum_Brown Thrasher,../../Datasets/BirdClef/features/Toxostoma rufum_Brown Thrasher/XC426243.npy,../../Datasets/BirdClef/audio/Toxostoma rufum_Brown Thrasher/XC426243.mp3
train,Toxostoma rufum_Brown Thrasher,../../Datasets/BirdClef/features/Toxostoma rufum_Brown Thrasher/XC373484.npy,../../Datasets/BirdClef/audio/Toxostoma rufum_Brown Thrasher/XC373484.mp3
train,Toxostoma rufum_Brown Thrasher,../../Datasets/BirdClef/features/Toxostoma rufum_Brown Thrasher/XC328805.npy,../../Datasets/BirdClef/audio/Toxostoma rufum_Brown Thrasher/XC328805.mp3
train,Tringa erythropus_Spotted Redshank,../../Datasets/BirdClef/features/Tringa erythropus_Spotted Redshank/XC426252.npy,../../Datasets/BirdClef/audio/Tringa erythropus_Spotted Redshank/XC426252.mp3
train,Tringa erythropus_Spotted Redshank,../../Datasets/BirdClef/features/Tringa erythropus_Spotted Redshank/XC484261.npy,../../Datasets/BirdClef/audio/Tringa erythropus_Spotted Redshank/XC484261.mp3
train,Tringa erythropus_Spotted Redshank,../../Datasets/BirdClef/features/Tringa erythropus_Spotted Redshank/XC476690.npy,../../Datasets/BirdClef/audio/Tringa erythropus_Spotted Redshank/XC476690.mp3
train,Tringa erythropus_Spotted Redshank,../../Datasets/BirdClef/features/Tringa erythropus_Spotted Redshank/XC294972.npy,../../Datasets/BirdClef/audio/Tringa erythropus_Spotted Redshank/XC294972.mp3
train,Tringa erythropus_Spotted Redshank,../../Datasets/BirdClef/features/Tringa erythropus_Spotted Redshank/XC94323.npy,../../Datasets/BirdClef/audio/Tringa erythropus_Spotted Redshank/XC94323.mp3
train,Tringa flavipes_Lesser Yellowlegs,../../Datasets/BirdClef/features/Tringa flavipes_Lesser Yellowlegs/XC406315.npy,../../Datasets/BirdClef/audio/Tringa flavipes_Lesser Yellowlegs/XC406315.mp3
train,Tringa flavipes_Lesser Yellowlegs,../../Datasets/BirdClef/features/Tringa flavipes_Lesser Yellowlegs/XC52675.npy,../../Datasets/BirdClef/audio/Tringa flavipes_Lesser Yellowlegs/XC52675.mp3
train,Tringa flavipes_Lesser Yellowlegs,../../Datasets/BirdClef/features/Tringa flavipes_Lesser Yellowlegs/XC451590.npy,../../Datasets/BirdClef/audio/Tringa flavipes_Lesser Yellowlegs/XC451590.mp3
train,Tringa flavipes_Lesser Yellowlegs,../../Datasets/BirdClef/features/Tringa flavipes_Lesser Yellowlegs/XC143740.npy,../../Datasets/BirdClef/audio/Tringa flavipes_Lesser Yellowlegs/XC143740.mp3
train,Tringa flavipes_Lesser Yellowlegs,../../Datasets/BirdClef/features/Tringa flavipes_Lesser Yellowlegs/XC323035.npy,../../Datasets/BirdClef/audio/Tringa flavipes_Lesser Yellowlegs/XC323035.mp3
train,Tringa glareola_Wood Sandpiper,../../Datasets/BirdClef/features/Tringa glareola_Wood Sandpiper/XC381826.npy,../../Datasets/BirdClef/audio/Tringa glareola_Wood Sandpiper/XC381826.mp3
train,Tringa glareola_Wood Sandpiper,../../Datasets/BirdClef/features/Tringa glareola_Wood Sandpiper/XC277958.npy,../../Datasets/BirdClef/audio/Tringa glareola_Wood Sandpiper/XC277958.mp3
train,Tringa glareola_Wood Sandpiper,../../Datasets/BirdClef/features/Tringa glareola_Wood Sandpiper/XC281150.npy,../../Datasets/BirdClef/audio/Tringa glareola_Wood Sandpiper/XC281150.mp3
train,Tringa glareola_Wood Sandpiper,../../Datasets/BirdClef/features/Tringa glareola_Wood Sandpiper/XC381824.npy,../../Datasets/BirdClef/audio/Tringa glareola_Wood Sandpiper/XC381824.mp3
train,Tringa glareola_Wood Sandpiper,../../Datasets/BirdClef/features/Tringa glareola_Wood Sandpiper/XC481809.npy,../../Datasets/BirdClef/audio/Tringa glareola_Wood Sandpiper/XC481809.mp3
train,Tringa melanoleuca_Greater Yellowlegs,../../Datasets/BirdClef/features/Tringa melanoleuca_Greater Yellowlegs/XC52668.npy,../../Datasets/BirdClef/audio/Tringa melanoleuca_Greater Yellowlegs/XC52668.mp3
train,Tringa melanoleuca_Greater Yellowlegs,../../Datasets/BirdClef/features/Tringa melanoleuca_Greater Yellowlegs/XC290345.npy,../../Datasets/BirdClef/audio/Tringa melanoleuca_Greater Yellowlegs/XC290345.mp3
train,Tringa melanoleuca_Greater Yellowlegs,../../Datasets/BirdClef/features/Tringa melanoleuca_Greater Yellowlegs/XC455645.npy,../../Datasets/BirdClef/audio/Tringa melanoleuca_Greater Yellowlegs/XC455645.mp3
train,Tringa melanoleuca_Greater Yellowlegs,../../Datasets/BirdClef/features/Tringa melanoleuca_Greater Yellowlegs/XC326523.npy,../../Datasets/BirdClef/audio/Tringa melanoleuca_Greater Yellowlegs/XC326523.mp3
train,Tringa melanoleuca_Greater Yellowlegs,../../Datasets/BirdClef/features/Tringa melanoleuca_Greater Yellowlegs/XC1151.npy,../../Datasets/BirdClef/audio/Tringa melanoleuca_Greater Yellowlegs/XC1151.mp3
train,Tringa nebularia_Common Greenshank,../../Datasets/BirdClef/features/Tringa nebularia_Common Greenshank/XC356382.npy,../../Datasets/BirdClef/audio/Tringa nebularia_Common Greenshank/XC356382.mp3
train,Tringa nebularia_Common Greenshank,../../Datasets/BirdClef/features/Tringa nebularia_Common Greenshank/XC58586.npy,../../Datasets/BirdClef/audio/Tringa nebularia_Common Greenshank/XC58586.mp3
train,Tringa nebularia_Common Greenshank,../../Datasets/BirdClef/features/Tringa nebularia_Common Greenshank/XC134369.npy,../../Datasets/BirdClef/audio/Tringa nebularia_Common Greenshank/XC134369.mp3
train,Tringa nebularia_Common Greenshank,../../Datasets/BirdClef/features/Tringa nebularia_Common Greenshank/XC493194.npy,../../Datasets/BirdClef/audio/Tringa nebularia_Common Greenshank/XC493194.mp3
train,Tringa nebularia_Common Greenshank,../../Datasets/BirdClef/features/Tringa nebularia_Common Greenshank/XC460896.npy,../../Datasets/BirdClef/audio/Tringa nebularia_Common Greenshank/XC460896.mp3
train,Tringa ochropus_Green Sandpiper,../../Datasets/BirdClef/features/Tringa ochropus_Green Sandpiper/XC396624.npy,../../Datasets/BirdClef/audio/Tringa ochropus_Green Sandpiper/XC396624.mp3
train,Tringa ochropus_Green Sandpiper,../../Datasets/BirdClef/features/Tringa ochropus_Green Sandpiper/XC435546.npy,../../Datasets/BirdClef/audio/Tringa ochropus_Green Sandpiper/XC435546.mp3
train,Tringa ochropus_Green Sandpiper,../../Datasets/BirdClef/features/Tringa ochropus_Green Sandpiper/XC468379.npy,../../Datasets/BirdClef/audio/Tringa ochropus_Green Sandpiper/XC468379.mp3
train,Tringa ochropus_Green Sandpiper,../../Datasets/BirdClef/features/Tringa ochropus_Green Sandpiper/XC383385.npy,../../Datasets/BirdClef/audio/Tringa ochropus_Green Sandpiper/XC383385.mp3
train,Tringa ochropus_Green Sandpiper,../../Datasets/BirdClef/features/Tringa ochropus_Green Sandpiper/XC36745.npy,../../Datasets/BirdClef/audio/Tringa ochropus_Green Sandpiper/XC36745.mp3
train,Tringa solitaria_Solitary Sandpiper,../../Datasets/BirdClef/features/Tringa solitaria_Solitary Sandpiper/XC415534.npy,../../Datasets/BirdClef/audio/Tringa solitaria_Solitary Sandpiper/XC415534.mp3
train,Tringa solitaria_Solitary Sandpiper,../../Datasets/BirdClef/features/Tringa solitaria_Solitary Sandpiper/XC350124.npy,../../Datasets/BirdClef/audio/Tringa solitaria_Solitary Sandpiper/XC350124.mp3
train,Tringa solitaria_Solitary Sandpiper,../../Datasets/BirdClef/features/Tringa solitaria_Solitary Sandpiper/XC448921.npy,../../Datasets/BirdClef/audio/Tringa solitaria_Solitary Sandpiper/XC448921.mp3
train,Tringa solitaria_Solitary Sandpiper,../../Datasets/BirdClef/features/Tringa solitaria_Solitary Sandpiper/XC175530.npy,../../Datasets/BirdClef/audio/Tringa solitaria_Solitary Sandpiper/XC175530.mp3
train,Tringa solitaria_Solitary Sandpiper,../../Datasets/BirdClef/features/Tringa solitaria_Solitary Sandpiper/XC147500.npy,../../Datasets/BirdClef/audio/Tringa solitaria_Solitary Sandpiper/XC147500.mp3
train,Troglodytes aedon_House Wren,../../Datasets/BirdClef/features/Troglodytes aedon_House Wren/XC231552.npy,../../Datasets/BirdClef/audio/Troglodytes aedon_House Wren/XC231552.mp3
train,Troglodytes aedon_House Wren,../../Datasets/BirdClef/features/Troglodytes aedon_House Wren/XC217004.npy,../../Datasets/BirdClef/audio/Troglodytes aedon_House Wren/XC217004.mp3
train,Troglodytes aedon_House Wren,../../Datasets/BirdClef/features/Troglodytes aedon_House Wren/XC1443.npy,../../Datasets/BirdClef/audio/Troglodytes aedon_House Wren/XC1443.mp3
train,Troglodytes aedon_House Wren,../../Datasets/BirdClef/features/Troglodytes aedon_House Wren/XC231553.npy,../../Datasets/BirdClef/audio/Troglodytes aedon_House Wren/XC231553.mp3
train,Troglodytes aedon_House Wren,../../Datasets/BirdClef/features/Troglodytes aedon_House Wren/XC259364.npy,../../Datasets/BirdClef/audio/Troglodytes aedon_House Wren/XC259364.mp3
train,Troglodytes troglodytes_Eurasian Wren,../../Datasets/BirdClef/features/Troglodytes troglodytes_Eurasian Wren/XC199766.npy,../../Datasets/BirdClef/audio/Troglodytes troglodytes_Eurasian Wren/XC199766.mp3
train,Troglodytes troglodytes_Eurasian Wren,../../Datasets/BirdClef/features/Troglodytes troglodytes_Eurasian Wren/XC157191.npy,../../Datasets/BirdClef/audio/Troglodytes troglodytes_Eurasian Wren/XC157191.mp3
train,Troglodytes troglodytes_Eurasian Wren,../../Datasets/BirdClef/features/Troglodytes troglodytes_Eurasian Wren/XC162214.npy,../../Datasets/BirdClef/audio/Troglodytes troglodytes_Eurasian Wren/XC162214.mp3
train,Troglodytes troglodytes_Eurasian Wren,../../Datasets/BirdClef/features/Troglodytes troglodytes_Eurasian Wren/XC112681.npy,../../Datasets/BirdClef/audio/Troglodytes troglodytes_Eurasian Wren/XC112681.mp3
train,Troglodytes troglodytes_Eurasian Wren,../../Datasets/BirdClef/features/Troglodytes troglodytes_Eurasian Wren/XC190321.npy,../../Datasets/BirdClef/audio/Troglodytes troglodytes_Eurasian Wren/XC190321.mp3
train,Trogon collaris_Collared Trogon,../../Datasets/BirdClef/features/Trogon collaris_Collared Trogon/XC239116.npy,../../Datasets/BirdClef/audio/Trogon collaris_Collared Trogon/XC239116.mp3
train,Trogon collaris_Collared Trogon,../../Datasets/BirdClef/features/Trogon collaris_Collared Trogon/XC239118.npy,../../Datasets/BirdClef/audio/Trogon collaris_Collared Trogon/XC239118.mp3
train,Trogon collaris_Collared Trogon,../../Datasets/BirdClef/features/Trogon collaris_Collared Trogon/XC275279.npy,../../Datasets/BirdClef/audio/Trogon collaris_Collared Trogon/XC275279.mp3
train,Trogon collaris_Collared Trogon,../../Datasets/BirdClef/features/Trogon collaris_Collared Trogon/XC394348.npy,../../Datasets/BirdClef/audio/Trogon collaris_Collared Trogon/XC394348.mp3
train,Trogon collaris_Collared Trogon,../../Datasets/BirdClef/features/Trogon collaris_Collared Trogon/XC335083.npy,../../Datasets/BirdClef/audio/Trogon collaris_Collared Trogon/XC335083.mp3
train,Trogon curucui_Blue-crowned Trogon,../../Datasets/BirdClef/features/Trogon curucui_Blue-crowned Trogon/XC287920.npy,../../Datasets/BirdClef/audio/Trogon curucui_Blue-crowned Trogon/XC287920.mp3
train,Trogon curucui_Blue-crowned Trogon,../../Datasets/BirdClef/features/Trogon curucui_Blue-crowned Trogon/XC128538.npy,../../Datasets/BirdClef/audio/Trogon curucui_Blue-crowned Trogon/XC128538.mp3
train,Trogon curucui_Blue-crowned Trogon,../../Datasets/BirdClef/features/Trogon curucui_Blue-crowned Trogon/XC74286.npy,../../Datasets/BirdClef/audio/Trogon curucui_Blue-crowned Trogon/XC74286.mp3
train,Trogon curucui_Blue-crowned Trogon,../../Datasets/BirdClef/features/Trogon curucui_Blue-crowned Trogon/XC231675.npy,../../Datasets/BirdClef/audio/Trogon curucui_Blue-crowned Trogon/XC231675.mp3
train,Trogon curucui_Blue-crowned Trogon,../../Datasets/BirdClef/features/Trogon curucui_Blue-crowned Trogon/XC144293.npy,../../Datasets/BirdClef/audio/Trogon curucui_Blue-crowned Trogon/XC144293.mp3
train,Trogon melanurus_Black-tailed Trogon,../../Datasets/BirdClef/features/Trogon melanurus_Black-tailed Trogon/XC232933.npy,../../Datasets/BirdClef/audio/Trogon melanurus_Black-tailed Trogon/XC232933.mp3
train,Trogon melanurus_Black-tailed Trogon,../../Datasets/BirdClef/features/Trogon melanurus_Black-tailed Trogon/XC216486.npy,../../Datasets/BirdClef/audio/Trogon melanurus_Black-tailed Trogon/XC216486.mp3
train,Trogon melanurus_Black-tailed Trogon,../../Datasets/BirdClef/features/Trogon melanurus_Black-tailed Trogon/XC121165.npy,../../Datasets/BirdClef/audio/Trogon melanurus_Black-tailed Trogon/XC121165.mp3
train,Trogon melanurus_Black-tailed Trogon,../../Datasets/BirdClef/features/Trogon melanurus_Black-tailed Trogon/XC199024.npy,../../Datasets/BirdClef/audio/Trogon melanurus_Black-tailed Trogon/XC199024.mp3
train,Trogon melanurus_Black-tailed Trogon,../../Datasets/BirdClef/features/Trogon melanurus_Black-tailed Trogon/XC119535.npy,../../Datasets/BirdClef/audio/Trogon melanurus_Black-tailed Trogon/XC119535.mp3
train,Trogon ramonianus_Amazonian Trogon,../../Datasets/BirdClef/features/Trogon ramonianus_Amazonian Trogon/XC37015.npy,../../Datasets/BirdClef/audio/Trogon ramonianus_Amazonian Trogon/XC37015.mp3
train,Trogon ramonianus_Amazonian Trogon,../../Datasets/BirdClef/features/Trogon ramonianus_Amazonian Trogon/XC295739.npy,../../Datasets/BirdClef/audio/Trogon ramonianus_Amazonian Trogon/XC295739.mp3
train,Trogon ramonianus_Amazonian Trogon,../../Datasets/BirdClef/features/Trogon ramonianus_Amazonian Trogon/XC333054.npy,../../Datasets/BirdClef/audio/Trogon ramonianus_Amazonian Trogon/XC333054.mp3
train,Trogon ramonianus_Amazonian Trogon,../../Datasets/BirdClef/features/Trogon ramonianus_Amazonian Trogon/XC257903.npy,../../Datasets/BirdClef/audio/Trogon ramonianus_Amazonian Trogon/XC257903.mp3
train,Trogon ramonianus_Amazonian Trogon,../../Datasets/BirdClef/features/Trogon ramonianus_Amazonian Trogon/XC395870.npy,../../Datasets/BirdClef/audio/Trogon ramonianus_Amazonian Trogon/XC395870.mp3
train,Trogon viridis_Green-backed Trogon,../../Datasets/BirdClef/features/Trogon viridis_Green-backed Trogon/XC257886.npy,../../Datasets/BirdClef/audio/Trogon viridis_Green-backed Trogon/XC257886.mp3
train,Trogon viridis_Green-backed Trogon,../../Datasets/BirdClef/features/Trogon viridis_Green-backed Trogon/XC234787.npy,../../Datasets/BirdClef/audio/Trogon viridis_Green-backed Trogon/XC234787.mp3
train,Trogon viridis_Green-backed Trogon,../../Datasets/BirdClef/features/Trogon viridis_Green-backed Trogon/XC187548.npy,../../Datasets/BirdClef/audio/Trogon viridis_Green-backed Trogon/XC187548.mp3
train,Trogon viridis_Green-backed Trogon,../../Datasets/BirdClef/features/Trogon viridis_Green-backed Trogon/XC213000.npy,../../Datasets/BirdClef/audio/Trogon viridis_Green-backed Trogon/XC213000.mp3
train,Trogon viridis_Green-backed Trogon,../../Datasets/BirdClef/features/Trogon viridis_Green-backed Trogon/XC108513.npy,../../Datasets/BirdClef/audio/Trogon viridis_Green-backed Trogon/XC108513.mp3
train,Tunchiornis ochraceiceps_Tawny-crowned Greenlet,../../Datasets/BirdClef/features/Tunchiornis ochraceiceps_Tawny-crowned Greenlet/XC470283.npy,../../Datasets/BirdClef/audio/Tunchiornis ochraceiceps_Tawny-crowned Greenlet/XC470283.mp3
train,Tunchiornis ochraceiceps_Tawny-crowned Greenlet,../../Datasets/BirdClef/features/Tunchiornis ochraceiceps_Tawny-crowned Greenlet/XC224390.npy,../../Datasets/BirdClef/audio/Tunchiornis ochraceiceps_Tawny-crowned Greenlet/XC224390.mp3
train,Tunchiornis ochraceiceps_Tawny-crowned Greenlet,../../Datasets/BirdClef/features/Tunchiornis ochraceiceps_Tawny-crowned Greenlet/XC224389.npy,../../Datasets/BirdClef/audio/Tunchiornis ochraceiceps_Tawny-crowned Greenlet/XC224389.mp3
train,Tunchiornis ochraceiceps_Tawny-crowned Greenlet,../../Datasets/BirdClef/features/Tunchiornis ochraceiceps_Tawny-crowned Greenlet/XC23903.npy,../../Datasets/BirdClef/audio/Tunchiornis ochraceiceps_Tawny-crowned Greenlet/XC23903.mp3
train,Tunchiornis ochraceiceps_Tawny-crowned Greenlet,../../Datasets/BirdClef/features/Tunchiornis ochraceiceps_Tawny-crowned Greenlet/XC2981.npy,../../Datasets/BirdClef/audio/Tunchiornis ochraceiceps_Tawny-crowned Greenlet/XC2981.mp3
train,Turdus albicollis_White-necked Thrush,../../Datasets/BirdClef/features/Turdus albicollis_White-necked Thrush/XC82452.npy,../../Datasets/BirdClef/audio/Turdus albicollis_White-necked Thrush/XC82452.mp3
train,Turdus albicollis_White-necked Thrush,../../Datasets/BirdClef/features/Turdus albicollis_White-necked Thrush/XC116196.npy,../../Datasets/BirdClef/audio/Turdus albicollis_White-necked Thrush/XC116196.mp3
train,Turdus albicollis_White-necked Thrush,../../Datasets/BirdClef/features/Turdus albicollis_White-necked Thrush/XC17408.npy,../../Datasets/BirdClef/audio/Turdus albicollis_White-necked Thrush/XC17408.mp3
train,Turdus albicollis_White-necked Thrush,../../Datasets/BirdClef/features/Turdus albicollis_White-necked Thrush/XC290253.npy,../../Datasets/BirdClef/audio/Turdus albicollis_White-necked Thrush/XC290253.mp3
train,Turdus albicollis_White-necked Thrush,../../Datasets/BirdClef/features/Turdus albicollis_White-necked Thrush/XC486811.npy,../../Datasets/BirdClef/audio/Turdus albicollis_White-necked Thrush/XC486811.mp3
train,Turdus amaurochalinus_Creamy-bellied Thrush,../../Datasets/BirdClef/features/Turdus amaurochalinus_Creamy-bellied Thrush/XC46882.npy,../../Datasets/BirdClef/audio/Turdus amaurochalinus_Creamy-bellied Thrush/XC46882.mp3
train,Turdus amaurochalinus_Creamy-bellied Thrush,../../Datasets/BirdClef/features/Turdus amaurochalinus_Creamy-bellied Thrush/XC364634.npy,../../Datasets/BirdClef/audio/Turdus amaurochalinus_Creamy-bellied Thrush/XC364634.mp3
train,Turdus amaurochalinus_Creamy-bellied Thrush,../../Datasets/BirdClef/features/Turdus amaurochalinus_Creamy-bellied Thrush/XC202917.npy,../../Datasets/BirdClef/audio/Turdus amaurochalinus_Creamy-bellied Thrush/XC202917.mp3
train,Turdus amaurochalinus_Creamy-bellied Thrush,../../Datasets/BirdClef/features/Turdus amaurochalinus_Creamy-bellied Thrush/XC52181.npy,../../Datasets/BirdClef/audio/Turdus amaurochalinus_Creamy-bellied Thrush/XC52181.mp3
train,Turdus amaurochalinus_Creamy-bellied Thrush,../../Datasets/BirdClef/features/Turdus amaurochalinus_Creamy-bellied Thrush/XC52183.npy,../../Datasets/BirdClef/audio/Turdus amaurochalinus_Creamy-bellied Thrush/XC52183.mp3
train,Turdus hauxwelli_Hauxwell's Thrush,../../Datasets/BirdClef/features/Turdus hauxwelli_Hauxwell's Thrush/XC108514.npy,../../Datasets/BirdClef/audio/Turdus hauxwelli_Hauxwell's Thrush/XC108514.mp3
train,Turdus hauxwelli_Hauxwell's Thrush,../../Datasets/BirdClef/features/Turdus hauxwelli_Hauxwell's Thrush/XC64346.npy,../../Datasets/BirdClef/audio/Turdus hauxwelli_Hauxwell's Thrush/XC64346.mp3
train,Turdus hauxwelli_Hauxwell's Thrush,../../Datasets/BirdClef/features/Turdus hauxwelli_Hauxwell's Thrush/XC64340.npy,../../Datasets/BirdClef/audio/Turdus hauxwelli_Hauxwell's Thrush/XC64340.mp3
train,Turdus hauxwelli_Hauxwell's Thrush,../../Datasets/BirdClef/features/Turdus hauxwelli_Hauxwell's Thrush/XC92508.npy,../../Datasets/BirdClef/audio/Turdus hauxwelli_Hauxwell's Thrush/XC92508.mp3
train,Turdus hauxwelli_Hauxwell's Thrush,../../Datasets/BirdClef/features/Turdus hauxwelli_Hauxwell's Thrush/XC167616.npy,../../Datasets/BirdClef/audio/Turdus hauxwelli_Hauxwell's Thrush/XC167616.mp3
train,Turdus ignobilis_Black-billed Thrush,../../Datasets/BirdClef/features/Turdus ignobilis_Black-billed Thrush/XC129722.npy,../../Datasets/BirdClef/audio/Turdus ignobilis_Black-billed Thrush/XC129722.mp3
train,Turdus ignobilis_Black-billed Thrush,../../Datasets/BirdClef/features/Turdus ignobilis_Black-billed Thrush/XC73162.npy,../../Datasets/BirdClef/audio/Turdus ignobilis_Black-billed Thrush/XC73162.mp3
train,Turdus ignobilis_Black-billed Thrush,../../Datasets/BirdClef/features/Turdus ignobilis_Black-billed Thrush/XC74705.npy,../../Datasets/BirdClef/audio/Turdus ignobilis_Black-billed Thrush/XC74705.mp3
train,Turdus ignobilis_Black-billed Thrush,../../Datasets/BirdClef/features/Turdus ignobilis_Black-billed Thrush/XC74300.npy,../../Datasets/BirdClef/audio/Turdus ignobilis_Black-billed Thrush/XC74300.mp3
train,Turdus ignobilis_Black-billed Thrush,../../Datasets/BirdClef/features/Turdus ignobilis_Black-billed Thrush/XC474410.npy,../../Datasets/BirdClef/audio/Turdus ignobilis_Black-billed Thrush/XC474410.mp3
train,Turdus iliacus_Redwing,../../Datasets/BirdClef/features/Turdus iliacus_Redwing/XC435188.npy,../../Datasets/BirdClef/audio/Turdus iliacus_Redwing/XC435188.mp3
train,Turdus iliacus_Redwing,../../Datasets/BirdClef/features/Turdus iliacus_Redwing/XC377991.npy,../../Datasets/BirdClef/audio/Turdus iliacus_Redwing/XC377991.mp3
train,Turdus iliacus_Redwing,../../Datasets/BirdClef/features/Turdus iliacus_Redwing/XC139098.npy,../../Datasets/BirdClef/audio/Turdus iliacus_Redwing/XC139098.mp3
train,Turdus iliacus_Redwing,../../Datasets/BirdClef/features/Turdus iliacus_Redwing/XC326116.npy,../../Datasets/BirdClef/audio/Turdus iliacus_Redwing/XC326116.mp3
train,Turdus iliacus_Redwing,../../Datasets/BirdClef/features/Turdus iliacus_Redwing/XC289643.npy,../../Datasets/BirdClef/audio/Turdus iliacus_Redwing/XC289643.mp3
train,Turdus lawrencii_Lawrence's Thrush,../../Datasets/BirdClef/features/Turdus lawrencii_Lawrence's Thrush/XC17691.npy,../../Datasets/BirdClef/audio/Turdus lawrencii_Lawrence's Thrush/XC17691.mp3
train,Turdus lawrencii_Lawrence's Thrush,../../Datasets/BirdClef/features/Turdus lawrencii_Lawrence's Thrush/XC14236.npy,../../Datasets/BirdClef/audio/Turdus lawrencii_Lawrence's Thrush/XC14236.mp3
train,Turdus lawrencii_Lawrence's Thrush,../../Datasets/BirdClef/features/Turdus lawrencii_Lawrence's Thrush/XC75302.npy,../../Datasets/BirdClef/audio/Turdus lawrencii_Lawrence's Thrush/XC75302.mp3
train,Turdus lawrencii_Lawrence's Thrush,../../Datasets/BirdClef/features/Turdus lawrencii_Lawrence's Thrush/XC89457.npy,../../Datasets/BirdClef/audio/Turdus lawrencii_Lawrence's Thrush/XC89457.mp3
train,Turdus lawrencii_Lawrence's Thrush,../../Datasets/BirdClef/features/Turdus lawrencii_Lawrence's Thrush/XC259215.npy,../../Datasets/BirdClef/audio/Turdus lawrencii_Lawrence's Thrush/XC259215.mp3
train,Turdus merula_Eurasian Blackbird,../../Datasets/BirdClef/features/Turdus merula_Eurasian Blackbird/XC374975.npy,../../Datasets/BirdClef/audio/Turdus merula_Eurasian Blackbird/XC374975.mp3
train,Turdus merula_Eurasian Blackbird,../../Datasets/BirdClef/features/Turdus merula_Eurasian Blackbird/XC364599.npy,../../Datasets/BirdClef/audio/Turdus merula_Eurasian Blackbird/XC364599.mp3
train,Turdus merula_Eurasian Blackbird,../../Datasets/BirdClef/features/Turdus merula_Eurasian Blackbird/XC362171.npy,../../Datasets/BirdClef/audio/Turdus merula_Eurasian Blackbird/XC362171.mp3
train,Turdus merula_Eurasian Blackbird,../../Datasets/BirdClef/features/Turdus merula_Eurasian Blackbird/XC336540.npy,../../Datasets/BirdClef/audio/Turdus merula_Eurasian Blackbird/XC336540.mp3
train,Turdus merula_Eurasian Blackbird,../../Datasets/BirdClef/features/Turdus merula_Eurasian Blackbird/XC442291.npy,../../Datasets/BirdClef/audio/Turdus merula_Eurasian Blackbird/XC442291.mp3
train,Turdus migratorius_American Robin,../../Datasets/BirdClef/features/Turdus migratorius_American Robin/XC14079.npy,../../Datasets/BirdClef/audio/Turdus migratorius_American Robin/XC14079.mp3
train,Turdus migratorius_American Robin,../../Datasets/BirdClef/features/Turdus migratorius_American Robin/XC467907.npy,../../Datasets/BirdClef/audio/Turdus migratorius_American Robin/XC467907.mp3
train,Turdus migratorius_American Robin,../../Datasets/BirdClef/features/Turdus migratorius_American Robin/XC13649.npy,../../Datasets/BirdClef/audio/Turdus migratorius_American Robin/XC13649.mp3
train,Turdus migratorius_American Robin,../../Datasets/BirdClef/features/Turdus migratorius_American Robin/XC302644.npy,../../Datasets/BirdClef/audio/Turdus migratorius_American Robin/XC302644.mp3
train,Turdus migratorius_American Robin,../../Datasets/BirdClef/features/Turdus migratorius_American Robin/XC338199.npy,../../Datasets/BirdClef/audio/Turdus migratorius_American Robin/XC338199.mp3
train,Turdus philomelos_Song Thrush,../../Datasets/BirdClef/features/Turdus philomelos_Song Thrush/XC298851.npy,../../Datasets/BirdClef/audio/Turdus philomelos_Song Thrush/XC298851.mp3
train,Turdus philomelos_Song Thrush,../../Datasets/BirdClef/features/Turdus philomelos_Song Thrush/XC210593.npy,../../Datasets/BirdClef/audio/Turdus philomelos_Song Thrush/XC210593.mp3
train,Turdus philomelos_Song Thrush,../../Datasets/BirdClef/features/Turdus philomelos_Song Thrush/XC210592.npy,../../Datasets/BirdClef/audio/Turdus philomelos_Song Thrush/XC210592.mp3
train,Turdus philomelos_Song Thrush,../../Datasets/BirdClef/features/Turdus philomelos_Song Thrush/XC270429.npy,../../Datasets/BirdClef/audio/Turdus philomelos_Song Thrush/XC270429.mp3
train,Turdus philomelos_Song Thrush,../../Datasets/BirdClef/features/Turdus philomelos_Song Thrush/XC252982.npy,../../Datasets/BirdClef/audio/Turdus philomelos_Song Thrush/XC252982.mp3
train,Turdus pilaris_Fieldfare,../../Datasets/BirdClef/features/Turdus pilaris_Fieldfare/XC467274.npy,../../Datasets/BirdClef/audio/Turdus pilaris_Fieldfare/XC467274.mp3
train,Turdus pilaris_Fieldfare,../../Datasets/BirdClef/features/Turdus pilaris_Fieldfare/XC292370.npy,../../Datasets/BirdClef/audio/Turdus pilaris_Fieldfare/XC292370.mp3
train,Turdus pilaris_Fieldfare,../../Datasets/BirdClef/features/Turdus pilaris_Fieldfare/XC463426.npy,../../Datasets/BirdClef/audio/Turdus pilaris_Fieldfare/XC463426.mp3
train,Turdus pilaris_Fieldfare,../../Datasets/BirdClef/features/Turdus pilaris_Fieldfare/XC377994.npy,../../Datasets/BirdClef/audio/Turdus pilaris_Fieldfare/XC377994.mp3
train,Turdus pilaris_Fieldfare,../../Datasets/BirdClef/features/Turdus pilaris_Fieldfare/XC209637.npy,../../Datasets/BirdClef/audio/Turdus pilaris_Fieldfare/XC209637.mp3
train,Turdus viscivorus_Mistle Thrush,../../Datasets/BirdClef/features/Turdus viscivorus_Mistle Thrush/XC142642.npy,../../Datasets/BirdClef/audio/Turdus viscivorus_Mistle Thrush/XC142642.mp3
train,Turdus viscivorus_Mistle Thrush,../../Datasets/BirdClef/features/Turdus viscivorus_Mistle Thrush/XC118575.npy,../../Datasets/BirdClef/audio/Turdus viscivorus_Mistle Thrush/XC118575.mp3
train,Turdus viscivorus_Mistle Thrush,../../Datasets/BirdClef/features/Turdus viscivorus_Mistle Thrush/XC281463.npy,../../Datasets/BirdClef/audio/Turdus viscivorus_Mistle Thrush/XC281463.mp3
train,Turdus viscivorus_Mistle Thrush,../../Datasets/BirdClef/features/Turdus viscivorus_Mistle Thrush/XC237351.npy,../../Datasets/BirdClef/audio/Turdus viscivorus_Mistle Thrush/XC237351.mp3
train,Turdus viscivorus_Mistle Thrush,../../Datasets/BirdClef/features/Turdus viscivorus_Mistle Thrush/XC365882.npy,../../Datasets/BirdClef/audio/Turdus viscivorus_Mistle Thrush/XC365882.mp3
train,Tyranneutes stolzmanni_Dwarf Tyrant-Manakin,../../Datasets/BirdClef/features/Tyranneutes stolzmanni_Dwarf Tyrant-Manakin/XC358570.npy,../../Datasets/BirdClef/audio/Tyranneutes stolzmanni_Dwarf Tyrant-Manakin/XC358570.mp3
train,Tyranneutes stolzmanni_Dwarf Tyrant-Manakin,../../Datasets/BirdClef/features/Tyranneutes stolzmanni_Dwarf Tyrant-Manakin/XC231914.npy,../../Datasets/BirdClef/audio/Tyranneutes stolzmanni_Dwarf Tyrant-Manakin/XC231914.mp3
train,Tyranneutes stolzmanni_Dwarf Tyrant-Manakin,../../Datasets/BirdClef/features/Tyranneutes stolzmanni_Dwarf Tyrant-Manakin/XC338691.npy,../../Datasets/BirdClef/audio/Tyranneutes stolzmanni_Dwarf Tyrant-Manakin/XC338691.mp3
train,Tyranneutes stolzmanni_Dwarf Tyrant-Manakin,../../Datasets/BirdClef/features/Tyranneutes stolzmanni_Dwarf Tyrant-Manakin/XC202258.npy,../../Datasets/BirdClef/audio/Tyranneutes stolzmanni_Dwarf Tyrant-Manakin/XC202258.mp3
train,Tyranneutes stolzmanni_Dwarf Tyrant-Manakin,../../Datasets/BirdClef/features/Tyranneutes stolzmanni_Dwarf Tyrant-Manakin/XC231919.npy,../../Datasets/BirdClef/audio/Tyranneutes stolzmanni_Dwarf Tyrant-Manakin/XC231919.mp3
train,Tyrannopsis sulphurea_Sulphury Flycatcher,../../Datasets/BirdClef/features/Tyrannopsis sulphurea_Sulphury Flycatcher/XC108537.npy,../../Datasets/BirdClef/audio/Tyrannopsis sulphurea_Sulphury Flycatcher/XC108537.mp3
train,Tyrannopsis sulphurea_Sulphury Flycatcher,../../Datasets/BirdClef/features/Tyrannopsis sulphurea_Sulphury Flycatcher/XC149794.npy,../../Datasets/BirdClef/audio/Tyrannopsis sulphurea_Sulphury Flycatcher/XC149794.mp3
train,Tyrannopsis sulphurea_Sulphury Flycatcher,../../Datasets/BirdClef/features/Tyrannopsis sulphurea_Sulphury Flycatcher/XC288552.npy,../../Datasets/BirdClef/audio/Tyrannopsis sulphurea_Sulphury Flycatcher/XC288552.mp3
train,Tyrannopsis sulphurea_Sulphury Flycatcher,../../Datasets/BirdClef/features/Tyrannopsis sulphurea_Sulphury Flycatcher/XC402956.npy,../../Datasets/BirdClef/audio/Tyrannopsis sulphurea_Sulphury Flycatcher/XC402956.mp3
train,Tyrannopsis sulphurea_Sulphury Flycatcher,../../Datasets/BirdClef/features/Tyrannopsis sulphurea_Sulphury Flycatcher/XC326078.npy,../../Datasets/BirdClef/audio/Tyrannopsis sulphurea_Sulphury Flycatcher/XC326078.mp3
train,Tyrannulus elatus_Yellow-crowned Tyrannulet,../../Datasets/BirdClef/features/Tyrannulus elatus_Yellow-crowned Tyrannulet/XC39841.npy,../../Datasets/BirdClef/audio/Tyrannulus elatus_Yellow-crowned Tyrannulet/XC39841.mp3
train,Tyrannulus elatus_Yellow-crowned Tyrannulet,../../Datasets/BirdClef/features/Tyrannulus elatus_Yellow-crowned Tyrannulet/XC275422.npy,../../Datasets/BirdClef/audio/Tyrannulus elatus_Yellow-crowned Tyrannulet/XC275422.mp3
train,Tyrannulus elatus_Yellow-crowned Tyrannulet,../../Datasets/BirdClef/features/Tyrannulus elatus_Yellow-crowned Tyrannulet/XC494041.npy,../../Datasets/BirdClef/audio/Tyrannulus elatus_Yellow-crowned Tyrannulet/XC494041.mp3
train,Tyrannulus elatus_Yellow-crowned Tyrannulet,../../Datasets/BirdClef/features/Tyrannulus elatus_Yellow-crowned Tyrannulet/XC47090.npy,../../Datasets/BirdClef/audio/Tyrannulus elatus_Yellow-crowned Tyrannulet/XC47090.mp3
train,Tyrannulus elatus_Yellow-crowned Tyrannulet,../../Datasets/BirdClef/features/Tyrannulus elatus_Yellow-crowned Tyrannulet/XC72789.npy,../../Datasets/BirdClef/audio/Tyrannulus elatus_Yellow-crowned Tyrannulet/XC72789.mp3
train,Tyrannus melancholicus_Tropical Kingbird,../../Datasets/BirdClef/features/Tyrannus melancholicus_Tropical Kingbird/XC490064.npy,../../Datasets/BirdClef/audio/Tyrannus melancholicus_Tropical Kingbird/XC490064.mp3
train,Tyrannus melancholicus_Tropical Kingbird,../../Datasets/BirdClef/features/Tyrannus melancholicus_Tropical Kingbird/XC5238.npy,../../Datasets/BirdClef/audio/Tyrannus melancholicus_Tropical Kingbird/XC5238.mp3
train,Tyrannus melancholicus_Tropical Kingbird,../../Datasets/BirdClef/features/Tyrannus melancholicus_Tropical Kingbird/XC1123.npy,../../Datasets/BirdClef/audio/Tyrannus melancholicus_Tropical Kingbird/XC1123.mp3
train,Tyrannus melancholicus_Tropical Kingbird,../../Datasets/BirdClef/features/Tyrannus melancholicus_Tropical Kingbird/XC278259.npy,../../Datasets/BirdClef/audio/Tyrannus melancholicus_Tropical Kingbird/XC278259.mp3
train,Tyrannus melancholicus_Tropical Kingbird,../../Datasets/BirdClef/features/Tyrannus melancholicus_Tropical Kingbird/XC282345.npy,../../Datasets/BirdClef/audio/Tyrannus melancholicus_Tropical Kingbird/XC282345.mp3
train,Tyrannus savana_Fork-tailed Flycatcher,../../Datasets/BirdClef/features/Tyrannus savana_Fork-tailed Flycatcher/XC176460.npy,../../Datasets/BirdClef/audio/Tyrannus savana_Fork-tailed Flycatcher/XC176460.mp3
train,Tyrannus savana_Fork-tailed Flycatcher,../../Datasets/BirdClef/features/Tyrannus savana_Fork-tailed Flycatcher/XC7978.npy,../../Datasets/BirdClef/audio/Tyrannus savana_Fork-tailed Flycatcher/XC7978.mp3
train,Tyrannus savana_Fork-tailed Flycatcher,../../Datasets/BirdClef/features/Tyrannus savana_Fork-tailed Flycatcher/XC9045.npy,../../Datasets/BirdClef/audio/Tyrannus savana_Fork-tailed Flycatcher/XC9045.mp3
train,Tyrannus savana_Fork-tailed Flycatcher,../../Datasets/BirdClef/features/Tyrannus savana_Fork-tailed Flycatcher/XC244972.npy,../../Datasets/BirdClef/audio/Tyrannus savana_Fork-tailed Flycatcher/XC244972.mp3
train,Tyrannus savana_Fork-tailed Flycatcher,../../Datasets/BirdClef/features/Tyrannus savana_Fork-tailed Flycatcher/XC46722.npy,../../Datasets/BirdClef/audio/Tyrannus savana_Fork-tailed Flycatcher/XC46722.mp3
train,Tyrannus tyrannus_Eastern Kingbird,../../Datasets/BirdClef/features/Tyrannus tyrannus_Eastern Kingbird/XC416767.npy,../../Datasets/BirdClef/audio/Tyrannus tyrannus_Eastern Kingbird/XC416767.mp3
train,Tyrannus tyrannus_Eastern Kingbird,../../Datasets/BirdClef/features/Tyrannus tyrannus_Eastern Kingbird/XC231962.npy,../../Datasets/BirdClef/audio/Tyrannus tyrannus_Eastern Kingbird/XC231962.mp3
train,Tyrannus tyrannus_Eastern Kingbird,../../Datasets/BirdClef/features/Tyrannus tyrannus_Eastern Kingbird/XC177850.npy,../../Datasets/BirdClef/audio/Tyrannus tyrannus_Eastern Kingbird/XC177850.mp3
train,Tyrannus tyrannus_Eastern Kingbird,../../Datasets/BirdClef/features/Tyrannus tyrannus_Eastern Kingbird/XC172493.npy,../../Datasets/BirdClef/audio/Tyrannus tyrannus_Eastern Kingbird/XC172493.mp3
train,Tyrannus tyrannus_Eastern Kingbird,../../Datasets/BirdClef/features/Tyrannus tyrannus_Eastern Kingbird/XC137099.npy,../../Datasets/BirdClef/audio/Tyrannus tyrannus_Eastern Kingbird/XC137099.mp3
train,Tyrannus verticalis_Western Kingbird,../../Datasets/BirdClef/features/Tyrannus verticalis_Western Kingbird/XC325380.npy,../../Datasets/BirdClef/audio/Tyrannus verticalis_Western Kingbird/XC325380.mp3
train,Tyrannus verticalis_Western Kingbird,../../Datasets/BirdClef/features/Tyrannus verticalis_Western Kingbird/XC198414.npy,../../Datasets/BirdClef/audio/Tyrannus verticalis_Western Kingbird/XC198414.mp3
train,Tyrannus verticalis_Western Kingbird,../../Datasets/BirdClef/features/Tyrannus verticalis_Western Kingbird/XC161764.npy,../../Datasets/BirdClef/audio/Tyrannus verticalis_Western Kingbird/XC161764.mp3
train,Tyrannus verticalis_Western Kingbird,../../Datasets/BirdClef/features/Tyrannus verticalis_Western Kingbird/XC124298.npy,../../Datasets/BirdClef/audio/Tyrannus verticalis_Western Kingbird/XC124298.mp3
train,Tyrannus verticalis_Western Kingbird,../../Datasets/BirdClef/features/Tyrannus verticalis_Western Kingbird/XC387630.npy,../../Datasets/BirdClef/audio/Tyrannus verticalis_Western Kingbird/XC387630.mp3
train,Tyto alba_Barn Owl,../../Datasets/BirdClef/features/Tyto alba_Barn Owl/XC493908.npy,../../Datasets/BirdClef/audio/Tyto alba_Barn Owl/XC493908.mp3
train,Tyto alba_Barn Owl,../../Datasets/BirdClef/features/Tyto alba_Barn Owl/XC345927.npy,../../Datasets/BirdClef/audio/Tyto alba_Barn Owl/XC345927.mp3
train,Tyto alba_Barn Owl,../../Datasets/BirdClef/features/Tyto alba_Barn Owl/XC487373.npy,../../Datasets/BirdClef/audio/Tyto alba_Barn Owl/XC487373.mp3
train,Tyto alba_Barn Owl,../../Datasets/BirdClef/features/Tyto alba_Barn Owl/XC405090.npy,../../Datasets/BirdClef/audio/Tyto alba_Barn Owl/XC405090.mp3
train,Tyto alba_Barn Owl,../../Datasets/BirdClef/features/Tyto alba_Barn Owl/XC436948.npy,../../Datasets/BirdClef/audio/Tyto alba_Barn Owl/XC436948.mp3
train,Vanellus chilensis_Southern Lapwing,../../Datasets/BirdClef/features/Vanellus chilensis_Southern Lapwing/XC50273.npy,../../Datasets/BirdClef/audio/Vanellus chilensis_Southern Lapwing/XC50273.mp3
train,Vanellus chilensis_Southern Lapwing,../../Datasets/BirdClef/features/Vanellus chilensis_Southern Lapwing/XC384669.npy,../../Datasets/BirdClef/audio/Vanellus chilensis_Southern Lapwing/XC384669.mp3
train,Vanellus chilensis_Southern Lapwing,../../Datasets/BirdClef/features/Vanellus chilensis_Southern Lapwing/XC116245.npy,../../Datasets/BirdClef/audio/Vanellus chilensis_Southern Lapwing/XC116245.mp3
train,Vanellus chilensis_Southern Lapwing,../../Datasets/BirdClef/features/Vanellus chilensis_Southern Lapwing/XC48576.npy,../../Datasets/BirdClef/audio/Vanellus chilensis_Southern Lapwing/XC48576.mp3
train,Vanellus chilensis_Southern Lapwing,../../Datasets/BirdClef/features/Vanellus chilensis_Southern Lapwing/XC1883.npy,../../Datasets/BirdClef/audio/Vanellus chilensis_Southern Lapwing/XC1883.mp3
train,Vanellus vanellus_Northern Lapwing,../../Datasets/BirdClef/features/Vanellus vanellus_Northern Lapwing/XC356110.npy,../../Datasets/BirdClef/audio/Vanellus vanellus_Northern Lapwing/XC356110.mp3
train,Vanellus vanellus_Northern Lapwing,../../Datasets/BirdClef/features/Vanellus vanellus_Northern Lapwing/XC448690.npy,../../Datasets/BirdClef/audio/Vanellus vanellus_Northern Lapwing/XC448690.mp3
train,Vanellus vanellus_Northern Lapwing,../../Datasets/BirdClef/features/Vanellus vanellus_Northern Lapwing/XC181209.npy,../../Datasets/BirdClef/audio/Vanellus vanellus_Northern Lapwing/XC181209.mp3
train,Vanellus vanellus_Northern Lapwing,../../Datasets/BirdClef/features/Vanellus vanellus_Northern Lapwing/XC476416.npy,../../Datasets/BirdClef/audio/Vanellus vanellus_Northern Lapwing/XC476416.mp3
train,Vanellus vanellus_Northern Lapwing,../../Datasets/BirdClef/features/Vanellus vanellus_Northern Lapwing/XC263997.npy,../../Datasets/BirdClef/audio/Vanellus vanellus_Northern Lapwing/XC263997.mp3
train,Vermivora cyanoptera_Blue-winged Warbler,../../Datasets/BirdClef/features/Vermivora cyanoptera_Blue-winged Warbler/XC31316.npy,../../Datasets/BirdClef/audio/Vermivora cyanoptera_Blue-winged Warbler/XC31316.mp3
train,Vermivora cyanoptera_Blue-winged Warbler,../../Datasets/BirdClef/features/Vermivora cyanoptera_Blue-winged Warbler/XC31124.npy,../../Datasets/BirdClef/audio/Vermivora cyanoptera_Blue-winged Warbler/XC31124.mp3
train,Vermivora cyanoptera_Blue-winged Warbler,../../Datasets/BirdClef/features/Vermivora cyanoptera_Blue-winged Warbler/XC103603.npy,../../Datasets/BirdClef/audio/Vermivora cyanoptera_Blue-winged Warbler/XC103603.mp3
train,Vermivora cyanoptera_Blue-winged Warbler,../../Datasets/BirdClef/features/Vermivora cyanoptera_Blue-winged Warbler/XC101664.npy,../../Datasets/BirdClef/audio/Vermivora cyanoptera_Blue-winged Warbler/XC101664.mp3
train,Vermivora cyanoptera_Blue-winged Warbler,../../Datasets/BirdClef/features/Vermivora cyanoptera_Blue-winged Warbler/XC137741.npy,../../Datasets/BirdClef/audio/Vermivora cyanoptera_Blue-winged Warbler/XC137741.mp3
train,Vireo cassinii_Cassin's Vireo,../../Datasets/BirdClef/features/Vireo cassinii_Cassin's Vireo/XC189308.npy,../../Datasets/BirdClef/audio/Vireo cassinii_Cassin's Vireo/XC189308.mp3
train,Vireo cassinii_Cassin's Vireo,../../Datasets/BirdClef/features/Vireo cassinii_Cassin's Vireo/XC269951.npy,../../Datasets/BirdClef/audio/Vireo cassinii_Cassin's Vireo/XC269951.mp3
train,Vireo cassinii_Cassin's Vireo,../../Datasets/BirdClef/features/Vireo cassinii_Cassin's Vireo/XC72259.npy,../../Datasets/BirdClef/audio/Vireo cassinii_Cassin's Vireo/XC72259.mp3
train,Vireo cassinii_Cassin's Vireo,../../Datasets/BirdClef/features/Vireo cassinii_Cassin's Vireo/XC21443.npy,../../Datasets/BirdClef/audio/Vireo cassinii_Cassin's Vireo/XC21443.mp3
train,Vireo cassinii_Cassin's Vireo,../../Datasets/BirdClef/features/Vireo cassinii_Cassin's Vireo/XC308787.npy,../../Datasets/BirdClef/audio/Vireo cassinii_Cassin's Vireo/XC308787.mp3
train,Vireo chivi_Chivi Vireo,../../Datasets/BirdClef/features/Vireo chivi_Chivi Vireo/XC110602.npy,../../Datasets/BirdClef/audio/Vireo chivi_Chivi Vireo/XC110602.mp3
train,Vireo chivi_Chivi Vireo,../../Datasets/BirdClef/features/Vireo chivi_Chivi Vireo/XC2099.npy,../../Datasets/BirdClef/audio/Vireo chivi_Chivi Vireo/XC2099.mp3
train,Vireo chivi_Chivi Vireo,../../Datasets/BirdClef/features/Vireo chivi_Chivi Vireo/XC415523.npy,../../Datasets/BirdClef/audio/Vireo chivi_Chivi Vireo/XC415523.mp3
train,Vireo chivi_Chivi Vireo,../../Datasets/BirdClef/features/Vireo chivi_Chivi Vireo/XC283848.npy,../../Datasets/BirdClef/audio/Vireo chivi_Chivi Vireo/XC283848.mp3
train,Vireo chivi_Chivi Vireo,../../Datasets/BirdClef/features/Vireo chivi_Chivi Vireo/XC232179.npy,../../Datasets/BirdClef/audio/Vireo chivi_Chivi Vireo/XC232179.mp3
train,Vireo flavifrons_Yellow-throated Vireo,../../Datasets/BirdClef/features/Vireo flavifrons_Yellow-throated Vireo/XC325789.npy,../../Datasets/BirdClef/audio/Vireo flavifrons_Yellow-throated Vireo/XC325789.mp3
train,Vireo flavifrons_Yellow-throated Vireo,../../Datasets/BirdClef/features/Vireo flavifrons_Yellow-throated Vireo/XC7842.npy,../../Datasets/BirdClef/audio/Vireo flavifrons_Yellow-throated Vireo/XC7842.mp3
train,Vireo flavifrons_Yellow-throated Vireo,../../Datasets/BirdClef/features/Vireo flavifrons_Yellow-throated Vireo/XC324469.npy,../../Datasets/BirdClef/audio/Vireo flavifrons_Yellow-throated Vireo/XC324469.mp3
train,Vireo flavifrons_Yellow-throated Vireo,../../Datasets/BirdClef/features/Vireo flavifrons_Yellow-throated Vireo/XC136305.npy,../../Datasets/BirdClef/audio/Vireo flavifrons_Yellow-throated Vireo/XC136305.mp3
train,Vireo flavifrons_Yellow-throated Vireo,../../Datasets/BirdClef/features/Vireo flavifrons_Yellow-throated Vireo/XC232109.npy,../../Datasets/BirdClef/audio/Vireo flavifrons_Yellow-throated Vireo/XC232109.mp3
train,Vireo flavoviridis_Yellow-green Vireo,../../Datasets/BirdClef/features/Vireo flavoviridis_Yellow-green Vireo/XC363233.npy,../../Datasets/BirdClef/audio/Vireo flavoviridis_Yellow-green Vireo/XC363233.mp3
train,Vireo flavoviridis_Yellow-green Vireo,../../Datasets/BirdClef/features/Vireo flavoviridis_Yellow-green Vireo/XC232111.npy,../../Datasets/BirdClef/audio/Vireo flavoviridis_Yellow-green Vireo/XC232111.mp3
train,Vireo flavoviridis_Yellow-green Vireo,../../Datasets/BirdClef/features/Vireo flavoviridis_Yellow-green Vireo/XC107439.npy,../../Datasets/BirdClef/audio/Vireo flavoviridis_Yellow-green Vireo/XC107439.mp3
train,Vireo flavoviridis_Yellow-green Vireo,../../Datasets/BirdClef/features/Vireo flavoviridis_Yellow-green Vireo/XC418106.npy,../../Datasets/BirdClef/audio/Vireo flavoviridis_Yellow-green Vireo/XC418106.mp3
train,Vireo flavoviridis_Yellow-green Vireo,../../Datasets/BirdClef/features/Vireo flavoviridis_Yellow-green Vireo/XC252424.npy,../../Datasets/BirdClef/audio/Vireo flavoviridis_Yellow-green Vireo/XC252424.mp3
train,Vireo gilvus_Warbling Vireo,../../Datasets/BirdClef/features/Vireo gilvus_Warbling Vireo/XC323406.npy,../../Datasets/BirdClef/audio/Vireo gilvus_Warbling Vireo/XC323406.mp3
train,Vireo gilvus_Warbling Vireo,../../Datasets/BirdClef/features/Vireo gilvus_Warbling Vireo/XC105673.npy,../../Datasets/BirdClef/audio/Vireo gilvus_Warbling Vireo/XC105673.mp3
train,Vireo gilvus_Warbling Vireo,../../Datasets/BirdClef/features/Vireo gilvus_Warbling Vireo/XC367708.npy,../../Datasets/BirdClef/audio/Vireo gilvus_Warbling Vireo/XC367708.mp3
train,Vireo gilvus_Warbling Vireo,../../Datasets/BirdClef/features/Vireo gilvus_Warbling Vireo/XC319723.npy,../../Datasets/BirdClef/audio/Vireo gilvus_Warbling Vireo/XC319723.mp3
train,Vireo gilvus_Warbling Vireo,../../Datasets/BirdClef/features/Vireo gilvus_Warbling Vireo/XC14275.npy,../../Datasets/BirdClef/audio/Vireo gilvus_Warbling Vireo/XC14275.mp3
train,Vireo olivaceus_Red-eyed Vireo,../../Datasets/BirdClef/features/Vireo olivaceus_Red-eyed Vireo/XC323248.npy,../../Datasets/BirdClef/audio/Vireo olivaceus_Red-eyed Vireo/XC323248.mp3
train,Vireo olivaceus_Red-eyed Vireo,../../Datasets/BirdClef/features/Vireo olivaceus_Red-eyed Vireo/XC15194.npy,../../Datasets/BirdClef/audio/Vireo olivaceus_Red-eyed Vireo/XC15194.mp3
train,Vireo olivaceus_Red-eyed Vireo,../../Datasets/BirdClef/features/Vireo olivaceus_Red-eyed Vireo/XC215993.npy,../../Datasets/BirdClef/audio/Vireo olivaceus_Red-eyed Vireo/XC215993.mp3
train,Vireo olivaceus_Red-eyed Vireo,../../Datasets/BirdClef/features/Vireo olivaceus_Red-eyed Vireo/XC139569.npy,../../Datasets/BirdClef/audio/Vireo olivaceus_Red-eyed Vireo/XC139569.mp3
train,Vireo olivaceus_Red-eyed Vireo,../../Datasets/BirdClef/features/Vireo olivaceus_Red-eyed Vireo/XC8545.npy,../../Datasets/BirdClef/audio/Vireo olivaceus_Red-eyed Vireo/XC8545.mp3
train,Vireo plumbeus_Plumbeous Vireo,../../Datasets/BirdClef/features/Vireo plumbeus_Plumbeous Vireo/XC232197.npy,../../Datasets/BirdClef/audio/Vireo plumbeus_Plumbeous Vireo/XC232197.mp3
train,Vireo plumbeus_Plumbeous Vireo,../../Datasets/BirdClef/features/Vireo plumbeus_Plumbeous Vireo/XC321325.npy,../../Datasets/BirdClef/audio/Vireo plumbeus_Plumbeous Vireo/XC321325.mp3
train,Vireo plumbeus_Plumbeous Vireo,../../Datasets/BirdClef/features/Vireo plumbeus_Plumbeous Vireo/XC22071.npy,../../Datasets/BirdClef/audio/Vireo plumbeus_Plumbeous Vireo/XC22071.mp3
train,Vireo plumbeus_Plumbeous Vireo,../../Datasets/BirdClef/features/Vireo plumbeus_Plumbeous Vireo/XC139887.npy,../../Datasets/BirdClef/audio/Vireo plumbeus_Plumbeous Vireo/XC139887.mp3
train,Vireo plumbeus_Plumbeous Vireo,../../Datasets/BirdClef/features/Vireo plumbeus_Plumbeous Vireo/XC104529.npy,../../Datasets/BirdClef/audio/Vireo plumbeus_Plumbeous Vireo/XC104529.mp3
train,Vireo solitarius_Blue-headed Vireo,../../Datasets/BirdClef/features/Vireo solitarius_Blue-headed Vireo/XC52987.npy,../../Datasets/BirdClef/audio/Vireo solitarius_Blue-headed Vireo/XC52987.mp3
train,Vireo solitarius_Blue-headed Vireo,../../Datasets/BirdClef/features/Vireo solitarius_Blue-headed Vireo/XC391436.npy,../../Datasets/BirdClef/audio/Vireo solitarius_Blue-headed Vireo/XC391436.mp3
train,Vireo solitarius_Blue-headed Vireo,../../Datasets/BirdClef/features/Vireo solitarius_Blue-headed Vireo/XC469328.npy,../../Datasets/BirdClef/audio/Vireo solitarius_Blue-headed Vireo/XC469328.mp3
train,Vireo solitarius_Blue-headed Vireo,../../Datasets/BirdClef/features/Vireo solitarius_Blue-headed Vireo/XC291223.npy,../../Datasets/BirdClef/audio/Vireo solitarius_Blue-headed Vireo/XC291223.mp3
train,Vireo solitarius_Blue-headed Vireo,../../Datasets/BirdClef/features/Vireo solitarius_Blue-headed Vireo/XC420397.npy,../../Datasets/BirdClef/audio/Vireo solitarius_Blue-headed Vireo/XC420397.mp3
train,Vireolanius leucotis_Slaty-capped Shrike-Vireo,../../Datasets/BirdClef/features/Vireolanius leucotis_Slaty-capped Shrike-Vireo/XC59340.npy,../../Datasets/BirdClef/audio/Vireolanius leucotis_Slaty-capped Shrike-Vireo/XC59340.mp3
train,Vireolanius leucotis_Slaty-capped Shrike-Vireo,../../Datasets/BirdClef/features/Vireolanius leucotis_Slaty-capped Shrike-Vireo/XC243279.npy,../../Datasets/BirdClef/audio/Vireolanius leucotis_Slaty-capped Shrike-Vireo/XC243279.mp3
train,Vireolanius leucotis_Slaty-capped Shrike-Vireo,../../Datasets/BirdClef/features/Vireolanius leucotis_Slaty-capped Shrike-Vireo/XC259161.npy,../../Datasets/BirdClef/audio/Vireolanius leucotis_Slaty-capped Shrike-Vireo/XC259161.mp3
train,Vireolanius leucotis_Slaty-capped Shrike-Vireo,../../Datasets/BirdClef/features/Vireolanius leucotis_Slaty-capped Shrike-Vireo/XC400652.npy,../../Datasets/BirdClef/audio/Vireolanius leucotis_Slaty-capped Shrike-Vireo/XC400652.mp3
train,Vireolanius leucotis_Slaty-capped Shrike-Vireo,../../Datasets/BirdClef/features/Vireolanius leucotis_Slaty-capped Shrike-Vireo/XC167380.npy,../../Datasets/BirdClef/audio/Vireolanius leucotis_Slaty-capped Shrike-Vireo/XC167380.mp3
train,Volatinia jacarina_Blue-black Grassquit,../../Datasets/BirdClef/features/Volatinia jacarina_Blue-black Grassquit/XC259827.npy,../../Datasets/BirdClef/audio/Volatinia jacarina_Blue-black Grassquit/XC259827.mp3
train,Volatinia jacarina_Blue-black Grassquit,../../Datasets/BirdClef/features/Volatinia jacarina_Blue-black Grassquit/XC32428.npy,../../Datasets/BirdClef/audio/Volatinia jacarina_Blue-black Grassquit/XC32428.mp3
train,Volatinia jacarina_Blue-black Grassquit,../../Datasets/BirdClef/features/Volatinia jacarina_Blue-black Grassquit/XC257148.npy,../../Datasets/BirdClef/audio/Volatinia jacarina_Blue-black Grassquit/XC257148.mp3
train,Volatinia jacarina_Blue-black Grassquit,../../Datasets/BirdClef/features/Volatinia jacarina_Blue-black Grassquit/XC29425.npy,../../Datasets/BirdClef/audio/Volatinia jacarina_Blue-black Grassquit/XC29425.mp3
train,Volatinia jacarina_Blue-black Grassquit,../../Datasets/BirdClef/features/Volatinia jacarina_Blue-black Grassquit/XC251751.npy,../../Datasets/BirdClef/audio/Volatinia jacarina_Blue-black Grassquit/XC251751.mp3
train,Willisornis poecilinotus_Common Scale-backed Antbird,../../Datasets/BirdClef/features/Willisornis poecilinotus_Common Scale-backed Antbird/XC360957.npy,../../Datasets/BirdClef/audio/Willisornis poecilinotus_Common Scale-backed Antbird/XC360957.mp3
train,Willisornis poecilinotus_Common Scale-backed Antbird,../../Datasets/BirdClef/features/Willisornis poecilinotus_Common Scale-backed Antbird/XC90348.npy,../../Datasets/BirdClef/audio/Willisornis poecilinotus_Common Scale-backed Antbird/XC90348.mp3
train,Willisornis poecilinotus_Common Scale-backed Antbird,../../Datasets/BirdClef/features/Willisornis poecilinotus_Common Scale-backed Antbird/XC8074.npy,../../Datasets/BirdClef/audio/Willisornis poecilinotus_Common Scale-backed Antbird/XC8074.mp3
train,Willisornis poecilinotus_Common Scale-backed Antbird,../../Datasets/BirdClef/features/Willisornis poecilinotus_Common Scale-backed Antbird/XC413565.npy,../../Datasets/BirdClef/audio/Willisornis poecilinotus_Common Scale-backed Antbird/XC413565.mp3
train,Willisornis poecilinotus_Common Scale-backed Antbird,../../Datasets/BirdClef/features/Willisornis poecilinotus_Common Scale-backed Antbird/XC303467.npy,../../Datasets/BirdClef/audio/Willisornis poecilinotus_Common Scale-backed Antbird/XC303467.mp3
train,Xanthocephalus xanthocephalus_Yellow-headed Blackbird,../../Datasets/BirdClef/features/Xanthocephalus xanthocephalus_Yellow-headed Blackbird/XC160428.npy,../../Datasets/BirdClef/audio/Xanthocephalus xanthocephalus_Yellow-headed Blackbird/XC160428.mp3
train,Xanthocephalus xanthocephalus_Yellow-headed Blackbird,../../Datasets/BirdClef/features/Xanthocephalus xanthocephalus_Yellow-headed Blackbird/XC325381.npy,../../Datasets/BirdClef/audio/Xanthocephalus xanthocephalus_Yellow-headed Blackbird/XC325381.mp3
train,Xanthocephalus xanthocephalus_Yellow-headed Blackbird,../../Datasets/BirdClef/features/Xanthocephalus xanthocephalus_Yellow-headed Blackbird/XC113803.npy,../../Datasets/BirdClef/audio/Xanthocephalus xanthocephalus_Yellow-headed Blackbird/XC113803.mp3
train,Xanthocephalus xanthocephalus_Yellow-headed Blackbird,../../Datasets/BirdClef/features/Xanthocephalus xanthocephalus_Yellow-headed Blackbird/XC325752.npy,../../Datasets/BirdClef/audio/Xanthocephalus xanthocephalus_Yellow-headed Blackbird/XC325752.mp3
train,Xanthocephalus xanthocephalus_Yellow-headed Blackbird,../../Datasets/BirdClef/features/Xanthocephalus xanthocephalus_Yellow-headed Blackbird/XC368731.npy,../../Datasets/BirdClef/audio/Xanthocephalus xanthocephalus_Yellow-headed Blackbird/XC368731.mp3
train,Xenops minutus_Plain Xenops,../../Datasets/BirdClef/features/Xenops minutus_Plain Xenops/XC249087.npy,../../Datasets/BirdClef/audio/Xenops minutus_Plain Xenops/XC249087.mp3
train,Xenops minutus_Plain Xenops,../../Datasets/BirdClef/features/Xenops minutus_Plain Xenops/XC17699.npy,../../Datasets/BirdClef/audio/Xenops minutus_Plain Xenops/XC17699.mp3
train,Xenops minutus_Plain Xenops,../../Datasets/BirdClef/features/Xenops minutus_Plain Xenops/XC65006.npy,../../Datasets/BirdClef/audio/Xenops minutus_Plain Xenops/XC65006.mp3
train,Xenops minutus_Plain Xenops,../../Datasets/BirdClef/features/Xenops minutus_Plain Xenops/XC271687.npy,../../Datasets/BirdClef/audio/Xenops minutus_Plain Xenops/XC271687.mp3
train,Xenops minutus_Plain Xenops,../../Datasets/BirdClef/features/Xenops minutus_Plain Xenops/XC271684.npy,../../Datasets/BirdClef/audio/Xenops minutus_Plain Xenops/XC271684.mp3
train,Xenops rutilans_Streaked Xenops,../../Datasets/BirdClef/features/Xenops rutilans_Streaked Xenops/XC249942.npy,../../Datasets/BirdClef/audio/Xenops rutilans_Streaked Xenops/XC249942.mp3
train,Xenops rutilans_Streaked Xenops,../../Datasets/BirdClef/features/Xenops rutilans_Streaked Xenops/XC477132.npy,../../Datasets/BirdClef/audio/Xenops rutilans_Streaked Xenops/XC477132.mp3
train,Xenops rutilans_Streaked Xenops,../../Datasets/BirdClef/features/Xenops rutilans_Streaked Xenops/XC274143.npy,../../Datasets/BirdClef/audio/Xenops rutilans_Streaked Xenops/XC274143.mp3
train,Xenops rutilans_Streaked Xenops,../../Datasets/BirdClef/features/Xenops rutilans_Streaked Xenops/XC428154.npy,../../Datasets/BirdClef/audio/Xenops rutilans_Streaked Xenops/XC428154.mp3
train,Xenops rutilans_Streaked Xenops,../../Datasets/BirdClef/features/Xenops rutilans_Streaked Xenops/XC30456.npy,../../Datasets/BirdClef/audio/Xenops rutilans_Streaked Xenops/XC30456.mp3
train,Xiphocolaptes promeropirhynchus_Strong-billed Woodcreeper,../../Datasets/BirdClef/features/Xiphocolaptes promeropirhynchus_Strong-billed Woodcreeper/XC251774.npy,../../Datasets/BirdClef/audio/Xiphocolaptes promeropirhynchus_Strong-billed Woodcreeper/XC251774.mp3
train,Xiphocolaptes promeropirhynchus_Strong-billed Woodcreeper,../../Datasets/BirdClef/features/Xiphocolaptes promeropirhynchus_Strong-billed Woodcreeper/XC113135.npy,../../Datasets/BirdClef/audio/Xiphocolaptes promeropirhynchus_Strong-billed Woodcreeper/XC113135.mp3
train,Xiphocolaptes promeropirhynchus_Strong-billed Woodcreeper,../../Datasets/BirdClef/features/Xiphocolaptes promeropirhynchus_Strong-billed Woodcreeper/XC101679.npy,../../Datasets/BirdClef/audio/Xiphocolaptes promeropirhynchus_Strong-billed Woodcreeper/XC101679.mp3
train,Xiphocolaptes promeropirhynchus_Strong-billed Woodcreeper,../../Datasets/BirdClef/features/Xiphocolaptes promeropirhynchus_Strong-billed Woodcreeper/XC11019.npy,../../Datasets/BirdClef/audio/Xiphocolaptes promeropirhynchus_Strong-billed Woodcreeper/XC11019.mp3
train,Xiphocolaptes promeropirhynchus_Strong-billed Woodcreeper,../../Datasets/BirdClef/features/Xiphocolaptes promeropirhynchus_Strong-billed Woodcreeper/XC212644.npy,../../Datasets/BirdClef/audio/Xiphocolaptes promeropirhynchus_Strong-billed Woodcreeper/XC212644.mp3
train,Xiphorhynchus elegans_Elegant Woodcreeper,../../Datasets/BirdClef/features/Xiphorhynchus elegans_Elegant Woodcreeper/XC267521.npy,../../Datasets/BirdClef/audio/Xiphorhynchus elegans_Elegant Woodcreeper/XC267521.mp3
train,Xiphorhynchus elegans_Elegant Woodcreeper,../../Datasets/BirdClef/features/Xiphorhynchus elegans_Elegant Woodcreeper/XC64402.npy,../../Datasets/BirdClef/audio/Xiphorhynchus elegans_Elegant Woodcreeper/XC64402.mp3
train,Xiphorhynchus elegans_Elegant Woodcreeper,../../Datasets/BirdClef/features/Xiphorhynchus elegans_Elegant Woodcreeper/XC486827.npy,../../Datasets/BirdClef/audio/Xiphorhynchus elegans_Elegant Woodcreeper/XC486827.mp3
train,Xiphorhynchus elegans_Elegant Woodcreeper,../../Datasets/BirdClef/features/Xiphorhynchus elegans_Elegant Woodcreeper/XC249864.npy,../../Datasets/BirdClef/audio/Xiphorhynchus elegans_Elegant Woodcreeper/XC249864.mp3
train,Xiphorhynchus elegans_Elegant Woodcreeper,../../Datasets/BirdClef/features/Xiphorhynchus elegans_Elegant Woodcreeper/XC64397.npy,../../Datasets/BirdClef/audio/Xiphorhynchus elegans_Elegant Woodcreeper/XC64397.mp3
train,Xiphorhynchus guttatus_Buff-throated Woodcreeper,../../Datasets/BirdClef/features/Xiphorhynchus guttatus_Buff-throated Woodcreeper/XC264574.npy,../../Datasets/BirdClef/audio/Xiphorhynchus guttatus_Buff-throated Woodcreeper/XC264574.mp3
train,Xiphorhynchus guttatus_Buff-throated Woodcreeper,../../Datasets/BirdClef/features/Xiphorhynchus guttatus_Buff-throated Woodcreeper/XC407285.npy,../../Datasets/BirdClef/audio/Xiphorhynchus guttatus_Buff-throated Woodcreeper/XC407285.mp3
train,Xiphorhynchus guttatus_Buff-throated Woodcreeper,../../Datasets/BirdClef/features/Xiphorhynchus guttatus_Buff-throated Woodcreeper/XC249052.npy,../../Datasets/BirdClef/audio/Xiphorhynchus guttatus_Buff-throated Woodcreeper/XC249052.mp3
train,Xiphorhynchus guttatus_Buff-throated Woodcreeper,../../Datasets/BirdClef/features/Xiphorhynchus guttatus_Buff-throated Woodcreeper/XC232396.npy,../../Datasets/BirdClef/audio/Xiphorhynchus guttatus_Buff-throated Woodcreeper/XC232396.mp3
train,Xiphorhynchus guttatus_Buff-throated Woodcreeper,../../Datasets/BirdClef/features/Xiphorhynchus guttatus_Buff-throated Woodcreeper/XC232395.npy,../../Datasets/BirdClef/audio/Xiphorhynchus guttatus_Buff-throated Woodcreeper/XC232395.mp3
train,Xiphorhynchus obsoletus_Striped Woodcreeper,../../Datasets/BirdClef/features/Xiphorhynchus obsoletus_Striped Woodcreeper/XC258297.npy,../../Datasets/BirdClef/audio/Xiphorhynchus obsoletus_Striped Woodcreeper/XC258297.mp3
train,Xiphorhynchus obsoletus_Striped Woodcreeper,../../Datasets/BirdClef/features/Xiphorhynchus obsoletus_Striped Woodcreeper/XC477068.npy,../../Datasets/BirdClef/audio/Xiphorhynchus obsoletus_Striped Woodcreeper/XC477068.mp3
train,Xiphorhynchus obsoletus_Striped Woodcreeper,../../Datasets/BirdClef/features/Xiphorhynchus obsoletus_Striped Woodcreeper/XC167325.npy,../../Datasets/BirdClef/audio/Xiphorhynchus obsoletus_Striped Woodcreeper/XC167325.mp3
train,Xiphorhynchus obsoletus_Striped Woodcreeper,../../Datasets/BirdClef/features/Xiphorhynchus obsoletus_Striped Woodcreeper/XC91304.npy,../../Datasets/BirdClef/audio/Xiphorhynchus obsoletus_Striped Woodcreeper/XC91304.mp3
train,Xiphorhynchus obsoletus_Striped Woodcreeper,../../Datasets/BirdClef/features/Xiphorhynchus obsoletus_Striped Woodcreeper/XC430690.npy,../../Datasets/BirdClef/audio/Xiphorhynchus obsoletus_Striped Woodcreeper/XC430690.mp3
train,Zebrilus undulatus_Zigzag Heron,../../Datasets/BirdClef/features/Zebrilus undulatus_Zigzag Heron/XC272382.npy,../../Datasets/BirdClef/audio/Zebrilus undulatus_Zigzag Heron/XC272382.mp3
train,Zebrilus undulatus_Zigzag Heron,../../Datasets/BirdClef/features/Zebrilus undulatus_Zigzag Heron/XC386585.npy,../../Datasets/BirdClef/audio/Zebrilus undulatus_Zigzag Heron/XC386585.mp3
train,Zebrilus undulatus_Zigzag Heron,../../Datasets/BirdClef/features/Zebrilus undulatus_Zigzag Heron/XC17663.npy,../../Datasets/BirdClef/audio/Zebrilus undulatus_Zigzag Heron/XC17663.mp3
train,Zebrilus undulatus_Zigzag Heron,../../Datasets/BirdClef/features/Zebrilus undulatus_Zigzag Heron/XC423062.npy,../../Datasets/BirdClef/audio/Zebrilus undulatus_Zigzag Heron/XC423062.mp3
train,Zebrilus undulatus_Zigzag Heron,../../Datasets/BirdClef/features/Zebrilus undulatus_Zigzag Heron/XC71189.npy,../../Datasets/BirdClef/audio/Zebrilus undulatus_Zigzag Heron/XC71189.mp3
train,Zenaida macroura_Mourning Dove,../../Datasets/BirdClef/features/Zenaida macroura_Mourning Dove/XC268216.npy,../../Datasets/BirdClef/audio/Zenaida macroura_Mourning Dove/XC268216.mp3
train,Zenaida macroura_Mourning Dove,../../Datasets/BirdClef/features/Zenaida macroura_Mourning Dove/XC153639.npy,../../Datasets/BirdClef/audio/Zenaida macroura_Mourning Dove/XC153639.mp3
train,Zenaida macroura_Mourning Dove,../../Datasets/BirdClef/features/Zenaida macroura_Mourning Dove/XC153648.npy,../../Datasets/BirdClef/audio/Zenaida macroura_Mourning Dove/XC153648.mp3
train,Zenaida macroura_Mourning Dove,../../Datasets/BirdClef/features/Zenaida macroura_Mourning Dove/XC329214.npy,../../Datasets/BirdClef/audio/Zenaida macroura_Mourning Dove/XC329214.mp3
train,Zenaida macroura_Mourning Dove,../../Datasets/BirdClef/features/Zenaida macroura_Mourning Dove/XC130936.npy,../../Datasets/BirdClef/audio/Zenaida macroura_Mourning Dove/XC130936.mp3
train,Zimmerius gracilipes_Slender-footed Tyrannulet,../../Datasets/BirdClef/features/Zimmerius gracilipes_Slender-footed Tyrannulet/XC298890.npy,../../Datasets/BirdClef/audio/Zimmerius gracilipes_Slender-footed Tyrannulet/XC298890.mp3
train,Zimmerius gracilipes_Slender-footed Tyrannulet,../../Datasets/BirdClef/features/Zimmerius gracilipes_Slender-footed Tyrannulet/XC271021.npy,../../Datasets/BirdClef/audio/Zimmerius gracilipes_Slender-footed Tyrannulet/XC271021.mp3
train,Zimmerius gracilipes_Slender-footed Tyrannulet,../../Datasets/BirdClef/features/Zimmerius gracilipes_Slender-footed Tyrannulet/XC248703.npy,../../Datasets/BirdClef/audio/Zimmerius gracilipes_Slender-footed Tyrannulet/XC248703.mp3
train,Zimmerius gracilipes_Slender-footed Tyrannulet,../../Datasets/BirdClef/features/Zimmerius gracilipes_Slender-footed Tyrannulet/XC204690.npy,../../Datasets/BirdClef/audio/Zimmerius gracilipes_Slender-footed Tyrannulet/XC204690.mp3
train,Zimmerius gracilipes_Slender-footed Tyrannulet,../../Datasets/BirdClef/features/Zimmerius gracilipes_Slender-footed Tyrannulet/XC258670.npy,../../Datasets/BirdClef/audio/Zimmerius gracilipes_Slender-footed Tyrannulet/XC258670.mp3
train,Zonotrichia albicollis_White-throated Sparrow,../../Datasets/BirdClef/features/Zonotrichia albicollis_White-throated Sparrow/XC446796.npy,../../Datasets/BirdClef/audio/Zonotrichia albicollis_White-throated Sparrow/XC446796.mp3
train,Zonotrichia albicollis_White-throated Sparrow,../../Datasets/BirdClef/features/Zonotrichia albicollis_White-throated Sparrow/XC14297.npy,../../Datasets/BirdClef/audio/Zonotrichia albicollis_White-throated Sparrow/XC14297.mp3
train,Zonotrichia albicollis_White-throated Sparrow,../../Datasets/BirdClef/features/Zonotrichia albicollis_White-throated Sparrow/XC340799.npy,../../Datasets/BirdClef/audio/Zonotrichia albicollis_White-throated Sparrow/XC340799.mp3
train,Zonotrichia albicollis_White-throated Sparrow,../../Datasets/BirdClef/features/Zonotrichia albicollis_White-throated Sparrow/XC296910.npy,../../Datasets/BirdClef/audio/Zonotrichia albicollis_White-throated Sparrow/XC296910.mp3
train,Zonotrichia albicollis_White-throated Sparrow,../../Datasets/BirdClef/features/Zonotrichia albicollis_White-throated Sparrow/XC389934.npy,../../Datasets/BirdClef/audio/Zonotrichia albicollis_White-throated Sparrow/XC389934.mp3
train,Zonotrichia atricapilla_Golden-crowned Sparrow,../../Datasets/BirdClef/features/Zonotrichia atricapilla_Golden-crowned Sparrow/XC347902.npy,../../Datasets/BirdClef/audio/Zonotrichia atricapilla_Golden-crowned Sparrow/XC347902.mp3
train,Zonotrichia atricapilla_Golden-crowned Sparrow,../../Datasets/BirdClef/features/Zonotrichia atricapilla_Golden-crowned Sparrow/XC129645.npy,../../Datasets/BirdClef/audio/Zonotrichia atricapilla_Golden-crowned Sparrow/XC129645.mp3
train,Zonotrichia atricapilla_Golden-crowned Sparrow,../../Datasets/BirdClef/features/Zonotrichia atricapilla_Golden-crowned Sparrow/XC160089.npy,../../Datasets/BirdClef/audio/Zonotrichia atricapilla_Golden-crowned Sparrow/XC160089.mp3
train,Zonotrichia atricapilla_Golden-crowned Sparrow,../../Datasets/BirdClef/features/Zonotrichia atricapilla_Golden-crowned Sparrow/XC66176.npy,../../Datasets/BirdClef/audio/Zonotrichia atricapilla_Golden-crowned Sparrow/XC66176.mp3
train,Zonotrichia atricapilla_Golden-crowned Sparrow,../../Datasets/BirdClef/features/Zonotrichia atricapilla_Golden-crowned Sparrow/XC416332.npy,../../Datasets/BirdClef/audio/Zonotrichia atricapilla_Golden-crowned Sparrow/XC416332.mp3
train,Zonotrichia leucophrys_White-crowned Sparrow,../../Datasets/BirdClef/features/Zonotrichia leucophrys_White-crowned Sparrow/XC156487.npy,../../Datasets/BirdClef/audio/Zonotrichia leucophrys_White-crowned Sparrow/XC156487.mp3
train,Zonotrichia leucophrys_White-crowned Sparrow,../../Datasets/BirdClef/features/Zonotrichia leucophrys_White-crowned Sparrow/XC283432.npy,../../Datasets/BirdClef/audio/Zonotrichia leucophrys_White-crowned Sparrow/XC283432.mp3
train,Zonotrichia leucophrys_White-crowned Sparrow,../../Datasets/BirdClef/features/Zonotrichia leucophrys_White-crowned Sparrow/XC125768.npy,../../Datasets/BirdClef/audio/Zonotrichia leucophrys_White-crowned Sparrow/XC125768.mp3
train,Zonotrichia leucophrys_White-crowned Sparrow,../../Datasets/BirdClef/features/Zonotrichia leucophrys_White-crowned Sparrow/XC160180.npy,../../Datasets/BirdClef/audio/Zonotrichia leucophrys_White-crowned Sparrow/XC160180.mp3
train,Zonotrichia leucophrys_White-crowned Sparrow,../../Datasets/BirdClef/features/Zonotrichia leucophrys_White-crowned Sparrow/XC290064.npy,../../Datasets/BirdClef/audio/Zonotrichia leucophrys_White-crowned Sparrow/XC290064.mp3
