split,class_name,npy_path,wav_path
train,Acanthis flammea_Common Redpoll,../../Datasets/BirdClef/features/Acanthis flammea_Common Redpoll/XC383641.npy,../../Datasets/BirdClef/audio/Acanthis flammea_Common Redpoll/XC383641.mp3
train,Accipiter cooperii_Cooper's Hawk,../../Datasets/BirdClef/features/Accipiter cooperii_Cooper's Hawk/XC321395.npy,../../Datasets/BirdClef/audio/Accipiter cooperii_Cooper's Hawk/XC321395.mp3
train,Accipiter gentilis_Northern Goshawk,../../Datasets/BirdClef/features/Accipiter gentilis_Northern Goshawk/XC379970.npy,../../Datasets/BirdClef/audio/Accipiter gentilis_Northern Goshawk/XC379970.mp3
train,Accipiter nisus_Eurasian Sparrowhawk,../../Datasets/BirdClef/features/Accipiter nisus_Eurasian Sparrowhawk/XC175851.npy,../../Datasets/BirdClef/audio/Accipiter nisus_Eurasian Sparrowhawk/XC175851.mp3
train,Acrocephalus arundinaceus_Great Reed Warbler,../../Datasets/BirdClef/features/Acrocephalus arundinaceus_Great Reed Warbler/XC347288.npy,../../Datasets/BirdClef/audio/Acrocephalus arundinaceus_Great Reed Warbler/XC347288.mp3
train,Acrocephalus scirpaceus_Eurasian Reed Warbler,../../Datasets/BirdClef/features/Acrocephalus scirpaceus_Eurasian Reed Warbler/XC143077.npy,../../Datasets/BirdClef/audio/Acrocephalus scirpaceus_Eurasian Reed Warbler/XC143077.mp3
train,Actitis hypoleucos_Common Sandpiper,../../Datasets/BirdClef/features/Actitis hypoleucos_Common Sandpiper/XC99966.npy,../../Datasets/BirdClef/audio/Actitis hypoleucos_Common Sandpiper/XC99966.mp3
train,Actitis macularius_Spotted Sandpiper,../../Datasets/BirdClef/features/Actitis macularius_Spotted Sandpiper/XC218192.npy,../../Datasets/BirdClef/audio/Actitis macularius_Spotted Sandpiper/XC218192.mp3
train,Aegithalos caudatus_Long-tailed Tit,../../Datasets/BirdClef/features/Aegithalos caudatus_Long-tailed Tit/XC342288.npy,../../Datasets/BirdClef/audio/Aegithalos caudatus_Long-tailed Tit/XC342288.mp3
train,Agelaius phoeniceus_Red-winged Blackbird,../../Datasets/BirdClef/features/Agelaius phoeniceus_Red-winged Blackbird/XC482700.npy,../../Datasets/BirdClef/audio/Agelaius phoeniceus_Red-winged Blackbird/XC482700.mp3
train,Aix galericulata_Mandarin Duck,../../Datasets/BirdClef/features/Aix galericulata_Mandarin Duck/XC42687.npy,../../Datasets/BirdClef/audio/Aix galericulata_Mandarin Duck/XC42687.mp3
train,Aix sponsa_Wood Duck,../../Datasets/BirdClef/features/Aix sponsa_Wood Duck/XC347194.npy,../../Datasets/BirdClef/audio/Aix sponsa_Wood Duck/XC347194.mp3
train,Akletos goeldii_Goeldi's Antbird,../../Datasets/BirdClef/features/Akletos goeldii_Goeldi's Antbird/XC153065.npy,../../Datasets/BirdClef/audio/Akletos goeldii_Goeldi's Antbird/XC153065.mp3
train,Alauda arvensis_Eurasian Skylark,../../Datasets/BirdClef/features/Alauda arvensis_Eurasian Skylark/XC197398.npy,../../Datasets/BirdClef/audio/Alauda arvensis_Eurasian Skylark/XC197398.mp3
train,Alcedo atthis_Common Kingfisher,../../Datasets/BirdClef/features/Alcedo atthis_Common Kingfisher/XC501144.npy,../../Datasets/BirdClef/audio/Alcedo atthis_Common Kingfisher/XC501144.mp3
train,Alopochen aegyptiaca_Egyptian Goose,../../Datasets/BirdClef/features/Alopochen aegyptiaca_Egyptian Goose/XC429471.npy,../../Datasets/BirdClef/audio/Alopochen aegyptiaca_Egyptian Goose/XC429471.mp3
train,Amazona farinosa_Mealy Parrot,../../Datasets/BirdClef/features/Amazona farinosa_Mealy Parrot/XC218373.npy,../../Datasets/BirdClef/audio/Amazona farinosa_Mealy Parrot/XC218373.mp3
train,Amazona ochrocephala_Yellow-crowned Parrot,../../Datasets/BirdClef/features/Amazona ochrocephala_Yellow-crowned Parrot/XC66209.npy,../../Datasets/BirdClef/audio/Amazona ochrocephala_Yellow-crowned Parrot/XC66209.mp3
train,Ammodramus aurifrons_Yellow-browed Sparrow,../../Datasets/BirdClef/features/Ammodramus aurifrons_Yellow-browed Sparrow/XC91442.npy,../../Datasets/BirdClef/audio/Ammodramus aurifrons_Yellow-browed Sparrow/XC91442.mp3
train,Ammodramus humeralis_Grassland Sparrow,../../Datasets/BirdClef/features/Ammodramus humeralis_Grassland Sparrow/XC146553.npy,../../Datasets/BirdClef/audio/Ammodramus humeralis_Grassland Sparrow/XC146553.mp3
train,Amphispiza bilineata_Black-throated Sparrow,../../Datasets/BirdClef/features/Amphispiza bilineata_Black-throated Sparrow/XC21728.npy,../../Datasets/BirdClef/audio/Amphispiza bilineata_Black-throated Sparrow/XC21728.mp3
train,Anas acuta_Northern Pintail,../../Datasets/BirdClef/features/Anas acuta_Northern Pintail/XC266788.npy,../../Datasets/BirdClef/audio/Anas acuta_Northern Pintail/XC266788.mp3
train,Anas crecca_Green-winged Teal,../../Datasets/BirdClef/features/Anas crecca_Green-winged Teal/XC461611.npy,../../Datasets/BirdClef/audio/Anas crecca_Green-winged Teal/XC461611.mp3
train,Anas platyrhynchos_Mallard,../../Datasets/BirdClef/features/Anas platyrhynchos_Mallard/XC497824.npy,../../Datasets/BirdClef/audio/Anas platyrhynchos_Mallard/XC497824.mp3
train,Anhima cornuta_Horned Screamer,../../Datasets/BirdClef/features/Anhima cornuta_Horned Screamer/XC453568.npy,../../Datasets/BirdClef/audio/Anhima cornuta_Horned Screamer/XC453568.mp3
train,Anser albifrons_Greater White-fronted Goose,../../Datasets/BirdClef/features/Anser albifrons_Greater White-fronted Goose/XC443248.npy,../../Datasets/BirdClef/audio/Anser albifrons_Greater White-fronted Goose/XC443248.mp3
train,Anser anser_Graylag Goose,../../Datasets/BirdClef/features/Anser anser_Graylag Goose/XC214282.npy,../../Datasets/BirdClef/audio/Anser anser_Graylag Goose/XC214282.mp3
train,Anser caerulescens_Snow Goose,../../Datasets/BirdClef/features/Anser caerulescens_Snow Goose/XC28266.npy,../../Datasets/BirdClef/audio/Anser caerulescens_Snow Goose/XC28266.mp3
train,Anthus pratensis_Meadow Pipit,../../Datasets/BirdClef/features/Anthus pratensis_Meadow Pipit/XC374451.npy,../../Datasets/BirdClef/audio/Anthus pratensis_Meadow Pipit/XC374451.mp3
train,Anthus rubescens_American Pipit,../../Datasets/BirdClef/features/Anthus rubescens_American Pipit/XC358862.npy,../../Datasets/BirdClef/audio/Anthus rubescens_American Pipit/XC358862.mp3
train,Anthus trivialis_Tree Pipit,../../Datasets/BirdClef/features/Anthus trivialis_Tree Pipit/XC30057.npy,../../Datasets/BirdClef/audio/Anthus trivialis_Tree Pipit/XC30057.mp3
train,Anurolimnas castaneiceps_Chestnut-headed Crake,../../Datasets/BirdClef/features/Anurolimnas castaneiceps_Chestnut-headed Crake/XC306300.npy,../../Datasets/BirdClef/audio/Anurolimnas castaneiceps_Chestnut-headed Crake/XC306300.mp3
train,Aphelocoma californica_California Scrub-Jay,../../Datasets/BirdClef/features/Aphelocoma californica_California Scrub-Jay/XC163703.npy,../../Datasets/BirdClef/audio/Aphelocoma californica_California Scrub-Jay/XC163703.mp3
train,Aphelocoma woodhouseii_Woodhouse's Scrub-Jay,../../Datasets/BirdClef/features/Aphelocoma woodhouseii_Woodhouse's Scrub-Jay/XC163697.npy,../../Datasets/BirdClef/audio/Aphelocoma woodhouseii_Woodhouse's Scrub-Jay/XC163697.mp3
train,Apus apus_Common Swift,../../Datasets/BirdClef/features/Apus apus_Common Swift/XC492936.npy,../../Datasets/BirdClef/audio/Apus apus_Common Swift/XC492936.mp3
train,Ara ararauna_Blue-and-yellow Macaw,../../Datasets/BirdClef/features/Ara ararauna_Blue-and-yellow Macaw/XC218894.npy,../../Datasets/BirdClef/audio/Ara ararauna_Blue-and-yellow Macaw/XC218894.mp3
train,Ara chloropterus_Red-and-green Macaw,../../Datasets/BirdClef/features/Ara chloropterus_Red-and-green Macaw/XC67035.npy,../../Datasets/BirdClef/audio/Ara chloropterus_Red-and-green Macaw/XC67035.mp3
train,Ara macao_Scarlet Macaw,../../Datasets/BirdClef/features/Ara macao_Scarlet Macaw/XC437671.npy,../../Datasets/BirdClef/audio/Ara macao_Scarlet Macaw/XC437671.mp3
train,Ara severus_Chestnut-fronted Macaw,../../Datasets/BirdClef/features/Ara severus_Chestnut-fronted Macaw/XC244186.npy,../../Datasets/BirdClef/audio/Ara severus_Chestnut-fronted Macaw/XC244186.mp3
train,Aramides cajaneus_Gray-cowled Wood-Rail,../../Datasets/BirdClef/features/Aramides cajaneus_Gray-cowled Wood-Rail/XC216181.npy,../../Datasets/BirdClef/audio/Aramides cajaneus_Gray-cowled Wood-Rail/XC216181.mp3
train,Aramus guarauna_Limpkin,../../Datasets/BirdClef/features/Aramus guarauna_Limpkin/XC433608.npy,../../Datasets/BirdClef/audio/Aramus guarauna_Limpkin/XC433608.mp3
train,Aratinga weddellii_Dusky-headed Parakeet,../../Datasets/BirdClef/features/Aratinga weddellii_Dusky-headed Parakeet/XC491689.npy,../../Datasets/BirdClef/audio/Aratinga weddellii_Dusky-headed Parakeet/XC491689.mp3
train,Archilochus alexandri_Black-chinned Hummingbird,../../Datasets/BirdClef/features/Archilochus alexandri_Black-chinned Hummingbird/XC132331.npy,../../Datasets/BirdClef/audio/Archilochus alexandri_Black-chinned Hummingbird/XC132331.mp3
train,Ardea alba_Great Egret,../../Datasets/BirdClef/features/Ardea alba_Great Egret/XC45432.npy,../../Datasets/BirdClef/audio/Ardea alba_Great Egret/XC45432.mp3
train,Ardea cinerea_Gray Heron,../../Datasets/BirdClef/features/Ardea cinerea_Gray Heron/XC379826.npy,../../Datasets/BirdClef/audio/Ardea cinerea_Gray Heron/XC379826.mp3
train,Ardea herodias_Great Blue Heron,../../Datasets/BirdClef/features/Ardea herodias_Great Blue Heron/XC130682.npy,../../Datasets/BirdClef/audio/Ardea herodias_Great Blue Heron/XC130682.mp3
train,Arremon taciturnus_Pectoral Sparrow,../../Datasets/BirdClef/features/Arremon taciturnus_Pectoral Sparrow/XC174565.npy,../../Datasets/BirdClef/audio/Arremon taciturnus_Pectoral Sparrow/XC174565.mp3
train,Artemisiospiza belli_Bell's Sparrow,../../Datasets/BirdClef/features/Artemisiospiza belli_Bell's Sparrow/XC83986.npy,../../Datasets/BirdClef/audio/Artemisiospiza belli_Bell's Sparrow/XC83986.mp3
train,Asio clamator_Striped Owl,../../Datasets/BirdClef/features/Asio clamator_Striped Owl/XC60574.npy,../../Datasets/BirdClef/audio/Asio clamator_Striped Owl/XC60574.mp3
train,Asio flammeus_Short-eared Owl,../../Datasets/BirdClef/features/Asio flammeus_Short-eared Owl/XC39074.npy,../../Datasets/BirdClef/audio/Asio flammeus_Short-eared Owl/XC39074.mp3
train,Athene cunicularia_Burrowing Owl,../../Datasets/BirdClef/features/Athene cunicularia_Burrowing Owl/XC443370.npy,../../Datasets/BirdClef/audio/Athene cunicularia_Burrowing Owl/XC443370.mp3
train,Attila bolivianus_Dull-capped Attila,../../Datasets/BirdClef/features/Attila bolivianus_Dull-capped Attila/XC151889.npy,../../Datasets/BirdClef/audio/Attila bolivianus_Dull-capped Attila/XC151889.mp3
train,Attila spadiceus_Bright-rumped Attila,../../Datasets/BirdClef/features/Attila spadiceus_Bright-rumped Attila/XC303087.npy,../../Datasets/BirdClef/audio/Attila spadiceus_Bright-rumped Attila/XC303087.mp3
train,Aulacorhynchus albivitta_Southern Emerald-Toucanet,../../Datasets/BirdClef/features/Aulacorhynchus albivitta_Southern Emerald-Toucanet/XC117838.npy,../../Datasets/BirdClef/audio/Aulacorhynchus albivitta_Southern Emerald-Toucanet/XC117838.mp3
train,Automolus infuscatus_Olive-backed Foliage-gleaner,../../Datasets/BirdClef/features/Automolus infuscatus_Olive-backed Foliage-gleaner/XC76005.npy,../../Datasets/BirdClef/audio/Automolus infuscatus_Olive-backed Foliage-gleaner/XC76005.mp3
train,Automolus ochrolaemus_Buff-throated Foliage-gleaner,../../Datasets/BirdClef/features/Automolus ochrolaemus_Buff-throated Foliage-gleaner/XC157576.npy,../../Datasets/BirdClef/audio/Automolus ochrolaemus_Buff-throated Foliage-gleaner/XC157576.mp3
train,Automolus rufipileatus_Chestnut-crowned Foliage-gleaner,../../Datasets/BirdClef/features/Automolus rufipileatus_Chestnut-crowned Foliage-gleaner/XC274735.npy,../../Datasets/BirdClef/audio/Automolus rufipileatus_Chestnut-crowned Foliage-gleaner/XC274735.mp3
train,Automolus subulatus_Striped Woodhaunter,../../Datasets/BirdClef/features/Automolus subulatus_Striped Woodhaunter/XC167339.npy,../../Datasets/BirdClef/audio/Automolus subulatus_Striped Woodhaunter/XC167339.mp3
train,Aythya ferina_Common Pochard,../../Datasets/BirdClef/features/Aythya ferina_Common Pochard/XC372299.npy,../../Datasets/BirdClef/audio/Aythya ferina_Common Pochard/XC372299.mp3
train,Aythya fuligula_Tufted Duck,../../Datasets/BirdClef/features/Aythya fuligula_Tufted Duck/XC350749.npy,../../Datasets/BirdClef/audio/Aythya fuligula_Tufted Duck/XC350749.mp3
train,Baeolophus bicolor_Tufted Titmouse,../../Datasets/BirdClef/features/Baeolophus bicolor_Tufted Titmouse/XC316285.npy,../../Datasets/BirdClef/audio/Baeolophus bicolor_Tufted Titmouse/XC316285.mp3
train,Baeolophus ridgwayi_Juniper Titmouse,../../Datasets/BirdClef/features/Baeolophus ridgwayi_Juniper Titmouse/XC452526.npy,../../Datasets/BirdClef/audio/Baeolophus ridgwayi_Juniper Titmouse/XC452526.mp3
train,Bartramia longicauda_Upland Sandpiper,../../Datasets/BirdClef/features/Bartramia longicauda_Upland Sandpiper/XC438796.npy,../../Datasets/BirdClef/audio/Bartramia longicauda_Upland Sandpiper/XC438796.mp3
train,Baryphthengus martii_Rufous Motmot,../../Datasets/BirdClef/features/Baryphthengus martii_Rufous Motmot/XC271090.npy,../../Datasets/BirdClef/audio/Baryphthengus martii_Rufous Motmot/XC271090.mp3
train,Berlepschia rikeri_Point-tailed Palmcreeper,../../Datasets/BirdClef/features/Berlepschia rikeri_Point-tailed Palmcreeper/XC270611.npy,../../Datasets/BirdClef/audio/Berlepschia rikeri_Point-tailed Palmcreeper/XC270611.mp3
train,Bombycilla cedrorum_Cedar Waxwing,../../Datasets/BirdClef/features/Bombycilla cedrorum_Cedar Waxwing/XC296871.npy,../../Datasets/BirdClef/audio/Bombycilla cedrorum_Cedar Waxwing/XC296871.mp3
train,Botaurus stellaris_Great Bittern,../../Datasets/BirdClef/features/Botaurus stellaris_Great Bittern/XC309607.npy,../../Datasets/BirdClef/audio/Botaurus stellaris_Great Bittern/XC309607.mp3
train,Branta canadensis_Canada Goose,../../Datasets/BirdClef/features/Branta canadensis_Canada Goose/XC490827.npy,../../Datasets/BirdClef/audio/Branta canadensis_Canada Goose/XC490827.mp3
train,Branta leucopsis_Barnacle Goose,../../Datasets/BirdClef/features/Branta leucopsis_Barnacle Goose/XC202670.npy,../../Datasets/BirdClef/audio/Branta leucopsis_Barnacle Goose/XC202670.mp3
train,Brotogeris cyanoptera_Cobalt-winged Parakeet,../../Datasets/BirdClef/features/Brotogeris cyanoptera_Cobalt-winged Parakeet/XC308228.npy,../../Datasets/BirdClef/audio/Brotogeris cyanoptera_Cobalt-winged Parakeet/XC308228.mp3
train,Bubo virginianus_Great Horned Owl,../../Datasets/BirdClef/features/Bubo virginianus_Great Horned Owl/XC197448.npy,../../Datasets/BirdClef/audio/Bubo virginianus_Great Horned Owl/XC197448.mp3
train,Bubulcus ibis_Cattle Egret,../../Datasets/BirdClef/features/Bubulcus ibis_Cattle Egret/XC143599.npy,../../Datasets/BirdClef/audio/Bubulcus ibis_Cattle Egret/XC143599.mp3
train,Bucephala clangula_Common Goldeneye,../../Datasets/BirdClef/features/Bucephala clangula_Common Goldeneye/XC502178.npy,../../Datasets/BirdClef/audio/Bucephala clangula_Common Goldeneye/XC502178.mp3
train,Busarellus nigricollis_Black-collared Hawk,../../Datasets/BirdClef/features/Busarellus nigricollis_Black-collared Hawk/XC219847.npy,../../Datasets/BirdClef/audio/Busarellus nigricollis_Black-collared Hawk/XC219847.mp3
train,Buteo buteo_Common Buzzard,../../Datasets/BirdClef/features/Buteo buteo_Common Buzzard/XC177453.npy,../../Datasets/BirdClef/audio/Buteo buteo_Common Buzzard/XC177453.mp3
train,Buteo jamaicensis_Red-tailed Hawk,../../Datasets/BirdClef/features/Buteo jamaicensis_Red-tailed Hawk/XC160481.npy,../../Datasets/BirdClef/audio/Buteo jamaicensis_Red-tailed Hawk/XC160481.mp3
train,Buteo lineatus_Red-shouldered Hawk,../../Datasets/BirdClef/features/Buteo lineatus_Red-shouldered Hawk/XC399004.npy,../../Datasets/BirdClef/audio/Buteo lineatus_Red-shouldered Hawk/XC399004.mp3
train,Buteo nitidus_Gray-lined Hawk,../../Datasets/BirdClef/features/Buteo nitidus_Gray-lined Hawk/XC219875.npy,../../Datasets/BirdClef/audio/Buteo nitidus_Gray-lined Hawk/XC219875.mp3
train,Buteo platypterus_Broad-winged Hawk,../../Datasets/BirdClef/features/Buteo platypterus_Broad-winged Hawk/XC103861.npy,../../Datasets/BirdClef/audio/Buteo platypterus_Broad-winged Hawk/XC103861.mp3
train,Buteogallus urubitinga_Great Black Hawk,../../Datasets/BirdClef/features/Buteogallus urubitinga_Great Black Hawk/XC43120.npy,../../Datasets/BirdClef/audio/Buteogallus urubitinga_Great Black Hawk/XC43120.mp3
train,Butorides striata_Striated Heron,../../Datasets/BirdClef/features/Butorides striata_Striated Heron/XC151340.npy,../../Datasets/BirdClef/audio/Butorides striata_Striated Heron/XC151340.mp3
train,Butorides virescens_Green Heron,../../Datasets/BirdClef/features/Butorides virescens_Green Heron/XC326526.npy,../../Datasets/BirdClef/audio/Butorides virescens_Green Heron/XC326526.mp3
train,Cacicus cela_Yellow-rumped Cacique,../../Datasets/BirdClef/features/Cacicus cela_Yellow-rumped Cacique/XC74695.npy,../../Datasets/BirdClef/audio/Cacicus cela_Yellow-rumped Cacique/XC74695.mp3
train,Cacicus haemorrhous_Red-rumped Cacique,../../Datasets/BirdClef/features/Cacicus haemorrhous_Red-rumped Cacique/XC48004.npy,../../Datasets/BirdClef/audio/Cacicus haemorrhous_Red-rumped Cacique/XC48004.mp3
train,Cacicus solitarius_Solitary Black Cacique,../../Datasets/BirdClef/features/Cacicus solitarius_Solitary Black Cacique/XC15613.npy,../../Datasets/BirdClef/audio/Cacicus solitarius_Solitary Black Cacique/XC15613.mp3
train,Calidris alpina_Dunlin,../../Datasets/BirdClef/features/Calidris alpina_Dunlin/XC161093.npy,../../Datasets/BirdClef/audio/Calidris alpina_Dunlin/XC161093.mp3
train,Calidris bairdii_Baird's Sandpiper,../../Datasets/BirdClef/features/Calidris bairdii_Baird's Sandpiper/XC148504.npy,../../Datasets/BirdClef/audio/Calidris bairdii_Baird's Sandpiper/XC148504.mp3
train,Calidris melanotos_Pectoral Sandpiper,../../Datasets/BirdClef/features/Calidris melanotos_Pectoral Sandpiper/XC461097.npy,../../Datasets/BirdClef/audio/Calidris melanotos_Pectoral Sandpiper/XC461097.mp3
train,Calidris minutilla_Least Sandpiper,../../Datasets/BirdClef/features/Calidris minutilla_Least Sandpiper/XC474335.npy,../../Datasets/BirdClef/audio/Calidris minutilla_Least Sandpiper/XC474335.mp3
train,Calidris pusilla_Semipalmated Sandpiper,../../Datasets/BirdClef/features/Calidris pusilla_Semipalmated Sandpiper/XC460711.npy,../../Datasets/BirdClef/audio/Calidris pusilla_Semipalmated Sandpiper/XC460711.mp3
train,Callipepla californica_California Quail,../../Datasets/BirdClef/features/Callipepla californica_California Quail/XC364572.npy,../../Datasets/BirdClef/audio/Callipepla californica_California Quail/XC364572.mp3
train,Calypte anna_Anna's Hummingbird,../../Datasets/BirdClef/features/Calypte anna_Anna's Hummingbird/XC159137.npy,../../Datasets/BirdClef/audio/Calypte anna_Anna's Hummingbird/XC159137.mp3
train,Campephilus melanoleucos_Crimson-crested Woodpecker,../../Datasets/BirdClef/features/Campephilus melanoleucos_Crimson-crested Woodpecker/XC493630.npy,../../Datasets/BirdClef/audio/Campephilus melanoleucos_Crimson-crested Woodpecker/XC493630.mp3
train,Campephilus rubricollis_Red-necked Woodpecker,../../Datasets/BirdClef/features/Campephilus rubricollis_Red-necked Woodpecker/XC216561.npy,../../Datasets/BirdClef/audio/Campephilus rubricollis_Red-necked Woodpecker/XC216561.mp3
train,Camptostoma obsoletum_Southern Beardless-Tyrannulet,../../Datasets/BirdClef/features/Camptostoma obsoletum_Southern Beardless-Tyrannulet/XC307322.npy,../../Datasets/BirdClef/audio/Camptostoma obsoletum_Southern Beardless-Tyrannulet/XC307322.mp3
train,Campylorhamphus trochilirostris_Red-billed Scythebill,../../Datasets/BirdClef/features/Campylorhamphus trochilirostris_Red-billed Scythebill/XC151190.npy,../../Datasets/BirdClef/audio/Campylorhamphus trochilirostris_Red-billed Scythebill/XC151190.mp3
train,Campylorhynchus brunneicapillus_Cactus Wren,../../Datasets/BirdClef/features/Campylorhynchus brunneicapillus_Cactus Wren/XC360277.npy,../../Datasets/BirdClef/audio/Campylorhynchus brunneicapillus_Cactus Wren/XC360277.mp3
train,Campylorhynchus turdinus_Thrush-like Wren,../../Datasets/BirdClef/features/Campylorhynchus turdinus_Thrush-like Wren/XC180198.npy,../../Datasets/BirdClef/audio/Campylorhynchus turdinus_Thrush-like Wren/XC180198.mp3
train,Cantorchilus leucotis_Buff-breasted Wren,../../Datasets/BirdClef/features/Cantorchilus leucotis_Buff-breasted Wren/XC461613.npy,../../Datasets/BirdClef/audio/Cantorchilus leucotis_Buff-breasted Wren/XC461613.mp3
train,Capsiempis flaveola_Yellow Tyrannulet,../../Datasets/BirdClef/features/Capsiempis flaveola_Yellow Tyrannulet/XC356870.npy,../../Datasets/BirdClef/audio/Capsiempis flaveola_Yellow Tyrannulet/XC356870.mp3
train,Caracara plancus_Southern Caracara,../../Datasets/BirdClef/features/Caracara plancus_Southern Caracara/XC62240.npy,../../Datasets/BirdClef/audio/Caracara plancus_Southern Caracara/XC62240.mp3
train,Cardellina pusilla_Wilson's Warbler,../../Datasets/BirdClef/features/Cardellina pusilla_Wilson's Warbler/XC160269.npy,../../Datasets/BirdClef/audio/Cardellina pusilla_Wilson's Warbler/XC160269.mp3
train,Cardinalis cardinalis_Northern Cardinal,../../Datasets/BirdClef/features/Cardinalis cardinalis_Northern Cardinal/XC313512.npy,../../Datasets/BirdClef/audio/Cardinalis cardinalis_Northern Cardinal/XC313512.mp3
train,Carduelis carduelis_European Goldfinch,../../Datasets/BirdClef/features/Carduelis carduelis_European Goldfinch/XC403120.npy,../../Datasets/BirdClef/audio/Carduelis carduelis_European Goldfinch/XC403120.mp3
train,Catharus fuscescens_Veery,../../Datasets/BirdClef/features/Catharus fuscescens_Veery/XC30772.npy,../../Datasets/BirdClef/audio/Catharus fuscescens_Veery/XC30772.mp3
train,Catharus guttatus_Hermit Thrush,../../Datasets/BirdClef/features/Catharus guttatus_Hermit Thrush/XC195299.npy,../../Datasets/BirdClef/audio/Catharus guttatus_Hermit Thrush/XC195299.mp3
train,Catharus ustulatus_Swainson's Thrush,../../Datasets/BirdClef/features/Catharus ustulatus_Swainson's Thrush/XC144680.npy,../../Datasets/BirdClef/audio/Catharus ustulatus_Swainson's Thrush/XC144680.mp3
train,Catherpes mexicanus_Canyon Wren,../../Datasets/BirdClef/features/Catherpes mexicanus_Canyon Wren/XC206349.npy,../../Datasets/BirdClef/audio/Catherpes mexicanus_Canyon Wren/XC206349.mp3
train,Celeus flavus_Cream-colored Woodpecker,../../Datasets/BirdClef/features/Celeus flavus_Cream-colored Woodpecker/XC220659.npy,../../Datasets/BirdClef/audio/Celeus flavus_Cream-colored Woodpecker/XC220659.mp3
train,Celeus grammicus_Scale-breasted Woodpecker,../../Datasets/BirdClef/features/Celeus grammicus_Scale-breasted Woodpecker/XC148411.npy,../../Datasets/BirdClef/audio/Celeus grammicus_Scale-breasted Woodpecker/XC148411.mp3
train,Celeus torquatus_Ringed Woodpecker,../../Datasets/BirdClef/features/Celeus torquatus_Ringed Woodpecker/XC264523.npy,../../Datasets/BirdClef/audio/Celeus torquatus_Ringed Woodpecker/XC264523.mp3
train,Ceratopipra rubrocapilla_Red-headed Manakin,../../Datasets/BirdClef/features/Ceratopipra rubrocapilla_Red-headed Manakin/XC228246.npy,../../Datasets/BirdClef/audio/Ceratopipra rubrocapilla_Red-headed Manakin/XC228246.mp3
train,Cercomacra cinerascens_Gray Antbird,../../Datasets/BirdClef/features/Cercomacra cinerascens_Gray Antbird/XC275824.npy,../../Datasets/BirdClef/audio/Cercomacra cinerascens_Gray Antbird/XC275824.mp3
train,Cercomacra manu_Manu Antbird,../../Datasets/BirdClef/features/Cercomacra manu_Manu Antbird/XC220715.npy,../../Datasets/BirdClef/audio/Cercomacra manu_Manu Antbird/XC220715.mp3
train,Cercomacroides fuscicauda_Riparian Antbird,../../Datasets/BirdClef/features/Cercomacroides fuscicauda_Riparian Antbird/XC464332.npy,../../Datasets/BirdClef/audio/Cercomacroides fuscicauda_Riparian Antbird/XC464332.mp3
train,Cercomacroides serva_Black Antbird,../../Datasets/BirdClef/features/Cercomacroides serva_Black Antbird/XC453511.npy,../../Datasets/BirdClef/audio/Cercomacroides serva_Black Antbird/XC453511.mp3
train,Certhia americana_Brown Creeper,../../Datasets/BirdClef/features/Certhia americana_Brown Creeper/XC211314.npy,../../Datasets/BirdClef/audio/Certhia americana_Brown Creeper/XC211314.mp3
train,Certhia brachydactyla_Short-toed Treecreeper,../../Datasets/BirdClef/features/Certhia brachydactyla_Short-toed Treecreeper/XC379045.npy,../../Datasets/BirdClef/audio/Certhia brachydactyla_Short-toed Treecreeper/XC379045.mp3
train,Certhia familiaris_Eurasian Treecreeper,../../Datasets/BirdClef/features/Certhia familiaris_Eurasian Treecreeper/XC490924.npy,../../Datasets/BirdClef/audio/Certhia familiaris_Eurasian Treecreeper/XC490924.mp3
train,Chaetura cinereiventris_Gray-rumped Swift,../../Datasets/BirdClef/features/Chaetura cinereiventris_Gray-rumped Swift/XC220826.npy,../../Datasets/BirdClef/audio/Chaetura cinereiventris_Gray-rumped Swift/XC220826.mp3
train,Charadrius dubius_Little Ringed Plover,../../Datasets/BirdClef/features/Charadrius dubius_Little Ringed Plover/XC381758.npy,../../Datasets/BirdClef/audio/Charadrius dubius_Little Ringed Plover/XC381758.mp3
train,Charadrius morinellus_Eurasian Dotterel,../../Datasets/BirdClef/features/Charadrius morinellus_Eurasian Dotterel/XC192534.npy,../../Datasets/BirdClef/audio/Charadrius morinellus_Eurasian Dotterel/XC192534.mp3
train,Charadrius semipalmatus_Semipalmated Plover,../../Datasets/BirdClef/features/Charadrius semipalmatus_Semipalmated Plover/XC460726.npy,../../Datasets/BirdClef/audio/Charadrius semipalmatus_Semipalmated Plover/XC460726.mp3
train,Charadrius vociferus_Killdeer,../../Datasets/BirdClef/features/Charadrius vociferus_Killdeer/XC160339.npy,../../Datasets/BirdClef/audio/Charadrius vociferus_Killdeer/XC160339.mp3
train,Chauna torquata_Southern Screamer,../../Datasets/BirdClef/features/Chauna torquata_Southern Screamer/XC368719.npy,../../Datasets/BirdClef/audio/Chauna torquata_Southern Screamer/XC368719.mp3
train,Chiroxiphia pareola_Blue-backed Manakin,../../Datasets/BirdClef/features/Chiroxiphia pareola_Blue-backed Manakin/XC427203.npy,../../Datasets/BirdClef/audio/Chiroxiphia pareola_Blue-backed Manakin/XC427203.mp3
train,Chloris chloris_European Greenfinch,../../Datasets/BirdClef/features/Chloris chloris_European Greenfinch/XC202317.npy,../../Datasets/BirdClef/audio/Chloris chloris_European Greenfinch/XC202317.mp3
train,Chloroceryle amazona_Amazon Kingfisher,../../Datasets/BirdClef/features/Chloroceryle amazona_Amazon Kingfisher/XC257913.npy,../../Datasets/BirdClef/audio/Chloroceryle amazona_Amazon Kingfisher/XC257913.mp3
train,Chloroceryle americana_Green Kingfisher,../../Datasets/BirdClef/features/Chloroceryle americana_Green Kingfisher/XC176853.npy,../../Datasets/BirdClef/audio/Chloroceryle americana_Green Kingfisher/XC176853.mp3
train,Chlorophonia cyanea_Blue-naped Chlorophonia,../../Datasets/BirdClef/features/Chlorophonia cyanea_Blue-naped Chlorophonia/XC84463.npy,../../Datasets/BirdClef/audio/Chlorophonia cyanea_Blue-naped Chlorophonia/XC84463.mp3
train,Chondestes grammacus_Lark Sparrow,../../Datasets/BirdClef/features/Chondestes grammacus_Lark Sparrow/XC154222.npy,../../Datasets/BirdClef/audio/Chondestes grammacus_Lark Sparrow/XC154222.mp3
train,Chordeiles acutipennis_Lesser Nighthawk,../../Datasets/BirdClef/features/Chordeiles acutipennis_Lesser Nighthawk/XC321959.npy,../../Datasets/BirdClef/audio/Chordeiles acutipennis_Lesser Nighthawk/XC321959.mp3
train,Chordeiles minor_Common Nighthawk,../../Datasets/BirdClef/features/Chordeiles minor_Common Nighthawk/XC256213.npy,../../Datasets/BirdClef/audio/Chordeiles minor_Common Nighthawk/XC256213.mp3
train,Chroicocephalus ridibundus_Black-headed Gull,../../Datasets/BirdClef/features/Chroicocephalus ridibundus_Black-headed Gull/XC138399.npy,../../Datasets/BirdClef/audio/Chroicocephalus ridibundus_Black-headed Gull/XC138399.mp3
train,Ciccaba huhula_Black-banded Owl,../../Datasets/BirdClef/features/Ciccaba huhula_Black-banded Owl/XC76431.npy,../../Datasets/BirdClef/audio/Ciccaba huhula_Black-banded Owl/XC76431.mp3
train,Ciccaba virgata_Mottled Owl,../../Datasets/BirdClef/features/Ciccaba virgata_Mottled Owl/XC142714.npy,../../Datasets/BirdClef/audio/Ciccaba virgata_Mottled Owl/XC142714.mp3
train,Ciconia ciconia_White Stork,../../Datasets/BirdClef/features/Ciconia ciconia_White Stork/XC181349.npy,../../Datasets/BirdClef/audio/Ciconia ciconia_White Stork/XC181349.mp3
train,Circus aeruginosus_Eurasian Marsh-Harrier,../../Datasets/BirdClef/features/Circus aeruginosus_Eurasian Marsh-Harrier/XC294303.npy,../../Datasets/BirdClef/audio/Circus aeruginosus_Eurasian Marsh-Harrier/XC294303.mp3
train,Cissopis leverianus_Magpie Tanager,../../Datasets/BirdClef/features/Cissopis leverianus_Magpie Tanager/XC13493.npy,../../Datasets/BirdClef/audio/Cissopis leverianus_Magpie Tanager/XC13493.mp3
train,Cistothorus palustris_Marsh Wren,../../Datasets/BirdClef/features/Cistothorus palustris_Marsh Wren/XC479944.npy,../../Datasets/BirdClef/audio/Cistothorus palustris_Marsh Wren/XC479944.mp3
train,Clangula hyemalis_Long-tailed Duck,../../Datasets/BirdClef/features/Clangula hyemalis_Long-tailed Duck/XC208355.npy,../../Datasets/BirdClef/audio/Clangula hyemalis_Long-tailed Duck/XC208355.mp3
train,Claravis pretiosa_Blue Ground Dove,../../Datasets/BirdClef/features/Claravis pretiosa_Blue Ground Dove/XC195407.npy,../../Datasets/BirdClef/audio/Claravis pretiosa_Blue Ground Dove/XC195407.mp3
train,Clibanornis rubiginosus_Ruddy Foliage-gleaner,../../Datasets/BirdClef/features/Clibanornis rubiginosus_Ruddy Foliage-gleaner/XC303090.npy,../../Datasets/BirdClef/audio/Clibanornis rubiginosus_Ruddy Foliage-gleaner/XC303090.mp3
train,Cnemotriccus fuscatus_Fuscous Flycatcher,../../Datasets/BirdClef/features/Cnemotriccus fuscatus_Fuscous Flycatcher/XC11767.npy,../../Datasets/BirdClef/audio/Cnemotriccus fuscatus_Fuscous Flycatcher/XC11767.mp3
train,Coccothraustes coccothraustes_Hawfinch,../../Datasets/BirdClef/features/Coccothraustes coccothraustes_Hawfinch/XC467667.npy,../../Datasets/BirdClef/audio/Coccothraustes coccothraustes_Hawfinch/XC467667.mp3
train,Coccycua minuta_Little Cuckoo,../../Datasets/BirdClef/features/Coccycua minuta_Little Cuckoo/XC257715.npy,../../Datasets/BirdClef/audio/Coccycua minuta_Little Cuckoo/XC257715.mp3
train,Coccyzus americanus_Yellow-billed Cuckoo,../../Datasets/BirdClef/features/Coccyzus americanus_Yellow-billed Cuckoo/XC135719.npy,../../Datasets/BirdClef/audio/Coccyzus americanus_Yellow-billed Cuckoo/XC135719.mp3
train,Coccyzus erythropthalmus_Black-billed Cuckoo,../../Datasets/BirdClef/features/Coccyzus erythropthalmus_Black-billed Cuckoo/XC101605.npy,../../Datasets/BirdClef/audio/Coccyzus erythropthalmus_Black-billed Cuckoo/XC101605.mp3
train,Coccyzus melacoryphus_Dark-billed Cuckoo,../../Datasets/BirdClef/features/Coccyzus melacoryphus_Dark-billed Cuckoo/XC22387.npy,../../Datasets/BirdClef/audio/Coccyzus melacoryphus_Dark-billed Cuckoo/XC22387.mp3
train,Coereba flaveola_Bananaquit,../../Datasets/BirdClef/features/Coereba flaveola_Bananaquit/XC308450.npy,../../Datasets/BirdClef/audio/Coereba flaveola_Bananaquit/XC308450.mp3
train,Colaptes auratus_Northern Flicker,../../Datasets/BirdClef/features/Colaptes auratus_Northern Flicker/XC253572.npy,../../Datasets/BirdClef/audio/Colaptes auratus_Northern Flicker/XC253572.mp3
train,Colibri coruscans_Sparkling Violetear,../../Datasets/BirdClef/features/Colibri coruscans_Sparkling Violetear/XC257808.npy,../../Datasets/BirdClef/audio/Colibri coruscans_Sparkling Violetear/XC257808.mp3
train,Colonia colonus_Long-tailed Tyrant,../../Datasets/BirdClef/features/Colonia colonus_Long-tailed Tyrant/XC115246.npy,../../Datasets/BirdClef/audio/Colonia colonus_Long-tailed Tyrant/XC115246.mp3
train,Columba livia_Rock Pigeon,../../Datasets/BirdClef/features/Columba livia_Rock Pigeon/XC460854.npy,../../Datasets/BirdClef/audio/Columba livia_Rock Pigeon/XC460854.mp3
train,Columba oenas_Stock Dove,../../Datasets/BirdClef/features/Columba oenas_Stock Dove/XC432239.npy,../../Datasets/BirdClef/audio/Columba oenas_Stock Dove/XC432239.mp3
train,Columba palumbus_Common Wood-Pigeon,../../Datasets/BirdClef/features/Columba palumbus_Common Wood-Pigeon/XC462990.npy,../../Datasets/BirdClef/audio/Columba palumbus_Common Wood-Pigeon/XC462990.mp3
train,Columbina talpacoti_Ruddy Ground Dove,../../Datasets/BirdClef/features/Columbina talpacoti_Ruddy Ground Dove/XC8828.npy,../../Datasets/BirdClef/audio/Columbina talpacoti_Ruddy Ground Dove/XC8828.mp3
train,Conirostrum speciosum_Chestnut-vented Conebill,../../Datasets/BirdClef/features/Conirostrum speciosum_Chestnut-vented Conebill/XC176839.npy,../../Datasets/BirdClef/audio/Conirostrum speciosum_Chestnut-vented Conebill/XC176839.mp3
train,Contopus cooperi_Olive-sided Flycatcher,../../Datasets/BirdClef/features/Contopus cooperi_Olive-sided Flycatcher/XC81925.npy,../../Datasets/BirdClef/audio/Contopus cooperi_Olive-sided Flycatcher/XC81925.mp3
train,Contopus sordidulus_Western Wood-Pewee,../../Datasets/BirdClef/features/Contopus sordidulus_Western Wood-Pewee/XC373899.npy,../../Datasets/BirdClef/audio/Contopus sordidulus_Western Wood-Pewee/XC373899.mp3
train,Contopus virens_Eastern Wood-Pewee,../../Datasets/BirdClef/features/Contopus virens_Eastern Wood-Pewee/XC20998.npy,../../Datasets/BirdClef/audio/Contopus virens_Eastern Wood-Pewee/XC20998.mp3
train,Coragyps atratus_Black Vulture,../../Datasets/BirdClef/features/Coragyps atratus_Black Vulture/XC451477.npy,../../Datasets/BirdClef/audio/Coragyps atratus_Black Vulture/XC451477.mp3
train,Corvus brachyrhynchos_American Crow,../../Datasets/BirdClef/features/Corvus brachyrhynchos_American Crow/XC206082.npy,../../Datasets/BirdClef/audio/Corvus brachyrhynchos_American Crow/XC206082.mp3
train,Corvus corax_Common Raven,../../Datasets/BirdClef/features/Corvus corax_Common Raven/XC169999.npy,../../Datasets/BirdClef/audio/Corvus corax_Common Raven/XC169999.mp3
train,Corvus corone_Carrion Crow,../../Datasets/BirdClef/features/Corvus corone_Carrion Crow/XC448435.npy,../../Datasets/BirdClef/audio/Corvus corone_Carrion Crow/XC448435.mp3
train,Corvus frugilegus_Rook,../../Datasets/BirdClef/features/Corvus frugilegus_Rook/XC194175.npy,../../Datasets/BirdClef/audio/Corvus frugilegus_Rook/XC194175.mp3
train,Corvus monedula_Eurasian Jackdaw,../../Datasets/BirdClef/features/Corvus monedula_Eurasian Jackdaw/XC349315.npy,../../Datasets/BirdClef/audio/Corvus monedula_Eurasian Jackdaw/XC349315.mp3
train,Corvus ossifragus_Fish Crow,../../Datasets/BirdClef/features/Corvus ossifragus_Fish Crow/XC177580.npy,../../Datasets/BirdClef/audio/Corvus ossifragus_Fish Crow/XC177580.mp3
train,Corythopis torquatus_Ringed Antpipit,../../Datasets/BirdClef/features/Corythopis torquatus_Ringed Antpipit/XC87864.npy,../../Datasets/BirdClef/audio/Corythopis torquatus_Ringed Antpipit/XC87864.mp3
train,Crotophaga ani_Smooth-billed Ani,../../Datasets/BirdClef/features/Crotophaga ani_Smooth-billed Ani/XC171389.npy,../../Datasets/BirdClef/audio/Crotophaga ani_Smooth-billed Ani/XC171389.mp3
train,Crotophaga major_Greater Ani,../../Datasets/BirdClef/features/Crotophaga major_Greater Ani/XC461444.npy,../../Datasets/BirdClef/audio/Crotophaga major_Greater Ani/XC461444.mp3
train,Crypturellus cinereus_Cinereous Tinamou,../../Datasets/BirdClef/features/Crypturellus cinereus_Cinereous Tinamou/XC424163.npy,../../Datasets/BirdClef/audio/Crypturellus cinereus_Cinereous Tinamou/XC424163.mp3
train,Crypturellus obsoletus_Brown Tinamou,../../Datasets/BirdClef/features/Crypturellus obsoletus_Brown Tinamou/XC351069.npy,../../Datasets/BirdClef/audio/Crypturellus obsoletus_Brown Tinamou/XC351069.mp3
train,Crypturellus parvirostris_Small-billed Tinamou,../../Datasets/BirdClef/features/Crypturellus parvirostris_Small-billed Tinamou/XC415352.npy,../../Datasets/BirdClef/audio/Crypturellus parvirostris_Small-billed Tinamou/XC415352.mp3
train,Crypturellus soui_Little Tinamou,../../Datasets/BirdClef/features/Crypturellus soui_Little Tinamou/XC333320.npy,../../Datasets/BirdClef/audio/Crypturellus soui_Little Tinamou/XC333320.mp3
train,Crypturellus strigulosus_Brazilian Tinamou,../../Datasets/BirdClef/features/Crypturellus strigulosus_Brazilian Tinamou/XC312936.npy,../../Datasets/BirdClef/audio/Crypturellus strigulosus_Brazilian Tinamou/XC312936.mp3
train,Crypturellus undulatus_Undulated Tinamou,../../Datasets/BirdClef/features/Crypturellus undulatus_Undulated Tinamou/XC329100.npy,../../Datasets/BirdClef/audio/Crypturellus undulatus_Undulated Tinamou/XC329100.mp3
train,Crypturellus variegatus_Variegated Tinamou,../../Datasets/BirdClef/features/Crypturellus variegatus_Variegated Tinamou/XC85515.npy,../../Datasets/BirdClef/audio/Crypturellus variegatus_Variegated Tinamou/XC85515.mp3
train,Cuculus canorus_Common Cuckoo,../../Datasets/BirdClef/features/Cuculus canorus_Common Cuckoo/XC369578.npy,../../Datasets/BirdClef/audio/Cuculus canorus_Common Cuckoo/XC369578.mp3
train,Cyanerpes cyaneus_Red-legged Honeycreeper,../../Datasets/BirdClef/features/Cyanerpes cyaneus_Red-legged Honeycreeper/XC6994.npy,../../Datasets/BirdClef/audio/Cyanerpes cyaneus_Red-legged Honeycreeper/XC6994.mp3
train,Cyanistes caeruleus_Eurasian Blue Tit,../../Datasets/BirdClef/features/Cyanistes caeruleus_Eurasian Blue Tit/XC148428.npy,../../Datasets/BirdClef/audio/Cyanistes caeruleus_Eurasian Blue Tit/XC148428.mp3
train,Cyanocitta cristata_Blue Jay,../../Datasets/BirdClef/features/Cyanocitta cristata_Blue Jay/XC325696.npy,../../Datasets/BirdClef/audio/Cyanocitta cristata_Blue Jay/XC325696.mp3
train,Cyanocitta stelleri_Steller's Jay,../../Datasets/BirdClef/features/Cyanocitta stelleri_Steller's Jay/XC221964.npy,../../Datasets/BirdClef/audio/Cyanocitta stelleri_Steller's Jay/XC221964.mp3
train,Cyanocorax cyanomelas_Purplish Jay,../../Datasets/BirdClef/features/Cyanocorax cyanomelas_Purplish Jay/XC2192.npy,../../Datasets/BirdClef/audio/Cyanocorax cyanomelas_Purplish Jay/XC2192.mp3
train,Cyanocorax violaceus_Violaceous Jay,../../Datasets/BirdClef/features/Cyanocorax violaceus_Violaceous Jay/XC216543.npy,../../Datasets/BirdClef/audio/Cyanocorax violaceus_Violaceous Jay/XC216543.mp3
train,Cyanoloxia rothschildii_Amazonian Grosbeak,../../Datasets/BirdClef/features/Cyanoloxia rothschildii_Amazonian Grosbeak/XC171101.npy,../../Datasets/BirdClef/audio/Cyanoloxia rothschildii_Amazonian Grosbeak/XC171101.mp3
train,Cyclarhis gujanensis_Rufous-browed Peppershrike,../../Datasets/BirdClef/features/Cyclarhis gujanensis_Rufous-browed Peppershrike/XC222130.npy,../../Datasets/BirdClef/audio/Cyclarhis gujanensis_Rufous-browed Peppershrike/XC222130.mp3
train,Cygnus buccinator_Trumpeter Swan,../../Datasets/BirdClef/features/Cygnus buccinator_Trumpeter Swan/XC269472.npy,../../Datasets/BirdClef/audio/Cygnus buccinator_Trumpeter Swan/XC269472.mp3
train,Cygnus columbianus_Tundra Swan,../../Datasets/BirdClef/features/Cygnus columbianus_Tundra Swan/XC72771.npy,../../Datasets/BirdClef/audio/Cygnus columbianus_Tundra Swan/XC72771.mp3
train,Cygnus cygnus_Whooper Swan,../../Datasets/BirdClef/features/Cygnus cygnus_Whooper Swan/XC214435.npy,../../Datasets/BirdClef/audio/Cygnus cygnus_Whooper Swan/XC214435.mp3
train,Cygnus olor_Mute Swan,../../Datasets/BirdClef/features/Cygnus olor_Mute Swan/XC175273.npy,../../Datasets/BirdClef/audio/Cygnus olor_Mute Swan/XC175273.mp3
train,Cymbilaimus lineatus_Fasciated Antshrike,../../Datasets/BirdClef/features/Cymbilaimus lineatus_Fasciated Antshrike/XC385417.npy,../../Datasets/BirdClef/audio/Cymbilaimus lineatus_Fasciated Antshrike/XC385417.mp3
train,Cyphorhinus arada_Musician Wren,../../Datasets/BirdClef/features/Cyphorhinus arada_Musician Wren/XC13735.npy,../../Datasets/BirdClef/audio/Cyphorhinus arada_Musician Wren/XC13735.mp3
train,Dacnis cayana_Blue Dacnis,../../Datasets/BirdClef/features/Dacnis cayana_Blue Dacnis/XC247732.npy,../../Datasets/BirdClef/audio/Dacnis cayana_Blue Dacnis/XC247732.mp3
train,Daptrius ater_Black Caracara,../../Datasets/BirdClef/features/Daptrius ater_Black Caracara/XC402854.npy,../../Datasets/BirdClef/audio/Daptrius ater_Black Caracara/XC402854.mp3
train,Deconychura longicauda_Long-tailed Woodcreeper,../../Datasets/BirdClef/features/Deconychura longicauda_Long-tailed Woodcreeper/XC151929.npy,../../Datasets/BirdClef/audio/Deconychura longicauda_Long-tailed Woodcreeper/XC151929.mp3
train,Delichon urbicum_Common House-Martin,../../Datasets/BirdClef/features/Delichon urbicum_Common House-Martin/XC377660.npy,../../Datasets/BirdClef/audio/Delichon urbicum_Common House-Martin/XC377660.mp3
train,Dendrexetastes rufigula_Cinnamon-throated Woodcreeper,../../Datasets/BirdClef/features/Dendrexetastes rufigula_Cinnamon-throated Woodcreeper/XC1340.npy,../../Datasets/BirdClef/audio/Dendrexetastes rufigula_Cinnamon-throated Woodcreeper/XC1340.mp3
train,Dendrocincla fuliginosa_Plain-brown Woodcreeper,../../Datasets/BirdClef/features/Dendrocincla fuliginosa_Plain-brown Woodcreeper/XC250767.npy,../../Datasets/BirdClef/audio/Dendrocincla fuliginosa_Plain-brown Woodcreeper/XC250767.mp3
train,Dendrocolaptes certhia_Amazonian Barred-Woodcreeper,../../Datasets/BirdClef/features/Dendrocolaptes certhia_Amazonian Barred-Woodcreeper/XC494093.npy,../../Datasets/BirdClef/audio/Dendrocolaptes certhia_Amazonian Barred-Woodcreeper/XC494093.mp3
train,Dendrocolaptes picumnus_Black-banded Woodcreeper,../../Datasets/BirdClef/features/Dendrocolaptes picumnus_Black-banded Woodcreeper/XC388506.npy,../../Datasets/BirdClef/audio/Dendrocolaptes picumnus_Black-banded Woodcreeper/XC388506.mp3
train,Dendrocopos major_Great Spotted Woodpecker,../../Datasets/BirdClef/features/Dendrocopos major_Great Spotted Woodpecker/XC180124.npy,../../Datasets/BirdClef/audio/Dendrocopos major_Great Spotted Woodpecker/XC180124.mp3
train,Dendrocoptes medius_Middle Spotted Woodpecker,../../Datasets/BirdClef/features/Dendrocoptes medius_Middle Spotted Woodpecker/XC215916.npy,../../Datasets/BirdClef/audio/Dendrocoptes medius_Middle Spotted Woodpecker/XC215916.mp3
train,Dendrocygna autumnalis_Black-bellied Whistling-Duck,../../Datasets/BirdClef/features/Dendrocygna autumnalis_Black-bellied Whistling-Duck/XC480387.npy,../../Datasets/BirdClef/audio/Dendrocygna autumnalis_Black-bellied Whistling-Duck/XC480387.mp3
train,Dendrocygna viduata_White-faced Whistling-Duck,../../Datasets/BirdClef/features/Dendrocygna viduata_White-faced Whistling-Duck/XC85075.npy,../../Datasets/BirdClef/audio/Dendrocygna viduata_White-faced Whistling-Duck/XC85075.mp3
train,Dendroplex picus_Straight-billed Woodcreeper,../../Datasets/BirdClef/features/Dendroplex picus_Straight-billed Woodcreeper/XC158861.npy,../../Datasets/BirdClef/audio/Dendroplex picus_Straight-billed Woodcreeper/XC158861.mp3
train,Dichrozona cincta_Banded Antbird,../../Datasets/BirdClef/features/Dichrozona cincta_Banded Antbird/XC494023.npy,../../Datasets/BirdClef/audio/Dichrozona cincta_Banded Antbird/XC494023.mp3
train,Dolichonyx oryzivorus_Bobolink,../../Datasets/BirdClef/features/Dolichonyx oryzivorus_Bobolink/XC460832.npy,../../Datasets/BirdClef/audio/Dolichonyx oryzivorus_Bobolink/XC460832.mp3
train,Donacobius atricapilla_Black-capped Donacobius,../../Datasets/BirdClef/features/Donacobius atricapilla_Black-capped Donacobius/XC109021.npy,../../Datasets/BirdClef/audio/Donacobius atricapilla_Black-capped Donacobius/XC109021.mp3
train,Dromococcyx pavoninus_Pavonine Cuckoo,../../Datasets/BirdClef/features/Dromococcyx pavoninus_Pavonine Cuckoo/XC85084.npy,../../Datasets/BirdClef/audio/Dromococcyx pavoninus_Pavonine Cuckoo/XC85084.mp3
train,Dromococcyx phasianellus_Pheasant Cuckoo,../../Datasets/BirdClef/features/Dromococcyx phasianellus_Pheasant Cuckoo/XC60344.npy,../../Datasets/BirdClef/audio/Dromococcyx phasianellus_Pheasant Cuckoo/XC60344.mp3
train,Drymophila devillei_Striated Antbird,../../Datasets/BirdClef/features/Drymophila devillei_Striated Antbird/XC72576.npy,../../Datasets/BirdClef/audio/Drymophila devillei_Striated Antbird/XC72576.mp3
train,Dryobates affinis_Red-stained Woodpecker,../../Datasets/BirdClef/features/Dryobates affinis_Red-stained Woodpecker/XC232029.npy,../../Datasets/BirdClef/audio/Dryobates affinis_Red-stained Woodpecker/XC232029.mp3
train,Dryobates minor_Lesser Spotted Woodpecker,../../Datasets/BirdClef/features/Dryobates minor_Lesser Spotted Woodpecker/XC114580.npy,../../Datasets/BirdClef/audio/Dryobates minor_Lesser Spotted Woodpecker/XC114580.mp3
train,Dryobates nuttallii_Nuttall's Woodpecker,../../Datasets/BirdClef/features/Dryobates nuttallii_Nuttall's Woodpecker/XC367070.npy,../../Datasets/BirdClef/audio/Dryobates nuttallii_Nuttall's Woodpecker/XC367070.mp3
train,Dryobates passerinus_Little Woodpecker,../../Datasets/BirdClef/features/Dryobates passerinus_Little Woodpecker/XC474861.npy,../../Datasets/BirdClef/audio/Dryobates passerinus_Little Woodpecker/XC474861.mp3
train,Dryobates pubescens_Downy Woodpecker,../../Datasets/BirdClef/features/Dryobates pubescens_Downy Woodpecker/XC89855.npy,../../Datasets/BirdClef/audio/Dryobates pubescens_Downy Woodpecker/XC89855.mp3
train,Dryobates scalaris_Ladder-backed Woodpecker,../../Datasets/BirdClef/features/Dryobates scalaris_Ladder-backed Woodpecker/XC173143.npy,../../Datasets/BirdClef/audio/Dryobates scalaris_Ladder-backed Woodpecker/XC173143.mp3
train,Dryobates villosus_Hairy Woodpecker,../../Datasets/BirdClef/features/Dryobates villosus_Hairy Woodpecker/XC72369.npy,../../Datasets/BirdClef/audio/Dryobates villosus_Hairy Woodpecker/XC72369.mp3
train,Dryocopus lineatus_Lineated Woodpecker,../../Datasets/BirdClef/features/Dryocopus lineatus_Lineated Woodpecker/XC152686.npy,../../Datasets/BirdClef/audio/Dryocopus lineatus_Lineated Woodpecker/XC152686.mp3
train,Dryocopus martius_Black Woodpecker,../../Datasets/BirdClef/features/Dryocopus martius_Black Woodpecker/XC130827.npy,../../Datasets/BirdClef/audio/Dryocopus martius_Black Woodpecker/XC130827.mp3
train,Dryocopus pileatus_Pileated Woodpecker,../../Datasets/BirdClef/features/Dryocopus pileatus_Pileated Woodpecker/XC98344.npy,../../Datasets/BirdClef/audio/Dryocopus pileatus_Pileated Woodpecker/XC98344.mp3
train,Dumetella carolinensis_Gray Catbird,../../Datasets/BirdClef/features/Dumetella carolinensis_Gray Catbird/XC332654.npy,../../Datasets/BirdClef/audio/Dumetella carolinensis_Gray Catbird/XC332654.mp3
train,Dysithamnus mentalis_Plain Antvireo,../../Datasets/BirdClef/features/Dysithamnus mentalis_Plain Antvireo/XC315412.npy,../../Datasets/BirdClef/audio/Dysithamnus mentalis_Plain Antvireo/XC315412.mp3
train,Egretta thula_Snowy Egret,../../Datasets/BirdClef/features/Egretta thula_Snowy Egret/XC45684.npy,../../Datasets/BirdClef/audio/Egretta thula_Snowy Egret/XC45684.mp3
train,Elaenia albiceps_White-crested Elaenia,../../Datasets/BirdClef/features/Elaenia albiceps_White-crested Elaenia/XC47618.npy,../../Datasets/BirdClef/audio/Elaenia albiceps_White-crested Elaenia/XC47618.mp3
train,Elaenia parvirostris_Small-billed Elaenia,../../Datasets/BirdClef/features/Elaenia parvirostris_Small-billed Elaenia/XC126974.npy,../../Datasets/BirdClef/audio/Elaenia parvirostris_Small-billed Elaenia/XC126974.mp3
train,Elaenia spectabilis_Large Elaenia,../../Datasets/BirdClef/features/Elaenia spectabilis_Large Elaenia/XC49371.npy,../../Datasets/BirdClef/audio/Elaenia spectabilis_Large Elaenia/XC49371.mp3
train,Elanoides forficatus_Swallow-tailed Kite,../../Datasets/BirdClef/features/Elanoides forficatus_Swallow-tailed Kite/XC48775.npy,../../Datasets/BirdClef/audio/Elanoides forficatus_Swallow-tailed Kite/XC48775.mp3
train,Electron platyrhynchum_Broad-billed Motmot,../../Datasets/BirdClef/features/Electron platyrhynchum_Broad-billed Motmot/XC15657.npy,../../Datasets/BirdClef/audio/Electron platyrhynchum_Broad-billed Motmot/XC15657.mp3
train,Emberiza cia_Rock Bunting,../../Datasets/BirdClef/features/Emberiza cia_Rock Bunting/XC178268.npy,../../Datasets/BirdClef/audio/Emberiza cia_Rock Bunting/XC178268.mp3
train,Emberiza cirlus_Cirl Bunting,../../Datasets/BirdClef/features/Emberiza cirlus_Cirl Bunting/XC29454.npy,../../Datasets/BirdClef/audio/Emberiza cirlus_Cirl Bunting/XC29454.mp3
train,Emberiza citrinella_Yellowhammer,../../Datasets/BirdClef/features/Emberiza citrinella_Yellowhammer/XC129517.npy,../../Datasets/BirdClef/audio/Emberiza citrinella_Yellowhammer/XC129517.mp3
train,Emberiza schoeniclus_Reed Bunting,../../Datasets/BirdClef/features/Emberiza schoeniclus_Reed Bunting/XC377108.npy,../../Datasets/BirdClef/audio/Emberiza schoeniclus_Reed Bunting/XC377108.mp3
train,Empidonax alnorum_Alder Flycatcher,../../Datasets/BirdClef/features/Empidonax alnorum_Alder Flycatcher/XC188434.npy,../../Datasets/BirdClef/audio/Empidonax alnorum_Alder Flycatcher/XC188434.mp3
train,Empidonax difficilis_Pacific-slope Flycatcher,../../Datasets/BirdClef/features/Empidonax difficilis_Pacific-slope Flycatcher/XC348144.npy,../../Datasets/BirdClef/audio/Empidonax difficilis_Pacific-slope Flycatcher/XC348144.mp3
train,Empidonax hammondii_Hammond's Flycatcher,../../Datasets/BirdClef/features/Empidonax hammondii_Hammond's Flycatcher/XC323038.npy,../../Datasets/BirdClef/audio/Empidonax hammondii_Hammond's Flycatcher/XC323038.mp3
train,Empidonax minimus_Least Flycatcher,../../Datasets/BirdClef/features/Empidonax minimus_Least Flycatcher/XC35909.npy,../../Datasets/BirdClef/audio/Empidonax minimus_Least Flycatcher/XC35909.mp3
train,Empidonax oberholseri_Dusky Flycatcher,../../Datasets/BirdClef/features/Empidonax oberholseri_Dusky Flycatcher/XC205923.npy,../../Datasets/BirdClef/audio/Empidonax oberholseri_Dusky Flycatcher/XC205923.mp3
train,Empidonax traillii_Willow Flycatcher,../../Datasets/BirdClef/features/Empidonax traillii_Willow Flycatcher/XC138008.npy,../../Datasets/BirdClef/audio/Empidonax traillii_Willow Flycatcher/XC138008.mp3
train,Empidonax wrightii_Gray Flycatcher,../../Datasets/BirdClef/features/Empidonax wrightii_Gray Flycatcher/XC124837.npy,../../Datasets/BirdClef/audio/Empidonax wrightii_Gray Flycatcher/XC124837.mp3
train,Empidonomus varius_Variegated Flycatcher,../../Datasets/BirdClef/features/Empidonomus varius_Variegated Flycatcher/XC43293.npy,../../Datasets/BirdClef/audio/Empidonomus varius_Variegated Flycatcher/XC43293.mp3
train,Epinecrophylla leucophthalma_White-eyed Stipplethroat,../../Datasets/BirdClef/features/Epinecrophylla leucophthalma_White-eyed Stipplethroat/XC388340.npy,../../Datasets/BirdClef/audio/Epinecrophylla leucophthalma_White-eyed Stipplethroat/XC388340.mp3
train,Epinecrophylla ornata_Ornate Stipplethroat,../../Datasets/BirdClef/features/Epinecrophylla ornata_Ornate Stipplethroat/XC119191.npy,../../Datasets/BirdClef/audio/Epinecrophylla ornata_Ornate Stipplethroat/XC119191.mp3
train,Eremophila alpestris_Horned Lark,../../Datasets/BirdClef/features/Eremophila alpestris_Horned Lark/XC152971.npy,../../Datasets/BirdClef/audio/Eremophila alpestris_Horned Lark/XC152971.mp3
train,Erithacus rubecula_European Robin,../../Datasets/BirdClef/features/Erithacus rubecula_European Robin/XC295529.npy,../../Datasets/BirdClef/audio/Erithacus rubecula_European Robin/XC295529.mp3
train,Euphagus carolinus_Rusty Blackbird,../../Datasets/BirdClef/features/Euphagus carolinus_Rusty Blackbird/XC217538.npy,../../Datasets/BirdClef/audio/Euphagus carolinus_Rusty Blackbird/XC217538.mp3
train,Euphagus cyanocephalus_Brewer's Blackbird,../../Datasets/BirdClef/features/Euphagus cyanocephalus_Brewer's Blackbird/XC149345.npy,../../Datasets/BirdClef/audio/Euphagus cyanocephalus_Brewer's Blackbird/XC149345.mp3
train,Euphonia chlorotica_Purple-throated Euphonia,../../Datasets/BirdClef/features/Euphonia chlorotica_Purple-throated Euphonia/XC217371.npy,../../Datasets/BirdClef/audio/Euphonia chlorotica_Purple-throated Euphonia/XC217371.mp3
train,Euphonia chrysopasta_Golden-bellied Euphonia,../../Datasets/BirdClef/features/Euphonia chrysopasta_Golden-bellied Euphonia/XC213997.npy,../../Datasets/BirdClef/audio/Euphonia chrysopasta_Golden-bellied Euphonia/XC213997.mp3
train,Euphonia cyanocephala_Golden-rumped Euphonia,../../Datasets/BirdClef/features/Euphonia cyanocephala_Golden-rumped Euphonia/XC242599.npy,../../Datasets/BirdClef/audio/Euphonia cyanocephala_Golden-rumped Euphonia/XC242599.mp3
train,Euphonia laniirostris_Thick-billed Euphonia,../../Datasets/BirdClef/features/Euphonia laniirostris_Thick-billed Euphonia/XC198470.npy,../../Datasets/BirdClef/audio/Euphonia laniirostris_Thick-billed Euphonia/XC198470.mp3
train,Euphonia rufiventris_Rufous-bellied Euphonia,../../Datasets/BirdClef/features/Euphonia rufiventris_Rufous-bellied Euphonia/XC482007.npy,../../Datasets/BirdClef/audio/Euphonia rufiventris_Rufous-bellied Euphonia/XC482007.mp3
train,Euphonia xanthogaster_Orange-bellied Euphonia,../../Datasets/BirdClef/features/Euphonia xanthogaster_Orange-bellied Euphonia/XC196971.npy,../../Datasets/BirdClef/audio/Euphonia xanthogaster_Orange-bellied Euphonia/XC196971.mp3
train,Eurypyga helias_Sunbittern,../../Datasets/BirdClef/features/Eurypyga helias_Sunbittern/XC85135.npy,../../Datasets/BirdClef/audio/Eurypyga helias_Sunbittern/XC85135.mp3
train,Falco columbarius_Merlin,../../Datasets/BirdClef/features/Falco columbarius_Merlin/XC36374.npy,../../Datasets/BirdClef/audio/Falco columbarius_Merlin/XC36374.mp3
train,Falco peregrinus_Peregrine Falcon,../../Datasets/BirdClef/features/Falco peregrinus_Peregrine Falcon/XC184351.npy,../../Datasets/BirdClef/audio/Falco peregrinus_Peregrine Falcon/XC184351.mp3
train,Falco rufigularis_Bat Falcon,../../Datasets/BirdClef/features/Falco rufigularis_Bat Falcon/XC50945.npy,../../Datasets/BirdClef/audio/Falco rufigularis_Bat Falcon/XC50945.mp3
train,Falco sparverius_American Kestrel,../../Datasets/BirdClef/features/Falco sparverius_American Kestrel/XC399014.npy,../../Datasets/BirdClef/audio/Falco sparverius_American Kestrel/XC399014.mp3
train,Falco subbuteo_Eurasian Hobby,../../Datasets/BirdClef/features/Falco subbuteo_Eurasian Hobby/XC434304.npy,../../Datasets/BirdClef/audio/Falco subbuteo_Eurasian Hobby/XC434304.mp3
train,Falco tinnunculus_Eurasian Kestrel,../../Datasets/BirdClef/features/Falco tinnunculus_Eurasian Kestrel/XC281008.npy,../../Datasets/BirdClef/audio/Falco tinnunculus_Eurasian Kestrel/XC281008.mp3
train,Formicarius analis_Black-faced Antthrush,../../Datasets/BirdClef/features/Formicarius analis_Black-faced Antthrush/XC14825.npy,../../Datasets/BirdClef/audio/Formicarius analis_Black-faced Antthrush/XC14825.mp3
train,Formicarius colma_Rufous-capped Antthrush,../../Datasets/BirdClef/features/Formicarius colma_Rufous-capped Antthrush/XC80437.npy,../../Datasets/BirdClef/audio/Formicarius colma_Rufous-capped Antthrush/XC80437.mp3
train,Formicivora rufa_Rusty-backed Antwren,../../Datasets/BirdClef/features/Formicivora rufa_Rusty-backed Antwren/XC55441.npy,../../Datasets/BirdClef/audio/Formicivora rufa_Rusty-backed Antwren/XC55441.mp3
train,Fringilla coelebs_Common Chaffinch,../../Datasets/BirdClef/features/Fringilla coelebs_Common Chaffinch/XC269285.npy,../../Datasets/BirdClef/audio/Fringilla coelebs_Common Chaffinch/XC269285.mp3
train,Fringilla montifringilla_Brambling,../../Datasets/BirdClef/features/Fringilla montifringilla_Brambling/XC237467.npy,../../Datasets/BirdClef/audio/Fringilla montifringilla_Brambling/XC237467.mp3
train,Fulica americana_American Coot,../../Datasets/BirdClef/features/Fulica americana_American Coot/XC452173.npy,../../Datasets/BirdClef/audio/Fulica americana_American Coot/XC452173.mp3
train,Fulica atra_Eurasian Coot,../../Datasets/BirdClef/features/Fulica atra_Eurasian Coot/XC132235.npy,../../Datasets/BirdClef/audio/Fulica atra_Eurasian Coot/XC132235.mp3
train,Furnarius leucopus_Pale-legged Hornero,../../Datasets/BirdClef/features/Furnarius leucopus_Pale-legged Hornero/XC11895.npy,../../Datasets/BirdClef/audio/Furnarius leucopus_Pale-legged Hornero/XC11895.mp3
train,Galbula dea_Paradise Jacamar,../../Datasets/BirdClef/features/Galbula dea_Paradise Jacamar/XC272105.npy,../../Datasets/BirdClef/audio/Galbula dea_Paradise Jacamar/XC272105.mp3
train,Gallinago delicata_Wilson's Snipe,../../Datasets/BirdClef/features/Gallinago delicata_Wilson's Snipe/XC416334.npy,../../Datasets/BirdClef/audio/Gallinago delicata_Wilson's Snipe/XC416334.mp3
train,Gallinago gallinago_Common Snipe,../../Datasets/BirdClef/features/Gallinago gallinago_Common Snipe/XC90977.npy,../../Datasets/BirdClef/audio/Gallinago gallinago_Common Snipe/XC90977.mp3
train,Gallinula chloropus_Eurasian Moorhen,../../Datasets/BirdClef/features/Gallinula chloropus_Eurasian Moorhen/XC467263.npy,../../Datasets/BirdClef/audio/Gallinula chloropus_Eurasian Moorhen/XC467263.mp3
train,Garrulus glandarius_Eurasian Jay,../../Datasets/BirdClef/features/Garrulus glandarius_Eurasian Jay/XC409113.npy,../../Datasets/BirdClef/audio/Garrulus glandarius_Eurasian Jay/XC409113.mp3
train,Gavia immer_Common Loon,../../Datasets/BirdClef/features/Gavia immer_Common Loon/XC445572.npy,../../Datasets/BirdClef/audio/Gavia immer_Common Loon/XC445572.mp3
train,Geococcyx californianus_Greater Roadrunner,../../Datasets/BirdClef/features/Geococcyx californianus_Greater Roadrunner/XC448268.npy,../../Datasets/BirdClef/audio/Geococcyx californianus_Greater Roadrunner/XC448268.mp3
train,Geothlypis tolmiei_MacGillivray's Warbler,../../Datasets/BirdClef/features/Geothlypis tolmiei_MacGillivray's Warbler/XC450704.npy,../../Datasets/BirdClef/audio/Geothlypis tolmiei_MacGillivray's Warbler/XC450704.mp3
train,Geothlypis trichas_Common Yellowthroat,../../Datasets/BirdClef/features/Geothlypis trichas_Common Yellowthroat/XC172967.npy,../../Datasets/BirdClef/audio/Geothlypis trichas_Common Yellowthroat/XC172967.mp3
train,Geotrygon montana_Ruddy Quail-Dove,../../Datasets/BirdClef/features/Geotrygon montana_Ruddy Quail-Dove/XC93494.npy,../../Datasets/BirdClef/audio/Geotrygon montana_Ruddy Quail-Dove/XC93494.mp3
train,Geranospiza caerulescens_Crane Hawk,../../Datasets/BirdClef/features/Geranospiza caerulescens_Crane Hawk/XC5552.npy,../../Datasets/BirdClef/audio/Geranospiza caerulescens_Crane Hawk/XC5552.mp3
train,Glaucidium brasilianum_Ferruginous Pygmy-Owl,../../Datasets/BirdClef/features/Glaucidium brasilianum_Ferruginous Pygmy-Owl/XC288153.npy,../../Datasets/BirdClef/audio/Glaucidium brasilianum_Ferruginous Pygmy-Owl/XC288153.mp3
train,Glaucidium hardyi_Amazonian Pygmy-Owl,../../Datasets/BirdClef/features/Glaucidium hardyi_Amazonian Pygmy-Owl/XC124044.npy,../../Datasets/BirdClef/audio/Glaucidium hardyi_Amazonian Pygmy-Owl/XC124044.mp3
train,Glyphorynchus spirurus_Wedge-billed Woodcreeper,../../Datasets/BirdClef/features/Glyphorynchus spirurus_Wedge-billed Woodcreeper/XC274474.npy,../../Datasets/BirdClef/audio/Glyphorynchus spirurus_Wedge-billed Woodcreeper/XC274474.mp3
train,Grus grus_Common Crane,../../Datasets/BirdClef/features/Grus grus_Common Crane/XC110374.npy,../../Datasets/BirdClef/audio/Grus grus_Common Crane/XC110374.mp3
train,Gymnorhinus cyanocephalus_Pinyon Jay,../../Datasets/BirdClef/features/Gymnorhinus cyanocephalus_Pinyon Jay/XC153393.npy,../../Datasets/BirdClef/audio/Gymnorhinus cyanocephalus_Pinyon Jay/XC153393.mp3
train,Habia rubica_Red-crowned Ant-Tanager,../../Datasets/BirdClef/features/Habia rubica_Red-crowned Ant-Tanager/XC149781.npy,../../Datasets/BirdClef/audio/Habia rubica_Red-crowned Ant-Tanager/XC149781.mp3
train,Haematopus ostralegus_Eurasian Oystercatcher,../../Datasets/BirdClef/features/Haematopus ostralegus_Eurasian Oystercatcher/XC459663.npy,../../Datasets/BirdClef/audio/Haematopus ostralegus_Eurasian Oystercatcher/XC459663.mp3
train,Haemorhous cassinii_Cassin's Finch,../../Datasets/BirdClef/features/Haemorhous cassinii_Cassin's Finch/XC247688.npy,../../Datasets/BirdClef/audio/Haemorhous cassinii_Cassin's Finch/XC247688.mp3
train,Haemorhous mexicanus_House Finch,../../Datasets/BirdClef/features/Haemorhous mexicanus_House Finch/XC423324.npy,../../Datasets/BirdClef/audio/Haemorhous mexicanus_House Finch/XC423324.mp3
train,Haemorhous purpureus_Purple Finch,../../Datasets/BirdClef/features/Haemorhous purpureus_Purple Finch/XC160011.npy,../../Datasets/BirdClef/audio/Haemorhous purpureus_Purple Finch/XC160011.mp3
train,Hafferia fortis_Sooty Antbird,../../Datasets/BirdClef/features/Hafferia fortis_Sooty Antbird/XC438563.npy,../../Datasets/BirdClef/audio/Hafferia fortis_Sooty Antbird/XC438563.mp3
train,Hemithraupis guira_Guira Tanager,../../Datasets/BirdClef/features/Hemithraupis guira_Guira Tanager/XC176637.npy,../../Datasets/BirdClef/audio/Hemithraupis guira_Guira Tanager/XC176637.mp3
train,Hemitriccus flammulatus_Flammulated Pygmy-Tyrant,../../Datasets/BirdClef/features/Hemitriccus flammulatus_Flammulated Pygmy-Tyrant/XC20423.npy,../../Datasets/BirdClef/audio/Hemitriccus flammulatus_Flammulated Pygmy-Tyrant/XC20423.mp3
train,Hemitriccus griseipectus_White-bellied Tody-Tyrant,../../Datasets/BirdClef/features/Hemitriccus griseipectus_White-bellied Tody-Tyrant/XC63488.npy,../../Datasets/BirdClef/audio/Hemitriccus griseipectus_White-bellied Tody-Tyrant/XC63488.mp3
train,Hemitriccus iohannis_Johannes's Tody-Tyrant,../../Datasets/BirdClef/features/Hemitriccus iohannis_Johannes's Tody-Tyrant/XC270716.npy,../../Datasets/BirdClef/audio/Hemitriccus iohannis_Johannes's Tody-Tyrant/XC270716.mp3
train,Herpetotheres cachinnans_Laughing Falcon,../../Datasets/BirdClef/features/Herpetotheres cachinnans_Laughing Falcon/XC109627.npy,../../Datasets/BirdClef/audio/Herpetotheres cachinnans_Laughing Falcon/XC109627.mp3
train,Hippolais polyglotta_Melodious Warbler,../../Datasets/BirdClef/features/Hippolais polyglotta_Melodious Warbler/XC218001.npy,../../Datasets/BirdClef/audio/Hippolais polyglotta_Melodious Warbler/XC218001.mp3
train,Hirundo rustica_Barn Swallow,../../Datasets/BirdClef/features/Hirundo rustica_Barn Swallow/XC271037.npy,../../Datasets/BirdClef/audio/Hirundo rustica_Barn Swallow/XC271037.mp3
train,Hydroprogne caspia_Caspian Tern,../../Datasets/BirdClef/features/Hydroprogne caspia_Caspian Tern/XC432945.npy,../../Datasets/BirdClef/audio/Hydroprogne caspia_Caspian Tern/XC432945.mp3
train,Hylocharis cyanus_White-chinned Sapphire,../../Datasets/BirdClef/features/Hylocharis cyanus_White-chinned Sapphire/XC430618.npy,../../Datasets/BirdClef/audio/Hylocharis cyanus_White-chinned Sapphire/XC430618.mp3
train,Hylocichla mustelina_Wood Thrush,../../Datasets/BirdClef/features/Hylocichla mustelina_Wood Thrush/XC364559.npy,../../Datasets/BirdClef/audio/Hylocichla mustelina_Wood Thrush/XC364559.mp3
train,Hylopezus berlepschi_Amazonian Antpitta,../../Datasets/BirdClef/features/Hylopezus berlepschi_Amazonian Antpitta/XC483311.npy,../../Datasets/BirdClef/audio/Hylopezus berlepschi_Amazonian Antpitta/XC483311.mp3
train,Hylophilus thoracicus_Lemon-chested Greenlet,../../Datasets/BirdClef/features/Hylophilus thoracicus_Lemon-chested Greenlet/XC169569.npy,../../Datasets/BirdClef/audio/Hylophilus thoracicus_Lemon-chested Greenlet/XC169569.mp3
train,Hylophylax naevius_Spot-backed Antbird,../../Datasets/BirdClef/features/Hylophylax naevius_Spot-backed Antbird/XC167355.npy,../../Datasets/BirdClef/audio/Hylophylax naevius_Spot-backed Antbird/XC167355.mp3
train,Hypocnemis peruviana_Peruvian Warbling-Antbird,../../Datasets/BirdClef/features/Hypocnemis peruviana_Peruvian Warbling-Antbird/XC14497.npy,../../Datasets/BirdClef/audio/Hypocnemis peruviana_Peruvian Warbling-Antbird/XC14497.mp3
train,Hypocnemoides maculicauda_Band-tailed Antbird,../../Datasets/BirdClef/features/Hypocnemoides maculicauda_Band-tailed Antbird/XC207132.npy,../../Datasets/BirdClef/audio/Hypocnemoides maculicauda_Band-tailed Antbird/XC207132.mp3
train,Ibycter americanus_Red-throated Caracara,../../Datasets/BirdClef/features/Ibycter americanus_Red-throated Caracara/XC401503.npy,../../Datasets/BirdClef/audio/Ibycter americanus_Red-throated Caracara/XC401503.mp3
train,Ichthyaetus melanocephalus_Mediterranean Gull,../../Datasets/BirdClef/features/Ichthyaetus melanocephalus_Mediterranean Gull/XC179601.npy,../../Datasets/BirdClef/audio/Ichthyaetus melanocephalus_Mediterranean Gull/XC179601.mp3
train,Icterus bullockii_Bullock's Oriole,../../Datasets/BirdClef/features/Icterus bullockii_Bullock's Oriole/XC422424.npy,../../Datasets/BirdClef/audio/Icterus bullockii_Bullock's Oriole/XC422424.mp3
train,Icterus cayanensis_Epaulet Oriole,../../Datasets/BirdClef/features/Icterus cayanensis_Epaulet Oriole/XC86637.npy,../../Datasets/BirdClef/audio/Icterus cayanensis_Epaulet Oriole/XC86637.mp3
train,Icterus croconotus_Orange-backed Troupial,../../Datasets/BirdClef/features/Icterus croconotus_Orange-backed Troupial/XC174048.npy,../../Datasets/BirdClef/audio/Icterus croconotus_Orange-backed Troupial/XC174048.mp3
train,Icterus galbula_Baltimore Oriole,../../Datasets/BirdClef/features/Icterus galbula_Baltimore Oriole/XC493544.npy,../../Datasets/BirdClef/audio/Icterus galbula_Baltimore Oriole/XC493544.mp3
train,Icterus parisorum_Scott's Oriole,../../Datasets/BirdClef/features/Icterus parisorum_Scott's Oriole/XC21341.npy,../../Datasets/BirdClef/audio/Icterus parisorum_Scott's Oriole/XC21341.mp3
train,Isleria hauxwelli_Plain-throated Antwren,../../Datasets/BirdClef/features/Isleria hauxwelli_Plain-throated Antwren/XC258412.npy,../../Datasets/BirdClef/audio/Isleria hauxwelli_Plain-throated Antwren/XC258412.mp3
train,Ixobrychus exilis_Least Bittern,../../Datasets/BirdClef/features/Ixobrychus exilis_Least Bittern/XC140512.npy,../../Datasets/BirdClef/audio/Ixobrychus exilis_Least Bittern/XC140512.mp3
train,Jacamerops aureus_Great Jacamar,../../Datasets/BirdClef/features/Jacamerops aureus_Great Jacamar/XC238380.npy,../../Datasets/BirdClef/audio/Jacamerops aureus_Great Jacamar/XC238380.mp3
train,Jacana jacana_Wattled Jacana,../../Datasets/BirdClef/features/Jacana jacana_Wattled Jacana/XC415438.npy,../../Datasets/BirdClef/audio/Jacana jacana_Wattled Jacana/XC415438.mp3
train,Junco hyemalis_Dark-eyed Junco,../../Datasets/BirdClef/features/Junco hyemalis_Dark-eyed Junco/XC353496.npy,../../Datasets/BirdClef/audio/Junco hyemalis_Dark-eyed Junco/XC353496.mp3
train,Lamprospiza melanoleuca_Red-billed Pied Tanager,../../Datasets/BirdClef/features/Lamprospiza melanoleuca_Red-billed Pied Tanager/XC85548.npy,../../Datasets/BirdClef/audio/Lamprospiza melanoleuca_Red-billed Pied Tanager/XC85548.mp3
train,Laniocera hypopyrra_Cinereous Mourner,../../Datasets/BirdClef/features/Laniocera hypopyrra_Cinereous Mourner/XC404911.npy,../../Datasets/BirdClef/audio/Laniocera hypopyrra_Cinereous Mourner/XC404911.mp3
train,Lanius collurio_Red-backed Shrike,../../Datasets/BirdClef/features/Lanius collurio_Red-backed Shrike/XC380291.npy,../../Datasets/BirdClef/audio/Lanius collurio_Red-backed Shrike/XC380291.mp3
train,Lanius ludovicianus_Loggerhead Shrike,../../Datasets/BirdClef/features/Lanius ludovicianus_Loggerhead Shrike/XC307003.npy,../../Datasets/BirdClef/audio/Lanius ludovicianus_Loggerhead Shrike/XC307003.mp3
train,Larus argentatus_Herring Gull,../../Datasets/BirdClef/features/Larus argentatus_Herring Gull/XC330121.npy,../../Datasets/BirdClef/audio/Larus argentatus_Herring Gull/XC330121.mp3
train,Larus cachinnans_Caspian Gull,../../Datasets/BirdClef/features/Larus cachinnans_Caspian Gull/XC105794.npy,../../Datasets/BirdClef/audio/Larus cachinnans_Caspian Gull/XC105794.mp3
train,Larus canus_Mew Gull,../../Datasets/BirdClef/features/Larus canus_Mew Gull/XC495126.npy,../../Datasets/BirdClef/audio/Larus canus_Mew Gull/XC495126.mp3
train,Larus delawarensis_Ring-billed Gull,../../Datasets/BirdClef/features/Larus delawarensis_Ring-billed Gull/XC11860.npy,../../Datasets/BirdClef/audio/Larus delawarensis_Ring-billed Gull/XC11860.mp3
train,Larus fuscus_Lesser Black-backed Gull,../../Datasets/BirdClef/features/Larus fuscus_Lesser Black-backed Gull/XC89885.npy,../../Datasets/BirdClef/audio/Larus fuscus_Lesser Black-backed Gull/XC89885.mp3
train,Larus michahellis_Yellow-legged Gull,../../Datasets/BirdClef/features/Larus michahellis_Yellow-legged Gull/XC56694.npy,../../Datasets/BirdClef/audio/Larus michahellis_Yellow-legged Gull/XC56694.mp3
train,Laterallus exilis_Gray-breasted Crake,../../Datasets/BirdClef/features/Laterallus exilis_Gray-breasted Crake/XC60329.npy,../../Datasets/BirdClef/audio/Laterallus exilis_Gray-breasted Crake/XC60329.mp3
train,Laterallus melanophaius_Rufous-sided Crake,../../Datasets/BirdClef/features/Laterallus melanophaius_Rufous-sided Crake/XC224869.npy,../../Datasets/BirdClef/audio/Laterallus melanophaius_Rufous-sided Crake/XC224869.mp3
train,Lathrotriccus euleri_Euler's Flycatcher,../../Datasets/BirdClef/features/Lathrotriccus euleri_Euler's Flycatcher/XC275080.npy,../../Datasets/BirdClef/audio/Lathrotriccus euleri_Euler's Flycatcher/XC275080.mp3
train,Legatus leucophaius_Piratic Flycatcher,../../Datasets/BirdClef/features/Legatus leucophaius_Piratic Flycatcher/XC224908.npy,../../Datasets/BirdClef/audio/Legatus leucophaius_Piratic Flycatcher/XC224908.mp3
train,Leiothlypis celata_Orange-crowned Warbler,../../Datasets/BirdClef/features/Leiothlypis celata_Orange-crowned Warbler/XC408441.npy,../../Datasets/BirdClef/audio/Leiothlypis celata_Orange-crowned Warbler/XC408441.mp3
train,Lepidothrix coronata_Blue-crowned Manakin,../../Datasets/BirdClef/features/Lepidothrix coronata_Blue-crowned Manakin/XC437251.npy,../../Datasets/BirdClef/audio/Lepidothrix coronata_Blue-crowned Manakin/XC437251.mp3
train,Leptodon cayanensis_Gray-headed Kite,../../Datasets/BirdClef/features/Leptodon cayanensis_Gray-headed Kite/XC60527.npy,../../Datasets/BirdClef/audio/Leptodon cayanensis_Gray-headed Kite/XC60527.mp3
train,Leptopogon amaurocephalus_Sepia-capped Flycatcher,../../Datasets/BirdClef/features/Leptopogon amaurocephalus_Sepia-capped Flycatcher/XC32310.npy,../../Datasets/BirdClef/audio/Leptopogon amaurocephalus_Sepia-capped Flycatcher/XC32310.mp3
train,Leptotila rufaxilla_Gray-fronted Dove,../../Datasets/BirdClef/features/Leptotila rufaxilla_Gray-fronted Dove/XC435532.npy,../../Datasets/BirdClef/audio/Leptotila rufaxilla_Gray-fronted Dove/XC435532.mp3
train,Limnodromus scolopaceus_Long-billed Dowitcher,../../Datasets/BirdClef/features/Limnodromus scolopaceus_Long-billed Dowitcher/XC490408.npy,../../Datasets/BirdClef/audio/Limnodromus scolopaceus_Long-billed Dowitcher/XC490408.mp3
train,Linaria cannabina_Eurasian Linnet,../../Datasets/BirdClef/features/Linaria cannabina_Eurasian Linnet/XC445591.npy,../../Datasets/BirdClef/audio/Linaria cannabina_Eurasian Linnet/XC445591.mp3
train,Liosceles thoracicus_Rusty-belted Tapaculo,../../Datasets/BirdClef/features/Liosceles thoracicus_Rusty-belted Tapaculo/XC90434.npy,../../Datasets/BirdClef/audio/Liosceles thoracicus_Rusty-belted Tapaculo/XC90434.mp3
train,Lipaugus vociferans_Screaming Piha,../../Datasets/BirdClef/features/Lipaugus vociferans_Screaming Piha/XC225289.npy,../../Datasets/BirdClef/audio/Lipaugus vociferans_Screaming Piha/XC225289.mp3
train,Lophophanes cristatus_Crested Tit,../../Datasets/BirdClef/features/Lophophanes cristatus_Crested Tit/XC385851.npy,../../Datasets/BirdClef/audio/Lophophanes cristatus_Crested Tit/XC385851.mp3
train,Lophostrix cristata_Crested Owl,../../Datasets/BirdClef/features/Lophostrix cristata_Crested Owl/XC105706.npy,../../Datasets/BirdClef/audio/Lophostrix cristata_Crested Owl/XC105706.mp3
train,Lullula arborea_Wood Lark,../../Datasets/BirdClef/features/Lullula arborea_Wood Lark/XC318316.npy,../../Datasets/BirdClef/audio/Lullula arborea_Wood Lark/XC318316.mp3
train,Lurocalis semitorquatus_Short-tailed Nighthawk,../../Datasets/BirdClef/features/Lurocalis semitorquatus_Short-tailed Nighthawk/XC325773.npy,../../Datasets/BirdClef/audio/Lurocalis semitorquatus_Short-tailed Nighthawk/XC325773.mp3
train,Luscinia megarhynchos_Common Nightingale,../../Datasets/BirdClef/features/Luscinia megarhynchos_Common Nightingale/XC131864.npy,../../Datasets/BirdClef/audio/Luscinia megarhynchos_Common Nightingale/XC131864.mp3
train,Luscinia svecica_Bluethroat,../../Datasets/BirdClef/features/Luscinia svecica_Bluethroat/XC298301.npy,../../Datasets/BirdClef/audio/Luscinia svecica_Bluethroat/XC298301.mp3
train,Manacus manacus_White-bearded Manakin,../../Datasets/BirdClef/features/Manacus manacus_White-bearded Manakin/XC282176.npy,../../Datasets/BirdClef/audio/Manacus manacus_White-bearded Manakin/XC282176.mp3
train,Mareca americana_American Wigeon,../../Datasets/BirdClef/features/Mareca americana_American Wigeon/XC172890.npy,../../Datasets/BirdClef/audio/Mareca americana_American Wigeon/XC172890.mp3
train,Mareca penelope_Eurasian Wigeon,../../Datasets/BirdClef/features/Mareca penelope_Eurasian Wigeon/XC416938.npy,../../Datasets/BirdClef/audio/Mareca penelope_Eurasian Wigeon/XC416938.mp3
train,Mareca strepera_Gadwall,../../Datasets/BirdClef/features/Mareca strepera_Gadwall/XC323618.npy,../../Datasets/BirdClef/audio/Mareca strepera_Gadwall/XC323618.mp3
train,Megaceryle alcyon_Belted Kingfisher,../../Datasets/BirdClef/features/Megaceryle alcyon_Belted Kingfisher/XC307686.npy,../../Datasets/BirdClef/audio/Megaceryle alcyon_Belted Kingfisher/XC307686.mp3
train,Megaceryle torquata_Ringed Kingfisher,../../Datasets/BirdClef/features/Megaceryle torquata_Ringed Kingfisher/XC453012.npy,../../Datasets/BirdClef/audio/Megaceryle torquata_Ringed Kingfisher/XC453012.mp3
train,Megarynchus pitangua_Boat-billed Flycatcher,../../Datasets/BirdClef/features/Megarynchus pitangua_Boat-billed Flycatcher/XC335635.npy,../../Datasets/BirdClef/audio/Megarynchus pitangua_Boat-billed Flycatcher/XC335635.mp3
train,Megascops choliba_Tropical Screech-Owl,../../Datasets/BirdClef/features/Megascops choliba_Tropical Screech-Owl/XC493624.npy,../../Datasets/BirdClef/audio/Megascops choliba_Tropical Screech-Owl/XC493624.mp3
train,Megascops watsonii_Tawny-bellied Screech-Owl,../../Datasets/BirdClef/features/Megascops watsonii_Tawny-bellied Screech-Owl/XC225488.npy,../../Datasets/BirdClef/audio/Megascops watsonii_Tawny-bellied Screech-Owl/XC225488.mp3
train,Melanerpes carolinus_Red-bellied Woodpecker,../../Datasets/BirdClef/features/Melanerpes carolinus_Red-bellied Woodpecker/XC145839.npy,../../Datasets/BirdClef/audio/Melanerpes carolinus_Red-bellied Woodpecker/XC145839.mp3
train,Melanerpes cruentatus_Yellow-tufted Woodpecker,../../Datasets/BirdClef/features/Melanerpes cruentatus_Yellow-tufted Woodpecker/XC216958.npy,../../Datasets/BirdClef/audio/Melanerpes cruentatus_Yellow-tufted Woodpecker/XC216958.mp3
train,Melospiza georgiana_Swamp Sparrow,../../Datasets/BirdClef/features/Melospiza georgiana_Swamp Sparrow/XC451738.npy,../../Datasets/BirdClef/audio/Melospiza georgiana_Swamp Sparrow/XC451738.mp3
train,Melospiza lincolnii_Lincoln's Sparrow,../../Datasets/BirdClef/features/Melospiza lincolnii_Lincoln's Sparrow/XC79606.npy,../../Datasets/BirdClef/audio/Melospiza lincolnii_Lincoln's Sparrow/XC79606.mp3
train,Melospiza melodia_Song Sparrow,../../Datasets/BirdClef/features/Melospiza melodia_Song Sparrow/XC159078.npy,../../Datasets/BirdClef/audio/Melospiza melodia_Song Sparrow/XC159078.mp3
train,Mergus merganser_Common Merganser,../../Datasets/BirdClef/features/Mergus merganser_Common Merganser/XC368988.npy,../../Datasets/BirdClef/audio/Mergus merganser_Common Merganser/XC368988.mp3
train,Merops apiaster_European Bee-eater,../../Datasets/BirdClef/features/Merops apiaster_European Bee-eater/XC252614.npy,../../Datasets/BirdClef/audio/Merops apiaster_European Bee-eater/XC252614.mp3
train,Mesembrinibis cayennensis_Green Ibis,../../Datasets/BirdClef/features/Mesembrinibis cayennensis_Green Ibis/XC83154.npy,../../Datasets/BirdClef/audio/Mesembrinibis cayennensis_Green Ibis/XC83154.mp3
train,Micrastur gilvicollis_Lined Forest-Falcon,../../Datasets/BirdClef/features/Micrastur gilvicollis_Lined Forest-Falcon/XC23387.npy,../../Datasets/BirdClef/audio/Micrastur gilvicollis_Lined Forest-Falcon/XC23387.mp3
train,Micrastur mirandollei_Slaty-backed Forest-Falcon,../../Datasets/BirdClef/features/Micrastur mirandollei_Slaty-backed Forest-Falcon/XC26885.npy,../../Datasets/BirdClef/audio/Micrastur mirandollei_Slaty-backed Forest-Falcon/XC26885.mp3
train,Micrastur ruficollis_Barred Forest-Falcon,../../Datasets/BirdClef/features/Micrastur ruficollis_Barred Forest-Falcon/XC10063.npy,../../Datasets/BirdClef/audio/Micrastur ruficollis_Barred Forest-Falcon/XC10063.mp3
train,Micrastur semitorquatus_Collared Forest-Falcon,../../Datasets/BirdClef/features/Micrastur semitorquatus_Collared Forest-Falcon/XC119887.npy,../../Datasets/BirdClef/audio/Micrastur semitorquatus_Collared Forest-Falcon/XC119887.mp3
train,Microcerculus marginatus_Scaly-breasted Wren,../../Datasets/BirdClef/features/Microcerculus marginatus_Scaly-breasted Wren/XC148076.npy,../../Datasets/BirdClef/audio/Microcerculus marginatus_Scaly-breasted Wren/XC148076.mp3
train,Microrhopias quixensis_Dot-winged Antwren,../../Datasets/BirdClef/features/Microrhopias quixensis_Dot-winged Antwren/XC437244.npy,../../Datasets/BirdClef/audio/Microrhopias quixensis_Dot-winged Antwren/XC437244.mp3
train,Milvago chimachima_Yellow-headed Caracara,../../Datasets/BirdClef/features/Milvago chimachima_Yellow-headed Caracara/XC211160.npy,../../Datasets/BirdClef/audio/Milvago chimachima_Yellow-headed Caracara/XC211160.mp3
train,Milvus migrans_Black Kite,../../Datasets/BirdClef/features/Milvus migrans_Black Kite/XC292781.npy,../../Datasets/BirdClef/audio/Milvus migrans_Black Kite/XC292781.mp3
train,Milvus milvus_Red Kite,../../Datasets/BirdClef/features/Milvus milvus_Red Kite/XC44627.npy,../../Datasets/BirdClef/audio/Milvus milvus_Red Kite/XC44627.mp3
train,Mimus polyglottos_Northern Mockingbird,../../Datasets/BirdClef/features/Mimus polyglottos_Northern Mockingbird/XC62791.npy,../../Datasets/BirdClef/audio/Mimus polyglottos_Northern Mockingbird/XC62791.mp3
train,Mionectes oleagineus_Ochre-bellied Flycatcher,../../Datasets/BirdClef/features/Mionectes oleagineus_Ochre-bellied Flycatcher/XC248169.npy,../../Datasets/BirdClef/audio/Mionectes oleagineus_Ochre-bellied Flycatcher/XC248169.mp3
train,Molothrus ater_Brown-headed Cowbird,../../Datasets/BirdClef/features/Molothrus ater_Brown-headed Cowbird/XC160734.npy,../../Datasets/BirdClef/audio/Molothrus ater_Brown-headed Cowbird/XC160734.mp3
train,Molothrus bonariensis_Shiny Cowbird,../../Datasets/BirdClef/features/Molothrus bonariensis_Shiny Cowbird/XC461350.npy,../../Datasets/BirdClef/audio/Molothrus bonariensis_Shiny Cowbird/XC461350.mp3
train,Molothrus oryzivorus_Giant Cowbird,../../Datasets/BirdClef/features/Molothrus oryzivorus_Giant Cowbird/XC142007.npy,../../Datasets/BirdClef/audio/Molothrus oryzivorus_Giant Cowbird/XC142007.mp3
train,Momotus momota_Amazonian Motmot,../../Datasets/BirdClef/features/Momotus momota_Amazonian Motmot/XC46539.npy,../../Datasets/BirdClef/audio/Momotus momota_Amazonian Motmot/XC46539.mp3
train,Monasa morphoeus_White-fronted Nunbird,../../Datasets/BirdClef/features/Monasa morphoeus_White-fronted Nunbird/XC401599.npy,../../Datasets/BirdClef/audio/Monasa morphoeus_White-fronted Nunbird/XC401599.mp3
train,Monasa nigrifrons_Black-fronted Nunbird,../../Datasets/BirdClef/features/Monasa nigrifrons_Black-fronted Nunbird/XC2310.npy,../../Datasets/BirdClef/audio/Monasa nigrifrons_Black-fronted Nunbird/XC2310.mp3
train,Motacilla alba_White Wagtail,../../Datasets/BirdClef/features/Motacilla alba_White Wagtail/XC215196.npy,../../Datasets/BirdClef/audio/Motacilla alba_White Wagtail/XC215196.mp3
train,Motacilla cinerea_Gray Wagtail,../../Datasets/BirdClef/features/Motacilla cinerea_Gray Wagtail/XC128136.npy,../../Datasets/BirdClef/audio/Motacilla cinerea_Gray Wagtail/XC128136.mp3
train,Motacilla flava_Western Yellow Wagtail,../../Datasets/BirdClef/features/Motacilla flava_Western Yellow Wagtail/XC386495.npy,../../Datasets/BirdClef/audio/Motacilla flava_Western Yellow Wagtail/XC386495.mp3
train,Muscicapa striata_Spotted Flycatcher,../../Datasets/BirdClef/features/Muscicapa striata_Spotted Flycatcher/XC374798.npy,../../Datasets/BirdClef/audio/Muscicapa striata_Spotted Flycatcher/XC374798.mp3
train,Myiarchus cinerascens_Ash-throated Flycatcher,../../Datasets/BirdClef/features/Myiarchus cinerascens_Ash-throated Flycatcher/XC283475.npy,../../Datasets/BirdClef/audio/Myiarchus cinerascens_Ash-throated Flycatcher/XC283475.mp3
train,Myiarchus crinitus_Great Crested Flycatcher,../../Datasets/BirdClef/features/Myiarchus crinitus_Great Crested Flycatcher/XC173602.npy,../../Datasets/BirdClef/audio/Myiarchus crinitus_Great Crested Flycatcher/XC173602.mp3
train,Myiarchus ferox_Short-crested Flycatcher,../../Datasets/BirdClef/features/Myiarchus ferox_Short-crested Flycatcher/XC206810.npy,../../Datasets/BirdClef/audio/Myiarchus ferox_Short-crested Flycatcher/XC206810.mp3
train,Myiarchus swainsoni_Swainson's Flycatcher,../../Datasets/BirdClef/features/Myiarchus swainsoni_Swainson's Flycatcher/XC203227.npy,../../Datasets/BirdClef/audio/Myiarchus swainsoni_Swainson's Flycatcher/XC203227.mp3
train,Myiarchus tuberculifer_Dusky-capped Flycatcher,../../Datasets/BirdClef/features/Myiarchus tuberculifer_Dusky-capped Flycatcher/XC142290.npy,../../Datasets/BirdClef/audio/Myiarchus tuberculifer_Dusky-capped Flycatcher/XC142290.mp3
train,Myiarchus tyrannulus_Brown-crested Flycatcher,../../Datasets/BirdClef/features/Myiarchus tyrannulus_Brown-crested Flycatcher/XC500057.npy,../../Datasets/BirdClef/audio/Myiarchus tyrannulus_Brown-crested Flycatcher/XC500057.mp3
train,Myiodynastes luteiventris_Sulphur-bellied Flycatcher,../../Datasets/BirdClef/features/Myiodynastes luteiventris_Sulphur-bellied Flycatcher/XC226065.npy,../../Datasets/BirdClef/audio/Myiodynastes luteiventris_Sulphur-bellied Flycatcher/XC226065.mp3
train,Myiodynastes maculatus_Streaked Flycatcher,../../Datasets/BirdClef/features/Myiodynastes maculatus_Streaked Flycatcher/XC169878.npy,../../Datasets/BirdClef/audio/Myiodynastes maculatus_Streaked Flycatcher/XC169878.mp3
train,Myiopagis caniceps_Gray Elaenia,../../Datasets/BirdClef/features/Myiopagis caniceps_Gray Elaenia/XC454282.npy,../../Datasets/BirdClef/audio/Myiopagis caniceps_Gray Elaenia/XC454282.mp3
train,Myiopagis gaimardii_Forest Elaenia,../../Datasets/BirdClef/features/Myiopagis gaimardii_Forest Elaenia/XC358739.npy,../../Datasets/BirdClef/audio/Myiopagis gaimardii_Forest Elaenia/XC358739.mp3
train,Myiopagis viridicata_Greenish Elaenia,../../Datasets/BirdClef/features/Myiopagis viridicata_Greenish Elaenia/XC436162.npy,../../Datasets/BirdClef/audio/Myiopagis viridicata_Greenish Elaenia/XC436162.mp3
train,Myiophobus fasciatus_Bran-colored Flycatcher,../../Datasets/BirdClef/features/Myiophobus fasciatus_Bran-colored Flycatcher/XC81637.npy,../../Datasets/BirdClef/audio/Myiophobus fasciatus_Bran-colored Flycatcher/XC81637.mp3
train,Myiornis ecaudatus_Short-tailed Pygmy-Tyrant,../../Datasets/BirdClef/features/Myiornis ecaudatus_Short-tailed Pygmy-Tyrant/XC257097.npy,../../Datasets/BirdClef/audio/Myiornis ecaudatus_Short-tailed Pygmy-Tyrant/XC257097.mp3
train,Myiothlypis fulvicauda_Buff-rumped Warbler,../../Datasets/BirdClef/features/Myiothlypis fulvicauda_Buff-rumped Warbler/XC76149.npy,../../Datasets/BirdClef/audio/Myiothlypis fulvicauda_Buff-rumped Warbler/XC76149.mp3
train,Myiozetetes cayanensis_Rusty-margined Flycatcher,../../Datasets/BirdClef/features/Myiozetetes cayanensis_Rusty-margined Flycatcher/XC432827.npy,../../Datasets/BirdClef/audio/Myiozetetes cayanensis_Rusty-margined Flycatcher/XC432827.mp3
train,Myiozetetes granadensis_Gray-capped Flycatcher,../../Datasets/BirdClef/features/Myiozetetes granadensis_Gray-capped Flycatcher/XC63683.npy,../../Datasets/BirdClef/audio/Myiozetetes granadensis_Gray-capped Flycatcher/XC63683.mp3
train,Myiozetetes luteiventris_Dusky-chested Flycatcher,../../Datasets/BirdClef/features/Myiozetetes luteiventris_Dusky-chested Flycatcher/XC226248.npy,../../Datasets/BirdClef/audio/Myiozetetes luteiventris_Dusky-chested Flycatcher/XC226248.mp3
train,Myiozetetes similis_Social Flycatcher,../../Datasets/BirdClef/features/Myiozetetes similis_Social Flycatcher/XC242597.npy,../../Datasets/BirdClef/audio/Myiozetetes similis_Social Flycatcher/XC242597.mp3
train,Myrmelastes hyperythrus_Plumbeous Antbird,../../Datasets/BirdClef/features/Myrmelastes hyperythrus_Plumbeous Antbird/XC206936.npy,../../Datasets/BirdClef/audio/Myrmelastes hyperythrus_Plumbeous Antbird/XC206936.mp3
train,Myrmoborus leucophrys_White-browed Antbird,../../Datasets/BirdClef/features/Myrmoborus leucophrys_White-browed Antbird/XC260802.npy,../../Datasets/BirdClef/audio/Myrmoborus leucophrys_White-browed Antbird/XC260802.mp3
train,Myrmoborus lophotes_White-lined Antbird,../../Datasets/BirdClef/features/Myrmoborus lophotes_White-lined Antbird/XC436417.npy,../../Datasets/BirdClef/audio/Myrmoborus lophotes_White-lined Antbird/XC436417.mp3
train,Myrmoborus myotherinus_Black-faced Antbird,../../Datasets/BirdClef/features/Myrmoborus myotherinus_Black-faced Antbird/XC77000.npy,../../Datasets/BirdClef/audio/Myrmoborus myotherinus_Black-faced Antbird/XC77000.mp3
train,Myrmophylax atrothorax_Black-throated Antbird,../../Datasets/BirdClef/features/Myrmophylax atrothorax_Black-throated Antbird/XC436411.npy,../../Datasets/BirdClef/audio/Myrmophylax atrothorax_Black-throated Antbird/XC436411.mp3
train,Myrmothera campanisona_Thrush-like Antpitta,../../Datasets/BirdClef/features/Myrmothera campanisona_Thrush-like Antpitta/XC258620.npy,../../Datasets/BirdClef/audio/Myrmothera campanisona_Thrush-like Antpitta/XC258620.mp3
train,Myrmotherula axillaris_White-flanked Antwren,../../Datasets/BirdClef/features/Myrmotherula axillaris_White-flanked Antwren/XC226466.npy,../../Datasets/BirdClef/audio/Myrmotherula axillaris_White-flanked Antwren/XC226466.mp3
train,Myrmotherula brachyura_Pygmy Antwren,../../Datasets/BirdClef/features/Myrmotherula brachyura_Pygmy Antwren/XC251232.npy,../../Datasets/BirdClef/audio/Myrmotherula brachyura_Pygmy Antwren/XC251232.mp3
train,Myrmotherula longipennis_Long-winged Antwren,../../Datasets/BirdClef/features/Myrmotherula longipennis_Long-winged Antwren/XC9436.npy,../../Datasets/BirdClef/audio/Myrmotherula longipennis_Long-winged Antwren/XC9436.mp3
train,Myrmotherula menetriesii_Gray Antwren,../../Datasets/BirdClef/features/Myrmotherula menetriesii_Gray Antwren/XC388353.npy,../../Datasets/BirdClef/audio/Myrmotherula menetriesii_Gray Antwren/XC388353.mp3
train,Myrmotherula multostriata_Amazonian Streaked-Antwren,../../Datasets/BirdClef/features/Myrmotherula multostriata_Amazonian Streaked-Antwren/XC344991.npy,../../Datasets/BirdClef/audio/Myrmotherula multostriata_Amazonian Streaked-Antwren/XC344991.mp3
train,Myrmotherula sclateri_Sclater's Antwren,../../Datasets/BirdClef/features/Myrmotherula sclateri_Sclater's Antwren/XC236978.npy,../../Datasets/BirdClef/audio/Myrmotherula sclateri_Sclater's Antwren/XC236978.mp3
train,Nasica longirostris_Long-billed Woodcreeper,../../Datasets/BirdClef/features/Nasica longirostris_Long-billed Woodcreeper/XC76038.npy,../../Datasets/BirdClef/audio/Nasica longirostris_Long-billed Woodcreeper/XC76038.mp3
train,Notharchus hyperrhynchus_White-necked Puffbird,../../Datasets/BirdClef/features/Notharchus hyperrhynchus_White-necked Puffbird/XC226699.npy,../../Datasets/BirdClef/audio/Notharchus hyperrhynchus_White-necked Puffbird/XC226699.mp3
train,Nucifraga columbiana_Clark's Nutcracker,../../Datasets/BirdClef/features/Nucifraga columbiana_Clark's Nutcracker/XC18405.npy,../../Datasets/BirdClef/audio/Nucifraga columbiana_Clark's Nutcracker/XC18405.mp3
train,Numenius americanus_Long-billed Curlew,../../Datasets/BirdClef/features/Numenius americanus_Long-billed Curlew/XC339887.npy,../../Datasets/BirdClef/audio/Numenius americanus_Long-billed Curlew/XC339887.mp3
train,Numenius arquata_Eurasian Curlew,../../Datasets/BirdClef/features/Numenius arquata_Eurasian Curlew/XC109742.npy,../../Datasets/BirdClef/audio/Numenius arquata_Eurasian Curlew/XC109742.mp3
train,Nyctibius grandis_Great Potoo,../../Datasets/BirdClef/features/Nyctibius grandis_Great Potoo/XC251263.npy,../../Datasets/BirdClef/audio/Nyctibius grandis_Great Potoo/XC251263.mp3
train,Nyctibius griseus_Common Potoo,../../Datasets/BirdClef/features/Nyctibius griseus_Common Potoo/XC215197.npy,../../Datasets/BirdClef/audio/Nyctibius griseus_Common Potoo/XC215197.mp3
train,Nycticorax nycticorax_Black-crowned Night-Heron,../../Datasets/BirdClef/features/Nycticorax nycticorax_Black-crowned Night-Heron/XC237483.npy,../../Datasets/BirdClef/audio/Nycticorax nycticorax_Black-crowned Night-Heron/XC237483.mp3
train,Nyctidromus albicollis_Common Pauraque,../../Datasets/BirdClef/features/Nyctidromus albicollis_Common Pauraque/XC388916.npy,../../Datasets/BirdClef/audio/Nyctidromus albicollis_Common Pauraque/XC388916.mp3
train,Nyctiphrynus ocellatus_Ocellated Poorwill,../../Datasets/BirdClef/features/Nyctiphrynus ocellatus_Ocellated Poorwill/XC10798.npy,../../Datasets/BirdClef/audio/Nyctiphrynus ocellatus_Ocellated Poorwill/XC10798.mp3
train,Oenanthe oenanthe_Northern Wheatear,../../Datasets/BirdClef/features/Oenanthe oenanthe_Northern Wheatear/XC154268.npy,../../Datasets/BirdClef/audio/Oenanthe oenanthe_Northern Wheatear/XC154268.mp3
train,Opisthocomus hoazin_Hoatzin,../../Datasets/BirdClef/features/Opisthocomus hoazin_Hoatzin/XC243573.npy,../../Datasets/BirdClef/audio/Opisthocomus hoazin_Hoatzin/XC243573.mp3
train,Oriolus oriolus_Eurasian Golden Oriole,../../Datasets/BirdClef/features/Oriolus oriolus_Eurasian Golden Oriole/XC302916.npy,../../Datasets/BirdClef/audio/Oriolus oriolus_Eurasian Golden Oriole/XC302916.mp3
train,Ornithion inerme_White-lored Tyrannulet,../../Datasets/BirdClef/features/Ornithion inerme_White-lored Tyrannulet/XC1862.npy,../../Datasets/BirdClef/audio/Ornithion inerme_White-lored Tyrannulet/XC1862.mp3
train,Ortalis guttata_Speckled Chachalaca,../../Datasets/BirdClef/features/Ortalis guttata_Speckled Chachalaca/XC81972.npy,../../Datasets/BirdClef/audio/Ortalis guttata_Speckled Chachalaca/XC81972.mp3
train,Orthopsittaca manilatus_Red-bellied Macaw,../../Datasets/BirdClef/features/Orthopsittaca manilatus_Red-bellied Macaw/XC218919.npy,../../Datasets/BirdClef/audio/Orthopsittaca manilatus_Red-bellied Macaw/XC218919.mp3
train,Pachyramphus castaneus_Chestnut-crowned Becard,../../Datasets/BirdClef/features/Pachyramphus castaneus_Chestnut-crowned Becard/XC227136.npy,../../Datasets/BirdClef/audio/Pachyramphus castaneus_Chestnut-crowned Becard/XC227136.mp3
train,Pachyramphus marginatus_Black-capped Becard,../../Datasets/BirdClef/features/Pachyramphus marginatus_Black-capped Becard/XC449434.npy,../../Datasets/BirdClef/audio/Pachyramphus marginatus_Black-capped Becard/XC449434.mp3
train,Pachyramphus polychopterus_White-winged Becard,../../Datasets/BirdClef/features/Pachyramphus polychopterus_White-winged Becard/XC8145.npy,../../Datasets/BirdClef/audio/Pachyramphus polychopterus_White-winged Becard/XC8145.mp3
train,Pachysylvia hypoxantha_Dusky-capped Greenlet,../../Datasets/BirdClef/features/Pachysylvia hypoxantha_Dusky-capped Greenlet/XC329196.npy,../../Datasets/BirdClef/audio/Pachysylvia hypoxantha_Dusky-capped Greenlet/XC329196.mp3
train,Pandion haliaetus_Osprey,../../Datasets/BirdClef/features/Pandion haliaetus_Osprey/XC384803.npy,../../Datasets/BirdClef/audio/Pandion haliaetus_Osprey/XC384803.mp3
train,Parkesia noveboracensis_Northern Waterthrush,../../Datasets/BirdClef/features/Parkesia noveboracensis_Northern Waterthrush/XC178131.npy,../../Datasets/BirdClef/audio/Parkesia noveboracensis_Northern Waterthrush/XC178131.mp3
train,Parus major_Great Tit,../../Datasets/BirdClef/features/Parus major_Great Tit/XC337794.npy,../../Datasets/BirdClef/audio/Parus major_Great Tit/XC337794.mp3
train,Passer domesticus_House Sparrow,../../Datasets/BirdClef/features/Passer domesticus_House Sparrow/XC173498.npy,../../Datasets/BirdClef/audio/Passer domesticus_House Sparrow/XC173498.mp3
train,Passer montanus_Eurasian Tree Sparrow,../../Datasets/BirdClef/features/Passer montanus_Eurasian Tree Sparrow/XC281741.npy,../../Datasets/BirdClef/audio/Passer montanus_Eurasian Tree Sparrow/XC281741.mp3
train,Passerculus sandwichensis_Savannah Sparrow,../../Datasets/BirdClef/features/Passerculus sandwichensis_Savannah Sparrow/XC408566.npy,../../Datasets/BirdClef/audio/Passerculus sandwichensis_Savannah Sparrow/XC408566.mp3
train,Passerella iliaca_Fox Sparrow,../../Datasets/BirdClef/features/Passerella iliaca_Fox Sparrow/XC416329.npy,../../Datasets/BirdClef/audio/Passerella iliaca_Fox Sparrow/XC416329.mp3
train,Passerina amoena_Lazuli Bunting,../../Datasets/BirdClef/features/Passerina amoena_Lazuli Bunting/XC124493.npy,../../Datasets/BirdClef/audio/Passerina amoena_Lazuli Bunting/XC124493.mp3
train,Passerina caerulea_Blue Grosbeak,../../Datasets/BirdClef/features/Passerina caerulea_Blue Grosbeak/XC52312.npy,../../Datasets/BirdClef/audio/Passerina caerulea_Blue Grosbeak/XC52312.mp3
train,Passerina cyanea_Indigo Bunting,../../Datasets/BirdClef/features/Passerina cyanea_Indigo Bunting/XC100579.npy,../../Datasets/BirdClef/audio/Passerina cyanea_Indigo Bunting/XC100579.mp3
train,Patagioenas cayennensis_Pale-vented Pigeon,../../Datasets/BirdClef/features/Patagioenas cayennensis_Pale-vented Pigeon/XC377640.npy,../../Datasets/BirdClef/audio/Patagioenas cayennensis_Pale-vented Pigeon/XC377640.mp3
train,Patagioenas plumbea_Plumbeous Pigeon,../../Datasets/BirdClef/features/Patagioenas plumbea_Plumbeous Pigeon/XC328886.npy,../../Datasets/BirdClef/audio/Patagioenas plumbea_Plumbeous Pigeon/XC328886.mp3
train,Patagioenas speciosa_Scaled Pigeon,../../Datasets/BirdClef/features/Patagioenas speciosa_Scaled Pigeon/XC261579.npy,../../Datasets/BirdClef/audio/Patagioenas speciosa_Scaled Pigeon/XC261579.mp3
train,Patagioenas subvinacea_Ruddy Pigeon,../../Datasets/BirdClef/features/Patagioenas subvinacea_Ruddy Pigeon/XC64572.npy,../../Datasets/BirdClef/audio/Patagioenas subvinacea_Ruddy Pigeon/XC64572.mp3
train,Penelope jacquacu_Spix's Guan,../../Datasets/BirdClef/features/Penelope jacquacu_Spix's Guan/XC257418.npy,../../Datasets/BirdClef/audio/Penelope jacquacu_Spix's Guan/XC257418.mp3
train,Periparus ater_Coal Tit,../../Datasets/BirdClef/features/Periparus ater_Coal Tit/XC281662.npy,../../Datasets/BirdClef/audio/Periparus ater_Coal Tit/XC281662.mp3
train,Pernis apivorus_European Honey-buzzard,../../Datasets/BirdClef/features/Pernis apivorus_European Honey-buzzard/XC233771.npy,../../Datasets/BirdClef/audio/Pernis apivorus_European Honey-buzzard/XC233771.mp3
train,Petrochelidon pyrrhonota_Cliff Swallow,../../Datasets/BirdClef/features/Petrochelidon pyrrhonota_Cliff Swallow/XC31344.npy,../../Datasets/BirdClef/audio/Petrochelidon pyrrhonota_Cliff Swallow/XC31344.mp3
train,Phaeomyias murina_Mouse-colored Tyrannulet,../../Datasets/BirdClef/features/Phaeomyias murina_Mouse-colored Tyrannulet/XC106590.npy,../../Datasets/BirdClef/audio/Phaeomyias murina_Mouse-colored Tyrannulet/XC106590.mp3
train,Phaethornis ruber_Reddish Hermit,../../Datasets/BirdClef/features/Phaethornis ruber_Reddish Hermit/XC74025.npy,../../Datasets/BirdClef/audio/Phaethornis ruber_Reddish Hermit/XC74025.mp3
train,Phaetusa simplex_Large-billed Tern,../../Datasets/BirdClef/features/Phaetusa simplex_Large-billed Tern/XC48641.npy,../../Datasets/BirdClef/audio/Phaetusa simplex_Large-billed Tern/XC48641.mp3
train,Phainopepla nitens_Phainopepla,../../Datasets/BirdClef/features/Phainopepla nitens_Phainopepla/XC161376.npy,../../Datasets/BirdClef/audio/Phainopepla nitens_Phainopepla/XC161376.mp3
train,Phalacrocorax brasilianus_Neotropic Cormorant,../../Datasets/BirdClef/features/Phalacrocorax brasilianus_Neotropic Cormorant/XC77703.npy,../../Datasets/BirdClef/audio/Phalacrocorax brasilianus_Neotropic Cormorant/XC77703.mp3
train,Phalacrocorax carbo_Great Cormorant,../../Datasets/BirdClef/features/Phalacrocorax carbo_Great Cormorant/XC412266.npy,../../Datasets/BirdClef/audio/Phalacrocorax carbo_Great Cormorant/XC412266.mp3
train,Phalaropus lobatus_Red-necked Phalarope,../../Datasets/BirdClef/features/Phalaropus lobatus_Red-necked Phalarope/XC479294.npy,../../Datasets/BirdClef/audio/Phalaropus lobatus_Red-necked Phalarope/XC479294.mp3
train,Phasianus colchicus_Ring-necked Pheasant,../../Datasets/BirdClef/features/Phasianus colchicus_Ring-necked Pheasant/XC197441.npy,../../Datasets/BirdClef/audio/Phasianus colchicus_Ring-necked Pheasant/XC197441.mp3
train,Pheucticus ludovicianus_Rose-breasted Grosbeak,../../Datasets/BirdClef/features/Pheucticus ludovicianus_Rose-breasted Grosbeak/XC134880.npy,../../Datasets/BirdClef/audio/Pheucticus ludovicianus_Rose-breasted Grosbeak/XC134880.mp3
train,Pheucticus melanocephalus_Black-headed Grosbeak,../../Datasets/BirdClef/features/Pheucticus melanocephalus_Black-headed Grosbeak/XC369969.npy,../../Datasets/BirdClef/audio/Pheucticus melanocephalus_Black-headed Grosbeak/XC369969.mp3
train,Pheugopedius genibarbis_Moustached Wren,../../Datasets/BirdClef/features/Pheugopedius genibarbis_Moustached Wren/XC388179.npy,../../Datasets/BirdClef/audio/Pheugopedius genibarbis_Moustached Wren/XC388179.mp3
train,Philydor erythrocercum_Rufous-rumped Foliage-gleaner,../../Datasets/BirdClef/features/Philydor erythrocercum_Rufous-rumped Foliage-gleaner/XC249963.npy,../../Datasets/BirdClef/audio/Philydor erythrocercum_Rufous-rumped Foliage-gleaner/XC249963.mp3
train,Philydor pyrrhodes_Cinnamon-rumped Foliage-gleaner,../../Datasets/BirdClef/features/Philydor pyrrhodes_Cinnamon-rumped Foliage-gleaner/XC439981.npy,../../Datasets/BirdClef/audio/Philydor pyrrhodes_Cinnamon-rumped Foliage-gleaner/XC439981.mp3
train,Philydor rufum_Buff-fronted Foliage-gleaner,../../Datasets/BirdClef/features/Philydor rufum_Buff-fronted Foliage-gleaner/XC277187.npy,../../Datasets/BirdClef/audio/Philydor rufum_Buff-fronted Foliage-gleaner/XC277187.mp3
train,Phlegopsis nigromaculata_Black-spotted Bare-eye,../../Datasets/BirdClef/features/Phlegopsis nigromaculata_Black-spotted Bare-eye/XC208599.npy,../../Datasets/BirdClef/audio/Phlegopsis nigromaculata_Black-spotted Bare-eye/XC208599.mp3
train,Phoenicurus ochruros_Black Redstart,../../Datasets/BirdClef/features/Phoenicurus ochruros_Black Redstart/XC143380.npy,../../Datasets/BirdClef/audio/Phoenicurus ochruros_Black Redstart/XC143380.mp3
train,Phoenicurus phoenicurus_Common Redstart,../../Datasets/BirdClef/features/Phoenicurus phoenicurus_Common Redstart/XC27566.npy,../../Datasets/BirdClef/audio/Phoenicurus phoenicurus_Common Redstart/XC27566.mp3
train,Phylloscopus collybita_Common Chiffchaff,../../Datasets/BirdClef/features/Phylloscopus collybita_Common Chiffchaff/XC176229.npy,../../Datasets/BirdClef/audio/Phylloscopus collybita_Common Chiffchaff/XC176229.mp3
train,Phylloscopus trochilus_Willow Warbler,../../Datasets/BirdClef/features/Phylloscopus trochilus_Willow Warbler/XC188228.npy,../../Datasets/BirdClef/audio/Phylloscopus trochilus_Willow Warbler/XC188228.mp3
train,Piaya cayana_Squirrel Cuckoo,../../Datasets/BirdClef/features/Piaya cayana_Squirrel Cuckoo/XC158406.npy,../../Datasets/BirdClef/audio/Piaya cayana_Squirrel Cuckoo/XC158406.mp3
train,Pica hudsonia_Black-billed Magpie,../../Datasets/BirdClef/features/Pica hudsonia_Black-billed Magpie/XC387538.npy,../../Datasets/BirdClef/audio/Pica hudsonia_Black-billed Magpie/XC387538.mp3
train,Pica pica_Eurasian Magpie,../../Datasets/BirdClef/features/Pica pica_Eurasian Magpie/XC373849.npy,../../Datasets/BirdClef/audio/Pica pica_Eurasian Magpie/XC373849.mp3
train,Picus viridis_Eurasian Green Woodpecker,../../Datasets/BirdClef/features/Picus viridis_Eurasian Green Woodpecker/XC361986.npy,../../Datasets/BirdClef/audio/Picus viridis_Eurasian Green Woodpecker/XC361986.mp3
train,Pionites leucogaster_White-bellied Parrot,../../Datasets/BirdClef/features/Pionites leucogaster_White-bellied Parrot/XC144855.npy,../../Datasets/BirdClef/audio/Pionites leucogaster_White-bellied Parrot/XC144855.mp3
train,Pionus menstruus_Blue-headed Parrot,../../Datasets/BirdClef/features/Pionus menstruus_Blue-headed Parrot/XC273540.npy,../../Datasets/BirdClef/audio/Pionus menstruus_Blue-headed Parrot/XC273540.mp3
train,Pipilo chlorurus_Green-tailed Towhee,../../Datasets/BirdClef/features/Pipilo chlorurus_Green-tailed Towhee/XC126441.npy,../../Datasets/BirdClef/audio/Pipilo chlorurus_Green-tailed Towhee/XC126441.mp3
train,Pipilo erythrophthalmus_Eastern Towhee,../../Datasets/BirdClef/features/Pipilo erythrophthalmus_Eastern Towhee/XC430295.npy,../../Datasets/BirdClef/audio/Pipilo erythrophthalmus_Eastern Towhee/XC430295.mp3
train,Pipilo maculatus_Spotted Towhee,../../Datasets/BirdClef/features/Pipilo maculatus_Spotted Towhee/XC274873.npy,../../Datasets/BirdClef/audio/Pipilo maculatus_Spotted Towhee/XC274873.mp3
train,Pipra fasciicauda_Band-tailed Manakin,../../Datasets/BirdClef/features/Pipra fasciicauda_Band-tailed Manakin/XC49486.npy,../../Datasets/BirdClef/audio/Pipra fasciicauda_Band-tailed Manakin/XC49486.mp3
train,Piprites chloris_Wing-barred Piprites,../../Datasets/BirdClef/features/Piprites chloris_Wing-barred Piprites/XC55404.npy,../../Datasets/BirdClef/audio/Piprites chloris_Wing-barred Piprites/XC55404.mp3
train,Piranga ludoviciana_Western Tanager,../../Datasets/BirdClef/features/Piranga ludoviciana_Western Tanager/XC163535.npy,../../Datasets/BirdClef/audio/Piranga ludoviciana_Western Tanager/XC163535.mp3
train,Piranga olivacea_Scarlet Tanager,../../Datasets/BirdClef/features/Piranga olivacea_Scarlet Tanager/XC91681.npy,../../Datasets/BirdClef/audio/Piranga olivacea_Scarlet Tanager/XC91681.mp3
train,Piranga rubra_Summer Tanager,../../Datasets/BirdClef/features/Piranga rubra_Summer Tanager/XC1249.npy,../../Datasets/BirdClef/audio/Piranga rubra_Summer Tanager/XC1249.mp3
train,Pitangus lictor_Lesser Kiskadee,../../Datasets/BirdClef/features/Pitangus lictor_Lesser Kiskadee/XC56168.npy,../../Datasets/BirdClef/audio/Pitangus lictor_Lesser Kiskadee/XC56168.mp3
train,Pitangus sulphuratus_Great Kiskadee,../../Datasets/BirdClef/features/Pitangus sulphuratus_Great Kiskadee/XC127206.npy,../../Datasets/BirdClef/audio/Pitangus sulphuratus_Great Kiskadee/XC127206.mp3
train,Platyrinchus coronatus_Golden-crowned Spadebill,../../Datasets/BirdClef/features/Platyrinchus coronatus_Golden-crowned Spadebill/XC303421.npy,../../Datasets/BirdClef/audio/Platyrinchus coronatus_Golden-crowned Spadebill/XC303421.mp3
train,Platyrinchus platyrhynchos_White-crested Spadebill,../../Datasets/BirdClef/features/Platyrinchus platyrhynchos_White-crested Spadebill/XC12603.npy,../../Datasets/BirdClef/audio/Platyrinchus platyrhynchos_White-crested Spadebill/XC12603.mp3
train,Plegadis chihi_White-faced Ibis,../../Datasets/BirdClef/features/Plegadis chihi_White-faced Ibis/XC147508.npy,../../Datasets/BirdClef/audio/Plegadis chihi_White-faced Ibis/XC147508.mp3
train,Plegadis falcinellus_Glossy Ibis,../../Datasets/BirdClef/features/Plegadis falcinellus_Glossy Ibis/XC464853.npy,../../Datasets/BirdClef/audio/Plegadis falcinellus_Glossy Ibis/XC464853.mp3
train,Pluvialis dominica_American Golden-Plover,../../Datasets/BirdClef/features/Pluvialis dominica_American Golden-Plover/XC108211.npy,../../Datasets/BirdClef/audio/Pluvialis dominica_American Golden-Plover/XC108211.mp3
train,Podiceps auritus_Horned Grebe,../../Datasets/BirdClef/features/Podiceps auritus_Horned Grebe/XC488018.npy,../../Datasets/BirdClef/audio/Podiceps auritus_Horned Grebe/XC488018.mp3
train,Podiceps cristatus_Great Crested Grebe,../../Datasets/BirdClef/features/Podiceps cristatus_Great Crested Grebe/XC356921.npy,../../Datasets/BirdClef/audio/Podiceps cristatus_Great Crested Grebe/XC356921.mp3
train,Podiceps grisegena_Red-necked Grebe,../../Datasets/BirdClef/features/Podiceps grisegena_Red-necked Grebe/XC74882.npy,../../Datasets/BirdClef/audio/Podiceps grisegena_Red-necked Grebe/XC74882.mp3
train,Podiceps nigricollis_Eared Grebe,../../Datasets/BirdClef/features/Podiceps nigricollis_Eared Grebe/XC134227.npy,../../Datasets/BirdClef/audio/Podiceps nigricollis_Eared Grebe/XC134227.mp3
train,Podilymbus podiceps_Pied-billed Grebe,../../Datasets/BirdClef/features/Podilymbus podiceps_Pied-billed Grebe/XC54438.npy,../../Datasets/BirdClef/audio/Podilymbus podiceps_Pied-billed Grebe/XC54438.mp3
train,Poecile atricapillus_Black-capped Chickadee,../../Datasets/BirdClef/features/Poecile atricapillus_Black-capped Chickadee/XC156532.npy,../../Datasets/BirdClef/audio/Poecile atricapillus_Black-capped Chickadee/XC156532.mp3
train,Poecile gambeli_Mountain Chickadee,../../Datasets/BirdClef/features/Poecile gambeli_Mountain Chickadee/XC253302.npy,../../Datasets/BirdClef/audio/Poecile gambeli_Mountain Chickadee/XC253302.mp3
train,Poecile palustris_Marsh Tit,../../Datasets/BirdClef/features/Poecile palustris_Marsh Tit/XC324772.npy,../../Datasets/BirdClef/audio/Poecile palustris_Marsh Tit/XC324772.mp3
train,Poecilotriccus latirostris_Rusty-fronted Tody-Flycatcher,../../Datasets/BirdClef/features/Poecilotriccus latirostris_Rusty-fronted Tody-Flycatcher/XC128578.npy,../../Datasets/BirdClef/audio/Poecilotriccus latirostris_Rusty-fronted Tody-Flycatcher/XC128578.mp3
train,Polioptila caerulea_Blue-gray Gnatcatcher,../../Datasets/BirdClef/features/Polioptila caerulea_Blue-gray Gnatcatcher/XC416745.npy,../../Datasets/BirdClef/audio/Polioptila caerulea_Blue-gray Gnatcatcher/XC416745.mp3
train,Pooecetes gramineus_Vesper Sparrow,../../Datasets/BirdClef/features/Pooecetes gramineus_Vesper Sparrow/XC12586.npy,../../Datasets/BirdClef/audio/Pooecetes gramineus_Vesper Sparrow/XC12586.mp3
train,Porphyrio martinica_Purple Gallinule,../../Datasets/BirdClef/features/Porphyrio martinica_Purple Gallinule/XC173570.npy,../../Datasets/BirdClef/audio/Porphyrio martinica_Purple Gallinule/XC173570.mp3
train,Porzana carolina_Sora,../../Datasets/BirdClef/features/Porzana carolina_Sora/XC413573.npy,../../Datasets/BirdClef/audio/Porzana carolina_Sora/XC413573.mp3
train,Progne chalybea_Gray-breasted Martin,../../Datasets/BirdClef/features/Progne chalybea_Gray-breasted Martin/XC100097.npy,../../Datasets/BirdClef/audio/Progne chalybea_Gray-breasted Martin/XC100097.mp3
train,Progne tapera_Brown-chested Martin,../../Datasets/BirdClef/features/Progne tapera_Brown-chested Martin/XC331364.npy,../../Datasets/BirdClef/audio/Progne tapera_Brown-chested Martin/XC331364.mp3
train,Prunella modularis_Dunnock,../../Datasets/BirdClef/features/Prunella modularis_Dunnock/XC345914.npy,../../Datasets/BirdClef/audio/Prunella modularis_Dunnock/XC345914.mp3
train,Psaltriparus minimus_Bushtit,../../Datasets/BirdClef/features/Psaltriparus minimus_Bushtit/XC307863.npy,../../Datasets/BirdClef/audio/Psaltriparus minimus_Bushtit/XC307863.mp3
train,Psarocolius angustifrons_Russet-backed Oropendola,../../Datasets/BirdClef/features/Psarocolius angustifrons_Russet-backed Oropendola/XC122305.npy,../../Datasets/BirdClef/audio/Psarocolius angustifrons_Russet-backed Oropendola/XC122305.mp3
train,Psarocolius bifasciatus_Olive Oropendola,../../Datasets/BirdClef/features/Psarocolius bifasciatus_Olive Oropendola/XC146525.npy,../../Datasets/BirdClef/audio/Psarocolius bifasciatus_Olive Oropendola/XC146525.mp3
train,Psarocolius decumanus_Crested Oropendola,../../Datasets/BirdClef/features/Psarocolius decumanus_Crested Oropendola/XC267908.npy,../../Datasets/BirdClef/audio/Psarocolius decumanus_Crested Oropendola/XC267908.mp3
train,Psittacara leucophthalmus_White-eyed Parakeet,../../Datasets/BirdClef/features/Psittacara leucophthalmus_White-eyed Parakeet/XC396177.npy,../../Datasets/BirdClef/audio/Psittacara leucophthalmus_White-eyed Parakeet/XC396177.mp3
train,Psittacula krameri_Rose-ringed Parakeet,../../Datasets/BirdClef/features/Psittacula krameri_Rose-ringed Parakeet/XC157418.npy,../../Datasets/BirdClef/audio/Psittacula krameri_Rose-ringed Parakeet/XC157418.mp3
train,Pteroglossus castanotis_Chestnut-eared Aracari,../../Datasets/BirdClef/features/Pteroglossus castanotis_Chestnut-eared Aracari/XC228719.npy,../../Datasets/BirdClef/audio/Pteroglossus castanotis_Chestnut-eared Aracari/XC228719.mp3
train,Pulsatrix perspicillata_Spectacled Owl,../../Datasets/BirdClef/features/Pulsatrix perspicillata_Spectacled Owl/XC107177.npy,../../Datasets/BirdClef/audio/Pulsatrix perspicillata_Spectacled Owl/XC107177.mp3
train,Pygiptila stellaris_Spot-winged Antshrike,../../Datasets/BirdClef/features/Pygiptila stellaris_Spot-winged Antshrike/XC228763.npy,../../Datasets/BirdClef/audio/Pygiptila stellaris_Spot-winged Antshrike/XC228763.mp3
train,Pygochelidon cyanoleuca_Blue-and-white Swallow,../../Datasets/BirdClef/features/Pygochelidon cyanoleuca_Blue-and-white Swallow/XC180553.npy,../../Datasets/BirdClef/audio/Pygochelidon cyanoleuca_Blue-and-white Swallow/XC180553.mp3
train,Pyrrhula pyrrhula_Eurasian Bullfinch,../../Datasets/BirdClef/features/Pyrrhula pyrrhula_Eurasian Bullfinch/XC109539.npy,../../Datasets/BirdClef/audio/Pyrrhula pyrrhula_Eurasian Bullfinch/XC109539.mp3
train,Querula purpurata_Purple-throated Fruitcrow,../../Datasets/BirdClef/features/Querula purpurata_Purple-throated Fruitcrow/XC358843.npy,../../Datasets/BirdClef/audio/Querula purpurata_Purple-throated Fruitcrow/XC358843.mp3
train,Quiscalus mexicanus_Great-tailed Grackle,../../Datasets/BirdClef/features/Quiscalus mexicanus_Great-tailed Grackle/XC260137.npy,../../Datasets/BirdClef/audio/Quiscalus mexicanus_Great-tailed Grackle/XC260137.mp3
train,Quiscalus quiscula_Common Grackle,../../Datasets/BirdClef/features/Quiscalus quiscula_Common Grackle/XC18481.npy,../../Datasets/BirdClef/audio/Quiscalus quiscula_Common Grackle/XC18481.mp3
train,Rallus aquaticus_Water Rail,../../Datasets/BirdClef/features/Rallus aquaticus_Water Rail/XC303648.npy,../../Datasets/BirdClef/audio/Rallus aquaticus_Water Rail/XC303648.mp3
train,Ramphastos tucanus_White-throated Toucan,../../Datasets/BirdClef/features/Ramphastos tucanus_White-throated Toucan/XC388824.npy,../../Datasets/BirdClef/audio/Ramphastos tucanus_White-throated Toucan/XC388824.mp3
train,Ramphastos vitellinus_Channel-billed Toucan,../../Datasets/BirdClef/features/Ramphastos vitellinus_Channel-billed Toucan/XC117432.npy,../../Datasets/BirdClef/audio/Ramphastos vitellinus_Channel-billed Toucan/XC117432.mp3
train,Ramphocelus carbo_Silver-beaked Tanager,../../Datasets/BirdClef/features/Ramphocelus carbo_Silver-beaked Tanager/XC244909.npy,../../Datasets/BirdClef/audio/Ramphocelus carbo_Silver-beaked Tanager/XC244909.mp3
train,Ramphotrigon fuscicauda_Dusky-tailed Flatbill,../../Datasets/BirdClef/features/Ramphotrigon fuscicauda_Dusky-tailed Flatbill/XC39126.npy,../../Datasets/BirdClef/audio/Ramphotrigon fuscicauda_Dusky-tailed Flatbill/XC39126.mp3
train,Ramphotrigon megacephalum_Large-headed Flatbill,../../Datasets/BirdClef/features/Ramphotrigon megacephalum_Large-headed Flatbill/XC37962.npy,../../Datasets/BirdClef/audio/Ramphotrigon megacephalum_Large-headed Flatbill/XC37962.mp3
train,Ramphotrigon ruficauda_Rufous-tailed Flatbill,../../Datasets/BirdClef/features/Ramphotrigon ruficauda_Rufous-tailed Flatbill/XC76058.npy,../../Datasets/BirdClef/audio/Ramphotrigon ruficauda_Rufous-tailed Flatbill/XC76058.mp3
train,Recurvirostra americana_American Avocet,../../Datasets/BirdClef/features/Recurvirostra americana_American Avocet/XC160643.npy,../../Datasets/BirdClef/audio/Recurvirostra americana_American Avocet/XC160643.mp3
train,Regulus calendula_Ruby-crowned Kinglet,../../Datasets/BirdClef/features/Regulus calendula_Ruby-crowned Kinglet/XC185177.npy,../../Datasets/BirdClef/audio/Regulus calendula_Ruby-crowned Kinglet/XC185177.mp3
train,Regulus ignicapilla_Common Firecrest,../../Datasets/BirdClef/features/Regulus ignicapilla_Common Firecrest/XC42179.npy,../../Datasets/BirdClef/audio/Regulus ignicapilla_Common Firecrest/XC42179.mp3
train,Regulus regulus_Goldcrest,../../Datasets/BirdClef/features/Regulus regulus_Goldcrest/XC216365.npy,../../Datasets/BirdClef/audio/Regulus regulus_Goldcrest/XC216365.mp3
train,Regulus satrapa_Golden-crowned Kinglet,../../Datasets/BirdClef/features/Regulus satrapa_Golden-crowned Kinglet/XC104683.npy,../../Datasets/BirdClef/audio/Regulus satrapa_Golden-crowned Kinglet/XC104683.mp3
train,Rhegmatorhina melanosticta_Hairy-crested Antbird,../../Datasets/BirdClef/features/Rhegmatorhina melanosticta_Hairy-crested Antbird/XC13468.npy,../../Datasets/BirdClef/audio/Rhegmatorhina melanosticta_Hairy-crested Antbird/XC13468.mp3
train,Rhynchocyclus olivaceus_Olivaceous Flatbill,../../Datasets/BirdClef/features/Rhynchocyclus olivaceus_Olivaceous Flatbill/XC81493.npy,../../Datasets/BirdClef/audio/Rhynchocyclus olivaceus_Olivaceous Flatbill/XC81493.mp3
train,Rhytipterna simplex_Grayish Mourner,../../Datasets/BirdClef/features/Rhytipterna simplex_Grayish Mourner/XC270932.npy,../../Datasets/BirdClef/audio/Rhytipterna simplex_Grayish Mourner/XC270932.mp3
train,Riparia riparia_Bank Swallow,../../Datasets/BirdClef/features/Riparia riparia_Bank Swallow/XC279018.npy,../../Datasets/BirdClef/audio/Riparia riparia_Bank Swallow/XC279018.mp3
train,Rostrhamus sociabilis_Snail Kite,../../Datasets/BirdClef/features/Rostrhamus sociabilis_Snail Kite/XC381807.npy,../../Datasets/BirdClef/audio/Rostrhamus sociabilis_Snail Kite/XC381807.mp3
train,Rupornis magnirostris_Roadside Hawk,../../Datasets/BirdClef/features/Rupornis magnirostris_Roadside Hawk/XC42150.npy,../../Datasets/BirdClef/audio/Rupornis magnirostris_Roadside Hawk/XC42150.mp3
train,Rynchops niger_Black Skimmer,../../Datasets/BirdClef/features/Rynchops niger_Black Skimmer/XC169140.npy,../../Datasets/BirdClef/audio/Rynchops niger_Black Skimmer/XC169140.mp3
train,Salpinctes obsoletus_Rock Wren,../../Datasets/BirdClef/features/Salpinctes obsoletus_Rock Wren/XC196938.npy,../../Datasets/BirdClef/audio/Salpinctes obsoletus_Rock Wren/XC196938.mp3
train,Saltator coerulescens_Grayish Saltator,../../Datasets/BirdClef/features/Saltator coerulescens_Grayish Saltator/XC461426.npy,../../Datasets/BirdClef/audio/Saltator coerulescens_Grayish Saltator/XC461426.mp3
train,Saltator grossus_Slate-colored Grosbeak,../../Datasets/BirdClef/features/Saltator grossus_Slate-colored Grosbeak/XC214635.npy,../../Datasets/BirdClef/audio/Saltator grossus_Slate-colored Grosbeak/XC214635.mp3
train,Saltator maximus_Buff-throated Saltator,../../Datasets/BirdClef/features/Saltator maximus_Buff-throated Saltator/XC371720.npy,../../Datasets/BirdClef/audio/Saltator maximus_Buff-throated Saltator/XC371720.mp3
train,Saxicola rubicola_European Stonechat,../../Datasets/BirdClef/features/Saxicola rubicola_European Stonechat/XC99734.npy,../../Datasets/BirdClef/audio/Saxicola rubicola_European Stonechat/XC99734.mp3
train,Sayornis nigricans_Black Phoebe,../../Datasets/BirdClef/features/Sayornis nigricans_Black Phoebe/XC124438.npy,../../Datasets/BirdClef/audio/Sayornis nigricans_Black Phoebe/XC124438.mp3
train,Sayornis phoebe_Eastern Phoebe,../../Datasets/BirdClef/features/Sayornis phoebe_Eastern Phoebe/XC370485.npy,../../Datasets/BirdClef/audio/Sayornis phoebe_Eastern Phoebe/XC370485.mp3
train,Sayornis saya_Say's Phoebe,../../Datasets/BirdClef/features/Sayornis saya_Say's Phoebe/XC229319.npy,../../Datasets/BirdClef/audio/Sayornis saya_Say's Phoebe/XC229319.mp3
train,Schiffornis major_Varzea Schiffornis,../../Datasets/BirdClef/features/Schiffornis major_Varzea Schiffornis/XC453630.npy,../../Datasets/BirdClef/audio/Schiffornis major_Varzea Schiffornis/XC453630.mp3
train,Schiffornis turdina_Brown-winged Schiffornis,../../Datasets/BirdClef/features/Schiffornis turdina_Brown-winged Schiffornis/XC30500.npy,../../Datasets/BirdClef/audio/Schiffornis turdina_Brown-winged Schiffornis/XC30500.mp3
train,Sciaphylax hemimelaena_Chestnut-tailed Antbird,../../Datasets/BirdClef/features/Sciaphylax hemimelaena_Chestnut-tailed Antbird/XC63719.npy,../../Datasets/BirdClef/audio/Sciaphylax hemimelaena_Chestnut-tailed Antbird/XC63719.mp3
train,Sclateria naevia_Silvered Antbird,../../Datasets/BirdClef/features/Sclateria naevia_Silvered Antbird/XC5682.npy,../../Datasets/BirdClef/audio/Sclateria naevia_Silvered Antbird/XC5682.mp3
train,Sclerurus caudacutus_Black-tailed Leaftosser,../../Datasets/BirdClef/features/Sclerurus caudacutus_Black-tailed Leaftosser/XC64178.npy,../../Datasets/BirdClef/audio/Sclerurus caudacutus_Black-tailed Leaftosser/XC64178.mp3
train,Scolopax minor_American Woodcock,../../Datasets/BirdClef/features/Scolopax minor_American Woodcock/XC75443.npy,../../Datasets/BirdClef/audio/Scolopax minor_American Woodcock/XC75443.mp3
train,Scolopax rusticola_Eurasian Woodcock,../../Datasets/BirdClef/features/Scolopax rusticola_Eurasian Woodcock/XC397413.npy,../../Datasets/BirdClef/audio/Scolopax rusticola_Eurasian Woodcock/XC397413.mp3
train,Seiurus aurocapilla_Ovenbird,../../Datasets/BirdClef/features/Seiurus aurocapilla_Ovenbird/XC418563.npy,../../Datasets/BirdClef/audio/Seiurus aurocapilla_Ovenbird/XC418563.mp3
train,Selasphorus platycercus_Broad-tailed Hummingbird,../../Datasets/BirdClef/features/Selasphorus platycercus_Broad-tailed Hummingbird/XC188274.npy,../../Datasets/BirdClef/audio/Selasphorus platycercus_Broad-tailed Hummingbird/XC188274.mp3
train,Selasphorus rufus_Rufous Hummingbird,../../Datasets/BirdClef/features/Selasphorus rufus_Rufous Hummingbird/XC253512.npy,../../Datasets/BirdClef/audio/Selasphorus rufus_Rufous Hummingbird/XC253512.mp3
train,Selenidera reinwardtii_Golden-collared Toucanet,../../Datasets/BirdClef/features/Selenidera reinwardtii_Golden-collared Toucanet/XC349580.npy,../../Datasets/BirdClef/audio/Selenidera reinwardtii_Golden-collared Toucanet/XC349580.mp3
train,Serinus serinus_European Serin,../../Datasets/BirdClef/features/Serinus serinus_European Serin/XC366081.npy,../../Datasets/BirdClef/audio/Serinus serinus_European Serin/XC366081.mp3
train,Setopagis parvula_Little Nightjar,../../Datasets/BirdClef/features/Setopagis parvula_Little Nightjar/XC3154.npy,../../Datasets/BirdClef/audio/Setopagis parvula_Little Nightjar/XC3154.mp3
train,Setophaga citrina_Hooded Warbler,../../Datasets/BirdClef/features/Setophaga citrina_Hooded Warbler/XC33583.npy,../../Datasets/BirdClef/audio/Setophaga citrina_Hooded Warbler/XC33583.mp3
train,Setophaga coronata_Yellow-rumped Warbler,../../Datasets/BirdClef/features/Setophaga coronata_Yellow-rumped Warbler/XC353603.npy,../../Datasets/BirdClef/audio/Setophaga coronata_Yellow-rumped Warbler/XC353603.mp3
train,Setophaga discolor_Prairie Warbler,../../Datasets/BirdClef/features/Setophaga discolor_Prairie Warbler/XC144030.npy,../../Datasets/BirdClef/audio/Setophaga discolor_Prairie Warbler/XC144030.mp3
train,Setophaga fusca_Blackburnian Warbler,../../Datasets/BirdClef/features/Setophaga fusca_Blackburnian Warbler/XC101581.npy,../../Datasets/BirdClef/audio/Setophaga fusca_Blackburnian Warbler/XC101581.mp3
train,Setophaga magnolia_Magnolia Warbler,../../Datasets/BirdClef/features/Setophaga magnolia_Magnolia Warbler/XC501247.npy,../../Datasets/BirdClef/audio/Setophaga magnolia_Magnolia Warbler/XC501247.mp3
train,Setophaga nigrescens_Black-throated Gray Warbler,../../Datasets/BirdClef/features/Setophaga nigrescens_Black-throated Gray Warbler/XC417904.npy,../../Datasets/BirdClef/audio/Setophaga nigrescens_Black-throated Gray Warbler/XC417904.mp3
train,Setophaga palmarum_Palm Warbler,../../Datasets/BirdClef/features/Setophaga palmarum_Palm Warbler/XC416801.npy,../../Datasets/BirdClef/audio/Setophaga palmarum_Palm Warbler/XC416801.mp3
train,Setophaga pensylvanica_Chestnut-sided Warbler,../../Datasets/BirdClef/features/Setophaga pensylvanica_Chestnut-sided Warbler/XC245891.npy,../../Datasets/BirdClef/audio/Setophaga pensylvanica_Chestnut-sided Warbler/XC245891.mp3
train,Setophaga petechia_Yellow Warbler,../../Datasets/BirdClef/features/Setophaga petechia_Yellow Warbler/XC247375.npy,../../Datasets/BirdClef/audio/Setophaga petechia_Yellow Warbler/XC247375.mp3
train,Setophaga pinus_Pine Warbler,../../Datasets/BirdClef/features/Setophaga pinus_Pine Warbler/XC196168.npy,../../Datasets/BirdClef/audio/Setophaga pinus_Pine Warbler/XC196168.mp3
train,Setophaga ruticilla_American Redstart,../../Datasets/BirdClef/features/Setophaga ruticilla_American Redstart/XC293435.npy,../../Datasets/BirdClef/audio/Setophaga ruticilla_American Redstart/XC293435.mp3
train,Setophaga striata_Blackpoll Warbler,../../Datasets/BirdClef/features/Setophaga striata_Blackpoll Warbler/XC316998.npy,../../Datasets/BirdClef/audio/Setophaga striata_Blackpoll Warbler/XC316998.mp3
train,Setophaga virens_Black-throated Green Warbler,../../Datasets/BirdClef/features/Setophaga virens_Black-throated Green Warbler/XC59138.npy,../../Datasets/BirdClef/audio/Setophaga virens_Black-throated Green Warbler/XC59138.mp3
train,Sialia mexicana_Western Bluebird,../../Datasets/BirdClef/features/Sialia mexicana_Western Bluebird/XC146606.npy,../../Datasets/BirdClef/audio/Sialia mexicana_Western Bluebird/XC146606.mp3
train,Sialia sialis_Eastern Bluebird,../../Datasets/BirdClef/features/Sialia sialis_Eastern Bluebird/XC452139.npy,../../Datasets/BirdClef/audio/Sialia sialis_Eastern Bluebird/XC452139.mp3
train,Sicalis flaveola_Saffron Finch,../../Datasets/BirdClef/features/Sicalis flaveola_Saffron Finch/XC6792.npy,../../Datasets/BirdClef/audio/Sicalis flaveola_Saffron Finch/XC6792.mp3
train,Sitta canadensis_Red-breasted Nuthatch,../../Datasets/BirdClef/features/Sitta canadensis_Red-breasted Nuthatch/XC110382.npy,../../Datasets/BirdClef/audio/Sitta canadensis_Red-breasted Nuthatch/XC110382.mp3
train,Sitta carolinensis_White-breasted Nuthatch,../../Datasets/BirdClef/features/Sitta carolinensis_White-breasted Nuthatch/XC350771.npy,../../Datasets/BirdClef/audio/Sitta carolinensis_White-breasted Nuthatch/XC350771.mp3
train,Sitta europaea_Eurasian Nuthatch,../../Datasets/BirdClef/features/Sitta europaea_Eurasian Nuthatch/XC116413.npy,../../Datasets/BirdClef/audio/Sitta europaea_Eurasian Nuthatch/XC116413.mp3
train,Sitta pygmaea_Pygmy Nuthatch,../../Datasets/BirdClef/features/Sitta pygmaea_Pygmy Nuthatch/XC86762.npy,../../Datasets/BirdClef/audio/Sitta pygmaea_Pygmy Nuthatch/XC86762.mp3
train,Sittasomus griseicapillus_Olivaceous Woodcreeper,../../Datasets/BirdClef/features/Sittasomus griseicapillus_Olivaceous Woodcreeper/XC23762.npy,../../Datasets/BirdClef/audio/Sittasomus griseicapillus_Olivaceous Woodcreeper/XC23762.mp3
train,Spatula clypeata_Northern Shoveler,../../Datasets/BirdClef/features/Spatula clypeata_Northern Shoveler/XC37573.npy,../../Datasets/BirdClef/audio/Spatula clypeata_Northern Shoveler/XC37573.mp3
train,Spatula discors_Blue-winged Teal,../../Datasets/BirdClef/features/Spatula discors_Blue-winged Teal/XC363099.npy,../../Datasets/BirdClef/audio/Spatula discors_Blue-winged Teal/XC363099.mp3
train,Spatula querquedula_Garganey,../../Datasets/BirdClef/features/Spatula querquedula_Garganey/XC410671.npy,../../Datasets/BirdClef/audio/Spatula querquedula_Garganey/XC410671.mp3
train,Sphyrapicus varius_Yellow-bellied Sapsucker,../../Datasets/BirdClef/features/Sphyrapicus varius_Yellow-bellied Sapsucker/XC421277.npy,../../Datasets/BirdClef/audio/Sphyrapicus varius_Yellow-bellied Sapsucker/XC421277.mp3
train,Spinus pinus_Pine Siskin,../../Datasets/BirdClef/features/Spinus pinus_Pine Siskin/XC160253.npy,../../Datasets/BirdClef/audio/Spinus pinus_Pine Siskin/XC160253.mp3
train,Spinus psaltria_Lesser Goldfinch,../../Datasets/BirdClef/features/Spinus psaltria_Lesser Goldfinch/XC220448.npy,../../Datasets/BirdClef/audio/Spinus psaltria_Lesser Goldfinch/XC220448.mp3
train,Spinus spinus_Eurasian Siskin,../../Datasets/BirdClef/features/Spinus spinus_Eurasian Siskin/XC270147.npy,../../Datasets/BirdClef/audio/Spinus spinus_Eurasian Siskin/XC270147.mp3
train,Spinus tristis_American Goldfinch,../../Datasets/BirdClef/features/Spinus tristis_American Goldfinch/XC294424.npy,../../Datasets/BirdClef/audio/Spinus tristis_American Goldfinch/XC294424.mp3
train,Spizaetus ornatus_Ornate Hawk-Eagle,../../Datasets/BirdClef/features/Spizaetus ornatus_Ornate Hawk-Eagle/XC229827.npy,../../Datasets/BirdClef/audio/Spizaetus ornatus_Ornate Hawk-Eagle/XC229827.mp3
train,Spizaetus tyrannus_Black Hawk-Eagle,../../Datasets/BirdClef/features/Spizaetus tyrannus_Black Hawk-Eagle/XC42806.npy,../../Datasets/BirdClef/audio/Spizaetus tyrannus_Black Hawk-Eagle/XC42806.mp3
train,Spizella breweri_Brewer's Sparrow,../../Datasets/BirdClef/features/Spizella breweri_Brewer's Sparrow/XC483211.npy,../../Datasets/BirdClef/audio/Spizella breweri_Brewer's Sparrow/XC483211.mp3
train,Spizella passerina_Chipping Sparrow,../../Datasets/BirdClef/features/Spizella passerina_Chipping Sparrow/XC125183.npy,../../Datasets/BirdClef/audio/Spizella passerina_Chipping Sparrow/XC125183.mp3
train,Spizella pusilla_Field Sparrow,../../Datasets/BirdClef/features/Spizella pusilla_Field Sparrow/XC31118.npy,../../Datasets/BirdClef/audio/Spizella pusilla_Field Sparrow/XC31118.mp3
train,Spizelloides arborea_American Tree Sparrow,../../Datasets/BirdClef/features/Spizelloides arborea_American Tree Sparrow/XC394107.npy,../../Datasets/BirdClef/audio/Spizelloides arborea_American Tree Sparrow/XC394107.mp3
train,Sporophila angolensis_Chestnut-bellied Seed-Finch,../../Datasets/BirdClef/features/Sporophila angolensis_Chestnut-bellied Seed-Finch/XC227035.npy,../../Datasets/BirdClef/audio/Sporophila angolensis_Chestnut-bellied Seed-Finch/XC227035.mp3
train,Sporophila caerulescens_Double-collared Seedeater,../../Datasets/BirdClef/features/Sporophila caerulescens_Double-collared Seedeater/XC51924.npy,../../Datasets/BirdClef/audio/Sporophila caerulescens_Double-collared Seedeater/XC51924.mp3
train,Sporophila lineola_Lined Seedeater,../../Datasets/BirdClef/features/Sporophila lineola_Lined Seedeater/XC291916.npy,../../Datasets/BirdClef/audio/Sporophila lineola_Lined Seedeater/XC291916.mp3
train,Sporophila luctuosa_Black-and-white Seedeater,../../Datasets/BirdClef/features/Sporophila luctuosa_Black-and-white Seedeater/XC47503.npy,../../Datasets/BirdClef/audio/Sporophila luctuosa_Black-and-white Seedeater/XC47503.mp3
train,Sporophila schistacea_Slate-colored Seedeater,../../Datasets/BirdClef/features/Sporophila schistacea_Slate-colored Seedeater/XC61921.npy,../../Datasets/BirdClef/audio/Sporophila schistacea_Slate-colored Seedeater/XC61921.mp3
train,Stelgidopteryx ruficollis_Southern Rough-winged Swallow,../../Datasets/BirdClef/features/Stelgidopteryx ruficollis_Southern Rough-winged Swallow/XC292345.npy,../../Datasets/BirdClef/audio/Stelgidopteryx ruficollis_Southern Rough-winged Swallow/XC292345.mp3
train,Sterna hirundo_Common Tern,../../Datasets/BirdClef/features/Sterna hirundo_Common Tern/XC492650.npy,../../Datasets/BirdClef/audio/Sterna hirundo_Common Tern/XC492650.mp3
train,Streptopelia decaocto_Eurasian Collared-Dove,../../Datasets/BirdClef/features/Streptopelia decaocto_Eurasian Collared-Dove/XC148871.npy,../../Datasets/BirdClef/audio/Streptopelia decaocto_Eurasian Collared-Dove/XC148871.mp3
train,Streptopelia turtur_European Turtle-Dove,../../Datasets/BirdClef/features/Streptopelia turtur_European Turtle-Dove/XC215594.npy,../../Datasets/BirdClef/audio/Streptopelia turtur_European Turtle-Dove/XC215594.mp3
train,Streptoprocne zonaris_White-collared Swift,../../Datasets/BirdClef/features/Streptoprocne zonaris_White-collared Swift/XC326954.npy,../../Datasets/BirdClef/audio/Streptoprocne zonaris_White-collared Swift/XC326954.mp3
train,Sturnella magna_Eastern Meadowlark,../../Datasets/BirdClef/features/Sturnella magna_Eastern Meadowlark/XC486432.npy,../../Datasets/BirdClef/audio/Sturnella magna_Eastern Meadowlark/XC486432.mp3
train,Sturnella neglecta_Western Meadowlark,../../Datasets/BirdClef/features/Sturnella neglecta_Western Meadowlark/XC185844.npy,../../Datasets/BirdClef/audio/Sturnella neglecta_Western Meadowlark/XC185844.mp3
train,Sturnus vulgaris_European Starling,../../Datasets/BirdClef/features/Sturnus vulgaris_European Starling/XC305556.npy,../../Datasets/BirdClef/audio/Sturnus vulgaris_European Starling/XC305556.mp3
train,Sublegatus modestus_Southern Scrub-Flycatcher,../../Datasets/BirdClef/features/Sublegatus modestus_Southern Scrub-Flycatcher/XC60837.npy,../../Datasets/BirdClef/audio/Sublegatus modestus_Southern Scrub-Flycatcher/XC60837.mp3
train,Sylvia atricapilla_Eurasian Blackcap,../../Datasets/BirdClef/features/Sylvia atricapilla_Eurasian Blackcap/XC236957.npy,../../Datasets/BirdClef/audio/Sylvia atricapilla_Eurasian Blackcap/XC236957.mp3
train,Sylvia borin_Garden Warbler,../../Datasets/BirdClef/features/Sylvia borin_Garden Warbler/XC322215.npy,../../Datasets/BirdClef/audio/Sylvia borin_Garden Warbler/XC322215.mp3
train,Sylvia communis_Greater Whitethroat,../../Datasets/BirdClef/features/Sylvia communis_Greater Whitethroat/XC188723.npy,../../Datasets/BirdClef/audio/Sylvia communis_Greater Whitethroat/XC188723.mp3
train,Sylvia curruca_Lesser Whitethroat,../../Datasets/BirdClef/features/Sylvia curruca_Lesser Whitethroat/XC174348.npy,../../Datasets/BirdClef/audio/Sylvia curruca_Lesser Whitethroat/XC174348.mp3
train,Synallaxis albescens_Pale-breasted Spinetail,../../Datasets/BirdClef/features/Synallaxis albescens_Pale-breasted Spinetail/XC422348.npy,../../Datasets/BirdClef/audio/Synallaxis albescens_Pale-breasted Spinetail/XC422348.mp3
train,Synallaxis albigularis_Dark-breasted Spinetail,../../Datasets/BirdClef/features/Synallaxis albigularis_Dark-breasted Spinetail/XC230159.npy,../../Datasets/BirdClef/audio/Synallaxis albigularis_Dark-breasted Spinetail/XC230159.mp3
train,Synallaxis gujanensis_Plain-crowned Spinetail,../../Datasets/BirdClef/features/Synallaxis gujanensis_Plain-crowned Spinetail/XC14301.npy,../../Datasets/BirdClef/audio/Synallaxis gujanensis_Plain-crowned Spinetail/XC14301.mp3
train,Synallaxis rutilans_Ruddy Spinetail,../../Datasets/BirdClef/features/Synallaxis rutilans_Ruddy Spinetail/XC20714.npy,../../Datasets/BirdClef/audio/Synallaxis rutilans_Ruddy Spinetail/XC20714.mp3
train,Syndactyla ucayalae_Peruvian Recurvebill,../../Datasets/BirdClef/features/Syndactyla ucayalae_Peruvian Recurvebill/XC428019.npy,../../Datasets/BirdClef/audio/Syndactyla ucayalae_Peruvian Recurvebill/XC428019.mp3
train,Tachybaptus dominicus_Least Grebe,../../Datasets/BirdClef/features/Tachybaptus dominicus_Least Grebe/XC413529.npy,../../Datasets/BirdClef/audio/Tachybaptus dominicus_Least Grebe/XC413529.mp3
train,Tachybaptus ruficollis_Little Grebe,../../Datasets/BirdClef/features/Tachybaptus ruficollis_Little Grebe/XC280980.npy,../../Datasets/BirdClef/audio/Tachybaptus ruficollis_Little Grebe/XC280980.mp3
train,Tachycineta bicolor_Tree Swallow,../../Datasets/BirdClef/features/Tachycineta bicolor_Tree Swallow/XC163170.npy,../../Datasets/BirdClef/audio/Tachycineta bicolor_Tree Swallow/XC163170.mp3
train,Tachycineta thalassina_Violet-green Swallow,../../Datasets/BirdClef/features/Tachycineta thalassina_Violet-green Swallow/XC109942.npy,../../Datasets/BirdClef/audio/Tachycineta thalassina_Violet-green Swallow/XC109942.mp3
train,Tachyphonus luctuosus_White-shouldered Tanager,../../Datasets/BirdClef/features/Tachyphonus luctuosus_White-shouldered Tanager/XC459921.npy,../../Datasets/BirdClef/audio/Tachyphonus luctuosus_White-shouldered Tanager/XC459921.mp3
train,Tadorna tadorna_Common Shelduck,../../Datasets/BirdClef/features/Tadorna tadorna_Common Shelduck/XC234287.npy,../../Datasets/BirdClef/audio/Tadorna tadorna_Common Shelduck/XC234287.mp3
train,Tangara chilensis_Paradise Tanager,../../Datasets/BirdClef/features/Tangara chilensis_Paradise Tanager/XC230482.npy,../../Datasets/BirdClef/audio/Tangara chilensis_Paradise Tanager/XC230482.mp3
train,Tangara gyrola_Bay-headed Tanager,../../Datasets/BirdClef/features/Tangara gyrola_Bay-headed Tanager/XC98010.npy,../../Datasets/BirdClef/audio/Tangara gyrola_Bay-headed Tanager/XC98010.mp3
train,Tapera naevia_Striped Cuckoo,../../Datasets/BirdClef/features/Tapera naevia_Striped Cuckoo/XC261630.npy,../../Datasets/BirdClef/audio/Tapera naevia_Striped Cuckoo/XC261630.mp3
train,Taraba major_Great Antshrike,../../Datasets/BirdClef/features/Taraba major_Great Antshrike/XC212393.npy,../../Datasets/BirdClef/audio/Taraba major_Great Antshrike/XC212393.mp3
train,Terenotriccus erythrurus_Ruddy-tailed Flycatcher,../../Datasets/BirdClef/features/Terenotriccus erythrurus_Ruddy-tailed Flycatcher/XC479692.npy,../../Datasets/BirdClef/audio/Terenotriccus erythrurus_Ruddy-tailed Flycatcher/XC479692.mp3
train,Tersina viridis_Swallow Tanager,../../Datasets/BirdClef/features/Tersina viridis_Swallow Tanager/XC498092.npy,../../Datasets/BirdClef/audio/Tersina viridis_Swallow Tanager/XC498092.mp3
train,Thamnomanes ardesiacus_Dusky-throated Antshrike,../../Datasets/BirdClef/features/Thamnomanes ardesiacus_Dusky-throated Antshrike/XC113246.npy,../../Datasets/BirdClef/audio/Thamnomanes ardesiacus_Dusky-throated Antshrike/XC113246.mp3
train,Thamnomanes schistogynus_Bluish-slate Antshrike,../../Datasets/BirdClef/features/Thamnomanes schistogynus_Bluish-slate Antshrike/XC237706.npy,../../Datasets/BirdClef/audio/Thamnomanes schistogynus_Bluish-slate Antshrike/XC237706.mp3
train,Thamnophilus aethiops_White-shouldered Antshrike,../../Datasets/BirdClef/features/Thamnophilus aethiops_White-shouldered Antshrike/XC258355.npy,../../Datasets/BirdClef/audio/Thamnophilus aethiops_White-shouldered Antshrike/XC258355.mp3
train,Thamnophilus amazonicus_Amazonian Antshrike,../../Datasets/BirdClef/features/Thamnophilus amazonicus_Amazonian Antshrike/XC163201.npy,../../Datasets/BirdClef/audio/Thamnophilus amazonicus_Amazonian Antshrike/XC163201.mp3
train,Thamnophilus doliatus_Barred Antshrike,../../Datasets/BirdClef/features/Thamnophilus doliatus_Barred Antshrike/XC278659.npy,../../Datasets/BirdClef/audio/Thamnophilus doliatus_Barred Antshrike/XC278659.mp3
train,Thamnophilus schistaceus_Plain-winged Antshrike,../../Datasets/BirdClef/features/Thamnophilus schistaceus_Plain-winged Antshrike/XC313771.npy,../../Datasets/BirdClef/audio/Thamnophilus schistaceus_Plain-winged Antshrike/XC313771.mp3
train,Thlypopsis sordida_Orange-headed Tanager,../../Datasets/BirdClef/features/Thlypopsis sordida_Orange-headed Tanager/XC57602.npy,../../Datasets/BirdClef/audio/Thlypopsis sordida_Orange-headed Tanager/XC57602.mp3
train,Thraupis episcopus_Blue-gray Tanager,../../Datasets/BirdClef/features/Thraupis episcopus_Blue-gray Tanager/XC480423.npy,../../Datasets/BirdClef/audio/Thraupis episcopus_Blue-gray Tanager/XC480423.mp3
train,Thraupis palmarum_Palm Tanager,../../Datasets/BirdClef/features/Thraupis palmarum_Palm Tanager/XC115077.npy,../../Datasets/BirdClef/audio/Thraupis palmarum_Palm Tanager/XC115077.mp3
train,Thryomanes bewickii_Bewick's Wren,../../Datasets/BirdClef/features/Thryomanes bewickii_Bewick's Wren/XC178322.npy,../../Datasets/BirdClef/audio/Thryomanes bewickii_Bewick's Wren/XC178322.mp3
train,Thryothorus ludovicianus_Carolina Wren,../../Datasets/BirdClef/features/Thryothorus ludovicianus_Carolina Wren/XC56415.npy,../../Datasets/BirdClef/audio/Thryothorus ludovicianus_Carolina Wren/XC56415.mp3
train,Tigrisoma lineatum_Rufescent Tiger-Heron,../../Datasets/BirdClef/features/Tigrisoma lineatum_Rufescent Tiger-Heron/XC325566.npy,../../Datasets/BirdClef/audio/Tigrisoma lineatum_Rufescent Tiger-Heron/XC325566.mp3
train,Tinamus major_Great Tinamou,../../Datasets/BirdClef/features/Tinamus major_Great Tinamou/XC178185.npy,../../Datasets/BirdClef/audio/Tinamus major_Great Tinamou/XC178185.mp3
train,Tityra cayana_Black-tailed Tityra,../../Datasets/BirdClef/features/Tityra cayana_Black-tailed Tityra/XC2232.npy,../../Datasets/BirdClef/audio/Tityra cayana_Black-tailed Tityra/XC2232.mp3
train,Tityra semifasciata_Masked Tityra,../../Datasets/BirdClef/features/Tityra semifasciata_Masked Tityra/XC3044.npy,../../Datasets/BirdClef/audio/Tityra semifasciata_Masked Tityra/XC3044.mp3
train,Todirostrum chrysocrotaphum_Yellow-browed Tody-Flycatcher,../../Datasets/BirdClef/features/Todirostrum chrysocrotaphum_Yellow-browed Tody-Flycatcher/XC84180.npy,../../Datasets/BirdClef/audio/Todirostrum chrysocrotaphum_Yellow-browed Tody-Flycatcher/XC84180.mp3
train,Tolmomyias assimilis_Yellow-margined Flycatcher,../../Datasets/BirdClef/features/Tolmomyias assimilis_Yellow-margined Flycatcher/XC2708.npy,../../Datasets/BirdClef/audio/Tolmomyias assimilis_Yellow-margined Flycatcher/XC2708.mp3
train,Tolmomyias flaviventris_Yellow-breasted Flycatcher,../../Datasets/BirdClef/features/Tolmomyias flaviventris_Yellow-breasted Flycatcher/XC92609.npy,../../Datasets/BirdClef/audio/Tolmomyias flaviventris_Yellow-breasted Flycatcher/XC92609.mp3
train,Tolmomyias poliocephalus_Gray-crowned Flycatcher,../../Datasets/BirdClef/features/Tolmomyias poliocephalus_Gray-crowned Flycatcher/XC150023.npy,../../Datasets/BirdClef/audio/Tolmomyias poliocephalus_Gray-crowned Flycatcher/XC150023.mp3
train,Tolmomyias sulphurescens_Yellow-olive Flycatcher,../../Datasets/BirdClef/features/Tolmomyias sulphurescens_Yellow-olive Flycatcher/XC166050.npy,../../Datasets/BirdClef/audio/Tolmomyias sulphurescens_Yellow-olive Flycatcher/XC166050.mp3
train,Toxostoma rufum_Brown Thrasher,../../Datasets/BirdClef/features/Toxostoma rufum_Brown Thrasher/XC138066.npy,../../Datasets/BirdClef/audio/Toxostoma rufum_Brown Thrasher/XC138066.mp3
train,Tringa erythropus_Spotted Redshank,../../Datasets/BirdClef/features/Tringa erythropus_Spotted Redshank/XC426252.npy,../../Datasets/BirdClef/audio/Tringa erythropus_Spotted Redshank/XC426252.mp3
train,Tringa flavipes_Lesser Yellowlegs,../../Datasets/BirdClef/features/Tringa flavipes_Lesser Yellowlegs/XC406315.npy,../../Datasets/BirdClef/audio/Tringa flavipes_Lesser Yellowlegs/XC406315.mp3
train,Tringa glareola_Wood Sandpiper,../../Datasets/BirdClef/features/Tringa glareola_Wood Sandpiper/XC381826.npy,../../Datasets/BirdClef/audio/Tringa glareola_Wood Sandpiper/XC381826.mp3
train,Tringa melanoleuca_Greater Yellowlegs,../../Datasets/BirdClef/features/Tringa melanoleuca_Greater Yellowlegs/XC52668.npy,../../Datasets/BirdClef/audio/Tringa melanoleuca_Greater Yellowlegs/XC52668.mp3
train,Tringa nebularia_Common Greenshank,../../Datasets/BirdClef/features/Tringa nebularia_Common Greenshank/XC356382.npy,../../Datasets/BirdClef/audio/Tringa nebularia_Common Greenshank/XC356382.mp3
train,Tringa ochropus_Green Sandpiper,../../Datasets/BirdClef/features/Tringa ochropus_Green Sandpiper/XC396624.npy,../../Datasets/BirdClef/audio/Tringa ochropus_Green Sandpiper/XC396624.mp3
train,Tringa solitaria_Solitary Sandpiper,../../Datasets/BirdClef/features/Tringa solitaria_Solitary Sandpiper/XC415534.npy,../../Datasets/BirdClef/audio/Tringa solitaria_Solitary Sandpiper/XC415534.mp3
train,Troglodytes aedon_House Wren,../../Datasets/BirdClef/features/Troglodytes aedon_House Wren/XC231552.npy,../../Datasets/BirdClef/audio/Troglodytes aedon_House Wren/XC231552.mp3
train,Troglodytes troglodytes_Eurasian Wren,../../Datasets/BirdClef/features/Troglodytes troglodytes_Eurasian Wren/XC199766.npy,../../Datasets/BirdClef/audio/Troglodytes troglodytes_Eurasian Wren/XC199766.mp3
train,Trogon collaris_Collared Trogon,../../Datasets/BirdClef/features/Trogon collaris_Collared Trogon/XC239116.npy,../../Datasets/BirdClef/audio/Trogon collaris_Collared Trogon/XC239116.mp3
train,Trogon curucui_Blue-crowned Trogon,../../Datasets/BirdClef/features/Trogon curucui_Blue-crowned Trogon/XC287920.npy,../../Datasets/BirdClef/audio/Trogon curucui_Blue-crowned Trogon/XC287920.mp3
train,Trogon melanurus_Black-tailed Trogon,../../Datasets/BirdClef/features/Trogon melanurus_Black-tailed Trogon/XC232933.npy,../../Datasets/BirdClef/audio/Trogon melanurus_Black-tailed Trogon/XC232933.mp3
train,Trogon ramonianus_Amazonian Trogon,../../Datasets/BirdClef/features/Trogon ramonianus_Amazonian Trogon/XC37015.npy,../../Datasets/BirdClef/audio/Trogon ramonianus_Amazonian Trogon/XC37015.mp3
train,Trogon viridis_Green-backed Trogon,../../Datasets/BirdClef/features/Trogon viridis_Green-backed Trogon/XC257886.npy,../../Datasets/BirdClef/audio/Trogon viridis_Green-backed Trogon/XC257886.mp3
train,Tunchiornis ochraceiceps_Tawny-crowned Greenlet,../../Datasets/BirdClef/features/Tunchiornis ochraceiceps_Tawny-crowned Greenlet/XC470283.npy,../../Datasets/BirdClef/audio/Tunchiornis ochraceiceps_Tawny-crowned Greenlet/XC470283.mp3
train,Turdus albicollis_White-necked Thrush,../../Datasets/BirdClef/features/Turdus albicollis_White-necked Thrush/XC82452.npy,../../Datasets/BirdClef/audio/Turdus albicollis_White-necked Thrush/XC82452.mp3
train,Turdus amaurochalinus_Creamy-bellied Thrush,../../Datasets/BirdClef/features/Turdus amaurochalinus_Creamy-bellied Thrush/XC46882.npy,../../Datasets/BirdClef/audio/Turdus amaurochalinus_Creamy-bellied Thrush/XC46882.mp3
train,Turdus hauxwelli_Hauxwell's Thrush,../../Datasets/BirdClef/features/Turdus hauxwelli_Hauxwell's Thrush/XC108514.npy,../../Datasets/BirdClef/audio/Turdus hauxwelli_Hauxwell's Thrush/XC108514.mp3
train,Turdus ignobilis_Black-billed Thrush,../../Datasets/BirdClef/features/Turdus ignobilis_Black-billed Thrush/XC129722.npy,../../Datasets/BirdClef/audio/Turdus ignobilis_Black-billed Thrush/XC129722.mp3
train,Turdus iliacus_Redwing,../../Datasets/BirdClef/features/Turdus iliacus_Redwing/XC435188.npy,../../Datasets/BirdClef/audio/Turdus iliacus_Redwing/XC435188.mp3
train,Turdus lawrencii_Lawrence's Thrush,../../Datasets/BirdClef/features/Turdus lawrencii_Lawrence's Thrush/XC17691.npy,../../Datasets/BirdClef/audio/Turdus lawrencii_Lawrence's Thrush/XC17691.mp3
train,Turdus merula_Eurasian Blackbird,../../Datasets/BirdClef/features/Turdus merula_Eurasian Blackbird/XC374975.npy,../../Datasets/BirdClef/audio/Turdus merula_Eurasian Blackbird/XC374975.mp3
train,Turdus migratorius_American Robin,../../Datasets/BirdClef/features/Turdus migratorius_American Robin/XC14079.npy,../../Datasets/BirdClef/audio/Turdus migratorius_American Robin/XC14079.mp3
train,Turdus philomelos_Song Thrush,../../Datasets/BirdClef/features/Turdus philomelos_Song Thrush/XC298851.npy,../../Datasets/BirdClef/audio/Turdus philomelos_Song Thrush/XC298851.mp3
train,Turdus pilaris_Fieldfare,../../Datasets/BirdClef/features/Turdus pilaris_Fieldfare/XC467274.npy,../../Datasets/BirdClef/audio/Turdus pilaris_Fieldfare/XC467274.mp3
train,Turdus viscivorus_Mistle Thrush,../../Datasets/BirdClef/features/Turdus viscivorus_Mistle Thrush/XC142642.npy,../../Datasets/BirdClef/audio/Turdus viscivorus_Mistle Thrush/XC142642.mp3
train,Tyranneutes stolzmanni_Dwarf Tyrant-Manakin,../../Datasets/BirdClef/features/Tyranneutes stolzmanni_Dwarf Tyrant-Manakin/XC358570.npy,../../Datasets/BirdClef/audio/Tyranneutes stolzmanni_Dwarf Tyrant-Manakin/XC358570.mp3
train,Tyrannopsis sulphurea_Sulphury Flycatcher,../../Datasets/BirdClef/features/Tyrannopsis sulphurea_Sulphury Flycatcher/XC108537.npy,../../Datasets/BirdClef/audio/Tyrannopsis sulphurea_Sulphury Flycatcher/XC108537.mp3
train,Tyrannulus elatus_Yellow-crowned Tyrannulet,../../Datasets/BirdClef/features/Tyrannulus elatus_Yellow-crowned Tyrannulet/XC39841.npy,../../Datasets/BirdClef/audio/Tyrannulus elatus_Yellow-crowned Tyrannulet/XC39841.mp3
train,Tyrannus melancholicus_Tropical Kingbird,../../Datasets/BirdClef/features/Tyrannus melancholicus_Tropical Kingbird/XC490064.npy,../../Datasets/BirdClef/audio/Tyrannus melancholicus_Tropical Kingbird/XC490064.mp3
train,Tyrannus savana_Fork-tailed Flycatcher,../../Datasets/BirdClef/features/Tyrannus savana_Fork-tailed Flycatcher/XC176460.npy,../../Datasets/BirdClef/audio/Tyrannus savana_Fork-tailed Flycatcher/XC176460.mp3
train,Tyrannus tyrannus_Eastern Kingbird,../../Datasets/BirdClef/features/Tyrannus tyrannus_Eastern Kingbird/XC416767.npy,../../Datasets/BirdClef/audio/Tyrannus tyrannus_Eastern Kingbird/XC416767.mp3
train,Tyrannus verticalis_Western Kingbird,../../Datasets/BirdClef/features/Tyrannus verticalis_Western Kingbird/XC325380.npy,../../Datasets/BirdClef/audio/Tyrannus verticalis_Western Kingbird/XC325380.mp3
train,Tyto alba_Barn Owl,../../Datasets/BirdClef/features/Tyto alba_Barn Owl/XC493908.npy,../../Datasets/BirdClef/audio/Tyto alba_Barn Owl/XC493908.mp3
train,Vanellus chilensis_Southern Lapwing,../../Datasets/BirdClef/features/Vanellus chilensis_Southern Lapwing/XC50273.npy,../../Datasets/BirdClef/audio/Vanellus chilensis_Southern Lapwing/XC50273.mp3
train,Vanellus vanellus_Northern Lapwing,../../Datasets/BirdClef/features/Vanellus vanellus_Northern Lapwing/XC356110.npy,../../Datasets/BirdClef/audio/Vanellus vanellus_Northern Lapwing/XC356110.mp3
train,Vermivora cyanoptera_Blue-winged Warbler,../../Datasets/BirdClef/features/Vermivora cyanoptera_Blue-winged Warbler/XC31316.npy,../../Datasets/BirdClef/audio/Vermivora cyanoptera_Blue-winged Warbler/XC31316.mp3
train,Vireo cassinii_Cassin's Vireo,../../Datasets/BirdClef/features/Vireo cassinii_Cassin's Vireo/XC189308.npy,../../Datasets/BirdClef/audio/Vireo cassinii_Cassin's Vireo/XC189308.mp3
train,Vireo chivi_Chivi Vireo,../../Datasets/BirdClef/features/Vireo chivi_Chivi Vireo/XC110602.npy,../../Datasets/BirdClef/audio/Vireo chivi_Chivi Vireo/XC110602.mp3
train,Vireo flavifrons_Yellow-throated Vireo,../../Datasets/BirdClef/features/Vireo flavifrons_Yellow-throated Vireo/XC325789.npy,../../Datasets/BirdClef/audio/Vireo flavifrons_Yellow-throated Vireo/XC325789.mp3
train,Vireo flavoviridis_Yellow-green Vireo,../../Datasets/BirdClef/features/Vireo flavoviridis_Yellow-green Vireo/XC363233.npy,../../Datasets/BirdClef/audio/Vireo flavoviridis_Yellow-green Vireo/XC363233.mp3
train,Vireo gilvus_Warbling Vireo,../../Datasets/BirdClef/features/Vireo gilvus_Warbling Vireo/XC323406.npy,../../Datasets/BirdClef/audio/Vireo gilvus_Warbling Vireo/XC323406.mp3
train,Vireo olivaceus_Red-eyed Vireo,../../Datasets/BirdClef/features/Vireo olivaceus_Red-eyed Vireo/XC323248.npy,../../Datasets/BirdClef/audio/Vireo olivaceus_Red-eyed Vireo/XC323248.mp3
train,Vireo plumbeus_Plumbeous Vireo,../../Datasets/BirdClef/features/Vireo plumbeus_Plumbeous Vireo/XC232197.npy,../../Datasets/BirdClef/audio/Vireo plumbeus_Plumbeous Vireo/XC232197.mp3
train,Vireo solitarius_Blue-headed Vireo,../../Datasets/BirdClef/features/Vireo solitarius_Blue-headed Vireo/XC52987.npy,../../Datasets/BirdClef/audio/Vireo solitarius_Blue-headed Vireo/XC52987.mp3
train,Vireolanius leucotis_Slaty-capped Shrike-Vireo,../../Datasets/BirdClef/features/Vireolanius leucotis_Slaty-capped Shrike-Vireo/XC59340.npy,../../Datasets/BirdClef/audio/Vireolanius leucotis_Slaty-capped Shrike-Vireo/XC59340.mp3
train,Volatinia jacarina_Blue-black Grassquit,../../Datasets/BirdClef/features/Volatinia jacarina_Blue-black Grassquit/XC259827.npy,../../Datasets/BirdClef/audio/Volatinia jacarina_Blue-black Grassquit/XC259827.mp3
train,Willisornis poecilinotus_Common Scale-backed Antbird,../../Datasets/BirdClef/features/Willisornis poecilinotus_Common Scale-backed Antbird/XC360957.npy,../../Datasets/BirdClef/audio/Willisornis poecilinotus_Common Scale-backed Antbird/XC360957.mp3
train,Xanthocephalus xanthocephalus_Yellow-headed Blackbird,../../Datasets/BirdClef/features/Xanthocephalus xanthocephalus_Yellow-headed Blackbird/XC160428.npy,../../Datasets/BirdClef/audio/Xanthocephalus xanthocephalus_Yellow-headed Blackbird/XC160428.mp3
train,Xenops minutus_Plain Xenops,../../Datasets/BirdClef/features/Xenops minutus_Plain Xenops/XC249087.npy,../../Datasets/BirdClef/audio/Xenops minutus_Plain Xenops/XC249087.mp3
train,Xenops rutilans_Streaked Xenops,../../Datasets/BirdClef/features/Xenops rutilans_Streaked Xenops/XC249942.npy,../../Datasets/BirdClef/audio/Xenops rutilans_Streaked Xenops/XC249942.mp3
train,Xiphocolaptes promeropirhynchus_Strong-billed Woodcreeper,../../Datasets/BirdClef/features/Xiphocolaptes promeropirhynchus_Strong-billed Woodcreeper/XC251774.npy,../../Datasets/BirdClef/audio/Xiphocolaptes promeropirhynchus_Strong-billed Woodcreeper/XC251774.mp3
train,Xiphorhynchus elegans_Elegant Woodcreeper,../../Datasets/BirdClef/features/Xiphorhynchus elegans_Elegant Woodcreeper/XC267521.npy,../../Datasets/BirdClef/audio/Xiphorhynchus elegans_Elegant Woodcreeper/XC267521.mp3
train,Xiphorhynchus guttatus_Buff-throated Woodcreeper,../../Datasets/BirdClef/features/Xiphorhynchus guttatus_Buff-throated Woodcreeper/XC264574.npy,../../Datasets/BirdClef/audio/Xiphorhynchus guttatus_Buff-throated Woodcreeper/XC264574.mp3
train,Xiphorhynchus obsoletus_Striped Woodcreeper,../../Datasets/BirdClef/features/Xiphorhynchus obsoletus_Striped Woodcreeper/XC258297.npy,../../Datasets/BirdClef/audio/Xiphorhynchus obsoletus_Striped Woodcreeper/XC258297.mp3
train,Zebrilus undulatus_Zigzag Heron,../../Datasets/BirdClef/features/Zebrilus undulatus_Zigzag Heron/XC272382.npy,../../Datasets/BirdClef/audio/Zebrilus undulatus_Zigzag Heron/XC272382.mp3
train,Zenaida macroura_Mourning Dove,../../Datasets/BirdClef/features/Zenaida macroura_Mourning Dove/XC268216.npy,../../Datasets/BirdClef/audio/Zenaida macroura_Mourning Dove/XC268216.mp3
train,Zimmerius gracilipes_Slender-footed Tyrannulet,../../Datasets/BirdClef/features/Zimmerius gracilipes_Slender-footed Tyrannulet/XC298890.npy,../../Datasets/BirdClef/audio/Zimmerius gracilipes_Slender-footed Tyrannulet/XC298890.mp3
train,Zonotrichia albicollis_White-throated Sparrow,../../Datasets/BirdClef/features/Zonotrichia albicollis_White-throated Sparrow/XC446796.npy,../../Datasets/BirdClef/audio/Zonotrichia albicollis_White-throated Sparrow/XC446796.mp3
train,Zonotrichia atricapilla_Golden-crowned Sparrow,../../Datasets/BirdClef/features/Zonotrichia atricapilla_Golden-crowned Sparrow/XC347902.npy,../../Datasets/BirdClef/audio/Zonotrichia atricapilla_Golden-crowned Sparrow/XC347902.mp3
train,Zonotrichia leucophrys_White-crowned Sparrow,../../Datasets/BirdClef/features/Zonotrichia leucophrys_White-crowned Sparrow/XC156487.npy,../../Datasets/BirdClef/audio/Zonotrichia leucophrys_White-crowned Sparrow/XC156487.mp3
